-- MySQL dump 10.13  Distrib 5.7.28, for Linux (x86_64)
--
-- Host: localhost    Database: crmUat
-- ------------------------------------------------------
-- Server version	5.7.22-0ubuntu0.16.04.1

/*!40101 SET @OLD_CHARACTER_SET_CLIENT=@@CHARACTER_SET_CLIENT */;
/*!40101 SET @OLD_CHARACTER_SET_RESULTS=@@CHARACTER_SET_RESULTS */;
/*!40101 SET @OLD_COLLATION_CONNECTION=@@COLLATION_CONNECTION */;
/*!40101 SET NAMES utf8 */;
/*!40103 SET @OLD_TIME_ZONE=@@TIME_ZONE */;
/*!40103 SET TIME_ZONE='+00:00' */;
/*!40014 SET @OLD_UNIQUE_CHECKS=@@UNIQUE_CHECKS, UNIQUE_CHECKS=0 */;
/*!40014 SET @OLD_FOREIGN_KEY_CHECKS=@@FOREIGN_KEY_CHECKS, FOREIGN_KEY_CHECKS=0 */;
/*!40101 SET @OLD_SQL_MODE=@@SQL_MODE, SQL_MODE='NO_AUTO_VALUE_ON_ZERO' */;
/*!40111 SET @OLD_SQL_NOTES=@@SQL_NOTES, SQL_NOTES=0 */;

--
-- Table structure for table `com_nectarcrm_workflow_activatedonce`
--

DROP TABLE IF EXISTS `com_nectarcrm_workflow_activatedonce`;
/*!40101 SET @saved_cs_client     = @@character_set_client */;
/*!40101 SET character_set_client = utf8 */;
CREATE TABLE `com_nectarcrm_workflow_activatedonce` (
  `workflow_id` int(11) NOT NULL,
  `entity_id` int(11) NOT NULL,
  PRIMARY KEY (`workflow_id`,`entity_id`)
) ENGINE=InnoDB DEFAULT CHARSET=utf8;
/*!40101 SET character_set_client = @saved_cs_client */;

--
-- Dumping data for table `com_nectarcrm_workflow_activatedonce`
--

LOCK TABLES `com_nectarcrm_workflow_activatedonce` WRITE;
/*!40000 ALTER TABLE `com_nectarcrm_workflow_activatedonce` DISABLE KEYS */;
/*!40000 ALTER TABLE `com_nectarcrm_workflow_activatedonce` ENABLE KEYS */;
UNLOCK TABLES;

--
-- Table structure for table `com_nectarcrm_workflow_tasktypes`
--

DROP TABLE IF EXISTS `com_nectarcrm_workflow_tasktypes`;
/*!40101 SET @saved_cs_client     = @@character_set_client */;
/*!40101 SET character_set_client = utf8 */;
CREATE TABLE `com_nectarcrm_workflow_tasktypes` (
  `id` int(11) NOT NULL,
  `tasktypename` varchar(255) NOT NULL,
  `label` varchar(255) DEFAULT NULL,
  `classname` varchar(255) DEFAULT NULL,
  `classpath` varchar(255) DEFAULT NULL,
  `templatepath` varchar(255) DEFAULT NULL,
  `modules` varchar(500) DEFAULT NULL,
  `sourcemodule` varchar(255) DEFAULT NULL
) ENGINE=InnoDB DEFAULT CHARSET=utf8;
/*!40101 SET character_set_client = @saved_cs_client */;

--
-- Dumping data for table `com_nectarcrm_workflow_tasktypes`
--

LOCK TABLES `com_nectarcrm_workflow_tasktypes` WRITE;
/*!40000 ALTER TABLE `com_nectarcrm_workflow_tasktypes` DISABLE KEYS */;
INSERT INTO `com_nectarcrm_workflow_tasktypes` VALUES (1,'VTEmailTask','Send Mail','VTEmailTask','modules/com_nectarcrm_workflow/tasks/VTEmailTask.inc','modules/Settings/Workflows/Tasks/VTEmailTask.tpl','{\"include\":[],\"exclude\":[]}',''),(2,'VTEntityMethodTask','Invoke Custom Function','VTEntityMethodTask','modules/com_nectarcrm_workflow/tasks/VTEntityMethodTask.inc','modules/Settings/Workflows/Tasks/VTEntityMethodTask.tpl','{\"include\":[],\"exclude\":[]}',''),(3,'VTCreateTodoTask','Create Todo','VTCreateTodoTask','modules/com_nectarcrm_workflow/tasks/VTCreateTodoTask.inc','modules/Settings/Workflows/Tasks/VTCreateTodoTask.tpl','{\"include\":[\"Leads\",\"Accounts\",\"Potentials\",\"Contacts\",\"HelpDesk\",\"Campaigns\",\"Quotes\",\"PurchaseOrder\",\"SalesOrder\",\"Invoice\",\"Project\"],\"exclude\":[\"Calendar\",\"FAQ\",\"Events\"]}',''),(4,'VTCreateEventTask','Create Event','VTCreateEventTask','modules/com_nectarcrm_workflow/tasks/VTCreateEventTask.inc','modules/Settings/Workflows/Tasks/VTCreateEventTask.tpl','{\"include\":[\"Leads\",\"Accounts\",\"Potentials\",\"Contacts\",\"HelpDesk\",\"Campaigns\",\"Project\"],\"exclude\":[\"Calendar\",\"FAQ\",\"Events\"]}',''),(5,'VTUpdateFieldsTask','Update Fields','VTUpdateFieldsTask','modules/com_nectarcrm_workflow/tasks/VTUpdateFieldsTask.inc','modules/Settings/Workflows/Tasks/VTUpdateFieldsTask.tpl','{\"include\":[],\"exclude\":[]}',''),(6,'VTCreateEntityTask','Create Entity','VTCreateEntityTask','modules/com_nectarcrm_workflow/tasks/VTCreateEntityTask.inc','modules/Settings/Workflows/Tasks/VTCreateEntityTask.tpl','{\"include\":[],\"exclude\":[]}',''),(7,'VTSMSTask','SMS Task','VTSMSTask','modules/com_nectarcrm_workflow/tasks/VTSMSTask.inc','modules/Settings/Workflows/Tasks/VTSMSTask.tpl','{\"include\":[],\"exclude\":[]}','SMSNotifier');
/*!40000 ALTER TABLE `com_nectarcrm_workflow_tasktypes` ENABLE KEYS */;
UNLOCK TABLES;

--
-- Table structure for table `com_nectarcrm_workflow_tasktypes_seq`
--

DROP TABLE IF EXISTS `com_nectarcrm_workflow_tasktypes_seq`;
/*!40101 SET @saved_cs_client     = @@character_set_client */;
/*!40101 SET character_set_client = utf8 */;
CREATE TABLE `com_nectarcrm_workflow_tasktypes_seq` (
  `id` int(11) NOT NULL
) ENGINE=InnoDB DEFAULT CHARSET=utf8;
/*!40101 SET character_set_client = @saved_cs_client */;

--
-- Dumping data for table `com_nectarcrm_workflow_tasktypes_seq`
--

LOCK TABLES `com_nectarcrm_workflow_tasktypes_seq` WRITE;
/*!40000 ALTER TABLE `com_nectarcrm_workflow_tasktypes_seq` DISABLE KEYS */;
INSERT INTO `com_nectarcrm_workflow_tasktypes_seq` VALUES (7);
/*!40000 ALTER TABLE `com_nectarcrm_workflow_tasktypes_seq` ENABLE KEYS */;
UNLOCK TABLES;

--
-- Table structure for table `com_nectarcrm_workflows`
--

DROP TABLE IF EXISTS `com_nectarcrm_workflows`;
/*!40101 SET @saved_cs_client     = @@character_set_client */;
/*!40101 SET character_set_client = utf8 */;
CREATE TABLE `com_nectarcrm_workflows` (
  `workflow_id` int(11) NOT NULL AUTO_INCREMENT,
  `module_name` varchar(100) DEFAULT NULL,
  `summary` varchar(400) NOT NULL,
  `test` text,
  `execution_condition` int(11) NOT NULL,
  `defaultworkflow` int(1) DEFAULT NULL,
  `type` varchar(255) DEFAULT NULL,
  `filtersavedinnew` int(1) DEFAULT NULL,
  `schtypeid` int(10) DEFAULT NULL,
  `schdayofmonth` varchar(100) DEFAULT NULL,
  `schdayofweek` varchar(100) DEFAULT NULL,
  `schannualdates` varchar(100) DEFAULT NULL,
  `schtime` varchar(50) DEFAULT NULL,
  `nexttrigger_time` datetime DEFAULT NULL,
  `status` tinyint(1) DEFAULT '1',
  `workflowname` varchar(100) DEFAULT NULL,
  PRIMARY KEY (`workflow_id`),
  UNIQUE KEY `com_nectarcrm_workflows_idx` (`workflow_id`)
) ENGINE=InnoDB AUTO_INCREMENT=29 DEFAULT CHARSET=utf8;
/*!40101 SET character_set_client = @saved_cs_client */;

--
-- Dumping data for table `com_nectarcrm_workflows`
--

LOCK TABLES `com_nectarcrm_workflows` WRITE;
/*!40000 ALTER TABLE `com_nectarcrm_workflows` DISABLE KEYS */;
INSERT INTO `com_nectarcrm_workflows` VALUES (1,'Invoice','UpdateInventoryProducts On Every Save','[{\"fieldname\":\"subject\",\"operation\":\"does not contain\",\"value\":\"`!`\"}]',3,1,'basic',5,NULL,NULL,NULL,NULL,NULL,NULL,1,'UpdateInventoryProducts On Every Save'),(2,'Accounts','Send Email to user when Notifyowner is True','[{\"fieldname\":\"notify_owner\",\"operation\":\"is\",\"value\":\"true:boolean\"}]',2,1,'basic',5,NULL,NULL,NULL,NULL,NULL,NULL,1,'Send Email to user when Notifyowner is True'),(3,'Contacts','Send Email to user when Notifyowner is True','[{\"fieldname\":\"notify_owner\",\"operation\":\"is\",\"value\":\"true:boolean\"}]',2,1,'basic',5,NULL,NULL,NULL,NULL,NULL,NULL,1,'Send Email to user when Notifyowner is True'),(4,'Contacts','Send Email to user when Portal User is True','[{\"fieldname\":\"portal\",\"operation\":\"is\",\"value\":\"1\",\"valuetype\":\"rawtext\",\"joincondition\":\"and\",\"groupjoin\":\"and\",\"groupid\":\"0\"},{\"fieldname\":\"email\",\"operation\":\"is not empty\",\"value\":\"\",\"valuetype\":\"rawtext\",\"joincondition\":\"\",\"groupjoin\":\"and\",\"groupid\":\"0\"}]',3,1,'basic',6,NULL,NULL,NULL,NULL,NULL,NULL,1,'Send Email to user when Portal User is True'),(5,'Potentials','Send Email to users on Potential creation',NULL,1,1,'basic',5,NULL,NULL,NULL,NULL,NULL,NULL,1,'Send Email to users on Potential creation'),(6,'Contacts','Workflow for Contact Creation or Modification','',3,1,'basic',5,NULL,NULL,NULL,NULL,NULL,NULL,1,'Workflow for Contact Creation or Modification'),(7,'HelpDesk','Ticket Creation From Portal : Send Email to Record Owner and Contact','[{\"fieldname\":\"from_portal\",\"operation\":\"is\",\"value\":1,\"valuetype\":\"rawtext\",\"joincondition\":\"and\",\"groupjoin\":\"and\",\"groupid\":0}]',1,1,'basic',6,NULL,NULL,NULL,NULL,NULL,NULL,1,'Ticket Creation From Portal : Send Email to Record Owner and Contact'),(9,'HelpDesk','Send Email to Contact on Ticket Update','[{\"fieldname\":\"(contact_id : (Contacts) emailoptout)\",\"operation\":\"is\",\"value\":\"0\",\"valuetype\":\"rawtext\",\"joincondition\":\"and\",\"groupjoin\":\"and\",\"groupid\":\"0\"},{\"fieldname\":\"from_portal\",\"operation\":\"is\",\"value\":0,\"valuetype\":\"rawtext\",\"joincondition\":\"and\",\"groupjoin\":\"and\",\"groupid\":0},{\"fieldname\":\"ticketstatus\",\"operation\":\"has changed to\",\"value\":\"Closed\",\"valuetype\":\"rawtext\",\"joincondition\":\"or\",\"groupjoin\":\"and\",\"groupid\":\"1\"},{\"fieldname\":\"solution\",\"operation\":\"has changed\",\"value\":\"\",\"valuetype\":\"\",\"joincondition\":\"or\",\"groupjoin\":\"and\",\"groupid\":\"1\"},{\"fieldname\":\"description\",\"operation\":\"has changed\",\"value\":\"\",\"valuetype\":\"\",\"joincondition\":\"or\",\"groupjoin\":\"and\",\"groupid\":\"1\"}]',3,1,'basic',6,NULL,NULL,NULL,NULL,NULL,NULL,1,'Send Email to Contact on Ticket Update'),(10,'Events','Workflow for Events when Send Notification is True','[{\"fieldname\":\"sendnotification\",\"operation\":\"is\",\"value\":\"true:boolean\"}]',3,1,'basic',5,NULL,NULL,NULL,NULL,NULL,NULL,1,'Workflow for Events when Send Notification is True'),(11,'Calendar','Workflow for Calendar Todos when Send Notification is True','[{\"fieldname\":\"sendnotification\",\"operation\":\"is\",\"value\":\"true:boolean\"}]',3,1,'basic',5,NULL,NULL,NULL,NULL,NULL,NULL,1,'Workflow for Calendar Todos when Send Notification is True'),(12,'Potentials','Calculate or Update forecast amount','',3,1,'basic',5,NULL,NULL,NULL,NULL,NULL,NULL,1,'Calculate or Update forecast amount'),(13,'Events','Workflow for Events when Send Notification is True','[{\"fieldname\":\"sendnotification\",\"operation\":\"is\",\"value\":\"true:boolean\"}]',3,1,'basic',5,NULL,NULL,NULL,NULL,NULL,NULL,1,'Workflow for Events when Send Notification is True'),(14,'Calendar','Workflow for Calendar Todos when Send Notification is True','[{\"fieldname\":\"sendnotification\",\"operation\":\"is\",\"value\":\"true:boolean\"}]',3,1,'basic',5,NULL,NULL,NULL,NULL,NULL,NULL,1,'Workflow for Calendar Todos when Send Notification is True'),(15,'HelpDesk','Comment Added From CRM : Send Email to Organization','[{\"fieldname\":\"_VT_add_comment\",\"operation\":\"is added\",\"value\":\"\",\"valuetype\":\"rawtext\",\"joincondition\":\"\",\"groupjoin\":\"and\",\"groupid\":\"0\"},{\"fieldname\":\"from_portal\",\"operation\":\"is\",\"value\":\"0\",\"valuetype\":\"rawtext\",\"joincondition\":\"\",\"groupjoin\":\"and\",\"groupid\":\"0\"},{\"fieldname\":\"(parent_id : (Accounts) emailoptout)\",\"operation\":\"is\",\"value\":\"0\",\"valuetype\":\"rawtext\",\"joincondition\":\"and\",\"groupjoin\":\"and\",\"groupid\":\"0\"}]',3,1,'basic',6,NULL,NULL,NULL,NULL,NULL,NULL,1,'Comment Added From CRM : Send Email to Organization'),(16,'PurchaseOrder','Update Inventory Products On Every Save','[{\"fieldname\":\"purchaseorder_no\",\"operation\":\"is not\",\"value\":\"necessary\",\"valuetype\":\"rawtext\",\"joincondition\":\"\",\"groupjoin\":\"and\",\"groupid\":\"0\"},{\"fieldname\":\"subject\",\"operation\":\"is\",\"value\":\"\",\"valuetype\":\"rawtext\",\"joincondition\":\"\",\"groupjoin\":null,\"groupid\":\"1\"}]',3,1,'basic',6,NULL,NULL,NULL,NULL,NULL,NULL,1,'Update Inventory Products On Every Save'),(17,'HelpDesk','Comment Added From Portal : Send Email to Record Owner','[{\"fieldname\":\"_VT_add_comment\",\"operation\":\"is added\",\"value\":\"\",\"valuetype\":\"rawtext\",\"joincondition\":\"\",\"groupjoin\":\"and\",\"groupid\":\"0\"},{\"fieldname\":\"from_portal\",\"operation\":\"is\",\"value\":\"1\",\"valuetype\":\"rawtext\",\"joincondition\":\"\",\"groupjoin\":\"and\",\"groupid\":\"0\"}]',3,1,'basic',6,NULL,NULL,NULL,NULL,NULL,NULL,1,'Comment Added From Portal : Send Email to Record Owner'),(18,'HelpDesk','Comment Added From CRM : Send Email to Contact, where Contact is not a Portal User','[{\"fieldname\":\"(contact_id : (Contacts) portal)\",\"operation\":\"is\",\"value\":\"0\",\"valuetype\":\"rawtext\",\"joincondition\":\"and\",\"groupjoin\":\"and\",\"groupid\":\"0\"},{\"fieldname\":\"_VT_add_comment\",\"operation\":\"is added\",\"value\":\"\",\"valuetype\":\"rawtext\",\"joincondition\":\"\",\"groupjoin\":\"and\",\"groupid\":\"0\"},{\"fieldname\":\"from_portal\",\"operation\":\"is\",\"value\":\"0\",\"valuetype\":\"rawtext\",\"joincondition\":\"\",\"groupjoin\":\"and\",\"groupid\":\"0\"},{\"fieldname\":\"(contact_id : (Contacts) emailoptout)\",\"operation\":\"is\",\"value\":\"0\",\"valuetype\":\"rawtext\",\"joincondition\":\"and\",\"groupjoin\":\"and\",\"groupid\":\"0\"}]',3,1,'basic',6,NULL,NULL,NULL,NULL,NULL,NULL,1,'Comment Added From CRM : Send Email to Contact, where Contact is not a Portal User'),(19,'HelpDesk','Comment Added From CRM : Send Email to Contact, where Contact is Portal User','[{\"fieldname\":\"(contact_id : (Contacts) portal)\",\"operation\":\"is\",\"value\":\"1\",\"valuetype\":\"rawtext\",\"joincondition\":\"and\",\"groupjoin\":\"and\",\"groupid\":\"0\"},{\"fieldname\":\"_VT_add_comment\",\"operation\":\"is added\",\"value\":\"\",\"valuetype\":\"rawtext\",\"joincondition\":\"\",\"groupjoin\":\"and\",\"groupid\":\"0\"},{\"fieldname\":\"from_portal\",\"operation\":\"is\",\"value\":\"0\",\"valuetype\":\"rawtext\",\"joincondition\":\"\",\"groupjoin\":\"and\",\"groupid\":\"0\"},{\"fieldname\":\"(contact_id : (Contacts) emailoptout)\",\"operation\":\"is\",\"value\":\"0\",\"valuetype\":\"rawtext\",\"joincondition\":\"and\",\"groupjoin\":\"and\",\"groupid\":\"0\"}]',3,1,'basic',6,NULL,NULL,NULL,NULL,NULL,NULL,1,'Comment Added From CRM : Send Email to Contact, where Contact is Portal User'),(20,'HelpDesk','Send Email to Record Owner on Ticket Update','[{\"fieldname\":\"from_portal\",\"operation\":\"is\",\"value\":0,\"valuetype\":\"rawtext\",\"joincondition\":\"and\",\"groupjoin\":\"and\",\"groupid\":0},{\"fieldname\":\"ticketstatus\",\"operation\":\"has changed to\",\"value\":\"Closed\",\"valuetype\":\"rawtext\",\"joincondition\":\"or\",\"groupjoin\":\"and\",\"groupid\":\"1\"},{\"fieldname\":\"solution\",\"operation\":\"has changed\",\"value\":\"\",\"valuetype\":\"\",\"joincondition\":\"or\",\"groupjoin\":\"and\",\"groupid\":\"1\"},{\"fieldname\":\"assigned_user_id\",\"operation\":\"has changed\",\"value\":\"\",\"valuetype\":\"\",\"joincondition\":\"or\",\"groupjoin\":\"and\",\"groupid\":\"1\"},{\"fieldname\":\"description\",\"operation\":\"has changed\",\"value\":\"\",\"valuetype\":\"\",\"joincondition\":\"or\",\"groupjoin\":\"and\",\"groupid\":\"1\"}]',3,1,'basic',6,NULL,NULL,NULL,NULL,NULL,NULL,1,'Send Email to Record Owner on Ticket Update'),(21,'HelpDesk','Ticket Creation From CRM : Send Email to Record Owner','[{\"fieldname\":\"from_portal\",\"operation\":\"is\",\"value\":\"0\",\"valuetype\":\"rawtext\",\"joincondition\":\"\",\"groupjoin\":\"and\",\"groupid\":\"0\"}]',1,1,'basic',6,NULL,NULL,NULL,NULL,NULL,NULL,1,'Ticket Creation From CRM : Send Email to Record Owner'),(22,'HelpDesk','Send Email to Organization on Ticket Update','[{\"fieldname\":\"(parent_id : (Accounts) emailoptout)\",\"operation\":\"is\",\"value\":\"0\",\"valuetype\":\"rawtext\",\"joincondition\":\"and\",\"groupjoin\":\"and\",\"groupid\":\"0\"},{\"fieldname\":\"from_portal\",\"operation\":\"is\",\"value\":0,\"valuetype\":\"rawtext\",\"joincondition\":\"and\",\"groupjoin\":\"and\",\"groupid\":0},{\"fieldname\":\"ticketstatus\",\"operation\":\"has changed to\",\"value\":\"Closed\",\"valuetype\":\"rawtext\",\"joincondition\":\"or\",\"groupjoin\":\"and\",\"groupid\":\"1\"},{\"fieldname\":\"solution\",\"operation\":\"has changed\",\"value\":\"\",\"valuetype\":\"\",\"joincondition\":\"or\",\"groupjoin\":\"and\",\"groupid\":\"1\"},{\"fieldname\":\"description\",\"operation\":\"has changed\",\"value\":\"\",\"valuetype\":\"\",\"joincondition\":\"or\",\"groupjoin\":\"and\",\"groupid\":\"1\"}]',3,1,'basic',6,NULL,NULL,NULL,NULL,NULL,NULL,1,'Send Email to Organization on Ticket Update'),(23,'HelpDesk','Ticket Creation From CRM : Send Email to Organization','[{\"fieldname\":\"(parent_id : (Accounts) emailoptout)\",\"operation\":\"is\",\"value\":\"0\",\"valuetype\":\"rawtext\",\"joincondition\":\"and\",\"groupjoin\":\"and\",\"groupid\":\"0\"},{\"fieldname\":\"from_portal\",\"operation\":\"is\",\"value\":\"0\",\"valuetype\":\"rawtext\",\"joincondition\":\"\",\"groupjoin\":\"and\",\"groupid\":\"0\"}]',1,1,'basic',6,NULL,NULL,NULL,NULL,NULL,NULL,1,'Ticket Creation From CRM : Send Email to Organization'),(24,'HelpDesk','Ticket Creation From CRM : Send Email to Contact','[{\"fieldname\":\"(contact_id : (Contacts) emailoptout)\",\"operation\":\"is\",\"value\":\"0\",\"valuetype\":\"rawtext\",\"joincondition\":\"and\",\"groupjoin\":\"and\",\"groupid\":\"0\"},{\"fieldname\":\"from_portal\",\"operation\":\"is\",\"value\":\"0\",\"valuetype\":\"rawtext\",\"joincondition\":\"\",\"groupjoin\":\"and\",\"groupid\":\"0\"}]',1,1,'basic',6,NULL,NULL,NULL,NULL,NULL,NULL,1,'Ticket Creation From CRM : Send Email to Contact'),(25,'Quotes','Demo','[]',3,NULL,'basic',6,NULL,NULL,NULL,NULL,NULL,NULL,1,'Demo'),(26,'Documents','demo','[{\"fieldname\":\"notes_title\",\"operation\":\"is\",\"value\":\"done\",\"valuetype\":\"rawtext\",\"joincondition\":\"\",\"groupjoin\":\"and\",\"groupid\":\"0\"},{\"fieldname\":\"notes_title\",\"operation\":\"is\",\"value\":\"demo\",\"valuetype\":\"rawtext\",\"joincondition\":\"\",\"groupjoin\":null,\"groupid\":\"1\"}]',3,NULL,'basic',6,NULL,NULL,NULL,NULL,NULL,NULL,1,'Demo'),(27,'Products','','[]',3,NULL,'basic',6,NULL,NULL,NULL,NULL,NULL,NULL,1,'Demo'),(28,'SMSNotifier','','[]',3,NULL,'basic',6,NULL,NULL,NULL,NULL,NULL,NULL,1,'Demo');
/*!40000 ALTER TABLE `com_nectarcrm_workflows` ENABLE KEYS */;
UNLOCK TABLES;

--
-- Table structure for table `com_nectarcrm_workflows_seq`
--

DROP TABLE IF EXISTS `com_nectarcrm_workflows_seq`;
/*!40101 SET @saved_cs_client     = @@character_set_client */;
/*!40101 SET character_set_client = utf8 */;
CREATE TABLE `com_nectarcrm_workflows_seq` (
  `id` int(11) NOT NULL
) ENGINE=InnoDB DEFAULT CHARSET=utf8;
/*!40101 SET character_set_client = @saved_cs_client */;

--
-- Dumping data for table `com_nectarcrm_workflows_seq`
--

LOCK TABLES `com_nectarcrm_workflows_seq` WRITE;
/*!40000 ALTER TABLE `com_nectarcrm_workflows_seq` DISABLE KEYS */;
INSERT INTO `com_nectarcrm_workflows_seq` VALUES (28);
/*!40000 ALTER TABLE `com_nectarcrm_workflows_seq` ENABLE KEYS */;
UNLOCK TABLES;

--
-- Table structure for table `com_nectarcrm_workflowtask_queue`
--

DROP TABLE IF EXISTS `com_nectarcrm_workflowtask_queue`;
/*!40101 SET @saved_cs_client     = @@character_set_client */;
/*!40101 SET character_set_client = utf8 */;
CREATE TABLE `com_nectarcrm_workflowtask_queue` (
  `task_id` int(11) DEFAULT NULL,
  `entity_id` varchar(100) DEFAULT NULL,
  `do_after` int(11) DEFAULT NULL,
  `relatedinfo` varchar(255) DEFAULT NULL,
  `task_contents` text
) ENGINE=InnoDB DEFAULT CHARSET=utf8;
/*!40101 SET character_set_client = @saved_cs_client */;

--
-- Dumping data for table `com_nectarcrm_workflowtask_queue`
--

LOCK TABLES `com_nectarcrm_workflowtask_queue` WRITE;
/*!40000 ALTER TABLE `com_nectarcrm_workflowtask_queue` DISABLE KEYS */;
INSERT INTO `com_nectarcrm_workflowtask_queue` VALUES (6,'12x8',0,'false','{\"fromEmail\":\"bhaskar.v@nectarinfotel.com\",\"fromName\":\"Bhaskar Viswanatha\",\"replyTo\":\"contact@nectarinfotel.com\",\"toEmail\":\"bhaskar.v@nectarinfotel.com\",\"ccEmail\":\"\",\"bccEmail\":\"\",\"subject\":\"Regarding Contact Assignment\",\"content\":\"An Contact has been assigned to you on nectarcrmCRM<br>Details of Contact are :<br><br>Contact Id:<b>CON1<\\/b><br>LastName:<b>C<\\/b><br>FirstName:<b>Rashmi<\\/b><br>Lead Source:<b><\\/b><br>Department:<b><\\/b><br>Description:<b><\\/b><br><br><br>And <b>CustomerPortal Login Details<\\/b> is sent to the EmailID :-rashmi.c@gmail.com<br><br>Thank You<br>Admin<br><br>\"}'),(5,'13x9',0,'false','{\"fromEmail\":\"bhaskar.v@nectarinfotel.com\",\"fromName\":\"Bhaskar Viswanatha\",\"replyTo\":\"contact@nectarinfotel.com\",\"toEmail\":\"bhaskar.v@nectarinfotel.com\",\"ccEmail\":\"\",\"bccEmail\":\"\",\"subject\":\"Regarding Potential Assignment\",\"content\":\"An Potential has been assigned to you on nectarcrmCRM<br>Details of Potential are :<br><br>Potential No:<b>POT1<\\/b><br>Potential Name:<b>Nectar Infotel Solutions<\\/b><br>Amount:<b>\\u20b94,251,200.00<\\/b><br>Expected Close Date:<b>08-31-2018 (mm-dd-yyyy)<\\/b><br>Type:<b><\\/b><br><br><br>Description :<br><br>Thank You<br>Admin<br><br>\"}'),(6,'12x15',0,'false','{\"fromEmail\":\"rashmi.chaudhari@nectarinfotel.com\",\"fromName\":\"Rashmi Chaudhari\",\"replyTo\":\"contact@nectarinfotel.com\",\"toEmail\":\"rashmi.chaudhari@nectarinfotel.com\",\"ccEmail\":\"\",\"bccEmail\":\"\",\"subject\":\"Regarding Contact Assignment\",\"content\":\"An Contact has been assigned to you on nectarcrmCRM<br>Details of Contact are :<br><br>Contact Id:<b>CON2<\\/b><br>LastName:<b>Sharma<\\/b><br>FirstName:<b>Rajat<\\/b><br>Lead Source:<b><\\/b><br>Department:<b><\\/b><br>Description:<b><\\/b><br><br><br>And <b>CustomerPortal Login Details<\\/b> is sent to the EmailID :-<br><br>Thank You<br>Admin<br><br>\"}'),(5,'13x19',0,'false','{\"fromEmail\":\"rashmi.chaudhari@nectarinfotel.com\",\"fromName\":\"Rashmi Chaudhari\",\"replyTo\":\"contact@nectarinfotel.com\",\"toEmail\":\"rashmi.chaudhari@nectarinfotel.com\",\"ccEmail\":\"\",\"bccEmail\":\"\",\"subject\":\"Regarding Potential Assignment\",\"content\":\"An Potential has been assigned to you on nectarcrmCRM<br>Details of Potential are :<br><br>Potential No:<b>POT2<\\/b><br>Potential Name:<b>Helping Hand<\\/b><br>Amount:<b>\\u20b9412,345.00<\\/b><br>Expected Close Date:<b>2018-08-29 (yyyy-mm-dd)<\\/b><br>Type:<b>Existing Business<\\/b><br><br><br>Description :<br><br>Thank You<br>Admin<br><br>\"}'),(6,'12x56',0,'false','{\"fromEmail\":\"contact@nectarinfotel.com\",\"fromName\":\"Demo User\",\"replyTo\":\"contact@nectarinfotel.com\",\"toEmail\":\"contact@nectarinfotel.com\",\"ccEmail\":\"\",\"bccEmail\":\"\",\"subject\":\"Regarding Contact Assignment\",\"content\":\"An Contact has been assigned to you on nectarcrmCRM<br>Details of Contact are :<br><br>Contact Id:<b>CON3<\\/b><br>LastName:<b>Ten<\\/b><br>FirstName:<b>Ben<\\/b><br>Lead Source:<b><\\/b><br>Department:<b><\\/b><br>Description:<b><\\/b><br><br><br>And <b>CustomerPortal Login Details<\\/b> is sent to the EmailID :-gavalimayuri718@gmail.com<br><br>Thank You<br>Admin<br><br>\"}'),(6,'12x15',0,'false','{\"fromEmail\":\"contact@nectarinfotel.com\",\"fromName\":\"Demo User\",\"replyTo\":\"contact@nectarinfotel.com\",\"toEmail\":\"contact@nectarinfotel.com\",\"ccEmail\":\"\",\"bccEmail\":\"\",\"subject\":\"Regarding Contact Assignment\",\"content\":\"An Contact has been assigned to you on nectarcrmCRM<br>Details of Contact are :<br><br>Contact Id:<b>CON2<\\/b><br>LastName:<b>Sharma<\\/b><br>FirstName:<b>Rajat<\\/b><br>Lead Source:<b>Cold Call<\\/b><br>Department:<b><\\/b><br>Description:<b><\\/b><br><br><br>And <b>CustomerPortal Login Details<\\/b> is sent to the EmailID :-<br><br>Thank You<br>Admin<br><br>\"}'),(6,'12x62',0,'false','{\"fromEmail\":\"contact@nectarinfotel.com\",\"fromName\":\"Demo User\",\"replyTo\":\"contact@nectarinfotel.com\",\"toEmail\":\"contact@nectarinfotel.com\",\"ccEmail\":\"\",\"bccEmail\":\"\",\"subject\":\"Regarding Contact Assignment\",\"content\":\"An Contact has been assigned to you on nectarcrmCRM<br>Details of Contact are :<br><br>Contact Id:<b>CON4<\\/b><br>LastName:<b>user<\\/b><br>FirstName:<b>demo<\\/b><br>Lead Source:<b><\\/b><br>Department:<b><\\/b><br>Description:<b><\\/b><br><br><br>And <b>CustomerPortal Login Details<\\/b> is sent to the EmailID :-<br><br>Thank You<br>Admin<br><br>\"}'),(5,'13x64',0,'false','{\"fromEmail\":\"contact@nectarinfotel.com\",\"fromName\":\"Demo User\",\"replyTo\":\"contact@nectarinfotel.com\",\"toEmail\":\"contact@nectarinfotel.com\",\"ccEmail\":\"\",\"bccEmail\":\"\",\"subject\":\"Regarding Potential Assignment\",\"content\":\"An Potential has been assigned to you on nectarcrmCRM<br>Details of Potential are :<br><br>Potential No:<b>POT3<\\/b><br>Potential Name:<b>Opportunity<\\/b><br>Amount:<b>\\u20b99,000<\\/b><br>Expected Close Date:<b>2019-11-30 (yyyy-mm-dd)<\\/b><br>Type:<b>Existing Business<\\/b><br><br><br>Description :<br><br>Thank You<br>Admin<br><br>\"}'),(6,'12x70',0,'false','{\"fromEmail\":\"contact@nectarinfotel.com\",\"fromName\":\"Demo User\",\"replyTo\":\"contact@nectarinfotel.com\",\"toEmail\":\"contact@nectarinfotel.com\",\"ccEmail\":\"\",\"bccEmail\":\"\",\"subject\":\"Regarding Contact Assignment\",\"content\":\"An Contact has been assigned to you on nectarcrmCRM<br>Details of Contact are :<br><br>Contact Id:<b>CON5<\\/b><br>LastName:<b>Ten<\\/b><br>FirstName:<b>Ben<\\/b><br>Lead Source:<b><\\/b><br>Department:<b><\\/b><br>Description:<b><\\/b><br><br><br>And <b>CustomerPortal Login Details<\\/b> is sent to the EmailID :-<br><br>Thank You<br>Admin<br><br>\"}'),(6,'12x72',0,'false','{\"fromEmail\":\"contact@nectarinfotel.com\",\"fromName\":\"Demo User\",\"replyTo\":\"contact@nectarinfotel.com\",\"toEmail\":\"contact@nectarinfotel.com\",\"ccEmail\":\"\",\"bccEmail\":\"\",\"subject\":\"Regarding Contact Assignment\",\"content\":\"An Contact has been assigned to you on nectarcrmCRM<br>Details of Contact are :<br><br>Contact Id:<b>CON6<\\/b><br>LastName:<b>Ten<\\/b><br>FirstName:<b>Apland<\\/b><br>Lead Source:<b><\\/b><br>Department:<b><\\/b><br>Description:<b><\\/b><br><br><br>And <b>CustomerPortal Login Details<\\/b> is sent to the EmailID :-bean@gmail.com<br><br>Thank You<br>Admin<br><br>\"}'),(6,'12x85',0,'false','{\"fromEmail\":\"demo@gmail.com\",\"fromName\":\"Kashvi Watson\",\"replyTo\":\"contact@nectarinfotel.com\",\"toEmail\":\"demo@gmail.com\",\"ccEmail\":\"\",\"bccEmail\":\"\",\"subject\":\"Regarding Contact Assignment\",\"content\":\"An Contact has been assigned to you on nectarcrmCRM<br>Details of Contact are :<br><br>Contact Id:<b>CON7<\\/b><br>LastName:<b>Ten<\\/b><br>FirstName:<b>Apland<\\/b><br>Lead Source:<b><\\/b><br>Department:<b><\\/b><br>Description:<b><\\/b><br><br><br>And <b>CustomerPortal Login Details<\\/b> is sent to the EmailID :-<br><br>Thank You<br>Admin<br><br>\"}'),(25,'17x90',0,'false','{\"fromEmail\":\"contact@nectarinfotel.com\",\"fromName\":\"Nectar Support\",\"replyTo\":\"contact@nectarinfotel.com\",\"toEmail\":\",contact@nectarinfotel.com\",\"ccEmail\":\"\",\"bccEmail\":\"\",\"subject\":\"Ticket Number : TT1 ticket1\",\"content\":\"Ticket ID : 90<br>Ticket Title : ticket1<br><br>\\n\\t\\t\\t\\t\\t\\t\\t\\tDear User Demo,<br><br>\\n\\t\\t\\t\\t\\t\\t\\t\\tThe Ticket is replied the details are :<br><br>\\n\\t\\t\\t\\t\\t\\t\\t\\tTicket No : TT1<br>\\n\\t\\t\\t\\t\\t\\t\\t\\tStatus : Open<br>\\n\\t\\t\\t\\t\\t\\t\\t\\tCategory : <br>\\n\\t\\t\\t\\t\\t\\t\\t\\tSeverity : <br>\\n\\t\\t\\t\\t\\t\\t\\t\\tPriority : Normal<br><br>\\n\\t\\t\\t\\t\\t\\t\\t\\tDescription : <br>ticket1<br><br>\\n\\t\\t\\t\\t\\t\\t\\t\\tSolution : <br>\\n\\t\\t\\t\\t\\t\\t\\t\\t<br><br>\\n\\t\\t\\t\\t\\t\\t\\t\\tRegards<br>Support Administrator<br><br>\"}'),(25,'17x99',0,'false','{\"fromEmail\":\"contact@nectarinfotel.com\",\"fromName\":\"Nectar Support\",\"replyTo\":\"contact@nectarinfotel.com\",\"toEmail\":\",contact@nectarinfotel.com\",\"ccEmail\":\"\",\"bccEmail\":\"\",\"subject\":\"Ticket Number : TT2 ticket2\",\"content\":\"Ticket ID : 99<br>Ticket Title : ticket2<br><br>\\n\\t\\t\\t\\t\\t\\t\\t\\tDear User Demo,<br><br>\\n\\t\\t\\t\\t\\t\\t\\t\\tThe Ticket is replied the details are :<br><br>\\n\\t\\t\\t\\t\\t\\t\\t\\tTicket No : TT2<br>\\n\\t\\t\\t\\t\\t\\t\\t\\tStatus : Open<br>\\n\\t\\t\\t\\t\\t\\t\\t\\tCategory : <br>\\n\\t\\t\\t\\t\\t\\t\\t\\tSeverity : <br>\\n\\t\\t\\t\\t\\t\\t\\t\\tPriority : Normal<br><br>\\n\\t\\t\\t\\t\\t\\t\\t\\tDescription : <br><br><br>\\n\\t\\t\\t\\t\\t\\t\\t\\tSolution : <br>\\n\\t\\t\\t\\t\\t\\t\\t\\t<br><br>\\n\\t\\t\\t\\t\\t\\t\\t\\tRegards<br>Support Administrator<br><br>\"}'),(25,'17x110',0,'false','{\"fromEmail\":\"contact@nectarinfotel.com\",\"fromName\":\"Nectar Support\",\"replyTo\":\"contact@nectarinfotel.com\",\"toEmail\":\",contact@nectarinfotel.com\",\"ccEmail\":\"\",\"bccEmail\":\"\",\"subject\":\"Ticket Number : TT3 ticket3\",\"content\":\"Ticket ID : 110<br>Ticket Title : ticket3<br><br>\\n\\t\\t\\t\\t\\t\\t\\t\\tDear User Demo,<br><br>\\n\\t\\t\\t\\t\\t\\t\\t\\tThe Ticket is replied the details are :<br><br>\\n\\t\\t\\t\\t\\t\\t\\t\\tTicket No : TT3<br>\\n\\t\\t\\t\\t\\t\\t\\t\\tStatus : Open<br>\\n\\t\\t\\t\\t\\t\\t\\t\\tCategory : <br>\\n\\t\\t\\t\\t\\t\\t\\t\\tSeverity : <br>\\n\\t\\t\\t\\t\\t\\t\\t\\tPriority : Normal<br><br>\\n\\t\\t\\t\\t\\t\\t\\t\\tDescription : <br>demo<br><br>\\n\\t\\t\\t\\t\\t\\t\\t\\tSolution : <br>\\n\\t\\t\\t\\t\\t\\t\\t\\t<br><br>\\n\\t\\t\\t\\t\\t\\t\\t\\tRegards<br>Support Administrator<br><br>\"}'),(25,'17x120',0,'false','{\"fromEmail\":\"contact@nectarinfotel.com\",\"fromName\":\"Nectar Support\",\"replyTo\":\"contact@nectarinfotel.com\",\"toEmail\":\",contact@nectarinfotel.com\",\"ccEmail\":\"\",\"bccEmail\":\"\",\"subject\":\"Ticket Number : TT4 ticket4\",\"content\":\"Ticket ID : 120<br>Ticket Title : ticket4<br><br>\\n\\t\\t\\t\\t\\t\\t\\t\\tDear User Demo,<br><br>\\n\\t\\t\\t\\t\\t\\t\\t\\tThe Ticket is replied the details are :<br><br>\\n\\t\\t\\t\\t\\t\\t\\t\\tTicket No : TT4<br>\\n\\t\\t\\t\\t\\t\\t\\t\\tStatus : Open<br>\\n\\t\\t\\t\\t\\t\\t\\t\\tCategory : <br>\\n\\t\\t\\t\\t\\t\\t\\t\\tSeverity : <br>\\n\\t\\t\\t\\t\\t\\t\\t\\tPriority : Low<br><br>\\n\\t\\t\\t\\t\\t\\t\\t\\tDescription : <br><br><br>\\n\\t\\t\\t\\t\\t\\t\\t\\tSolution : <br>\\n\\t\\t\\t\\t\\t\\t\\t\\t<br><br>\\n\\t\\t\\t\\t\\t\\t\\t\\tRegards<br>Support Administrator<br><br>\"}'),(28,'17x120',0,'false','{\"fromEmail\":\"contact@nectarinfotel.com\",\"fromName\":\"Nectar Support\",\"replyTo\":\"contact@nectarinfotel.com\",\"toEmail\":\",bean@gmail.com\",\"ccEmail\":\"\",\"bccEmail\":\"\",\"subject\":\"TT4 [ Ticket Id : 120 ] ticket4\",\"content\":\"Ticket ID : 120<br>Ticket Title : ticket4<br><br>\\n\\t\\t\\t\\t\\t\\t\\t\\tDear Ten Apland,<br><br>\\n\\t\\t\\t\\t\\t\\t\\t\\tThe Ticket is replied the details are :<br><br>\\n\\t\\t\\t\\t\\t\\t\\t\\tTicket No : TT4<br>\\n\\t\\t\\t\\t\\t\\t\\t\\tStatus : Open<br>\\n\\t\\t\\t\\t\\t\\t\\t\\tCategory : <br>\\n\\t\\t\\t\\t\\t\\t\\t\\tSeverity : <br>\\n\\t\\t\\t\\t\\t\\t\\t\\tPriority : Low<br><br>\\n\\t\\t\\t\\t\\t\\t\\t\\tDescription : <br><br><br>\\n\\t\\t\\t\\t\\t\\t\\t\\tSolution : <br><br>\\n\\t\\t\\t\\t\\t\\t\\t\\tThe comments are : <br>\\n\\t\\t\\t\\t\\t\\t\\t\\t<br><br>\\n\\t\\t\\t\\t\\t\\t\\t\\tRegards<br>Support Administrator<br><br>\"}'),(6,'12x124',0,'false','{\"fromEmail\":\"contact@nectarinfotel.com\",\"fromName\":\"Demo User\",\"replyTo\":\"contact@nectarinfotel.com\",\"toEmail\":\"contact@nectarinfotel.com\",\"ccEmail\":\"\",\"bccEmail\":\"\",\"subject\":\"Regarding Contact Assignment\",\"content\":\"An Contact has been assigned to you on nectarcrmCRM<br>Details of Contact are :<br><br>Contact Id:<b>CON8<\\/b><br>LastName:<b>Ten<\\/b><br>FirstName:<b>Apland<\\/b><br>Lead Source:<b><\\/b><br>Department:<b><\\/b><br>Description:<b><\\/b><br><br><br>And <b>CustomerPortal Login Details<\\/b> is sent to the EmailID :-demo@gmail.com<br><br>Thank You<br>Admin<br><br>\"}'),(6,'12x130',0,'false','{\"fromEmail\":\"contact@nectarinfotel.com\",\"fromName\":\"Demo User\",\"replyTo\":\"contact@nectarinfotel.com\",\"toEmail\":\"contact@nectarinfotel.com\",\"ccEmail\":\"\",\"bccEmail\":\"\",\"subject\":\"Regarding Contact Assignment\",\"content\":\"An Contact has been assigned to you on nectarcrmCRM<br>Details of Contact are :<br><br>Contact Id:<b>CON9<\\/b><br>LastName:<b>Ten<\\/b><br>FirstName:<b>Ben<\\/b><br>Lead Source:<b><\\/b><br>Department:<b><\\/b><br>Description:<b><\\/b><br><br><br>And <b>CustomerPortal Login Details<\\/b> is sent to the EmailID :-demo@gmail.com<br><br>Thank You<br>Admin<br><br>\"}'),(6,'12x148',0,'false','{\"fromEmail\":\"contact@nectarinfotel.com\",\"fromName\":\"Demo User\",\"replyTo\":\"contact@nectarinfotel.com\",\"toEmail\":\"contact@nectarinfotel.com\",\"ccEmail\":\"\",\"bccEmail\":\"\",\"subject\":\"Regarding Contact Assignment\",\"content\":\"An Contact has been assigned to you on nectarcrmCRM<br>Details of Contact are :<br><br>Contact Id:<b>CON10<\\/b><br>LastName:<b>Ten<\\/b><br>FirstName:<b>Ben<\\/b><br>Lead Source:<b><\\/b><br>Department:<b><\\/b><br>Description:<b><\\/b><br><br><br>And <b>CustomerPortal Login Details<\\/b> is sent to the EmailID :-<br><br>Thank You<br>Admin<br><br>\"}');
/*!40000 ALTER TABLE `com_nectarcrm_workflowtask_queue` ENABLE KEYS */;
UNLOCK TABLES;

--
-- Table structure for table `com_nectarcrm_workflowtasks`
--

DROP TABLE IF EXISTS `com_nectarcrm_workflowtasks`;
/*!40101 SET @saved_cs_client     = @@character_set_client */;
/*!40101 SET character_set_client = utf8 */;
CREATE TABLE `com_nectarcrm_workflowtasks` (
  `task_id` int(11) NOT NULL AUTO_INCREMENT,
  `workflow_id` int(11) DEFAULT NULL,
  `summary` varchar(400) NOT NULL,
  `task` text,
  PRIMARY KEY (`task_id`),
  UNIQUE KEY `com_nectarcrm_workflowtasks_idx` (`task_id`)
) ENGINE=InnoDB AUTO_INCREMENT=33 DEFAULT CHARSET=utf8;
/*!40101 SET character_set_client = @saved_cs_client */;

--
-- Dumping data for table `com_nectarcrm_workflowtasks`
--

LOCK TABLES `com_nectarcrm_workflowtasks` WRITE;
/*!40000 ALTER TABLE `com_nectarcrm_workflowtasks` DISABLE KEYS */;
INSERT INTO `com_nectarcrm_workflowtasks` VALUES (1,1,'','O:18:\"VTEntityMethodTask\":6:{s:18:\"executeImmediately\";b:1;s:10:\"workflowId\";i:1;s:7:\"summary\";s:0:\"\";s:6:\"active\";b:1;s:10:\"methodName\";s:15:\"UpdateInventory\";s:2:\"id\";i:1;}'),(2,2,'An account has been created ','O:11:\"VTEmailTask\":9:{s:18:\"executeImmediately\";s:0:\"\";s:10:\"workflowId\";s:1:\"2\";s:7:\"summary\";s:28:\"An account has been created \";s:6:\"active\";s:1:\"1\";s:10:\"methodName\";s:11:\"NotifyOwner\";s:9:\"recepient\";s:36:\"$(assigned_user_id : (Users) email1)\";s:7:\"subject\";s:26:\"Regarding Account Creation\";s:7:\"content\";s:301:\"An Account has been assigned to you on nectarcrmCRM<br>Details of account are :<br><br>AccountId:<b>$account_no</b><br>AccountName:<b>$accountname</b><br>Rating:<b>$rating</b><br>Industry:<b>$industry</b><br>AccountType:<b>$accounttype</b><br>Description:<b>$description</b><br><br><br>Thank You<br>Admin\";s:2:\"id\";s:1:\"2\";}'),(3,3,'An contact has been created ','O:11:\"VTEmailTask\":9:{s:18:\"executeImmediately\";s:0:\"\";s:10:\"workflowId\";s:1:\"3\";s:7:\"summary\";s:28:\"An contact has been created \";s:6:\"active\";s:1:\"1\";s:10:\"methodName\";s:11:\"NotifyOwner\";s:9:\"recepient\";s:36:\"$(assigned_user_id : (Users) email1)\";s:7:\"subject\";s:26:\"Regarding Contact Creation\";s:7:\"content\";s:305:\"An Contact has been assigned to you on nectarcrmCRM<br>Details of Contact are :<br><br>Contact Id:<b>$contact_no</b><br>LastName:<b>$lastname</b><br>FirstName:<b>$firstname</b><br>Lead Source:<b>$leadsource</b><br>Department:<b>$department</b><br>Description:<b>$description</b><br><br><br>Thank You<br>Admin\";s:2:\"id\";s:1:\"3\";}'),(4,4,'Email Customer Portal Login Details','O:18:\"VTEntityMethodTask\":6:{s:18:\"executeImmediately\";b:1;s:10:\"workflowId\";i:4;s:7:\"summary\";s:35:\"Email Customer Portal Login Details\";s:6:\"active\";b:1;s:10:\"methodName\";s:22:\"SendPortalLoginDetails\";s:2:\"id\";i:4;}'),(5,5,'An Potential has been created ','O:11:\"VTEmailTask\":8:{s:18:\"executeImmediately\";s:0:\"\";s:10:\"workflowId\";s:1:\"5\";s:7:\"summary\";s:30:\"An Potential has been created \";s:6:\"active\";s:1:\"1\";s:9:\"recepient\";s:36:\"$(assigned_user_id : (Users) email1)\";s:7:\"subject\";s:30:\"Regarding Potential Assignment\";s:7:\"content\";s:342:\"An Potential has been assigned to you on nectarcrmCRM<br>Details of Potential are :<br><br>Potential No:<b>$potential_no</b><br>Potential Name:<b>$potentialname</b><br>Amount:<b>$amount</b><br>Expected Close Date:<b>$closingdate ($_DATE_FORMAT_)</b><br>Type:<b>$opportunity_type</b><br><br><br>Description :$description<br><br>Thank You<br>Admin\";s:2:\"id\";s:1:\"5\";}'),(6,6,'An contact has been created ','O:11:\"VTEmailTask\":8:{s:18:\"executeImmediately\";s:0:\"\";s:10:\"workflowId\";s:1:\"6\";s:7:\"summary\";s:28:\"An contact has been created \";s:6:\"active\";s:1:\"1\";s:9:\"recepient\";s:36:\"$(assigned_user_id : (Users) email1)\";s:7:\"subject\";s:28:\"Regarding Contact Assignment\";s:7:\"content\";s:384:\"An Contact has been assigned to you on nectarcrmCRM<br>Details of Contact are :<br><br>Contact Id:<b>$contact_no</b><br>LastName:<b>$lastname</b><br>FirstName:<b>$firstname</b><br>Lead Source:<b>$leadsource</b><br>Department:<b>$department</b><br>Description:<b>$description</b><br><br><br>And <b>CustomerPortal Login Details</b> is sent to the EmailID :-$email<br><br>Thank You<br>Admin\";s:2:\"id\";s:1:\"6\";}'),(7,7,'Notify Related Contact when Ticket is created from Portal','O:11:\"VTEmailTask\":9:{s:18:\"executeImmediately\";s:1:\"0\";s:7:\"summary\";s:57:\"Notify Related Contact when Ticket is created from Portal\";s:6:\"active\";s:1:\"1\";s:2:\"id\";s:1:\"7\";s:10:\"workflowId\";s:1:\"7\";s:9:\"fromEmail\";s:93:\"$(general : (__nectarcrmMeta__) supportName)&lt;$(general : (__nectarcrmMeta__) supportEmailId)&gt;\";s:9:\"recepient\";s:33:\",$(contact_id : (Contacts) email)\";s:7:\"subject\";s:93:\"[From Portal] $ticket_no [ Ticket Id : $(general : (__nectarcrmMeta__) recordId) ] $ticket_title\";s:7:\"content\";s:158:\"Ticket No : $ticket_no<br>\n							  Ticket ID : $(general : (__nectarcrmMeta__) recordId)<br>\n							  Ticket Title : $ticket_title<br><br>\n							  $description\";}'),(10,9,'Send Email to Contact on Ticket Update','O:11:\"VTEmailTask\":9:{s:18:\"executeImmediately\";s:1:\"0\";s:7:\"summary\";s:38:\"Send Email to Contact on Ticket Update\";s:6:\"active\";s:1:\"1\";s:2:\"id\";s:2:\"10\";s:9:\"fromEmail\";s:93:\"$(general : (__nectarcrmMeta__) supportName)&lt;$(general : (__nectarcrmMeta__) supportEmailId)&gt;\";s:9:\"recepient\";s:33:\",$(contact_id : (Contacts) email)\";s:7:\"subject\";s:79:\"$ticket_no [ Ticket Id : $(general : (__nectarcrmMeta__) recordId) ] $ticket_title\";s:7:\"content\";s:624:\"Ticket ID : $(general : (__nectarcrmMeta__) recordId)<br>Ticket Title : $ticket_title<br><br>\n								Dear $(contact_id : (Contacts) lastname) $(contact_id : (Contacts) firstname),<br><br>\n								The Ticket is replied the details are :<br><br>\n								Ticket No : $ticket_no<br>\n								Status : $ticketstatus<br>\n								Category : $ticketcategories<br>\n								Severity : $ticketseverities<br>\n								Priority : $ticketpriorities<br><br>\n								Description : <br>$description<br><br>\n								Solution : <br>$solution<br>\n								The comments are : <br>\n								$allComments<br><br>\n								Regards<br>Support Administrator\";s:10:\"workflowId\";s:1:\"9\";}'),(13,12,'update forecast amount','O:18:\"VTUpdateFieldsTask\":7:{s:18:\"executeImmediately\";b:1;s:43:\"\0VTUpdateFieldsTask\0referenceFieldFocusList\";a:0:{}s:10:\"workflowId\";i:12;s:7:\"summary\";s:22:\"update forecast amount\";s:6:\"active\";b:1;s:19:\"field_value_mapping\";s:95:\"[{\"fieldname\":\"forecast_amount\",\"valuetype\":\"expression\",\"value\":\"amount * probability / 100\"}]\";s:2:\"id\";i:13;}'),(14,13,'Send Notification Email to Record Owner','O:11:\"VTEmailTask\":8:{s:18:\"executeImmediately\";s:0:\"\";s:10:\"workflowId\";s:2:\"13\";s:7:\"summary\";s:39:\"Send Notification Email to Record Owner\";s:6:\"active\";s:1:\"1\";s:9:\"recepient\";s:36:\"$(assigned_user_id : (Users) email1)\";s:7:\"subject\";s:17:\"Event :  $subject\";s:7:\"content\";s:771:\"$(assigned_user_id : (Users) last_name) $(assigned_user_id : (Users) first_name) ,<br/><b>Activity Notification Details:</b><br/>Subject             : $subject<br/>Start date and time : $date_start ($(general : (__nectarcrmMeta__) usertimezone))<br/>End date and time   : $due_date ($(general : (__nectarcrmMeta__) usertimezone)) <br/>Status              : $eventstatus <br/>Priority            : $taskpriority <br/>Related To          : $(parent_id : (Leads) lastname) $(parent_id : (Leads) firstname) $(parent_id : (Accounts) accountname) $(parent_id : (Potentials) potentialname) $(parent_id : (HelpDesk) ticket_title) $(parent_id : (Campaigns) campaignname) <br/>Contacts List       : $contact_id <br/>Location            : $location <br/>Description         : $description\";s:2:\"id\";s:2:\"14\";}'),(15,14,'Send Notification Email to Record Owner','O:11:\"VTEmailTask\":8:{s:18:\"executeImmediately\";s:0:\"\";s:10:\"workflowId\";s:2:\"14\";s:7:\"summary\";s:39:\"Send Notification Email to Record Owner\";s:6:\"active\";s:1:\"1\";s:9:\"recepient\";s:36:\"$(assigned_user_id : (Users) email1)\";s:7:\"subject\";s:16:\"Task :  $subject\";s:7:\"content\";s:689:\"$(assigned_user_id : (Users) last_name) $(assigned_user_id : (Users) first_name) ,<br/><b>Task Notification Details:</b><br/>Subject : $subject<br/>Start date and time : $date_start ($(general : (__nectarcrmMeta__) usertimezone))<br/>End date and time   : $due_date ($_DATE_FORMAT_) <br/>Status              : $taskstatus <br/>Priority            : $taskpriority <br/>Related To          : $(parent_id : (Leads) lastname) $(parent_id : (Leads) firstname) $(parent_id : (Accounts) accountname) $(parent_id : (Potentials) potentialname) $(parent_id : (HelpDesk) ticket_title) $(parent_id : (Campaigns) campaignname) <br/>Contacts List       : $contact_id <br/>Description         : $description\";s:2:\"id\";s:2:\"15\";}'),(18,16,'Update Inventory Products','O:18:\"VTEntityMethodTask\":6:{s:18:\"executeImmediately\";b:1;s:10:\"workflowId\";i:16;s:7:\"summary\";s:25:\"Update Inventory Products\";s:6:\"active\";b:1;s:10:\"methodName\";s:15:\"UpdateInventory\";s:2:\"id\";i:18;}'),(19,17,'Comment Added From Portal : Send Email to Record Owner','O:11:\"VTEmailTask\":9:{s:18:\"executeImmediately\";s:1:\"0\";s:7:\"summary\";s:54:\"Comment Added From Portal : Send Email to Record Owner\";s:6:\"active\";s:1:\"1\";s:2:\"id\";s:2:\"19\";s:10:\"workflowId\";s:2:\"17\";s:9:\"fromEmail\";s:112:\"$(contact_id : (Contacts) lastname) $(contact_id : (Contacts) firstname)&lt;$(contact_id : (Contacts) email)&gt;\";s:9:\"recepient\";s:37:\",$(assigned_user_id : (Users) email1)\";s:7:\"subject\";s:92:\"Respond to Ticket ID## $(general : (__nectarcrmMeta__) recordId) ## in Customer Portal - URGENT\";s:7:\"content\";s:325:\"Dear $(assigned_user_id : (Users) last_name) $(assigned_user_id : (Users) first_name),<br><br>\n								Customer has provided the following additional information to your reply:<br><br>\n								<b>$lastComment</b><br><br>\n								Kindly respond to above ticket at the earliest.<br><br>\n								Regards<br>Support Administrator\";}'),(20,18,'Comment Added From CRM : Send Email to Contact, where Contact is not a Portal User','O:11:\"VTEmailTask\":9:{s:18:\"executeImmediately\";s:1:\"0\";s:7:\"summary\";s:82:\"Comment Added From CRM : Send Email to Contact, where Contact is not a Portal User\";s:6:\"active\";s:1:\"1\";s:2:\"id\";s:2:\"20\";s:10:\"workflowId\";s:2:\"18\";s:9:\"fromEmail\";s:93:\"$(general : (__nectarcrmMeta__) supportName)&lt;$(general : (__nectarcrmMeta__) supportEmailId)&gt;\";s:9:\"recepient\";s:33:\",$(contact_id : (Contacts) email)\";s:7:\"subject\";s:79:\"$ticket_no [ Ticket Id : $(general : (__nectarcrmMeta__) recordId) ] $ticket_title\";s:7:\"content\";s:514:\"Dear $(contact_id : (Contacts) lastname) $(contact_id : (Contacts) firstname),<br><br>\n							The Ticket is replied the details are :<br><br>\n							Ticket No : $ticket_no<br>\n							Status : $ticketstatus<br>\n							Category : $ticketcategories<br>\n							Severity : $ticketseverities<br>\n							Priority : $ticketpriorities<br><br>\n							Description : <br>$description<br><br>\n							Solution : <br>$solution<br>\n							The comments are : <br>\n							$allComments<br><br>\n							Regards<br>Support Administrator\";}'),(21,19,'Comment Added From CRM : Send Email to Contact, where Contact is Portal User','O:11:\"VTEmailTask\":9:{s:18:\"executeImmediately\";s:1:\"0\";s:7:\"summary\";s:76:\"Comment Added From CRM : Send Email to Contact, where Contact is Portal User\";s:6:\"active\";s:1:\"1\";s:2:\"id\";s:2:\"21\";s:10:\"workflowId\";s:2:\"19\";s:9:\"fromEmail\";s:93:\"$(general : (__nectarcrmMeta__) supportName)&lt;$(general : (__nectarcrmMeta__) supportEmailId)&gt;\";s:9:\"recepient\";s:33:\",$(contact_id : (Contacts) email)\";s:7:\"subject\";s:79:\"$ticket_no [ Ticket Id : $(general : (__nectarcrmMeta__) recordId) ] $ticket_title\";s:7:\"content\";s:547:\"Ticket No : $ticket_no<br>\n										Ticket Id : $(general : (__nectarcrmMeta__) recordId)<br>\n										Subject : $ticket_title<br><br>\n										Dear $(contact_id : (Contacts) lastname) $(contact_id : (Contacts) firstname),<br><br>\n										There is a reply to <b>$ticket_title</b> in the \"Customer Portal\" at nectarcrm.\n										You can use the following link to view the replies made:<br>\n										<a href=\"$(general : (__nectarcrmMeta__) portaldetailviewurl)\">Ticket Details</a><br><br>\n										Thanks<br>$(general : (__nectarcrmMeta__) supportName)\";}'),(22,15,'Comment Added From CRM : Send Email to Organization','O:11:\"VTEmailTask\":9:{s:18:\"executeImmediately\";s:1:\"0\";s:7:\"summary\";s:51:\"Comment Added From CRM : Send Email to Organization\";s:6:\"active\";s:1:\"1\";s:2:\"id\";s:2:\"22\";s:10:\"workflowId\";s:2:\"15\";s:9:\"fromEmail\";s:93:\"$(general : (__nectarcrmMeta__) supportName)&lt;$(general : (__nectarcrmMeta__) supportEmailId)&gt;\";s:9:\"recepient\";s:34:\",$(parent_id : (Accounts) email1),\";s:7:\"subject\";s:79:\"$ticket_no [ Ticket Id : $(general : (__nectarcrmMeta__) recordId) ] $ticket_title\";s:7:\"content\";s:589:\"Ticket ID : $(general : (__nectarcrmMeta__) recordId)<br>Ticket Title : $ticket_title<br><br>\n								Dear $(parent_id : (Accounts) accountname),<br><br>\n								The Ticket is replied the details are :<br><br>\n								Ticket No : $ticket_no<br>\n								Status : $ticketstatus<br>\n								Category : $ticketcategories<br>\n								Severity : $ticketseverities<br>\n								Priority : $ticketpriorities<br><br>\n								Description : <br>$description<br><br>\n								Solution : <br>$solution<br>\n								The comments are : <br>\n								$allComments<br><br>\n								Regards<br>Support Administrator\";}'),(23,7,'Notify Record Owner when Ticket is created from Portal','O:11:\"VTEmailTask\":9:{s:18:\"executeImmediately\";s:1:\"0\";s:7:\"summary\";s:54:\"Notify Record Owner when Ticket is created from Portal\";s:6:\"active\";s:1:\"1\";s:2:\"id\";s:2:\"23\";s:10:\"workflowId\";s:1:\"7\";s:9:\"fromEmail\";s:124:\"$(contact_id : (Contacts) lastname) $(contact_id : (Contacts) firstname)&lt;$(general : (__nectarcrmMeta__) supportEmailId)&gt;\";s:9:\"recepient\";s:37:\",$(assigned_user_id : (Users) email1)\";s:7:\"subject\";s:93:\"[From Portal] $ticket_no [ Ticket Id : $(general : (__nectarcrmMeta__) recordId) ] $ticket_title\";s:7:\"content\";s:158:\"Ticket No : $ticket_no<br>\n							  Ticket ID : $(general : (__nectarcrmMeta__) recordId)<br>\n							  Ticket Title : $ticket_title<br><br>\n							  $description\";}'),(24,20,'Send Email to Record Owner on Ticket Update','O:11:\"VTEmailTask\":9:{s:18:\"executeImmediately\";s:1:\"0\";s:7:\"summary\";s:43:\"Send Email to Record Owner on Ticket Update\";s:6:\"active\";s:1:\"1\";s:2:\"id\";s:2:\"24\";s:10:\"workflowId\";s:2:\"20\";s:9:\"fromEmail\";s:93:\"$(general : (__nectarcrmMeta__) supportName)&lt;$(general : (__nectarcrmMeta__) supportEmailId)&gt;\";s:9:\"recepient\";s:37:\",$(assigned_user_id : (Users) email1)\";s:7:\"subject\";s:40:\"Ticket Number : $ticket_no $ticket_title\";s:7:\"content\";s:596:\"Ticket ID : $(general : (__nectarcrmMeta__) recordId)<br>Ticket Title : $ticket_title<br><br>\n								Dear $(assigned_user_id : (Users) last_name) $(assigned_user_id : (Users) first_name),<br><br>\n								The Ticket is replied the details are :<br><br>\n								Ticket No : $ticket_no<br>\n								Status : $ticketstatus<br>\n								Category : $ticketcategories<br>\n								Severity : $ticketseverities<br>\n								Priority : $ticketpriorities<br><br>\n								Description : <br>$description<br><br>\n								Solution : <br>$solution\n								$allComments<br><br>\n								Regards<br>Support Administrator\";}'),(25,21,'Ticket Creation From CRM : Send Email to Record Owner','O:11:\"VTEmailTask\":9:{s:18:\"executeImmediately\";s:1:\"0\";s:7:\"summary\";s:53:\"Ticket Creation From CRM : Send Email to Record Owner\";s:6:\"active\";s:1:\"1\";s:2:\"id\";s:2:\"25\";s:10:\"workflowId\";s:2:\"21\";s:9:\"fromEmail\";s:93:\"$(general : (__nectarcrmMeta__) supportName)&lt;$(general : (__nectarcrmMeta__) supportEmailId)&gt;\";s:9:\"recepient\";s:37:\",$(assigned_user_id : (Users) email1)\";s:7:\"subject\";s:40:\"Ticket Number : $ticket_no $ticket_title\";s:7:\"content\";s:596:\"Ticket ID : $(general : (__nectarcrmMeta__) recordId)<br>Ticket Title : $ticket_title<br><br>\n								Dear $(assigned_user_id : (Users) last_name) $(assigned_user_id : (Users) first_name),<br><br>\n								The Ticket is replied the details are :<br><br>\n								Ticket No : $ticket_no<br>\n								Status : $ticketstatus<br>\n								Category : $ticketcategories<br>\n								Severity : $ticketseverities<br>\n								Priority : $ticketpriorities<br><br>\n								Description : <br>$description<br><br>\n								Solution : <br>$solution\n								$allComments<br><br>\n								Regards<br>Support Administrator\";}'),(26,22,'Send Email to Organization on Ticket Update','O:11:\"VTEmailTask\":9:{s:18:\"executeImmediately\";s:1:\"0\";s:7:\"summary\";s:43:\"Send Email to Organization on Ticket Update\";s:6:\"active\";s:1:\"1\";s:2:\"id\";s:2:\"26\";s:9:\"fromEmail\";s:93:\"$(general : (__nectarcrmMeta__) supportName)&lt;$(general : (__nectarcrmMeta__) supportEmailId)&gt;\";s:9:\"recepient\";s:33:\",$(parent_id : (Accounts) email1)\";s:7:\"subject\";s:79:\"$ticket_no [ Ticket Id : $(general : (__nectarcrmMeta__) recordId) ] $ticket_title\";s:7:\"content\";s:589:\"Ticket ID : $(general : (__nectarcrmMeta__) recordId)<br>Ticket Title : $ticket_title<br><br>\n								Dear $(parent_id : (Accounts) accountname),<br><br>\n								The Ticket is replied the details are :<br><br>\n								Ticket No : $ticket_no<br>\n								Status : $ticketstatus<br>\n								Category : $ticketcategories<br>\n								Severity : $ticketseverities<br>\n								Priority : $ticketpriorities<br><br>\n								Description : <br>$description<br><br>\n								Solution : <br>$solution<br>\n								The comments are : <br>\n								$allComments<br><br>\n								Regards<br>Support Administrator\";s:10:\"workflowId\";s:2:\"22\";}'),(27,23,'Ticket Creation From CRM : Send Email to Organization','O:11:\"VTEmailTask\":9:{s:18:\"executeImmediately\";s:1:\"0\";s:7:\"summary\";s:53:\"Ticket Creation From CRM : Send Email to Organization\";s:6:\"active\";s:1:\"1\";s:2:\"id\";s:2:\"27\";s:9:\"fromEmail\";s:93:\"$(general : (__nectarcrmMeta__) supportName)&lt;$(general : (__nectarcrmMeta__) supportEmailId)&gt;\";s:9:\"recepient\";s:33:\",$(parent_id : (Accounts) email1)\";s:7:\"subject\";s:79:\"$ticket_no [ Ticket Id : $(general : (__nectarcrmMeta__) recordId) ] $ticket_title\";s:7:\"content\";s:589:\"Ticket ID : $(general : (__nectarcrmMeta__) recordId)<br>Ticket Title : $ticket_title<br><br>\n								Dear $(parent_id : (Accounts) accountname),<br><br>\n								The Ticket is replied the details are :<br><br>\n								Ticket No : $ticket_no<br>\n								Status : $ticketstatus<br>\n								Category : $ticketcategories<br>\n								Severity : $ticketseverities<br>\n								Priority : $ticketpriorities<br><br>\n								Description : <br>$description<br><br>\n								Solution : <br>$solution<br>\n								The comments are : <br>\n								$allComments<br><br>\n								Regards<br>Support Administrator\";s:10:\"workflowId\";s:2:\"23\";}'),(28,24,'Ticket Creation From CRM : Send Email to Contact','O:11:\"VTEmailTask\":9:{s:18:\"executeImmediately\";s:1:\"0\";s:7:\"summary\";s:48:\"Ticket Creation From CRM : Send Email to Contact\";s:6:\"active\";s:1:\"1\";s:2:\"id\";s:2:\"28\";s:9:\"fromEmail\";s:93:\"$(general : (__nectarcrmMeta__) supportName)&lt;$(general : (__nectarcrmMeta__) supportEmailId)&gt;\";s:9:\"recepient\";s:33:\",$(contact_id : (Contacts) email)\";s:7:\"subject\";s:79:\"$ticket_no [ Ticket Id : $(general : (__nectarcrmMeta__) recordId) ] $ticket_title\";s:7:\"content\";s:624:\"Ticket ID : $(general : (__nectarcrmMeta__) recordId)<br>Ticket Title : $ticket_title<br><br>\n								Dear $(contact_id : (Contacts) lastname) $(contact_id : (Contacts) firstname),<br><br>\n								The Ticket is replied the details are :<br><br>\n								Ticket No : $ticket_no<br>\n								Status : $ticketstatus<br>\n								Category : $ticketcategories<br>\n								Severity : $ticketseverities<br>\n								Priority : $ticketpriorities<br><br>\n								Description : <br>$description<br><br>\n								Solution : <br>$solution<br>\n								The comments are : <br>\n								$allComments<br><br>\n								Regards<br>Support Administrator\";s:10:\"workflowId\";s:2:\"24\";}'),(29,26,'tfryh','O:11:\"VTEmailTask\":16:{s:18:\"executeImmediately\";b:0;s:10:\"workflowId\";s:2:\"26\";s:7:\"summary\";s:5:\"tfryh\";s:6:\"active\";b:1;s:7:\"trigger\";N;s:7:\"subject\";s:4:\"ghgh\";s:7:\"content\";s:69:\"<html>\r\n<head>\r\n	<title></title>\r\n</head>\r\n<body>gh</body>\r\n</html>\r\n\";s:9:\"recepient\";s:5:\"hgfgd\";s:7:\"emailcc\";s:0:\"\";s:8:\"emailbcc\";s:0:\"\";s:9:\"fromEmail\";s:0:\"\";s:3:\"pdf\";s:0:\"\";s:13:\"pdfTemplateId\";s:0:\"\";s:9:\"signature\";s:0:\"\";s:7:\"replyTo\";s:0:\"\";s:2:\"id\";i:29;}'),(30,26,'Prepare Annual Return ','O:18:\"VTEntityMethodTask\":7:{s:18:\"executeImmediately\";b:1;s:10:\"workflowId\";s:2:\"26\";s:7:\"summary\";s:22:\"Prepare Annual Return \";s:6:\"active\";b:1;s:7:\"trigger\";N;s:10:\"methodName\";s:0:\"\";s:2:\"id\";i:30;}'),(31,26,'Pass all the check at same time','O:18:\"VTUpdateFieldsTask\":8:{s:18:\"executeImmediately\";b:1;s:43:\"\0VTUpdateFieldsTask\0referenceFieldFocusList\";a:0:{}s:10:\"workflowId\";s:2:\"26\";s:7:\"summary\";s:31:\"Pass all the check at same time\";s:6:\"active\";b:1;s:7:\"trigger\";N;s:19:\"field_value_mapping\";s:68:\"[{\"fieldname\":\"notecontent\",\"value\":\"ujfyth\",\"valuetype\":\"rawtext\"}]\";s:2:\"id\";i:31;}'),(32,26,'n','O:18:\"VTCreateEntityTask\":10:{s:18:\"executeImmediately\";b:1;s:43:\"\0VTCreateEntityTask\0referenceFieldFocusList\";a:0:{}s:10:\"workflowId\";s:2:\"26\";s:7:\"summary\";s:1:\"n\";s:6:\"active\";b:1;s:7:\"trigger\";N;s:11:\"entity_type\";s:16:\"ServiceContracts\";s:15:\"reference_field\";s:0:\"\";s:19:\"field_value_mapping\";s:274:\"[{\"fieldname\":\"subject\",\"value\":\"demo\",\"valuetype\":\"rawtext\",\"modulename\":\"Documents\"},{\"fieldname\":\"assigned_user_id\",\"value\":\"user\",\"valuetype\":\"rawtext\",\"modulename\":\"Documents\"},{\"fieldname\":\"tracking_unit\",\"value\":\"Days\",\"valuetype\":\"rawtext\",\"modulename\":\"Documents\"}]\";s:2:\"id\";i:32;}');
/*!40000 ALTER TABLE `com_nectarcrm_workflowtasks` ENABLE KEYS */;
UNLOCK TABLES;

--
-- Table structure for table `com_nectarcrm_workflowtasks_entitymethod`
--

DROP TABLE IF EXISTS `com_nectarcrm_workflowtasks_entitymethod`;
/*!40101 SET @saved_cs_client     = @@character_set_client */;
/*!40101 SET character_set_client = utf8 */;
CREATE TABLE `com_nectarcrm_workflowtasks_entitymethod` (
  `workflowtasks_entitymethod_id` int(11) NOT NULL,
  `module_name` varchar(100) DEFAULT NULL,
  `method_name` varchar(100) DEFAULT NULL,
  `function_path` varchar(400) DEFAULT NULL,
  `function_name` varchar(100) DEFAULT NULL,
  PRIMARY KEY (`workflowtasks_entitymethod_id`),
  UNIQUE KEY `com_nectarcrm_workflowtasks_entitymethod_idx` (`workflowtasks_entitymethod_id`)
) ENGINE=InnoDB DEFAULT CHARSET=utf8;
/*!40101 SET character_set_client = @saved_cs_client */;

--
-- Dumping data for table `com_nectarcrm_workflowtasks_entitymethod`
--

LOCK TABLES `com_nectarcrm_workflowtasks_entitymethod` WRITE;
/*!40000 ALTER TABLE `com_nectarcrm_workflowtasks_entitymethod` DISABLE KEYS */;
INSERT INTO `com_nectarcrm_workflowtasks_entitymethod` VALUES (1,'SalesOrder','UpdateInventory','include/InventoryHandler.php','handleInventoryProductRel'),(2,'Invoice','UpdateInventory','include/InventoryHandler.php','handleInventoryProductRel'),(3,'Contacts','SendPortalLoginDetails','modules/Contacts/ContactsHandler.php','Contacts_sendCustomerPortalLoginDetails'),(4,'HelpDesk','NotifyOnPortalTicketCreation','modules/HelpDesk/HelpDeskHandler.php','HelpDesk_nofifyOnPortalTicketCreation'),(5,'HelpDesk','NotifyOnPortalTicketComment','modules/HelpDesk/HelpDeskHandler.php','HelpDesk_notifyOnPortalTicketComment'),(6,'HelpDesk','NotifyOwnerOnTicketChange','modules/HelpDesk/HelpDeskHandler.php','HelpDesk_notifyOwnerOnTicketChange'),(7,'HelpDesk','NotifyParentOnTicketChange','modules/HelpDesk/HelpDeskHandler.php','HelpDesk_notifyParentOnTicketChange'),(8,'ModComments','CustomerCommentFromPortal','modules/ModComments/ModCommentsHandler.php','CustomerCommentFromPortal'),(9,'ModComments','TicketOwnerComments','modules/ModComments/ModCommentsHandler.php','TicketOwnerComments'),(10,'PurchaseOrder','UpdateInventory','include/InventoryHandler.php','handleInventoryProductRel');
/*!40000 ALTER TABLE `com_nectarcrm_workflowtasks_entitymethod` ENABLE KEYS */;
UNLOCK TABLES;

--
-- Table structure for table `com_nectarcrm_workflowtasks_entitymethod_seq`
--

DROP TABLE IF EXISTS `com_nectarcrm_workflowtasks_entitymethod_seq`;
/*!40101 SET @saved_cs_client     = @@character_set_client */;
/*!40101 SET character_set_client = utf8 */;
CREATE TABLE `com_nectarcrm_workflowtasks_entitymethod_seq` (
  `id` int(11) NOT NULL
) ENGINE=InnoDB DEFAULT CHARSET=utf8;
/*!40101 SET character_set_client = @saved_cs_client */;

--
-- Dumping data for table `com_nectarcrm_workflowtasks_entitymethod_seq`
--

LOCK TABLES `com_nectarcrm_workflowtasks_entitymethod_seq` WRITE;
/*!40000 ALTER TABLE `com_nectarcrm_workflowtasks_entitymethod_seq` DISABLE KEYS */;
INSERT INTO `com_nectarcrm_workflowtasks_entitymethod_seq` VALUES (10);
/*!40000 ALTER TABLE `com_nectarcrm_workflowtasks_entitymethod_seq` ENABLE KEYS */;
UNLOCK TABLES;

--
-- Table structure for table `com_nectarcrm_workflowtasks_seq`
--

DROP TABLE IF EXISTS `com_nectarcrm_workflowtasks_seq`;
/*!40101 SET @saved_cs_client     = @@character_set_client */;
/*!40101 SET character_set_client = utf8 */;
CREATE TABLE `com_nectarcrm_workflowtasks_seq` (
  `id` int(11) NOT NULL
) ENGINE=InnoDB DEFAULT CHARSET=utf8;
/*!40101 SET character_set_client = @saved_cs_client */;

--
-- Dumping data for table `com_nectarcrm_workflowtasks_seq`
--

LOCK TABLES `com_nectarcrm_workflowtasks_seq` WRITE;
/*!40000 ALTER TABLE `com_nectarcrm_workflowtasks_seq` DISABLE KEYS */;
INSERT INTO `com_nectarcrm_workflowtasks_seq` VALUES (33);
/*!40000 ALTER TABLE `com_nectarcrm_workflowtasks_seq` ENABLE KEYS */;
UNLOCK TABLES;

--
-- Table structure for table `com_nectarcrm_workflowtemplates`
--

DROP TABLE IF EXISTS `com_nectarcrm_workflowtemplates`;
/*!40101 SET @saved_cs_client     = @@character_set_client */;
/*!40101 SET character_set_client = utf8 */;
CREATE TABLE `com_nectarcrm_workflowtemplates` (
  `template_id` int(11) NOT NULL AUTO_INCREMENT,
  `module_name` varchar(100) DEFAULT NULL,
  `title` varchar(400) DEFAULT NULL,
  `template` text,
  PRIMARY KEY (`template_id`)
) ENGINE=InnoDB DEFAULT CHARSET=utf8;
/*!40101 SET character_set_client = @saved_cs_client */;

--
-- Dumping data for table `com_nectarcrm_workflowtemplates`
--

LOCK TABLES `com_nectarcrm_workflowtemplates` WRITE;
/*!40000 ALTER TABLE `com_nectarcrm_workflowtemplates` DISABLE KEYS */;
/*!40000 ALTER TABLE `com_nectarcrm_workflowtemplates` ENABLE KEYS */;
UNLOCK TABLES;

--
-- Table structure for table `nectarcrm_account`
--

DROP TABLE IF EXISTS `nectarcrm_account`;
/*!40101 SET @saved_cs_client     = @@character_set_client */;
/*!40101 SET character_set_client = utf8 */;
CREATE TABLE `nectarcrm_account` (
  `accountid` int(19) NOT NULL DEFAULT '0',
  `account_no` varchar(100) NOT NULL,
  `accountname` varchar(100) NOT NULL,
  `parentid` int(19) DEFAULT '0',
  `account_type` varchar(200) DEFAULT NULL,
  `industry` varchar(200) DEFAULT NULL,
  `annualrevenue` decimal(25,8) DEFAULT NULL,
  `rating` varchar(200) DEFAULT NULL,
  `ownership` varchar(50) DEFAULT NULL,
  `siccode` varchar(50) DEFAULT NULL,
  `tickersymbol` varchar(30) DEFAULT NULL,
  `phone` varchar(30) DEFAULT NULL,
  `otherphone` varchar(30) DEFAULT NULL,
  `email1` varchar(100) DEFAULT NULL,
  `email2` varchar(100) DEFAULT NULL,
  `website` varchar(100) DEFAULT NULL,
  `fax` varchar(30) DEFAULT NULL,
  `employees` int(10) DEFAULT '0',
  `emailoptout` varchar(3) DEFAULT '0',
  `notify_owner` varchar(3) DEFAULT '0',
  `isconvertedfromlead` varchar(3) DEFAULT '0',
  `tags` varchar(1) DEFAULT NULL,
  PRIMARY KEY (`accountid`),
  KEY `account_account_type_idx` (`account_type`),
  KEY `email_idx` (`email1`,`email2`),
  CONSTRAINT `fk_1_nectarcrm_account` FOREIGN KEY (`accountid`) REFERENCES `nectarcrm_crmentity` (`crmid`) ON DELETE CASCADE
) ENGINE=InnoDB DEFAULT CHARSET=utf8;
/*!40101 SET character_set_client = @saved_cs_client */;

--
-- Dumping data for table `nectarcrm_account`
--

LOCK TABLES `nectarcrm_account` WRITE;
/*!40000 ALTER TABLE `nectarcrm_account` DISABLE KEYS */;
INSERT INTO `nectarcrm_account` VALUES (7,'ACC1','Nectar Infotel Solutions',0,'','',0.00000000,'Market Failed','','','','950366528','','rashmi.c@gmail.com','','','',0,'0','0','1',''),(18,'ACC2','WTC',0,'','',678686786.00000000,'','','','','','','','','','',0,'0','0','0',''),(28,'ACC3','Nectar',0,'','',0.00000000,'','','','','904980000000','','','','nectarinfotel.com','',0,'0','0','0',''),(31,'ACC4','harpale',0,'','',0.00000000,'','','','','','','','','','',0,'0','0','0',''),(33,'ACC5','Nectardemo',0,'','',0.00000000,'','','','','','','','','','',0,'0','0','0',''),(36,'ACC6','Movicel',0,'','',0.00000000,'','','','','','','','','','',0,'0','0','0',''),(55,'ACC7','Nectar i',0,'','',0.00000000,'','','','','','','','','','4',0,'0','0','0',''),(71,'ACC8','Nectarin',0,'','',0.00000000,'','','','','90078675757','','','','nectarinfotel.com','',0,'0','0','0',''),(73,'ACC9','Nectar chattisgadh',0,'','',0.00000000,'','','','','0809880980','','','','nectarinfotel.com','',0,'0','0','0',''),(100,'ACC10','Nectarinf',0,'','',0.00000000,'','','','','4444444444','','','','nectarinfotel.com','',0,'0','0','0',''),(125,'ACC11','Nectar...',73,'','',0.00000000,'Acquired','','','','0980890 8989','87867867','bean@gmail.com','bean@gmail.com','','867867867',0,'0','0','0',''),(131,'ACC12','Nectarinfote',73,'','',0.00000000,'','','','','','','','','','',0,'0','0','0',''),(146,'ACC13','Nect',0,'','',0.00000000,'','','','','','','','','','',0,'0','0','0',''),(147,'ACC14','Nectarii',0,'','',0.00000000,'Active','','','','0000990000','','demo@gmail.com','demo@gmail.com','','',0,'0','0','0','');
/*!40000 ALTER TABLE `nectarcrm_account` ENABLE KEYS */;
UNLOCK TABLES;

--
-- Table structure for table `nectarcrm_accountbillads`
--

DROP TABLE IF EXISTS `nectarcrm_accountbillads`;
/*!40101 SET @saved_cs_client     = @@character_set_client */;
/*!40101 SET character_set_client = utf8 */;
CREATE TABLE `nectarcrm_accountbillads` (
  `accountaddressid` int(19) NOT NULL DEFAULT '0',
  `bill_city` varchar(30) DEFAULT NULL,
  `bill_code` varchar(30) DEFAULT NULL,
  `bill_country` varchar(30) DEFAULT NULL,
  `bill_state` varchar(30) DEFAULT NULL,
  `bill_street` varchar(250) DEFAULT NULL,
  `bill_pobox` varchar(30) DEFAULT NULL,
  PRIMARY KEY (`accountaddressid`),
  CONSTRAINT `fk_1_nectarcrm_accountbillads` FOREIGN KEY (`accountaddressid`) REFERENCES `nectarcrm_account` (`accountid`) ON DELETE CASCADE
) ENGINE=InnoDB DEFAULT CHARSET=utf8;
/*!40101 SET character_set_client = @saved_cs_client */;

--
-- Dumping data for table `nectarcrm_accountbillads`
--

LOCK TABLES `nectarcrm_accountbillads` WRITE;
/*!40000 ALTER TABLE `nectarcrm_accountbillads` DISABLE KEYS */;
INSERT INTO `nectarcrm_accountbillads` VALUES (7,'','','','','',''),(18,'','','','','',''),(28,'','','','','',''),(31,'','','','','',''),(33,'','','','','',''),(36,'','','','','',''),(55,'n','','','','',''),(71,'','','','','',''),(73,'','','','','',''),(100,'','','','','',''),(125,'Tirana','412308','Albania','Tirana','Dubai',''),(131,'','','','','',''),(146,'','','','','',''),(147,'','','','','','');
/*!40000 ALTER TABLE `nectarcrm_accountbillads` ENABLE KEYS */;
UNLOCK TABLES;

--
-- Table structure for table `nectarcrm_accountrating`
--

DROP TABLE IF EXISTS `nectarcrm_accountrating`;
/*!40101 SET @saved_cs_client     = @@character_set_client */;
/*!40101 SET character_set_client = utf8 */;
CREATE TABLE `nectarcrm_accountrating` (
  `accountratingid` int(19) NOT NULL AUTO_INCREMENT,
  `rating` varchar(200) NOT NULL,
  `sortorderid` int(19) NOT NULL DEFAULT '0',
  `presence` int(1) NOT NULL DEFAULT '1',
  PRIMARY KEY (`accountratingid`),
  UNIQUE KEY `accountrating_rating_idx` (`rating`)
) ENGINE=InnoDB DEFAULT CHARSET=utf8;
/*!40101 SET character_set_client = @saved_cs_client */;

--
-- Dumping data for table `nectarcrm_accountrating`
--

LOCK TABLES `nectarcrm_accountrating` WRITE;
/*!40000 ALTER TABLE `nectarcrm_accountrating` DISABLE KEYS */;
/*!40000 ALTER TABLE `nectarcrm_accountrating` ENABLE KEYS */;
UNLOCK TABLES;

--
-- Table structure for table `nectarcrm_accountscf`
--

DROP TABLE IF EXISTS `nectarcrm_accountscf`;
/*!40101 SET @saved_cs_client     = @@character_set_client */;
/*!40101 SET character_set_client = utf8 */;
CREATE TABLE `nectarcrm_accountscf` (
  `accountid` int(19) NOT NULL DEFAULT '0',
  PRIMARY KEY (`accountid`),
  CONSTRAINT `fk_1_nectarcrm_accountscf` FOREIGN KEY (`accountid`) REFERENCES `nectarcrm_account` (`accountid`) ON DELETE CASCADE
) ENGINE=InnoDB DEFAULT CHARSET=utf8;
/*!40101 SET character_set_client = @saved_cs_client */;

--
-- Dumping data for table `nectarcrm_accountscf`
--

LOCK TABLES `nectarcrm_accountscf` WRITE;
/*!40000 ALTER TABLE `nectarcrm_accountscf` DISABLE KEYS */;
INSERT INTO `nectarcrm_accountscf` VALUES (7),(18),(28),(31),(33),(36),(55),(71),(73),(100),(125),(131),(146),(147);
/*!40000 ALTER TABLE `nectarcrm_accountscf` ENABLE KEYS */;
UNLOCK TABLES;

--
-- Table structure for table `nectarcrm_accountshipads`
--

DROP TABLE IF EXISTS `nectarcrm_accountshipads`;
/*!40101 SET @saved_cs_client     = @@character_set_client */;
/*!40101 SET character_set_client = utf8 */;
CREATE TABLE `nectarcrm_accountshipads` (
  `accountaddressid` int(19) NOT NULL DEFAULT '0',
  `ship_city` varchar(30) DEFAULT NULL,
  `ship_code` varchar(30) DEFAULT NULL,
  `ship_country` varchar(30) DEFAULT NULL,
  `ship_state` varchar(30) DEFAULT NULL,
  `ship_pobox` varchar(30) DEFAULT NULL,
  `ship_street` varchar(250) DEFAULT NULL,
  PRIMARY KEY (`accountaddressid`),
  CONSTRAINT `fk_1_nectarcrm_accountshipads` FOREIGN KEY (`accountaddressid`) REFERENCES `nectarcrm_account` (`accountid`) ON DELETE CASCADE
) ENGINE=InnoDB DEFAULT CHARSET=utf8;
/*!40101 SET character_set_client = @saved_cs_client */;

--
-- Dumping data for table `nectarcrm_accountshipads`
--

LOCK TABLES `nectarcrm_accountshipads` WRITE;
/*!40000 ALTER TABLE `nectarcrm_accountshipads` DISABLE KEYS */;
INSERT INTO `nectarcrm_accountshipads` VALUES (7,'','','','','',''),(18,'','','','','',''),(28,'','','','','',''),(31,'','','','','',''),(33,'','','','','',''),(36,'','','','','',''),(55,'','','','','',''),(71,'','','','','',''),(73,'','','','','',''),(100,'','','','','',''),(125,'Tirana','412308','Albania','Tirana','','Dubai'),(131,'','','','','',''),(146,'','','','','',''),(147,'','','','','','');
/*!40000 ALTER TABLE `nectarcrm_accountshipads` ENABLE KEYS */;
UNLOCK TABLES;

--
-- Table structure for table `nectarcrm_accounttype`
--

DROP TABLE IF EXISTS `nectarcrm_accounttype`;
/*!40101 SET @saved_cs_client     = @@character_set_client */;
/*!40101 SET character_set_client = utf8 */;
CREATE TABLE `nectarcrm_accounttype` (
  `accounttypeid` int(19) NOT NULL AUTO_INCREMENT,
  `accounttype` varchar(200) NOT NULL,
  `presence` int(1) NOT NULL DEFAULT '1',
  `picklist_valueid` int(19) NOT NULL DEFAULT '0',
  `sortorderid` int(11) DEFAULT NULL,
  `color` varchar(10) DEFAULT NULL,
  PRIMARY KEY (`accounttypeid`),
  UNIQUE KEY `accounttype_accounttype_idx` (`accounttype`)
) ENGINE=InnoDB AUTO_INCREMENT=12 DEFAULT CHARSET=utf8;
/*!40101 SET character_set_client = @saved_cs_client */;

--
-- Dumping data for table `nectarcrm_accounttype`
--

LOCK TABLES `nectarcrm_accounttype` WRITE;
/*!40000 ALTER TABLE `nectarcrm_accounttype` DISABLE KEYS */;
INSERT INTO `nectarcrm_accounttype` VALUES (2,'Analyst',1,2,1,NULL),(3,'Competitor',1,3,2,NULL),(4,'Customer',1,4,3,NULL),(5,'Integrator',1,5,4,NULL),(6,'Investor',1,6,5,NULL),(7,'Partner',1,7,6,NULL),(8,'Press',1,8,7,NULL),(9,'Prospect',1,9,8,NULL),(10,'Reseller',1,10,9,NULL),(11,'Other',1,11,10,NULL);
/*!40000 ALTER TABLE `nectarcrm_accounttype` ENABLE KEYS */;
UNLOCK TABLES;

--
-- Table structure for table `nectarcrm_accounttype_seq`
--

DROP TABLE IF EXISTS `nectarcrm_accounttype_seq`;
/*!40101 SET @saved_cs_client     = @@character_set_client */;
/*!40101 SET character_set_client = utf8 */;
CREATE TABLE `nectarcrm_accounttype_seq` (
  `id` int(11) NOT NULL
) ENGINE=InnoDB DEFAULT CHARSET=utf8;
/*!40101 SET character_set_client = @saved_cs_client */;

--
-- Dumping data for table `nectarcrm_accounttype_seq`
--

LOCK TABLES `nectarcrm_accounttype_seq` WRITE;
/*!40000 ALTER TABLE `nectarcrm_accounttype_seq` DISABLE KEYS */;
INSERT INTO `nectarcrm_accounttype_seq` VALUES (11);
/*!40000 ALTER TABLE `nectarcrm_accounttype_seq` ENABLE KEYS */;
UNLOCK TABLES;

--
-- Table structure for table `nectarcrm_actionmapping`
--

DROP TABLE IF EXISTS `nectarcrm_actionmapping`;
/*!40101 SET @saved_cs_client     = @@character_set_client */;
/*!40101 SET character_set_client = utf8 */;
CREATE TABLE `nectarcrm_actionmapping` (
  `actionid` int(19) NOT NULL,
  `actionname` varchar(200) NOT NULL,
  `securitycheck` int(19) DEFAULT NULL,
  PRIMARY KEY (`actionid`,`actionname`)
) ENGINE=InnoDB DEFAULT CHARSET=utf8;
/*!40101 SET character_set_client = @saved_cs_client */;

--
-- Dumping data for table `nectarcrm_actionmapping`
--

LOCK TABLES `nectarcrm_actionmapping` WRITE;
/*!40000 ALTER TABLE `nectarcrm_actionmapping` DISABLE KEYS */;
INSERT INTO `nectarcrm_actionmapping` VALUES (0,'Save',0),(0,'SavePriceBook',1),(0,'SaveVendor',1),(1,'DetailViewAjax',1),(1,'EditView',0),(1,'PriceBookEditView',1),(1,'QuickCreate',1),(1,'VendorEditView',1),(2,'Delete',0),(2,'DeletePriceBook',1),(2,'DeleteVendor',1),(3,'index',0),(3,'Popup',1),(4,'DetailView',0),(4,'PriceBookDetailView',1),(4,'TagCloud',1),(4,'VendorDetailView',1),(5,'Import',0),(6,'Export',0),(7,'CreateView',0),(8,'Merge',0),(9,'ConvertLead',0),(10,'DuplicatesHandling',0),(11,'ReceiveIncomingCalls',0),(12,'MakeOutgoingCalls',0),(13,'Print',0);
/*!40000 ALTER TABLE `nectarcrm_actionmapping` ENABLE KEYS */;
UNLOCK TABLES;

--
-- Table structure for table `nectarcrm_activity`
--

DROP TABLE IF EXISTS `nectarcrm_activity`;
/*!40101 SET @saved_cs_client     = @@character_set_client */;
/*!40101 SET character_set_client = utf8 */;
CREATE TABLE `nectarcrm_activity` (
  `activityid` int(19) NOT NULL DEFAULT '0',
  `subject` varchar(255) DEFAULT NULL,
  `semodule` varchar(20) DEFAULT NULL,
  `activitytype` varchar(200) NOT NULL,
  `date_start` date NOT NULL,
  `due_date` date DEFAULT NULL,
  `time_start` varchar(50) DEFAULT NULL,
  `time_end` varchar(50) DEFAULT NULL,
  `sendnotification` varchar(3) NOT NULL DEFAULT '0',
  `duration_hours` varchar(200) DEFAULT NULL,
  `duration_minutes` varchar(200) DEFAULT NULL,
  `status` varchar(200) DEFAULT NULL,
  `eventstatus` varchar(200) DEFAULT NULL,
  `priority` varchar(200) DEFAULT NULL,
  `location` varchar(150) DEFAULT NULL,
  `notime` varchar(3) NOT NULL DEFAULT '0',
  `visibility` varchar(50) NOT NULL DEFAULT 'all',
  `recurringtype` varchar(200) DEFAULT NULL,
  `tags` varchar(1) DEFAULT NULL,
  PRIMARY KEY (`activityid`),
  KEY `activity_activityid_subject_idx` (`activityid`,`subject`),
  KEY `activity_activitytype_date_start_idx` (`activitytype`,`date_start`),
  KEY `activity_date_start_due_date_idx` (`date_start`,`due_date`),
  KEY `activity_date_start_time_start_idx` (`date_start`,`time_start`),
  KEY `activity_eventstatus_idx` (`eventstatus`),
  KEY `activity_status_idx` (`status`),
  CONSTRAINT `fk_1_nectarcrm_activity` FOREIGN KEY (`activityid`) REFERENCES `nectarcrm_crmentity` (`crmid`) ON DELETE CASCADE
) ENGINE=InnoDB DEFAULT CHARSET=utf8;
/*!40101 SET character_set_client = @saved_cs_client */;

--
-- Dumping data for table `nectarcrm_activity`
--

LOCK TABLES `nectarcrm_activity` WRITE;
/*!40000 ALTER TABLE `nectarcrm_activity` DISABLE KEYS */;
INSERT INTO `nectarcrm_activity` VALUES (4,'Found oppoutunity',NULL,'Task','2018-08-23','2018-08-23','06:36:00','','0','11','54','Not Started','','','','0','Private','',''),(5,'In Person Meet',NULL,'Meeting','2018-08-23','2018-08-23','06:40:00','06:45:00','0','0','5',NULL,'Planned','Medium','Skype','0','Public','--None--',''),(10,'Invitation','','Emails','2018-08-24',NULL,'09:39',NULL,'0',NULL,NULL,NULL,NULL,NULL,NULL,'0','all',NULL,''),(11,'testing','','Emails','2018-08-24',NULL,'09:39',NULL,'0',NULL,NULL,NULL,NULL,NULL,NULL,'0','all',NULL,''),(12,'testing','','Emails','2018-08-24',NULL,'09:40',NULL,'0',NULL,NULL,NULL,NULL,NULL,NULL,'0','all',NULL,''),(13,'hi','','Emails','2018-08-24',NULL,'09:40',NULL,'0',NULL,NULL,NULL,NULL,NULL,NULL,'0','all',NULL,''),(41,'CRM',NULL,'Call','2019-11-18','2019-11-18','09:07:00','09:12:00','0','0','5',NULL,'Held','','','0','Public','',''),(42,'Hrms',NULL,'Meeting','2019-11-18','2019-11-18','09:10:00','09:15:00','0','0','5',NULL,'Planned','','','0','Public','',''),(43,'Hrms',NULL,'Task','2019-11-18','2019-11-18','09:12:00','','0','9','18','Not Started','','','','0','Private','',''),(44,'Invitation','','Emails','2019-11-18',NULL,'09:43',NULL,'0',NULL,NULL,NULL,NULL,NULL,NULL,'0','all',NULL,''),(75,'Hrms',NULL,'Call','2019-11-19','2019-11-19','08:40:00','08:45:00','0','0','5',NULL,'Planned','','','0','Public','',''),(77,'Hrms','','Emails','2019-11-19',NULL,'08:47',NULL,'0',NULL,NULL,NULL,NULL,NULL,NULL,'0','all',NULL,''),(132,'Hrms',NULL,'Task','2019-11-21','2019-11-21','05:45:00','','0','12','45','Not Started','','High','','0','Private','',''),(133,'CRM',NULL,'Task','2019-11-21','2019-11-21','05:46:00','','0','12','44','Not Started','','High','','0','Private','',''),(134,'CRM',NULL,'Task','2019-11-21','2019-11-21','05:46:00','','0','12','44','Not Started','','Medium','','0','Private','',''),(135,'Hrms',NULL,'Call','2019-11-21','2019-11-21','06:25:00','06:30:00','0','0','5',NULL,'Planned','','','0','Public','',''),(136,'Hrms',NULL,'Call','2019-11-06','2019-11-06','18:30:00','18:35:00','0','0','5',NULL,'Planned','','','0','Public','',''),(137,'CRM',NULL,'Task','2019-11-21','2019-11-21','06:26:00','','0','12','4','In Progress','','','','0','Private','',''),(138,'CRM',NULL,'Mobile Call','2019-11-22','2019-11-22','00:00:00','00:05:00','0','0','5',NULL,'Planned','','','0','Public','',''),(139,'[Followup] CRM',NULL,'Call','2019-11-21','2019-11-21','06:26:00','06:31:00','0','0','5',NULL,'Planned','','','0','Public','',''),(140,'CRM',NULL,'Call','2019-11-21','2019-11-21','06:27:00','06:32:00','0','0','5',NULL,'Planned','','','0','Public','',''),(141,'CRM',NULL,'Meeting','2019-11-20','2019-11-20','00:00:00','00:05:00','0','0','5',NULL,'Planned','','','0','Public','',''),(142,'CRM',NULL,'Call','2019-11-05','2019-11-05','18:30:00','18:35:00','0','0','5',NULL,'Planned','','','0','Public','',''),(143,'Hrms',NULL,'Call','2019-11-18','2019-11-18','22:30:00','22:35:00','0','0','5',NULL,'Planned','','','0','Public','',''),(144,'Hrms',NULL,'Call','2019-11-20','2019-11-20','20:30:00','20:35:00','0','0','5',NULL,'Planned','','','0','Public','',''),(145,'Hrms',NULL,'Call','2019-11-21','2019-11-21','00:30:00','00:35:00','0','0','5',NULL,'Planned','','','0','Public','','');
/*!40000 ALTER TABLE `nectarcrm_activity` ENABLE KEYS */;
UNLOCK TABLES;

--
-- Table structure for table `nectarcrm_activity_recurring_info`
--

DROP TABLE IF EXISTS `nectarcrm_activity_recurring_info`;
/*!40101 SET @saved_cs_client     = @@character_set_client */;
/*!40101 SET character_set_client = utf8 */;
CREATE TABLE `nectarcrm_activity_recurring_info` (
  `activityid` int(19) NOT NULL,
  `recurrenceid` int(19) NOT NULL
) ENGINE=InnoDB DEFAULT CHARSET=utf8;
/*!40101 SET character_set_client = @saved_cs_client */;

--
-- Dumping data for table `nectarcrm_activity_recurring_info`
--

LOCK TABLES `nectarcrm_activity_recurring_info` WRITE;
/*!40000 ALTER TABLE `nectarcrm_activity_recurring_info` DISABLE KEYS */;
/*!40000 ALTER TABLE `nectarcrm_activity_recurring_info` ENABLE KEYS */;
UNLOCK TABLES;

--
-- Table structure for table `nectarcrm_activity_reminder`
--

DROP TABLE IF EXISTS `nectarcrm_activity_reminder`;
/*!40101 SET @saved_cs_client     = @@character_set_client */;
/*!40101 SET character_set_client = utf8 */;
CREATE TABLE `nectarcrm_activity_reminder` (
  `activity_id` int(11) NOT NULL,
  `reminder_time` int(11) NOT NULL,
  `reminder_sent` int(2) NOT NULL,
  `recurringid` int(19) NOT NULL,
  PRIMARY KEY (`activity_id`,`recurringid`),
  CONSTRAINT `fk_activityid_nectarcrm_activity_reminder` FOREIGN KEY (`activity_id`) REFERENCES `nectarcrm_activity` (`activityid`) ON DELETE CASCADE
) ENGINE=InnoDB DEFAULT CHARSET=utf8;
/*!40101 SET character_set_client = @saved_cs_client */;

--
-- Dumping data for table `nectarcrm_activity_reminder`
--

LOCK TABLES `nectarcrm_activity_reminder` WRITE;
/*!40000 ALTER TABLE `nectarcrm_activity_reminder` DISABLE KEYS */;
INSERT INTO `nectarcrm_activity_reminder` VALUES (4,0,0,0),(5,1564,0,0),(41,0,0,0),(43,0,0,0),(75,0,0,0),(132,0,0,0),(133,0,0,0),(134,0,0,0),(135,0,0,0),(136,0,0,0),(137,0,0,0),(138,0,0,0),(140,0,0,0),(141,0,0,0),(142,0,0,0),(143,0,0,0),(144,0,0,0),(145,0,0,0);
/*!40000 ALTER TABLE `nectarcrm_activity_reminder` ENABLE KEYS */;
UNLOCK TABLES;

--
-- Table structure for table `nectarcrm_activity_reminder_popup`
--

DROP TABLE IF EXISTS `nectarcrm_activity_reminder_popup`;
/*!40101 SET @saved_cs_client     = @@character_set_client */;
/*!40101 SET character_set_client = utf8 */;
CREATE TABLE `nectarcrm_activity_reminder_popup` (
  `reminderid` int(19) NOT NULL AUTO_INCREMENT,
  `semodule` varchar(100) NOT NULL,
  `recordid` int(19) NOT NULL,
  `date_start` date NOT NULL,
  `time_start` varchar(100) NOT NULL,
  `status` int(2) NOT NULL,
  PRIMARY KEY (`reminderid`)
) ENGINE=InnoDB AUTO_INCREMENT=2 DEFAULT CHARSET=utf8;
/*!40101 SET character_set_client = @saved_cs_client */;

--
-- Dumping data for table `nectarcrm_activity_reminder_popup`
--

LOCK TABLES `nectarcrm_activity_reminder_popup` WRITE;
/*!40000 ALTER TABLE `nectarcrm_activity_reminder_popup` DISABLE KEYS */;
INSERT INTO `nectarcrm_activity_reminder_popup` VALUES (1,'Events',138,'2019-11-22','00:00:00',1);
/*!40000 ALTER TABLE `nectarcrm_activity_reminder_popup` ENABLE KEYS */;
UNLOCK TABLES;

--
-- Table structure for table `nectarcrm_activity_view`
--

DROP TABLE IF EXISTS `nectarcrm_activity_view`;
/*!40101 SET @saved_cs_client     = @@character_set_client */;
/*!40101 SET character_set_client = utf8 */;
CREATE TABLE `nectarcrm_activity_view` (
  `activity_viewid` int(19) NOT NULL AUTO_INCREMENT,
  `activity_view` varchar(200) NOT NULL,
  `sortorderid` int(19) NOT NULL DEFAULT '0',
  `presence` int(1) NOT NULL DEFAULT '1',
  PRIMARY KEY (`activity_viewid`)
) ENGINE=InnoDB AUTO_INCREMENT=6 DEFAULT CHARSET=utf8;
/*!40101 SET character_set_client = @saved_cs_client */;

--
-- Dumping data for table `nectarcrm_activity_view`
--

LOCK TABLES `nectarcrm_activity_view` WRITE;
/*!40000 ALTER TABLE `nectarcrm_activity_view` DISABLE KEYS */;
INSERT INTO `nectarcrm_activity_view` VALUES (1,'Today',0,1),(2,'This Week',1,1),(3,'This Month',2,1),(4,'This Year',3,1),(5,'Agenda',4,1);
/*!40000 ALTER TABLE `nectarcrm_activity_view` ENABLE KEYS */;
UNLOCK TABLES;

--
-- Table structure for table `nectarcrm_activity_view_seq`
--

DROP TABLE IF EXISTS `nectarcrm_activity_view_seq`;
/*!40101 SET @saved_cs_client     = @@character_set_client */;
/*!40101 SET character_set_client = utf8 */;
CREATE TABLE `nectarcrm_activity_view_seq` (
  `id` int(11) NOT NULL
) ENGINE=InnoDB DEFAULT CHARSET=utf8;
/*!40101 SET character_set_client = @saved_cs_client */;

--
-- Dumping data for table `nectarcrm_activity_view_seq`
--

LOCK TABLES `nectarcrm_activity_view_seq` WRITE;
/*!40000 ALTER TABLE `nectarcrm_activity_view_seq` DISABLE KEYS */;
INSERT INTO `nectarcrm_activity_view_seq` VALUES (5);
/*!40000 ALTER TABLE `nectarcrm_activity_view_seq` ENABLE KEYS */;
UNLOCK TABLES;

--
-- Table structure for table `nectarcrm_activitycf`
--

DROP TABLE IF EXISTS `nectarcrm_activitycf`;
/*!40101 SET @saved_cs_client     = @@character_set_client */;
/*!40101 SET character_set_client = utf8 */;
CREATE TABLE `nectarcrm_activitycf` (
  `activityid` int(19) NOT NULL DEFAULT '0',
  PRIMARY KEY (`activityid`),
  CONSTRAINT `fk_activityid_nectarcrm_activitycf` FOREIGN KEY (`activityid`) REFERENCES `nectarcrm_activity` (`activityid`) ON DELETE CASCADE
) ENGINE=InnoDB DEFAULT CHARSET=utf8;
/*!40101 SET character_set_client = @saved_cs_client */;

--
-- Dumping data for table `nectarcrm_activitycf`
--

LOCK TABLES `nectarcrm_activitycf` WRITE;
/*!40000 ALTER TABLE `nectarcrm_activitycf` DISABLE KEYS */;
INSERT INTO `nectarcrm_activitycf` VALUES (4),(5),(41),(42),(43),(75),(132),(133),(134),(135),(136),(137),(138),(139),(140),(141),(142),(143),(144),(145);
/*!40000 ALTER TABLE `nectarcrm_activitycf` ENABLE KEYS */;
UNLOCK TABLES;

--
-- Table structure for table `nectarcrm_activityproductrel`
--

DROP TABLE IF EXISTS `nectarcrm_activityproductrel`;
/*!40101 SET @saved_cs_client     = @@character_set_client */;
/*!40101 SET character_set_client = utf8 */;
CREATE TABLE `nectarcrm_activityproductrel` (
  `activityid` int(19) NOT NULL DEFAULT '0',
  `productid` int(19) NOT NULL DEFAULT '0',
  PRIMARY KEY (`activityid`,`productid`),
  KEY `activityproductrel_activityid_idx` (`activityid`),
  KEY `activityproductrel_productid_idx` (`productid`),
  CONSTRAINT `fk_2_nectarcrm_activityproductrel` FOREIGN KEY (`productid`) REFERENCES `nectarcrm_products` (`productid`) ON DELETE CASCADE
) ENGINE=InnoDB DEFAULT CHARSET=utf8;
/*!40101 SET character_set_client = @saved_cs_client */;

--
-- Dumping data for table `nectarcrm_activityproductrel`
--

LOCK TABLES `nectarcrm_activityproductrel` WRITE;
/*!40000 ALTER TABLE `nectarcrm_activityproductrel` DISABLE KEYS */;
/*!40000 ALTER TABLE `nectarcrm_activityproductrel` ENABLE KEYS */;
UNLOCK TABLES;

--
-- Table structure for table `nectarcrm_activitytype`
--

DROP TABLE IF EXISTS `nectarcrm_activitytype`;
/*!40101 SET @saved_cs_client     = @@character_set_client */;
/*!40101 SET character_set_client = utf8 */;
CREATE TABLE `nectarcrm_activitytype` (
  `activitytypeid` int(19) NOT NULL AUTO_INCREMENT,
  `activitytype` varchar(200) NOT NULL,
  `presence` int(1) NOT NULL DEFAULT '1',
  `picklist_valueid` int(19) NOT NULL DEFAULT '0',
  `sortorderid` int(11) DEFAULT NULL,
  `color` varchar(10) DEFAULT NULL,
  PRIMARY KEY (`activitytypeid`),
  UNIQUE KEY `activitytype_activitytype_idx` (`activitytype`)
) ENGINE=InnoDB AUTO_INCREMENT=4 DEFAULT CHARSET=utf8;
/*!40101 SET character_set_client = @saved_cs_client */;

--
-- Dumping data for table `nectarcrm_activitytype`
--

LOCK TABLES `nectarcrm_activitytype` WRITE;
/*!40000 ALTER TABLE `nectarcrm_activitytype` DISABLE KEYS */;
INSERT INTO `nectarcrm_activitytype` VALUES (1,'Call',0,12,0,NULL),(2,'Meeting',0,13,1,NULL),(3,'Mobile Call',0,295,1,NULL);
/*!40000 ALTER TABLE `nectarcrm_activitytype` ENABLE KEYS */;
UNLOCK TABLES;

--
-- Table structure for table `nectarcrm_activitytype_seq`
--

DROP TABLE IF EXISTS `nectarcrm_activitytype_seq`;
/*!40101 SET @saved_cs_client     = @@character_set_client */;
/*!40101 SET character_set_client = utf8 */;
CREATE TABLE `nectarcrm_activitytype_seq` (
  `id` int(11) NOT NULL
) ENGINE=InnoDB DEFAULT CHARSET=utf8;
/*!40101 SET character_set_client = @saved_cs_client */;

--
-- Dumping data for table `nectarcrm_activitytype_seq`
--

LOCK TABLES `nectarcrm_activitytype_seq` WRITE;
/*!40000 ALTER TABLE `nectarcrm_activitytype_seq` DISABLE KEYS */;
INSERT INTO `nectarcrm_activitytype_seq` VALUES (3);
/*!40000 ALTER TABLE `nectarcrm_activitytype_seq` ENABLE KEYS */;
UNLOCK TABLES;

--
-- Table structure for table `nectarcrm_announcement`
--

DROP TABLE IF EXISTS `nectarcrm_announcement`;
/*!40101 SET @saved_cs_client     = @@character_set_client */;
/*!40101 SET character_set_client = utf8 */;
CREATE TABLE `nectarcrm_announcement` (
  `creatorid` int(19) NOT NULL,
  `announcement` text,
  `title` varchar(255) DEFAULT NULL,
  `time` timestamp NOT NULL DEFAULT CURRENT_TIMESTAMP ON UPDATE CURRENT_TIMESTAMP,
  PRIMARY KEY (`creatorid`),
  KEY `announcement_creatorid_idx` (`creatorid`)
) ENGINE=InnoDB DEFAULT CHARSET=utf8;
/*!40101 SET character_set_client = @saved_cs_client */;

--
-- Dumping data for table `nectarcrm_announcement`
--

LOCK TABLES `nectarcrm_announcement` WRITE;
/*!40000 ALTER TABLE `nectarcrm_announcement` DISABLE KEYS */;
/*!40000 ALTER TABLE `nectarcrm_announcement` ENABLE KEYS */;
UNLOCK TABLES;

--
-- Table structure for table `nectarcrm_app2tab`
--

DROP TABLE IF EXISTS `nectarcrm_app2tab`;
/*!40101 SET @saved_cs_client     = @@character_set_client */;
/*!40101 SET character_set_client = utf8 */;
CREATE TABLE `nectarcrm_app2tab` (
  `tabid` int(11) DEFAULT NULL,
  `appname` varchar(20) DEFAULT NULL,
  `sequence` int(19) DEFAULT NULL,
  `visible` int(3) DEFAULT '1',
  KEY `nectarcrm_app2tab_fk_tab` (`tabid`),
  CONSTRAINT `nectarcrm_app2tab_fk_tab` FOREIGN KEY (`tabid`) REFERENCES `nectarcrm_tab` (`tabid`) ON DELETE CASCADE
) ENGINE=InnoDB DEFAULT CHARSET=utf8;
/*!40101 SET character_set_client = @saved_cs_client */;

--
-- Dumping data for table `nectarcrm_app2tab`
--

LOCK TABLES `nectarcrm_app2tab` WRITE;
/*!40000 ALTER TABLE `nectarcrm_app2tab` DISABLE KEYS */;
INSERT INTO `nectarcrm_app2tab` VALUES (30,'TOOLS',5,1),(32,'INVENTORY',2,1),(34,'SUPPORT',3,1),(38,'TOOLS',1,1),(42,'TOOLS',4,1),(49,'SETTINGS',1,1),(2,'SALES',1,1),(20,'SALES',2,1),(4,'SALES',6,1),(6,'SALES',7,1),(14,'SALES',3,1),(32,'SALES',4,1),(4,'MARKETING',3,1),(6,'MARKETING',4,1),(7,'MARKETING',1,1),(26,'MARKETING',2,1),(4,'INVENTORY',8,1),(6,'INVENTORY',9,1),(22,'INVENTORY',5,1),(23,'INVENTORY',4,1),(14,'INVENTORY',1,1),(18,'INVENTORY',7,1),(19,'INVENTORY',3,1),(21,'INVENTORY',6,1),(4,'SUPPORT',6,1),(6,'SUPPORT',7,1),(13,'SUPPORT',1,1),(15,'SUPPORT',2,1),(40,'SUPPORT',4,1),(46,'PROJECT',1,1),(45,'PROJECT',2,1),(44,'PROJECT',3,1),(4,'PROJECT',4,1),(6,'PROJECT',5,1),(47,'SALES',5,1),(47,'SUPPORT',5,1),(24,'TOOLS',2,1),(27,'TOOLS',3,1);
/*!40000 ALTER TABLE `nectarcrm_app2tab` ENABLE KEYS */;
UNLOCK TABLES;

--
-- Table structure for table `nectarcrm_assets`
--

DROP TABLE IF EXISTS `nectarcrm_assets`;
/*!40101 SET @saved_cs_client     = @@character_set_client */;
/*!40101 SET character_set_client = utf8 */;
CREATE TABLE `nectarcrm_assets` (
  `assetsid` int(11) NOT NULL,
  `asset_no` varchar(30) NOT NULL,
  `account` int(19) DEFAULT NULL,
  `product` int(19) NOT NULL,
  `serialnumber` varchar(200) DEFAULT NULL,
  `datesold` date DEFAULT NULL,
  `dateinservice` date DEFAULT NULL,
  `assetstatus` varchar(200) DEFAULT 'In Service',
  `tagnumber` varchar(300) DEFAULT NULL,
  `invoiceid` int(19) DEFAULT NULL,
  `shippingmethod` varchar(200) DEFAULT NULL,
  `shippingtrackingnumber` varchar(200) DEFAULT NULL,
  `assetname` varchar(100) DEFAULT NULL,
  `contact` int(19) DEFAULT NULL,
  `tags` varchar(1) DEFAULT NULL,
  PRIMARY KEY (`assetsid`),
  CONSTRAINT `fk_1_nectarcrm_assets` FOREIGN KEY (`assetsid`) REFERENCES `nectarcrm_crmentity` (`crmid`) ON DELETE CASCADE
) ENGINE=InnoDB DEFAULT CHARSET=utf8;
/*!40101 SET character_set_client = @saved_cs_client */;

--
-- Dumping data for table `nectarcrm_assets`
--

LOCK TABLES `nectarcrm_assets` WRITE;
/*!40000 ALTER TABLE `nectarcrm_assets` DISABLE KEYS */;
INSERT INTO `nectarcrm_assets` VALUES (96,'ASSET1',55,88,'','2019-11-07','2019-11-30','In Service','',0,'','','SIM',85,''),(123,'ASSET2',55,88,'0','2019-11-13','2019-11-30','Out-of-service','0',103,'0','0','SIM',72,'');
/*!40000 ALTER TABLE `nectarcrm_assets` ENABLE KEYS */;
UNLOCK TABLES;

--
-- Table structure for table `nectarcrm_assetscf`
--

DROP TABLE IF EXISTS `nectarcrm_assetscf`;
/*!40101 SET @saved_cs_client     = @@character_set_client */;
/*!40101 SET character_set_client = utf8 */;
CREATE TABLE `nectarcrm_assetscf` (
  `assetsid` int(19) NOT NULL,
  `cf_856` decimal(12,2) DEFAULT NULL,
  PRIMARY KEY (`assetsid`),
  CONSTRAINT `fk_assetsid_nectarcrm_assetscf` FOREIGN KEY (`assetsid`) REFERENCES `nectarcrm_assets` (`assetsid`) ON DELETE CASCADE
) ENGINE=InnoDB DEFAULT CHARSET=utf8;
/*!40101 SET character_set_client = @saved_cs_client */;

--
-- Dumping data for table `nectarcrm_assetscf`
--

LOCK TABLES `nectarcrm_assetscf` WRITE;
/*!40000 ALTER TABLE `nectarcrm_assetscf` DISABLE KEYS */;
INSERT INTO `nectarcrm_assetscf` VALUES (96,0.00),(123,0.00);
/*!40000 ALTER TABLE `nectarcrm_assetscf` ENABLE KEYS */;
UNLOCK TABLES;

--
-- Table structure for table `nectarcrm_assetstatus`
--

DROP TABLE IF EXISTS `nectarcrm_assetstatus`;
/*!40101 SET @saved_cs_client     = @@character_set_client */;
/*!40101 SET character_set_client = utf8 */;
CREATE TABLE `nectarcrm_assetstatus` (
  `assetstatusid` int(11) NOT NULL AUTO_INCREMENT,
  `assetstatus` varchar(200) NOT NULL,
  `presence` int(1) NOT NULL DEFAULT '1',
  `picklist_valueid` int(11) NOT NULL DEFAULT '0',
  `sortorderid` int(11) DEFAULT '0',
  `color` varchar(10) DEFAULT NULL,
  PRIMARY KEY (`assetstatusid`)
) ENGINE=InnoDB AUTO_INCREMENT=3 DEFAULT CHARSET=utf8;
/*!40101 SET character_set_client = @saved_cs_client */;

--
-- Dumping data for table `nectarcrm_assetstatus`
--

LOCK TABLES `nectarcrm_assetstatus` WRITE;
/*!40000 ALTER TABLE `nectarcrm_assetstatus` DISABLE KEYS */;
INSERT INTO `nectarcrm_assetstatus` VALUES (1,'In Service',1,235,1,NULL),(2,'Out-of-service',1,236,2,NULL);
/*!40000 ALTER TABLE `nectarcrm_assetstatus` ENABLE KEYS */;
UNLOCK TABLES;

--
-- Table structure for table `nectarcrm_assetstatus_seq`
--

DROP TABLE IF EXISTS `nectarcrm_assetstatus_seq`;
/*!40101 SET @saved_cs_client     = @@character_set_client */;
/*!40101 SET character_set_client = utf8 */;
CREATE TABLE `nectarcrm_assetstatus_seq` (
  `id` int(11) NOT NULL
) ENGINE=InnoDB DEFAULT CHARSET=utf8;
/*!40101 SET character_set_client = @saved_cs_client */;

--
-- Dumping data for table `nectarcrm_assetstatus_seq`
--

LOCK TABLES `nectarcrm_assetstatus_seq` WRITE;
/*!40000 ALTER TABLE `nectarcrm_assetstatus_seq` DISABLE KEYS */;
INSERT INTO `nectarcrm_assetstatus_seq` VALUES (2);
/*!40000 ALTER TABLE `nectarcrm_assetstatus_seq` ENABLE KEYS */;
UNLOCK TABLES;

--
-- Table structure for table `nectarcrm_asterisk`
--

DROP TABLE IF EXISTS `nectarcrm_asterisk`;
/*!40101 SET @saved_cs_client     = @@character_set_client */;
/*!40101 SET character_set_client = utf8 */;
CREATE TABLE `nectarcrm_asterisk` (
  `server` varchar(30) DEFAULT NULL,
  `port` varchar(30) DEFAULT NULL,
  `username` varchar(50) DEFAULT NULL,
  `password` varchar(50) DEFAULT NULL,
  `version` varchar(50) DEFAULT NULL
) ENGINE=InnoDB DEFAULT CHARSET=utf8;
/*!40101 SET character_set_client = @saved_cs_client */;

--
-- Dumping data for table `nectarcrm_asterisk`
--

LOCK TABLES `nectarcrm_asterisk` WRITE;
/*!40000 ALTER TABLE `nectarcrm_asterisk` DISABLE KEYS */;
/*!40000 ALTER TABLE `nectarcrm_asterisk` ENABLE KEYS */;
UNLOCK TABLES;

--
-- Table structure for table `nectarcrm_asteriskextensions`
--

DROP TABLE IF EXISTS `nectarcrm_asteriskextensions`;
/*!40101 SET @saved_cs_client     = @@character_set_client */;
/*!40101 SET character_set_client = utf8 */;
CREATE TABLE `nectarcrm_asteriskextensions` (
  `userid` int(11) DEFAULT NULL,
  `asterisk_extension` varchar(50) DEFAULT NULL,
  `use_asterisk` varchar(3) DEFAULT NULL
) ENGINE=InnoDB DEFAULT CHARSET=utf8;
/*!40101 SET character_set_client = @saved_cs_client */;

--
-- Dumping data for table `nectarcrm_asteriskextensions`
--

LOCK TABLES `nectarcrm_asteriskextensions` WRITE;
/*!40000 ALTER TABLE `nectarcrm_asteriskextensions` DISABLE KEYS */;
INSERT INTO `nectarcrm_asteriskextensions` VALUES (1,NULL,NULL),(5,NULL,NULL),(6,NULL,NULL),(8,NULL,NULL),(9,NULL,NULL),(10,NULL,NULL),(11,NULL,NULL),(12,NULL,NULL),(13,NULL,NULL);
/*!40000 ALTER TABLE `nectarcrm_asteriskextensions` ENABLE KEYS */;
UNLOCK TABLES;

--
-- Table structure for table `nectarcrm_asteriskincomingcalls`
--

DROP TABLE IF EXISTS `nectarcrm_asteriskincomingcalls`;
/*!40101 SET @saved_cs_client     = @@character_set_client */;
/*!40101 SET character_set_client = utf8 */;
CREATE TABLE `nectarcrm_asteriskincomingcalls` (
  `from_number` varchar(50) DEFAULT NULL,
  `from_name` varchar(50) DEFAULT NULL,
  `to_number` varchar(50) DEFAULT NULL,
  `callertype` varchar(30) DEFAULT NULL,
  `flag` int(19) DEFAULT NULL,
  `timer` int(19) DEFAULT NULL,
  `refuid` varchar(255) DEFAULT NULL
) ENGINE=InnoDB DEFAULT CHARSET=utf8;
/*!40101 SET character_set_client = @saved_cs_client */;

--
-- Dumping data for table `nectarcrm_asteriskincomingcalls`
--

LOCK TABLES `nectarcrm_asteriskincomingcalls` WRITE;
/*!40000 ALTER TABLE `nectarcrm_asteriskincomingcalls` DISABLE KEYS */;
/*!40000 ALTER TABLE `nectarcrm_asteriskincomingcalls` ENABLE KEYS */;
UNLOCK TABLES;

--
-- Table structure for table `nectarcrm_asteriskincomingevents`
--

DROP TABLE IF EXISTS `nectarcrm_asteriskincomingevents`;
/*!40101 SET @saved_cs_client     = @@character_set_client */;
/*!40101 SET character_set_client = utf8 */;
CREATE TABLE `nectarcrm_asteriskincomingevents` (
  `uid` varchar(255) NOT NULL,
  `channel` varchar(100) DEFAULT NULL,
  `from_number` bigint(20) DEFAULT NULL,
  `from_name` varchar(100) DEFAULT NULL,
  `to_number` bigint(20) DEFAULT NULL,
  `callertype` varchar(100) DEFAULT NULL,
  `timer` int(20) DEFAULT NULL,
  `flag` varchar(3) DEFAULT NULL,
  `pbxrecordid` int(19) DEFAULT NULL,
  `relcrmid` int(19) DEFAULT NULL,
  PRIMARY KEY (`uid`)
) ENGINE=InnoDB DEFAULT CHARSET=utf8;
/*!40101 SET character_set_client = @saved_cs_client */;

--
-- Dumping data for table `nectarcrm_asteriskincomingevents`
--

LOCK TABLES `nectarcrm_asteriskincomingevents` WRITE;
/*!40000 ALTER TABLE `nectarcrm_asteriskincomingevents` DISABLE KEYS */;
/*!40000 ALTER TABLE `nectarcrm_asteriskincomingevents` ENABLE KEYS */;
UNLOCK TABLES;

--
-- Table structure for table `nectarcrm_attachments`
--

DROP TABLE IF EXISTS `nectarcrm_attachments`;
/*!40101 SET @saved_cs_client     = @@character_set_client */;
/*!40101 SET character_set_client = utf8 */;
CREATE TABLE `nectarcrm_attachments` (
  `attachmentsid` int(19) NOT NULL,
  `name` varchar(255) NOT NULL,
  `description` text,
  `type` varchar(100) DEFAULT NULL,
  `path` text,
  `subject` varchar(255) DEFAULT NULL,
  PRIMARY KEY (`attachmentsid`),
  KEY `attachments_attachmentsid_idx` (`attachmentsid`),
  CONSTRAINT `fk_1_nectarcrm_attachments` FOREIGN KEY (`attachmentsid`) REFERENCES `nectarcrm_crmentity` (`crmid`) ON DELETE CASCADE
) ENGINE=InnoDB DEFAULT CHARSET=utf8;
/*!40101 SET character_set_client = @saved_cs_client */;

--
-- Dumping data for table `nectarcrm_attachments`
--

LOCK TABLES `nectarcrm_attachments` WRITE;
/*!40000 ALTER TABLE `nectarcrm_attachments` DISABLE KEYS */;
INSERT INTO `nectarcrm_attachments` VALUES (23,'Business-pride.docx',NULL,'application/octet-stream','storage/2019/November/week2/',NULL),(25,'n.PNG',NULL,'image/png','storage/2019/November/week3/',NULL),(45,'n.PNG','<html>\r\n<head>\r\n	<title></title>\r\n</head>\r\n<body>\r\n<p>$invitee_name$,<br />\r\n<br />\r\nYou have been invited for an activity<br />\r\n<br />\r\nThe details are :<br />\r\n&nbsp; Subject : $events-subject$<br />\r\n&nbsp; Start Date & Time : $events-date_start$<br />\r\n&nbsp; End Date & Time : $events-due_date$<br />\r\n&nbsp; Status : $events-eventstatus$<br />\r\n&nbsp; Priority : $events-priority$<br />\r\n&nbsp; Related To : $events-crmid$<br />\r\n&nbsp; Contact List : $events-contactid$<br />\r\n&nbsp; Location : $events-location$<br />\r\n&nbsp; Description : $events-description$<br />\r\n<br />\r\nThanks & Regards,<br />\r\n$current_user_name$</p>\r\n\r\n<p></p>\r\n</body>\r\n</html>\r\n','image/png','storage/2019/November/week3/',NULL),(47,'n.PNG',NULL,'image/png','storage/2019/November/week3/',NULL),(61,'screenshot-crmuat.nectarinfotel.com-2019.11.15-14_48_39.png',NULL,'image/png','storage/2019/November/week3/',NULL),(66,'n.PNG','','image/png','storage/2019/November/week3/',NULL),(78,'Quotes_QUO2.pdf','<html>\r\n<head>\r\n	<title></title>\r\n</head>\r\n<body>Demo</body>\r\n</html>\r\n','application/pdf','storage/2019/November/week3/',NULL),(79,'Quotes_QUO2.pdf','<html>\r\n<head>\r\n	<title></title>\r\n</head>\r\n<body>Demo</body>\r\n</html>\r\n','pdf','storage/2019/November/week3/',NULL),(89,'n.PNG','','image/png','storage/2019/November/week3/',NULL),(106,'Doc.docx',NULL,'application/octet-stream','storage/2019/November/week3/',NULL);
/*!40000 ALTER TABLE `nectarcrm_attachments` ENABLE KEYS */;
UNLOCK TABLES;

--
-- Table structure for table `nectarcrm_attachmentsfolder`
--

DROP TABLE IF EXISTS `nectarcrm_attachmentsfolder`;
/*!40101 SET @saved_cs_client     = @@character_set_client */;
/*!40101 SET character_set_client = utf8 */;
CREATE TABLE `nectarcrm_attachmentsfolder` (
  `folderid` int(19) NOT NULL AUTO_INCREMENT,
  `foldername` varchar(200) NOT NULL,
  `description` varchar(250) DEFAULT NULL,
  `createdby` int(19) NOT NULL,
  `sequence` int(19) DEFAULT NULL,
  PRIMARY KEY (`folderid`)
) ENGINE=InnoDB AUTO_INCREMENT=2 DEFAULT CHARSET=utf8;
/*!40101 SET character_set_client = @saved_cs_client */;

--
-- Dumping data for table `nectarcrm_attachmentsfolder`
--

LOCK TABLES `nectarcrm_attachmentsfolder` WRITE;
/*!40000 ALTER TABLE `nectarcrm_attachmentsfolder` DISABLE KEYS */;
INSERT INTO `nectarcrm_attachmentsfolder` VALUES (1,'Default','This is a Default Folder',1,1);
/*!40000 ALTER TABLE `nectarcrm_attachmentsfolder` ENABLE KEYS */;
UNLOCK TABLES;

--
-- Table structure for table `nectarcrm_attachmentsfolder_seq`
--

DROP TABLE IF EXISTS `nectarcrm_attachmentsfolder_seq`;
/*!40101 SET @saved_cs_client     = @@character_set_client */;
/*!40101 SET character_set_client = utf8 */;
CREATE TABLE `nectarcrm_attachmentsfolder_seq` (
  `id` int(11) NOT NULL
) ENGINE=InnoDB DEFAULT CHARSET=utf8;
/*!40101 SET character_set_client = @saved_cs_client */;

--
-- Dumping data for table `nectarcrm_attachmentsfolder_seq`
--

LOCK TABLES `nectarcrm_attachmentsfolder_seq` WRITE;
/*!40000 ALTER TABLE `nectarcrm_attachmentsfolder_seq` DISABLE KEYS */;
INSERT INTO `nectarcrm_attachmentsfolder_seq` VALUES (1);
/*!40000 ALTER TABLE `nectarcrm_attachmentsfolder_seq` ENABLE KEYS */;
UNLOCK TABLES;

--
-- Table structure for table `nectarcrm_audit_trial`
--

DROP TABLE IF EXISTS `nectarcrm_audit_trial`;
/*!40101 SET @saved_cs_client     = @@character_set_client */;
/*!40101 SET character_set_client = utf8 */;
CREATE TABLE `nectarcrm_audit_trial` (
  `auditid` int(19) NOT NULL,
  `userid` int(19) DEFAULT NULL,
  `module` varchar(255) DEFAULT NULL,
  `action` varchar(255) DEFAULT NULL,
  `recordid` varchar(20) DEFAULT NULL,
  `actiondate` datetime DEFAULT NULL,
  PRIMARY KEY (`auditid`)
) ENGINE=InnoDB DEFAULT CHARSET=utf8;
/*!40101 SET character_set_client = @saved_cs_client */;

--
-- Dumping data for table `nectarcrm_audit_trial`
--

LOCK TABLES `nectarcrm_audit_trial` WRITE;
/*!40000 ALTER TABLE `nectarcrm_audit_trial` DISABLE KEYS */;
/*!40000 ALTER TABLE `nectarcrm_audit_trial` ENABLE KEYS */;
UNLOCK TABLES;

--
-- Table structure for table `nectarcrm_blocks`
--

DROP TABLE IF EXISTS `nectarcrm_blocks`;
/*!40101 SET @saved_cs_client     = @@character_set_client */;
/*!40101 SET character_set_client = utf8 */;
CREATE TABLE `nectarcrm_blocks` (
  `blockid` int(19) NOT NULL,
  `tabid` int(19) NOT NULL,
  `blocklabel` varchar(100) NOT NULL,
  `sequence` int(10) DEFAULT NULL,
  `show_title` int(2) DEFAULT NULL,
  `visible` int(2) NOT NULL DEFAULT '0',
  `create_view` int(2) NOT NULL DEFAULT '0',
  `edit_view` int(2) NOT NULL DEFAULT '0',
  `detail_view` int(2) NOT NULL DEFAULT '0',
  `display_status` int(1) NOT NULL DEFAULT '1',
  `iscustom` int(1) NOT NULL DEFAULT '0',
  PRIMARY KEY (`blockid`),
  KEY `block_tabid_idx` (`tabid`),
  CONSTRAINT `fk_1_nectarcrm_blocks` FOREIGN KEY (`tabid`) REFERENCES `nectarcrm_tab` (`tabid`) ON DELETE CASCADE
) ENGINE=InnoDB DEFAULT CHARSET=utf8;
/*!40101 SET character_set_client = @saved_cs_client */;

--
-- Dumping data for table `nectarcrm_blocks`
--

LOCK TABLES `nectarcrm_blocks` WRITE;
/*!40000 ALTER TABLE `nectarcrm_blocks` DISABLE KEYS */;
INSERT INTO `nectarcrm_blocks` VALUES (1,2,'LBL_OPPORTUNITY_INFORMATION',1,0,0,0,0,0,1,0),(2,2,'LBL_CUSTOM_INFORMATION',2,0,0,0,0,0,1,0),(3,2,'LBL_DESCRIPTION_INFORMATION',3,0,0,0,0,0,1,0),(4,4,'LBL_CONTACT_INFORMATION',1,0,0,0,0,0,1,0),(5,4,'LBL_CUSTOM_INFORMATION',2,0,0,0,0,0,1,0),(6,4,'LBL_CUSTOMER_PORTAL_INFORMATION',3,0,0,0,0,0,1,0),(7,4,'LBL_ADDRESS_INFORMATION',4,0,0,0,0,0,1,0),(8,4,'LBL_DESCRIPTION_INFORMATION',5,0,0,0,0,0,1,0),(9,6,'LBL_ACCOUNT_INFORMATION',1,0,0,0,0,0,1,0),(10,6,'LBL_CUSTOM_INFORMATION',2,0,0,0,0,0,1,0),(11,6,'LBL_ADDRESS_INFORMATION',3,0,0,0,0,0,1,0),(12,6,'LBL_DESCRIPTION_INFORMATION',4,0,0,0,0,0,1,0),(13,7,'LBL_LEAD_INFORMATION',1,0,0,0,0,0,1,0),(14,7,'LBL_CUSTOM_INFORMATION',2,0,0,0,0,0,1,0),(15,7,'LBL_ADDRESS_INFORMATION',3,0,0,0,0,0,1,0),(16,7,'LBL_DESCRIPTION_INFORMATION',4,0,0,0,0,0,1,0),(17,8,'LBL_NOTE_INFORMATION',1,0,0,0,0,0,1,0),(18,8,'LBL_FILE_INFORMATION',3,1,0,0,0,0,1,0),(19,9,'LBL_TASK_INFORMATION',1,0,0,0,0,0,1,0),(20,9,'LBL_DESCRIPTION_INFORMATION',3,1,0,0,0,0,1,0),(21,10,'LBL_EMAIL_INFORMATION',1,0,0,0,0,0,1,0),(22,10,'Emails_Block1',2,1,0,0,0,0,1,0),(23,10,'Emails_Block2',3,1,0,0,0,0,1,0),(24,10,'Emails_Block3',4,1,0,0,0,0,1,0),(25,13,'LBL_TICKET_INFORMATION',1,0,0,0,0,0,1,0),(26,13,'',2,1,0,0,0,0,1,0),(27,13,'LBL_CUSTOM_INFORMATION',3,0,0,0,0,0,1,0),(28,13,'LBL_DESCRIPTION_INFORMATION',4,0,0,0,0,0,1,0),(29,13,'LBL_TICKET_RESOLUTION',5,0,0,1,0,0,1,0),(30,13,'LBL_COMMENTS',6,0,0,1,0,0,1,0),(31,14,'LBL_PRODUCT_INFORMATION',1,0,0,0,0,0,1,0),(32,14,'LBL_PRICING_INFORMATION',2,0,0,0,0,0,1,0),(33,14,'LBL_STOCK_INFORMATION',3,0,0,0,0,0,1,0),(34,14,'LBL_CUSTOM_INFORMATION',4,0,0,0,0,0,1,0),(35,14,'LBL_IMAGE_INFORMATION',5,0,0,0,0,0,1,0),(36,14,'LBL_DESCRIPTION_INFORMATION',6,0,0,0,0,0,1,0),(37,15,'LBL_FAQ_INFORMATION',1,0,0,0,0,0,1,0),(38,15,'LBL_COMMENT_INFORMATION',4,0,0,1,0,0,1,0),(39,16,'LBL_EVENT_INFORMATION',1,0,0,0,0,0,1,0),(40,16,'LBL_REMINDER_INFORMATION',2,0,0,0,0,0,1,0),(41,16,'LBL_DESCRIPTION_INFORMATION',5,0,0,0,0,0,1,0),(42,18,'LBL_VENDOR_INFORMATION',1,0,0,0,0,0,1,0),(43,18,'LBL_CUSTOM_INFORMATION',2,0,0,0,0,0,1,0),(44,18,'LBL_VENDOR_ADDRESS_INFORMATION',3,0,0,0,0,0,1,0),(45,18,'LBL_DESCRIPTION_INFORMATION',4,0,0,0,0,0,1,0),(46,19,'LBL_PRICEBOOK_INFORMATION',1,0,0,0,0,0,1,0),(47,19,'LBL_CUSTOM_INFORMATION',2,0,0,0,0,0,1,0),(48,19,'LBL_DESCRIPTION_INFORMATION',3,0,0,0,0,0,1,0),(49,20,'LBL_QUOTE_INFORMATION',1,0,0,0,0,0,1,0),(50,20,'LBL_CUSTOM_INFORMATION',2,0,0,0,0,0,1,0),(51,20,'LBL_ADDRESS_INFORMATION',3,0,0,0,0,0,1,0),(52,20,'LBL_RELATED_PRODUCTS',4,0,0,0,0,0,1,0),(53,20,'LBL_TERMS_INFORMATION',5,0,0,0,0,0,1,0),(54,20,'LBL_DESCRIPTION_INFORMATION',6,0,0,0,0,0,1,0),(55,21,'LBL_PO_INFORMATION',1,0,0,0,0,0,1,0),(56,21,'LBL_CUSTOM_INFORMATION',2,0,0,0,0,0,1,0),(57,21,'LBL_ADDRESS_INFORMATION',3,0,0,0,0,0,1,0),(58,21,'LBL_RELATED_PRODUCTS',4,0,0,0,0,0,1,0),(59,21,'LBL_TERMS_INFORMATION',5,0,0,0,0,0,1,0),(60,21,'LBL_DESCRIPTION_INFORMATION',6,0,0,0,0,0,1,0),(61,22,'LBL_SO_INFORMATION',1,0,0,0,0,0,1,0),(62,22,'LBL_CUSTOM_INFORMATION',3,0,0,0,0,0,1,0),(63,22,'LBL_ADDRESS_INFORMATION',4,0,0,0,0,0,1,0),(64,22,'LBL_RELATED_PRODUCTS',5,0,0,0,0,0,1,0),(65,22,'LBL_TERMS_INFORMATION',6,0,0,0,0,0,1,0),(66,22,'LBL_DESCRIPTION_INFORMATION',7,0,0,0,0,0,1,0),(67,23,'LBL_INVOICE_INFORMATION',1,0,0,0,0,0,1,0),(68,23,'LBL_CUSTOM_INFORMATION',2,0,0,0,0,0,1,0),(69,23,'LBL_ADDRESS_INFORMATION',3,0,0,0,0,0,1,0),(70,23,'LBL_RELATED_PRODUCTS',4,0,0,0,0,0,1,0),(71,23,'LBL_TERMS_INFORMATION',5,0,0,0,0,0,1,0),(72,23,'LBL_DESCRIPTION_INFORMATION',6,0,0,0,0,0,1,0),(73,4,'LBL_IMAGE_INFORMATION',6,0,0,0,0,0,1,0),(74,26,'LBL_CAMPAIGN_INFORMATION',1,0,0,0,0,0,0,0),(75,26,'LBL_CUSTOM_INFORMATION',4,0,0,0,0,0,1,0),(76,26,'LBL_EXPECTATIONS_AND_ACTUALS',5,0,0,0,0,0,1,0),(77,29,'LBL_USERLOGIN_ROLE',1,0,0,0,0,0,1,0),(78,29,'LBL_CURRENCY_CONFIGURATION',3,0,0,0,0,0,1,0),(79,29,'LBL_MORE_INFORMATION',4,0,0,0,0,0,1,0),(80,29,'LBL_ADDRESS_INFORMATION',5,0,0,0,0,0,1,0),(81,26,'LBL_DESCRIPTION_INFORMATION',7,0,0,0,0,0,1,0),(82,29,'LBL_USER_IMAGE_INFORMATION',5,0,0,0,0,0,1,0),(83,29,'LBL_USER_ADV_OPTIONS',6,0,0,0,0,0,1,0),(84,8,'LBL_DESCRIPTION',2,0,0,0,0,0,1,0),(85,22,'Recurring Invoice Information',2,0,0,0,0,0,1,0),(86,9,'LBL_CUSTOM_INFORMATION',4,0,0,0,0,0,1,0),(87,16,'LBL_CUSTOM_INFORMATION',6,0,0,0,0,0,1,0),(88,30,'LBL_PBXMANAGER_INFORMATION',1,0,0,0,0,0,1,0),(89,32,'LBL_SERVICE_INFORMATION',1,0,0,0,0,0,1,0),(90,32,'LBL_PRICING_INFORMATION',2,0,0,0,0,0,1,0),(91,32,'LBL_CUSTOM_INFORMATION',3,0,0,0,0,0,1,0),(92,32,'LBL_DESCRIPTION_INFORMATION',4,0,0,0,0,0,1,0),(93,34,'LBL_SERVICE_CONTRACT_INFORMATION',1,0,0,0,0,0,1,0),(94,34,'LBL_CUSTOM_INFORMATION',2,0,0,0,0,0,1,0),(95,40,'LBL_ASSET_INFORMATION',1,0,0,0,0,0,1,0),(96,40,'LBL_CUSTOM_INFORMATION',2,0,0,0,0,0,1,0),(97,40,'LBL_DESCRIPTION_INFORMATION',3,0,0,0,0,0,0,0),(98,41,'LBL_MODCOMMENTS_INFORMATION',1,0,0,0,0,0,1,0),(99,41,'LBL_OTHER_INFORMATION',2,0,0,0,0,0,1,0),(100,41,'LBL_CUSTOM_INFORMATION',3,0,0,0,0,0,1,0),(101,44,'LBL_PROJECT_MILESTONE_INFORMATION',1,0,0,0,0,0,1,0),(102,44,'LBL_CUSTOM_INFORMATION',2,0,0,0,0,0,1,0),(103,44,'LBL_DESCRIPTION_INFORMATION',3,0,0,0,0,0,1,0),(104,45,'LBL_PROJECT_TASK_INFORMATION',1,0,0,0,0,0,1,0),(105,45,'LBL_CUSTOM_INFORMATION',2,0,0,0,0,0,1,0),(106,45,'LBL_DESCRIPTION_INFORMATION',3,0,0,0,0,0,1,0),(107,46,'LBL_PROJECT_INFORMATION',1,0,0,0,0,0,1,0),(108,46,'LBL_CUSTOM_INFORMATION',2,0,0,0,0,0,1,0),(109,46,'LBL_DESCRIPTION_INFORMATION',3,0,0,0,0,0,1,0),(110,47,'LBL_SMSNOTIFIER_INFORMATION',1,0,0,0,0,0,1,0),(111,47,'LBL_CUSTOM_INFORMATION',2,0,0,0,0,0,1,0),(112,47,'StatusInformation',3,0,0,0,0,0,1,0),(113,23,'LBL_ITEM_DETAILS',5,0,0,0,0,0,1,0),(114,22,'LBL_ITEM_DETAILS',5,0,0,0,0,0,1,0),(115,21,'LBL_ITEM_DETAILS',5,0,0,0,0,0,1,0),(116,20,'LBL_ITEM_DETAILS',5,0,0,0,0,0,1,0),(117,16,'LBL_RECURRENCE_INFORMATION',3,0,0,0,0,0,1,0),(118,29,'LBL_CALENDAR_SETTINGS',2,0,0,0,0,0,1,0),(119,16,'LBL_RELATED_TO',4,0,0,0,0,0,1,0),(120,9,'LBL_REMINDER_INFORMATION',2,0,0,0,0,0,1,0),(121,26,'N',3,0,0,0,0,0,1,1),(122,26,'NN',2,0,0,0,0,0,1,1),(123,26,'demo',6,0,0,0,0,0,1,1);
/*!40000 ALTER TABLE `nectarcrm_blocks` ENABLE KEYS */;
UNLOCK TABLES;

--
-- Table structure for table `nectarcrm_blocks_seq`
--

DROP TABLE IF EXISTS `nectarcrm_blocks_seq`;
/*!40101 SET @saved_cs_client     = @@character_set_client */;
/*!40101 SET character_set_client = utf8 */;
CREATE TABLE `nectarcrm_blocks_seq` (
  `id` int(11) NOT NULL
) ENGINE=InnoDB DEFAULT CHARSET=utf8;
/*!40101 SET character_set_client = @saved_cs_client */;

--
-- Dumping data for table `nectarcrm_blocks_seq`
--

LOCK TABLES `nectarcrm_blocks_seq` WRITE;
/*!40000 ALTER TABLE `nectarcrm_blocks_seq` DISABLE KEYS */;
INSERT INTO `nectarcrm_blocks_seq` VALUES (123);
/*!40000 ALTER TABLE `nectarcrm_blocks_seq` ENABLE KEYS */;
UNLOCK TABLES;

--
-- Table structure for table `nectarcrm_calendar_default_activitytypes`
--

DROP TABLE IF EXISTS `nectarcrm_calendar_default_activitytypes`;
/*!40101 SET @saved_cs_client     = @@character_set_client */;
/*!40101 SET character_set_client = utf8 */;
CREATE TABLE `nectarcrm_calendar_default_activitytypes` (
  `id` int(19) NOT NULL,
  `module` varchar(50) DEFAULT NULL,
  `fieldname` varchar(50) DEFAULT NULL,
  `defaultcolor` varchar(50) DEFAULT NULL,
  `isdefault` int(11) DEFAULT '1',
  `conditions` varchar(255) DEFAULT NULL,
  PRIMARY KEY (`id`)
) ENGINE=InnoDB DEFAULT CHARSET=utf8;
/*!40101 SET character_set_client = @saved_cs_client */;

--
-- Dumping data for table `nectarcrm_calendar_default_activitytypes`
--

LOCK TABLES `nectarcrm_calendar_default_activitytypes` WRITE;
/*!40000 ALTER TABLE `nectarcrm_calendar_default_activitytypes` DISABLE KEYS */;
INSERT INTO `nectarcrm_calendar_default_activitytypes` VALUES (1,'Events','[\"date_start\",\"due_date\"]','#17309A',1,NULL),(2,'Calendar','[\"date_start\",\"due_date\"]','#3A87AD',1,NULL),(3,'Potentials','[\"closingdate\"]','#AA6705',1,NULL),(4,'Contacts','[\"support_end_date\"]','#953B39',1,NULL),(5,'Contacts','[\"birthday\"]','#545252',1,NULL),(6,'Invoice','[\"duedate\"]','#87865D',1,NULL),(7,'Project','[\"startdate\",\"targetenddate\"]','#C71585',1,NULL),(8,'ProjectTask','[\"startdate\",\"enddate\"]','#006400',1,NULL);
/*!40000 ALTER TABLE `nectarcrm_calendar_default_activitytypes` ENABLE KEYS */;
UNLOCK TABLES;

--
-- Table structure for table `nectarcrm_calendar_default_activitytypes_seq`
--

DROP TABLE IF EXISTS `nectarcrm_calendar_default_activitytypes_seq`;
/*!40101 SET @saved_cs_client     = @@character_set_client */;
/*!40101 SET character_set_client = utf8 */;
CREATE TABLE `nectarcrm_calendar_default_activitytypes_seq` (
  `id` int(11) NOT NULL
) ENGINE=InnoDB DEFAULT CHARSET=utf8;
/*!40101 SET character_set_client = @saved_cs_client */;

--
-- Dumping data for table `nectarcrm_calendar_default_activitytypes_seq`
--

LOCK TABLES `nectarcrm_calendar_default_activitytypes_seq` WRITE;
/*!40000 ALTER TABLE `nectarcrm_calendar_default_activitytypes_seq` DISABLE KEYS */;
INSERT INTO `nectarcrm_calendar_default_activitytypes_seq` VALUES (8);
/*!40000 ALTER TABLE `nectarcrm_calendar_default_activitytypes_seq` ENABLE KEYS */;
UNLOCK TABLES;

--
-- Table structure for table `nectarcrm_calendar_user_activitytypes`
--

DROP TABLE IF EXISTS `nectarcrm_calendar_user_activitytypes`;
/*!40101 SET @saved_cs_client     = @@character_set_client */;
/*!40101 SET character_set_client = utf8 */;
CREATE TABLE `nectarcrm_calendar_user_activitytypes` (
  `id` int(19) NOT NULL,
  `defaultid` int(19) DEFAULT NULL,
  `userid` int(19) DEFAULT NULL,
  `color` varchar(50) DEFAULT NULL,
  `visible` int(19) DEFAULT '1',
  PRIMARY KEY (`id`)
) ENGINE=InnoDB DEFAULT CHARSET=utf8;
/*!40101 SET character_set_client = @saved_cs_client */;

--
-- Dumping data for table `nectarcrm_calendar_user_activitytypes`
--

LOCK TABLES `nectarcrm_calendar_user_activitytypes` WRITE;
/*!40000 ALTER TABLE `nectarcrm_calendar_user_activitytypes` DISABLE KEYS */;
INSERT INTO `nectarcrm_calendar_user_activitytypes` VALUES (1,1,1,'#17309A',1),(2,2,1,'#3A87AD',1),(3,3,1,'#AA6705',1),(4,4,1,'#953B39',1),(5,5,1,'#545252',1),(6,6,1,'#87865D',1),(7,7,1,'#C71585',1),(8,8,1,'#006400',1),(9,1,5,'#17309A',1),(10,2,5,'#3A87AD',1),(11,3,5,'#AA6705',1),(12,4,5,'#953B39',1),(13,5,5,'#545252',1),(14,6,5,'#87865D',1),(15,7,5,'#C71585',1),(16,8,5,'#006400',1),(17,1,6,'#17309A',1),(18,2,6,'#3A87AD',1),(19,3,6,'#AA6705',1),(20,4,6,'#953B39',1),(21,5,6,'#545252',1),(22,6,6,'#87865D',1),(23,7,6,'#C71585',1),(24,8,6,'#006400',1),(25,1,8,'#17309A',1),(26,2,8,'#3A87AD',1),(27,3,8,'#AA6705',1),(28,4,8,'#953B39',1),(29,5,8,'#545252',1),(30,6,8,'#87865D',1),(31,7,8,'#C71585',1),(32,8,8,'#006400',1),(33,1,9,'#17309A',1),(34,2,9,'#3A87AD',1),(35,3,9,'#AA6705',1),(36,4,9,'#953B39',1),(37,5,9,'#545252',1),(38,6,9,'#87865D',1),(39,7,9,'#C71585',1),(40,8,9,'#006400',1),(41,1,10,'#17309A',1),(42,2,10,'#3A87AD',1),(43,3,10,'#AA6705',1),(44,4,10,'#953B39',1),(45,5,10,'#545252',1),(46,6,10,'#87865D',1),(47,7,10,'#C71585',1),(48,8,10,'#006400',1),(49,1,11,'#17309A',1),(50,2,11,'#3A87AD',1),(51,3,11,'#AA6705',1),(52,4,11,'#953B39',1),(53,5,11,'#545252',1),(54,6,11,'#87865D',1),(55,7,11,'#C71585',1),(56,8,11,'#006400',1),(57,1,12,'#17309A',1),(58,2,12,'#3A87AD',1),(59,3,12,'#AA6705',1),(60,4,12,'#953B39',1),(61,5,12,'#545252',1),(62,6,12,'#87865D',1),(63,7,12,'#C71585',1),(64,8,12,'#006400',1),(65,1,13,'#17309A',1),(66,2,13,'#3A87AD',1),(67,3,13,'#AA6705',1),(68,4,13,'#953B39',1),(69,5,13,'#545252',1),(70,6,13,'#87865D',1),(71,7,13,'#C71585',1),(72,8,13,'#006400',1);
/*!40000 ALTER TABLE `nectarcrm_calendar_user_activitytypes` ENABLE KEYS */;
UNLOCK TABLES;

--
-- Table structure for table `nectarcrm_calendar_user_activitytypes_seq`
--

DROP TABLE IF EXISTS `nectarcrm_calendar_user_activitytypes_seq`;
/*!40101 SET @saved_cs_client     = @@character_set_client */;
/*!40101 SET character_set_client = utf8 */;
CREATE TABLE `nectarcrm_calendar_user_activitytypes_seq` (
  `id` int(11) NOT NULL
) ENGINE=InnoDB DEFAULT CHARSET=utf8;
/*!40101 SET character_set_client = @saved_cs_client */;

--
-- Dumping data for table `nectarcrm_calendar_user_activitytypes_seq`
--

LOCK TABLES `nectarcrm_calendar_user_activitytypes_seq` WRITE;
/*!40000 ALTER TABLE `nectarcrm_calendar_user_activitytypes_seq` DISABLE KEYS */;
INSERT INTO `nectarcrm_calendar_user_activitytypes_seq` VALUES (72);
/*!40000 ALTER TABLE `nectarcrm_calendar_user_activitytypes_seq` ENABLE KEYS */;
UNLOCK TABLES;

--
-- Table structure for table `nectarcrm_calendarsharedtype`
--

DROP TABLE IF EXISTS `nectarcrm_calendarsharedtype`;
/*!40101 SET @saved_cs_client     = @@character_set_client */;
/*!40101 SET character_set_client = utf8 */;
CREATE TABLE `nectarcrm_calendarsharedtype` (
  `calendarsharedtypeid` int(11) NOT NULL AUTO_INCREMENT,
  `calendarsharedtype` varchar(200) NOT NULL,
  `sortorderid` int(11) DEFAULT NULL,
  `presence` int(11) NOT NULL DEFAULT '1',
  PRIMARY KEY (`calendarsharedtypeid`)
) ENGINE=InnoDB AUTO_INCREMENT=4 DEFAULT CHARSET=utf8;
/*!40101 SET character_set_client = @saved_cs_client */;

--
-- Dumping data for table `nectarcrm_calendarsharedtype`
--

LOCK TABLES `nectarcrm_calendarsharedtype` WRITE;
/*!40000 ALTER TABLE `nectarcrm_calendarsharedtype` DISABLE KEYS */;
INSERT INTO `nectarcrm_calendarsharedtype` VALUES (1,'public',0,1),(2,'private',1,1),(3,'seletedusers',2,1);
/*!40000 ALTER TABLE `nectarcrm_calendarsharedtype` ENABLE KEYS */;
UNLOCK TABLES;

--
-- Table structure for table `nectarcrm_calendarsharedtype_seq`
--

DROP TABLE IF EXISTS `nectarcrm_calendarsharedtype_seq`;
/*!40101 SET @saved_cs_client     = @@character_set_client */;
/*!40101 SET character_set_client = utf8 */;
CREATE TABLE `nectarcrm_calendarsharedtype_seq` (
  `id` int(11) NOT NULL
) ENGINE=InnoDB DEFAULT CHARSET=utf8;
/*!40101 SET character_set_client = @saved_cs_client */;

--
-- Dumping data for table `nectarcrm_calendarsharedtype_seq`
--

LOCK TABLES `nectarcrm_calendarsharedtype_seq` WRITE;
/*!40000 ALTER TABLE `nectarcrm_calendarsharedtype_seq` DISABLE KEYS */;
INSERT INTO `nectarcrm_calendarsharedtype_seq` VALUES (3);
/*!40000 ALTER TABLE `nectarcrm_calendarsharedtype_seq` ENABLE KEYS */;
UNLOCK TABLES;

--
-- Table structure for table `nectarcrm_callduration`
--

DROP TABLE IF EXISTS `nectarcrm_callduration`;
/*!40101 SET @saved_cs_client     = @@character_set_client */;
/*!40101 SET character_set_client = utf8 */;
CREATE TABLE `nectarcrm_callduration` (
  `calldurationid` int(11) NOT NULL AUTO_INCREMENT,
  `callduration` varchar(200) NOT NULL,
  `sortorderid` int(11) DEFAULT NULL,
  `presence` int(11) NOT NULL DEFAULT '1',
  PRIMARY KEY (`calldurationid`)
) ENGINE=InnoDB AUTO_INCREMENT=6 DEFAULT CHARSET=utf8;
/*!40101 SET character_set_client = @saved_cs_client */;

--
-- Dumping data for table `nectarcrm_callduration`
--

LOCK TABLES `nectarcrm_callduration` WRITE;
/*!40000 ALTER TABLE `nectarcrm_callduration` DISABLE KEYS */;
INSERT INTO `nectarcrm_callduration` VALUES (1,'5',0,1),(2,'10',1,1),(3,'30',2,1),(4,'60',3,1),(5,'120',4,1);
/*!40000 ALTER TABLE `nectarcrm_callduration` ENABLE KEYS */;
UNLOCK TABLES;

--
-- Table structure for table `nectarcrm_callduration_seq`
--

DROP TABLE IF EXISTS `nectarcrm_callduration_seq`;
/*!40101 SET @saved_cs_client     = @@character_set_client */;
/*!40101 SET character_set_client = utf8 */;
CREATE TABLE `nectarcrm_callduration_seq` (
  `id` int(11) NOT NULL
) ENGINE=InnoDB DEFAULT CHARSET=utf8;
/*!40101 SET character_set_client = @saved_cs_client */;

--
-- Dumping data for table `nectarcrm_callduration_seq`
--

LOCK TABLES `nectarcrm_callduration_seq` WRITE;
/*!40000 ALTER TABLE `nectarcrm_callduration_seq` DISABLE KEYS */;
INSERT INTO `nectarcrm_callduration_seq` VALUES (5);
/*!40000 ALTER TABLE `nectarcrm_callduration_seq` ENABLE KEYS */;
UNLOCK TABLES;

--
-- Table structure for table `nectarcrm_campaign`
--

DROP TABLE IF EXISTS `nectarcrm_campaign`;
/*!40101 SET @saved_cs_client     = @@character_set_client */;
/*!40101 SET character_set_client = utf8 */;
CREATE TABLE `nectarcrm_campaign` (
  `campaign_no` varchar(100) NOT NULL,
  `campaignname` varchar(255) DEFAULT NULL,
  `campaigntype` varchar(200) DEFAULT NULL,
  `campaignstatus` varchar(200) DEFAULT NULL,
  `expectedrevenue` decimal(25,8) DEFAULT NULL,
  `budgetcost` decimal(25,8) DEFAULT NULL,
  `actualcost` decimal(25,8) DEFAULT NULL,
  `expectedresponse` varchar(200) DEFAULT NULL,
  `numsent` decimal(11,0) DEFAULT NULL,
  `product_id` int(19) DEFAULT NULL,
  `sponsor` varchar(255) DEFAULT NULL,
  `targetaudience` varchar(255) DEFAULT NULL,
  `targetsize` int(19) DEFAULT NULL,
  `expectedresponsecount` int(19) DEFAULT NULL,
  `expectedsalescount` int(19) DEFAULT NULL,
  `expectedroi` decimal(25,8) DEFAULT NULL,
  `actualresponsecount` int(19) DEFAULT NULL,
  `actualsalescount` int(19) DEFAULT NULL,
  `actualroi` decimal(25,8) DEFAULT NULL,
  `campaignid` int(19) NOT NULL,
  `closingdate` date DEFAULT NULL,
  `tags` varchar(1) DEFAULT NULL,
  PRIMARY KEY (`campaignid`),
  KEY `campaign_campaignstatus_idx` (`campaignstatus`),
  KEY `campaign_campaignname_idx` (`campaignname`),
  KEY `campaign_campaignid_idx` (`campaignid`),
  CONSTRAINT `fk_crmid_nectarcrm_campaign` FOREIGN KEY (`campaignid`) REFERENCES `nectarcrm_crmentity` (`crmid`) ON DELETE CASCADE
) ENGINE=InnoDB DEFAULT CHARSET=utf8;
/*!40101 SET character_set_client = @saved_cs_client */;

--
-- Dumping data for table `nectarcrm_campaign`
--

LOCK TABLES `nectarcrm_campaign` WRITE;
/*!40000 ALTER TABLE `nectarcrm_campaign` DISABLE KEYS */;
INSERT INTO `nectarcrm_campaign` VALUES ('CAM1','Rashmi','Webinar','',0.00000000,0.00000000,0.00000000,'',0,0,'','',0,0,0,0.00000000,0,0,0.00000000,16,'2018-08-30',''),('CAM2','Demon','Conference','Planning',909999.00000000,909099.00000000,9999999.00000000,'Excellent',9,21,'900','9000',90,90,9,9000.00000000,90,9,9000.00000000,26,'2019-11-15',''),('CAM3','Demo','Conference','Active',909999.00000000,909099.00000000,9999999.00000000,'Excellent',9,21,'900','9000',90,90,9,900.00000000,900,9,900.00000000,27,'2019-11-15',''),('CAM4','Contacts::::Rajat Sharma','','CRM',2019.00000000,0.00000000,0.00000000,'',0,0,'demo','sales',2019,0,0,0.00000000,0,0,0.00000000,29,NULL,'2'),('CAM5','N','','CRM',2019.00000000,0.00000000,0.00000000,'',0,0,'demo','admin',2019,90,0,900.00000000,900,9,0.00000000,30,NULL,'2'),('CAM6','Contacts::::Frozen James','','CRM',2019.00000000,45000.00000000,0.00000000,'',0,0,'Best','admin',2019,0,0,0.00000000,50000,0,0.00000000,32,'2019-11-21','2'),('CAM7','Contacts::::Rekha Lokhande','','CRM',2019.00000000,0.00000000,0.00000000,'',0,0,'Nectardemo','admin',2019,0,0,0.00000000,70000,0,1.00000000,34,NULL,'2'),('CAM8','Contacts::::John Shetty','','CRM',2019.00000000,0.00000000,0.00000000,'',0,0,'nectar','sales',2019,0,0,0.00000000,0,0,0.00000000,35,NULL,'2'),('CAM9','Contacts::::Alexa alexa','Employee','CRM',2019.00000000,33500.00000000,0.00000000,'',0,0,'Movicel','admin',2019,0,0,0.00000000,50000,0,0.00000000,37,'2019-11-21','2'),('CAM10','Contacts::::Alexa alexa','Existing Customer','CRM',2019.00000000,2500.00000000,0.00000000,'',0,0,'Traccar_Movicel','sales',2019,0,0,0.00000000,25000,0,0.00000000,38,'2019-11-21','2'),('CAM11','Demo','','',0.00000000,0.00000000,0.00000000,'',0,0,'','',0,0,0,0.00000000,0,0,0.00000000,63,'2019-11-30','');
/*!40000 ALTER TABLE `nectarcrm_campaign` ENABLE KEYS */;
UNLOCK TABLES;

--
-- Table structure for table `nectarcrm_campaignaccountrel`
--

DROP TABLE IF EXISTS `nectarcrm_campaignaccountrel`;
/*!40101 SET @saved_cs_client     = @@character_set_client */;
/*!40101 SET character_set_client = utf8 */;
CREATE TABLE `nectarcrm_campaignaccountrel` (
  `campaignid` int(19) DEFAULT NULL,
  `accountid` int(19) DEFAULT NULL,
  `campaignrelstatusid` int(19) DEFAULT NULL
) ENGINE=InnoDB DEFAULT CHARSET=utf8;
/*!40101 SET character_set_client = @saved_cs_client */;

--
-- Dumping data for table `nectarcrm_campaignaccountrel`
--

LOCK TABLES `nectarcrm_campaignaccountrel` WRITE;
/*!40000 ALTER TABLE `nectarcrm_campaignaccountrel` DISABLE KEYS */;
/*!40000 ALTER TABLE `nectarcrm_campaignaccountrel` ENABLE KEYS */;
UNLOCK TABLES;

--
-- Table structure for table `nectarcrm_campaigncontrel`
--

DROP TABLE IF EXISTS `nectarcrm_campaigncontrel`;
/*!40101 SET @saved_cs_client     = @@character_set_client */;
/*!40101 SET character_set_client = utf8 */;
CREATE TABLE `nectarcrm_campaigncontrel` (
  `campaignid` int(19) NOT NULL DEFAULT '0',
  `contactid` int(19) NOT NULL DEFAULT '0',
  `campaignrelstatusid` int(19) NOT NULL DEFAULT '0',
  PRIMARY KEY (`campaignid`,`contactid`,`campaignrelstatusid`),
  KEY `campaigncontrel_contractid_idx` (`contactid`),
  CONSTRAINT `fk_2_nectarcrm_campaigncontrel` FOREIGN KEY (`contactid`) REFERENCES `nectarcrm_contactdetails` (`contactid`) ON DELETE CASCADE
) ENGINE=InnoDB DEFAULT CHARSET=utf8;
/*!40101 SET character_set_client = @saved_cs_client */;

--
-- Dumping data for table `nectarcrm_campaigncontrel`
--

LOCK TABLES `nectarcrm_campaigncontrel` WRITE;
/*!40000 ALTER TABLE `nectarcrm_campaigncontrel` DISABLE KEYS */;
INSERT INTO `nectarcrm_campaigncontrel` VALUES (16,8,1),(16,15,1);
/*!40000 ALTER TABLE `nectarcrm_campaigncontrel` ENABLE KEYS */;
UNLOCK TABLES;

--
-- Table structure for table `nectarcrm_campaignleadrel`
--

DROP TABLE IF EXISTS `nectarcrm_campaignleadrel`;
/*!40101 SET @saved_cs_client     = @@character_set_client */;
/*!40101 SET character_set_client = utf8 */;
CREATE TABLE `nectarcrm_campaignleadrel` (
  `campaignid` int(19) NOT NULL DEFAULT '0',
  `leadid` int(19) NOT NULL DEFAULT '0',
  `campaignrelstatusid` int(19) NOT NULL DEFAULT '0',
  PRIMARY KEY (`campaignid`,`leadid`,`campaignrelstatusid`),
  KEY `campaignleadrel_leadid_campaignid_idx` (`leadid`,`campaignid`),
  CONSTRAINT `fk_2_nectarcrm_campaignleadrel` FOREIGN KEY (`leadid`) REFERENCES `nectarcrm_leaddetails` (`leadid`) ON DELETE CASCADE
) ENGINE=InnoDB DEFAULT CHARSET=utf8;
/*!40101 SET character_set_client = @saved_cs_client */;

--
-- Dumping data for table `nectarcrm_campaignleadrel`
--

LOCK TABLES `nectarcrm_campaignleadrel` WRITE;
/*!40000 ALTER TABLE `nectarcrm_campaignleadrel` DISABLE KEYS */;
/*!40000 ALTER TABLE `nectarcrm_campaignleadrel` ENABLE KEYS */;
UNLOCK TABLES;

--
-- Table structure for table `nectarcrm_campaignrelstatus`
--

DROP TABLE IF EXISTS `nectarcrm_campaignrelstatus`;
/*!40101 SET @saved_cs_client     = @@character_set_client */;
/*!40101 SET character_set_client = utf8 */;
CREATE TABLE `nectarcrm_campaignrelstatus` (
  `campaignrelstatusid` int(19) DEFAULT NULL,
  `campaignrelstatus` varchar(256) DEFAULT NULL,
  `sortorderid` int(19) DEFAULT NULL,
  `presence` int(19) DEFAULT NULL,
  `color` varchar(10) DEFAULT NULL
) ENGINE=InnoDB DEFAULT CHARSET=utf8;
/*!40101 SET character_set_client = @saved_cs_client */;

--
-- Dumping data for table `nectarcrm_campaignrelstatus`
--

LOCK TABLES `nectarcrm_campaignrelstatus` WRITE;
/*!40000 ALTER TABLE `nectarcrm_campaignrelstatus` DISABLE KEYS */;
INSERT INTO `nectarcrm_campaignrelstatus` VALUES (2,'Contacted - Successful',1,1,NULL),(3,'Contacted - Unsuccessful',2,1,NULL),(4,'Contacted - Never Contact Again',3,1,NULL);
/*!40000 ALTER TABLE `nectarcrm_campaignrelstatus` ENABLE KEYS */;
UNLOCK TABLES;

--
-- Table structure for table `nectarcrm_campaignrelstatus_seq`
--

DROP TABLE IF EXISTS `nectarcrm_campaignrelstatus_seq`;
/*!40101 SET @saved_cs_client     = @@character_set_client */;
/*!40101 SET character_set_client = utf8 */;
CREATE TABLE `nectarcrm_campaignrelstatus_seq` (
  `id` int(11) NOT NULL
) ENGINE=InnoDB DEFAULT CHARSET=utf8;
/*!40101 SET character_set_client = @saved_cs_client */;

--
-- Dumping data for table `nectarcrm_campaignrelstatus_seq`
--

LOCK TABLES `nectarcrm_campaignrelstatus_seq` WRITE;
/*!40000 ALTER TABLE `nectarcrm_campaignrelstatus_seq` DISABLE KEYS */;
INSERT INTO `nectarcrm_campaignrelstatus_seq` VALUES (4);
/*!40000 ALTER TABLE `nectarcrm_campaignrelstatus_seq` ENABLE KEYS */;
UNLOCK TABLES;

--
-- Table structure for table `nectarcrm_campaignscf`
--

DROP TABLE IF EXISTS `nectarcrm_campaignscf`;
/*!40101 SET @saved_cs_client     = @@character_set_client */;
/*!40101 SET character_set_client = utf8 */;
CREATE TABLE `nectarcrm_campaignscf` (
  `campaignid` int(19) NOT NULL DEFAULT '0',
  `cf_852` varchar(9) DEFAULT '',
  PRIMARY KEY (`campaignid`),
  CONSTRAINT `fk_1_nectarcrm_campaignscf` FOREIGN KEY (`campaignid`) REFERENCES `nectarcrm_campaign` (`campaignid`) ON DELETE CASCADE
) ENGINE=InnoDB DEFAULT CHARSET=utf8;
/*!40101 SET character_set_client = @saved_cs_client */;

--
-- Dumping data for table `nectarcrm_campaignscf`
--

LOCK TABLES `nectarcrm_campaignscf` WRITE;
/*!40000 ALTER TABLE `nectarcrm_campaignscf` DISABLE KEYS */;
INSERT INTO `nectarcrm_campaignscf` VALUES (16,''),(26,''),(27,''),(29,''),(30,''),(32,''),(34,''),(35,''),(37,''),(38,''),(63,'n');
/*!40000 ALTER TABLE `nectarcrm_campaignscf` ENABLE KEYS */;
UNLOCK TABLES;

--
-- Table structure for table `nectarcrm_campaignstatus`
--

DROP TABLE IF EXISTS `nectarcrm_campaignstatus`;
/*!40101 SET @saved_cs_client     = @@character_set_client */;
/*!40101 SET character_set_client = utf8 */;
CREATE TABLE `nectarcrm_campaignstatus` (
  `campaignstatusid` int(19) NOT NULL AUTO_INCREMENT,
  `campaignstatus` varchar(200) NOT NULL,
  `presence` int(1) NOT NULL DEFAULT '1',
  `picklist_valueid` int(19) NOT NULL DEFAULT '0',
  `sortorderid` int(11) DEFAULT NULL,
  `color` varchar(10) DEFAULT NULL,
  PRIMARY KEY (`campaignstatusid`),
  KEY `campaignstatus_campaignstatus_idx` (`campaignstatus`)
) ENGINE=InnoDB AUTO_INCREMENT=8 DEFAULT CHARSET=utf8;
/*!40101 SET character_set_client = @saved_cs_client */;

--
-- Dumping data for table `nectarcrm_campaignstatus`
--

LOCK TABLES `nectarcrm_campaignstatus` WRITE;
/*!40000 ALTER TABLE `nectarcrm_campaignstatus` DISABLE KEYS */;
INSERT INTO `nectarcrm_campaignstatus` VALUES (2,'Planning',1,15,1,'#bf19bf'),(3,'Active',1,16,2,'#1de03a'),(4,'Inactive',1,17,3,'#f01616'),(5,'Completed',1,18,4,'#d8e615'),(6,'Cancelled',1,19,5,'#611212'),(7,'CRM',1,303,1,'#2f0ac4');
/*!40000 ALTER TABLE `nectarcrm_campaignstatus` ENABLE KEYS */;
UNLOCK TABLES;

--
-- Table structure for table `nectarcrm_campaignstatus_seq`
--

DROP TABLE IF EXISTS `nectarcrm_campaignstatus_seq`;
/*!40101 SET @saved_cs_client     = @@character_set_client */;
/*!40101 SET character_set_client = utf8 */;
CREATE TABLE `nectarcrm_campaignstatus_seq` (
  `id` int(11) NOT NULL
) ENGINE=InnoDB DEFAULT CHARSET=utf8;
/*!40101 SET character_set_client = @saved_cs_client */;

--
-- Dumping data for table `nectarcrm_campaignstatus_seq`
--

LOCK TABLES `nectarcrm_campaignstatus_seq` WRITE;
/*!40000 ALTER TABLE `nectarcrm_campaignstatus_seq` DISABLE KEYS */;
INSERT INTO `nectarcrm_campaignstatus_seq` VALUES (7);
/*!40000 ALTER TABLE `nectarcrm_campaignstatus_seq` ENABLE KEYS */;
UNLOCK TABLES;

--
-- Table structure for table `nectarcrm_campaigntype`
--

DROP TABLE IF EXISTS `nectarcrm_campaigntype`;
/*!40101 SET @saved_cs_client     = @@character_set_client */;
/*!40101 SET character_set_client = utf8 */;
CREATE TABLE `nectarcrm_campaigntype` (
  `campaigntypeid` int(19) NOT NULL AUTO_INCREMENT,
  `campaigntype` varchar(200) NOT NULL,
  `presence` int(1) NOT NULL DEFAULT '1',
  `picklist_valueid` int(19) NOT NULL DEFAULT '0',
  `sortorderid` int(11) DEFAULT NULL,
  `color` varchar(10) DEFAULT NULL,
  PRIMARY KEY (`campaigntypeid`),
  UNIQUE KEY `campaigntype_campaigntype_idx` (`campaigntype`)
) ENGINE=InnoDB AUTO_INCREMENT=16 DEFAULT CHARSET=utf8;
/*!40101 SET character_set_client = @saved_cs_client */;

--
-- Dumping data for table `nectarcrm_campaigntype`
--

LOCK TABLES `nectarcrm_campaigntype` WRITE;
/*!40000 ALTER TABLE `nectarcrm_campaigntype` DISABLE KEYS */;
INSERT INTO `nectarcrm_campaigntype` VALUES (2,'Conference',1,21,1,NULL),(3,'Webinar',1,22,2,NULL),(4,'Trade Show',1,23,3,NULL),(5,'Public Relations',1,24,4,NULL),(6,'Partners',1,25,5,NULL),(7,'Referral Program',1,26,6,NULL),(8,'Advertisement',1,27,7,NULL),(9,'Banner Ads',1,28,8,NULL),(10,'Direct Mail',1,29,9,NULL),(11,'Email',1,30,10,NULL),(12,'Telemarketing',1,31,11,NULL),(13,'Others',1,32,12,NULL),(14,'Employee',1,304,1,NULL),(15,'Existing Customer',1,305,1,NULL);
/*!40000 ALTER TABLE `nectarcrm_campaigntype` ENABLE KEYS */;
UNLOCK TABLES;

--
-- Table structure for table `nectarcrm_campaigntype_seq`
--

DROP TABLE IF EXISTS `nectarcrm_campaigntype_seq`;
/*!40101 SET @saved_cs_client     = @@character_set_client */;
/*!40101 SET character_set_client = utf8 */;
CREATE TABLE `nectarcrm_campaigntype_seq` (
  `id` int(11) NOT NULL
) ENGINE=InnoDB DEFAULT CHARSET=utf8;
/*!40101 SET character_set_client = @saved_cs_client */;

--
-- Dumping data for table `nectarcrm_campaigntype_seq`
--

LOCK TABLES `nectarcrm_campaigntype_seq` WRITE;
/*!40000 ALTER TABLE `nectarcrm_campaigntype_seq` DISABLE KEYS */;
INSERT INTO `nectarcrm_campaigntype_seq` VALUES (15);
/*!40000 ALTER TABLE `nectarcrm_campaigntype_seq` ENABLE KEYS */;
UNLOCK TABLES;

--
-- Table structure for table `nectarcrm_carrier`
--

DROP TABLE IF EXISTS `nectarcrm_carrier`;
/*!40101 SET @saved_cs_client     = @@character_set_client */;
/*!40101 SET character_set_client = utf8 */;
CREATE TABLE `nectarcrm_carrier` (
  `carrierid` int(19) NOT NULL AUTO_INCREMENT,
  `carrier` varchar(200) NOT NULL,
  `presence` int(1) NOT NULL DEFAULT '1',
  `picklist_valueid` int(19) NOT NULL DEFAULT '0',
  `sortorderid` int(11) DEFAULT NULL,
  `color` varchar(10) DEFAULT NULL,
  PRIMARY KEY (`carrierid`),
  UNIQUE KEY `carrier_carrier_idx` (`carrier`)
) ENGINE=InnoDB AUTO_INCREMENT=6 DEFAULT CHARSET=utf8;
/*!40101 SET character_set_client = @saved_cs_client */;

--
-- Dumping data for table `nectarcrm_carrier`
--

LOCK TABLES `nectarcrm_carrier` WRITE;
/*!40000 ALTER TABLE `nectarcrm_carrier` DISABLE KEYS */;
INSERT INTO `nectarcrm_carrier` VALUES (1,'FedEx',1,33,0,NULL),(2,'UPS',1,34,1,NULL),(3,'USPS',1,35,2,NULL),(4,'DHL',1,36,3,NULL),(5,'BlueDart',1,37,4,NULL);
/*!40000 ALTER TABLE `nectarcrm_carrier` ENABLE KEYS */;
UNLOCK TABLES;

--
-- Table structure for table `nectarcrm_carrier_seq`
--

DROP TABLE IF EXISTS `nectarcrm_carrier_seq`;
/*!40101 SET @saved_cs_client     = @@character_set_client */;
/*!40101 SET character_set_client = utf8 */;
CREATE TABLE `nectarcrm_carrier_seq` (
  `id` int(11) NOT NULL
) ENGINE=InnoDB DEFAULT CHARSET=utf8;
/*!40101 SET character_set_client = @saved_cs_client */;

--
-- Dumping data for table `nectarcrm_carrier_seq`
--

LOCK TABLES `nectarcrm_carrier_seq` WRITE;
/*!40000 ALTER TABLE `nectarcrm_carrier_seq` DISABLE KEYS */;
INSERT INTO `nectarcrm_carrier_seq` VALUES (5);
/*!40000 ALTER TABLE `nectarcrm_carrier_seq` ENABLE KEYS */;
UNLOCK TABLES;

--
-- Table structure for table `nectarcrm_cntactivityrel`
--

DROP TABLE IF EXISTS `nectarcrm_cntactivityrel`;
/*!40101 SET @saved_cs_client     = @@character_set_client */;
/*!40101 SET character_set_client = utf8 */;
CREATE TABLE `nectarcrm_cntactivityrel` (
  `contactid` int(19) NOT NULL DEFAULT '0',
  `activityid` int(19) NOT NULL DEFAULT '0',
  PRIMARY KEY (`contactid`,`activityid`),
  KEY `cntactivityrel_contactid_idx` (`contactid`),
  KEY `cntactivityrel_activityid_idx` (`activityid`),
  CONSTRAINT `fk_2_nectarcrm_cntactivityrel` FOREIGN KEY (`contactid`) REFERENCES `nectarcrm_contactdetails` (`contactid`) ON DELETE CASCADE
) ENGINE=InnoDB DEFAULT CHARSET=utf8;
/*!40101 SET character_set_client = @saved_cs_client */;

--
-- Dumping data for table `nectarcrm_cntactivityrel`
--

LOCK TABLES `nectarcrm_cntactivityrel` WRITE;
/*!40000 ALTER TABLE `nectarcrm_cntactivityrel` DISABLE KEYS */;
INSERT INTO `nectarcrm_cntactivityrel` VALUES (8,4),(8,5);
/*!40000 ALTER TABLE `nectarcrm_cntactivityrel` ENABLE KEYS */;
UNLOCK TABLES;

--
-- Table structure for table `nectarcrm_contactaddress`
--

DROP TABLE IF EXISTS `nectarcrm_contactaddress`;
/*!40101 SET @saved_cs_client     = @@character_set_client */;
/*!40101 SET character_set_client = utf8 */;
CREATE TABLE `nectarcrm_contactaddress` (
  `contactaddressid` int(19) NOT NULL DEFAULT '0',
  `mailingcity` varchar(40) DEFAULT NULL,
  `mailingstreet` varchar(250) DEFAULT NULL,
  `mailingcountry` varchar(40) DEFAULT NULL,
  `othercountry` varchar(30) DEFAULT NULL,
  `mailingstate` varchar(30) DEFAULT NULL,
  `mailingpobox` varchar(30) DEFAULT NULL,
  `othercity` varchar(40) DEFAULT NULL,
  `otherstate` varchar(50) DEFAULT NULL,
  `mailingzip` varchar(30) DEFAULT NULL,
  `otherzip` varchar(30) DEFAULT NULL,
  `otherstreet` varchar(250) DEFAULT NULL,
  `otherpobox` varchar(30) DEFAULT NULL,
  PRIMARY KEY (`contactaddressid`),
  CONSTRAINT `fk_1_nectarcrm_contactaddress` FOREIGN KEY (`contactaddressid`) REFERENCES `nectarcrm_contactdetails` (`contactid`) ON DELETE CASCADE
) ENGINE=InnoDB DEFAULT CHARSET=utf8;
/*!40101 SET character_set_client = @saved_cs_client */;

--
-- Dumping data for table `nectarcrm_contactaddress`
--

LOCK TABLES `nectarcrm_contactaddress` WRITE;
/*!40000 ALTER TABLE `nectarcrm_contactaddress` DISABLE KEYS */;
INSERT INTO `nectarcrm_contactaddress` VALUES (8,'','','','','','','','','','','',''),(15,'','','','','','','','','','','',''),(56,'','','','','','','','','','','',''),(62,'','','','','','','','','','','',''),(70,'','','','','','','','','','','',''),(72,'','','','','','','','','','','',''),(85,'','','','','','','','','','','',''),(124,'n','','','','','','','','','','',''),(130,'Tirana','Dubai','Albania','Albania','Tirana','','Tirana','Tirana','412308','412308','Dubai',''),(148,'','','','','','','','','','','','');
/*!40000 ALTER TABLE `nectarcrm_contactaddress` ENABLE KEYS */;
UNLOCK TABLES;

--
-- Table structure for table `nectarcrm_contactdetails`
--

DROP TABLE IF EXISTS `nectarcrm_contactdetails`;
/*!40101 SET @saved_cs_client     = @@character_set_client */;
/*!40101 SET character_set_client = utf8 */;
CREATE TABLE `nectarcrm_contactdetails` (
  `contactid` int(19) NOT NULL DEFAULT '0',
  `contact_no` varchar(100) NOT NULL,
  `accountid` int(19) DEFAULT NULL,
  `salutation` varchar(200) DEFAULT NULL,
  `firstname` varchar(40) DEFAULT NULL,
  `lastname` varchar(80) NOT NULL,
  `email` varchar(100) DEFAULT NULL,
  `phone` varchar(50) DEFAULT NULL,
  `mobile` varchar(50) DEFAULT NULL,
  `title` varchar(50) DEFAULT NULL,
  `department` varchar(30) DEFAULT NULL,
  `fax` varchar(50) DEFAULT NULL,
  `reportsto` varchar(30) DEFAULT NULL,
  `training` varchar(50) DEFAULT NULL,
  `usertype` varchar(50) DEFAULT NULL,
  `contacttype` varchar(50) DEFAULT NULL,
  `otheremail` varchar(100) DEFAULT NULL,
  `secondaryemail` varchar(100) DEFAULT NULL,
  `donotcall` varchar(3) DEFAULT NULL,
  `emailoptout` varchar(3) DEFAULT '0',
  `imagename` varchar(150) DEFAULT NULL,
  `reference` varchar(3) DEFAULT NULL,
  `notify_owner` varchar(3) DEFAULT '0',
  `isconvertedfromlead` varchar(3) DEFAULT '0',
  `tags` varchar(1) DEFAULT NULL,
  PRIMARY KEY (`contactid`),
  KEY `contactdetails_accountid_idx` (`accountid`),
  KEY `email_idx` (`email`),
  CONSTRAINT `fk_1_nectarcrm_contactdetails` FOREIGN KEY (`contactid`) REFERENCES `nectarcrm_crmentity` (`crmid`) ON DELETE CASCADE
) ENGINE=InnoDB DEFAULT CHARSET=utf8;
/*!40101 SET character_set_client = @saved_cs_client */;

--
-- Dumping data for table `nectarcrm_contactdetails`
--

LOCK TABLES `nectarcrm_contactdetails` WRITE;
/*!40000 ALTER TABLE `nectarcrm_contactdetails` DISABLE KEYS */;
INSERT INTO `nectarcrm_contactdetails` VALUES (8,'CON1',7,'Ms.','Rashmi','C','rashmi.c@gmail.com','950366528','','','','','0',NULL,NULL,NULL,NULL,'','0','0','','0','0','1',''),(15,'CON2',28,'Mr.','Rajat','Sharma','','','','','','','0',NULL,NULL,NULL,NULL,'','0','0','','0','0','0',''),(56,'CON3',55,'Mr.','Ben','Ten','gavalimayuri718@gmail.com','09876543267','','','','','0',NULL,NULL,NULL,NULL,'','0','0','','0','0','0',''),(62,'CON4',33,'Mr.','demo','user','','','','','','','0',NULL,NULL,NULL,NULL,'','0','0','','0','0','0',''),(70,'CON5',28,'Mr.','Ben','Ten','','','','','','','0',NULL,NULL,NULL,NULL,'','0','0','','0','0','0',''),(72,'CON6',71,'Mr.','Apland','Ten','bean@gmail.com','080970970980','','','','','0',NULL,NULL,NULL,NULL,'','0','0','','0','0','0',''),(85,'CON7',71,'Mr.','Apland','Ten','','','','','','','0',NULL,NULL,NULL,NULL,'','0','0','','0','0','0',''),(124,'CON8',55,'Mr.','Apland','Ten','demo@gmail.com','00000','','','','','0',NULL,NULL,NULL,NULL,'','0','0','','0','0','0',''),(130,'CON9',125,'Mr.','Ben','Ten','demo@gmail.com','909009999','9988778678','','','','0',NULL,NULL,NULL,NULL,'','0','0','','0','0','0',''),(148,'CON10',147,'','Ben','Ten','','444444','','','','','0',NULL,NULL,NULL,NULL,'','0','0','','0','0','0','');
/*!40000 ALTER TABLE `nectarcrm_contactdetails` ENABLE KEYS */;
UNLOCK TABLES;

--
-- Table structure for table `nectarcrm_contactscf`
--

DROP TABLE IF EXISTS `nectarcrm_contactscf`;
/*!40101 SET @saved_cs_client     = @@character_set_client */;
/*!40101 SET character_set_client = utf8 */;
CREATE TABLE `nectarcrm_contactscf` (
  `contactid` int(19) NOT NULL DEFAULT '0',
  `cf_854` varchar(9) DEFAULT '',
  PRIMARY KEY (`contactid`),
  CONSTRAINT `fk_1_nectarcrm_contactscf` FOREIGN KEY (`contactid`) REFERENCES `nectarcrm_contactdetails` (`contactid`) ON DELETE CASCADE
) ENGINE=InnoDB DEFAULT CHARSET=utf8;
/*!40101 SET character_set_client = @saved_cs_client */;

--
-- Dumping data for table `nectarcrm_contactscf`
--

LOCK TABLES `nectarcrm_contactscf` WRITE;
/*!40000 ALTER TABLE `nectarcrm_contactscf` DISABLE KEYS */;
INSERT INTO `nectarcrm_contactscf` VALUES (8,''),(15,''),(56,''),(62,'nn'),(70,'n'),(72,'n'),(85,'n'),(124,'0'),(130,'0'),(148,'n');
/*!40000 ALTER TABLE `nectarcrm_contactscf` ENABLE KEYS */;
UNLOCK TABLES;

--
-- Table structure for table `nectarcrm_contactsubdetails`
--

DROP TABLE IF EXISTS `nectarcrm_contactsubdetails`;
/*!40101 SET @saved_cs_client     = @@character_set_client */;
/*!40101 SET character_set_client = utf8 */;
CREATE TABLE `nectarcrm_contactsubdetails` (
  `contactsubscriptionid` int(19) NOT NULL DEFAULT '0',
  `homephone` varchar(50) DEFAULT NULL,
  `otherphone` varchar(50) DEFAULT NULL,
  `assistant` varchar(30) DEFAULT NULL,
  `assistantphone` varchar(50) DEFAULT NULL,
  `birthday` date DEFAULT NULL,
  `laststayintouchrequest` int(30) DEFAULT '0',
  `laststayintouchsavedate` int(19) DEFAULT '0',
  `leadsource` varchar(200) DEFAULT NULL,
  PRIMARY KEY (`contactsubscriptionid`),
  CONSTRAINT `fk_1_nectarcrm_contactsubdetails` FOREIGN KEY (`contactsubscriptionid`) REFERENCES `nectarcrm_contactdetails` (`contactid`) ON DELETE CASCADE
) ENGINE=InnoDB DEFAULT CHARSET=utf8;
/*!40101 SET character_set_client = @saved_cs_client */;

--
-- Dumping data for table `nectarcrm_contactsubdetails`
--

LOCK TABLES `nectarcrm_contactsubdetails` WRITE;
/*!40000 ALTER TABLE `nectarcrm_contactsubdetails` DISABLE KEYS */;
INSERT INTO `nectarcrm_contactsubdetails` VALUES (8,'','','','',NULL,0,0,''),(15,'','','','',NULL,0,0,'Cold Call'),(56,'','','','',NULL,0,0,''),(62,'','','','',NULL,0,0,''),(70,'','','','',NULL,0,0,''),(72,'','','','',NULL,0,0,''),(85,'','','','',NULL,0,0,''),(124,'','','','',NULL,0,0,''),(130,'','','','',NULL,0,0,''),(148,'','','','',NULL,0,0,'');
/*!40000 ALTER TABLE `nectarcrm_contactsubdetails` ENABLE KEYS */;
UNLOCK TABLES;

--
-- Table structure for table `nectarcrm_contpotentialrel`
--

DROP TABLE IF EXISTS `nectarcrm_contpotentialrel`;
/*!40101 SET @saved_cs_client     = @@character_set_client */;
/*!40101 SET character_set_client = utf8 */;
CREATE TABLE `nectarcrm_contpotentialrel` (
  `contactid` int(19) NOT NULL DEFAULT '0',
  `potentialid` int(19) NOT NULL DEFAULT '0',
  PRIMARY KEY (`contactid`,`potentialid`),
  KEY `contpotentialrel_potentialid_idx` (`potentialid`),
  KEY `contpotentialrel_contactid_idx` (`contactid`),
  CONSTRAINT `fk_2_nectarcrm_contpotentialrel` FOREIGN KEY (`potentialid`) REFERENCES `nectarcrm_potential` (`potentialid`) ON DELETE CASCADE
) ENGINE=InnoDB DEFAULT CHARSET=utf8;
/*!40101 SET character_set_client = @saved_cs_client */;

--
-- Dumping data for table `nectarcrm_contpotentialrel`
--

LOCK TABLES `nectarcrm_contpotentialrel` WRITE;
/*!40000 ALTER TABLE `nectarcrm_contpotentialrel` DISABLE KEYS */;
/*!40000 ALTER TABLE `nectarcrm_contpotentialrel` ENABLE KEYS */;
UNLOCK TABLES;

--
-- Table structure for table `nectarcrm_contract_priority`
--

DROP TABLE IF EXISTS `nectarcrm_contract_priority`;
/*!40101 SET @saved_cs_client     = @@character_set_client */;
/*!40101 SET character_set_client = utf8 */;
CREATE TABLE `nectarcrm_contract_priority` (
  `contract_priorityid` int(11) NOT NULL AUTO_INCREMENT,
  `contract_priority` varchar(200) NOT NULL,
  `presence` int(1) NOT NULL DEFAULT '1',
  `picklist_valueid` int(11) NOT NULL DEFAULT '0',
  `sortorderid` int(11) DEFAULT '0',
  `color` varchar(10) DEFAULT NULL,
  PRIMARY KEY (`contract_priorityid`)
) ENGINE=InnoDB AUTO_INCREMENT=4 DEFAULT CHARSET=utf8;
/*!40101 SET character_set_client = @saved_cs_client */;

--
-- Dumping data for table `nectarcrm_contract_priority`
--

LOCK TABLES `nectarcrm_contract_priority` WRITE;
/*!40000 ALTER TABLE `nectarcrm_contract_priority` DISABLE KEYS */;
INSERT INTO `nectarcrm_contract_priority` VALUES (1,'Low',1,229,1,NULL),(2,'Normal',1,230,2,NULL),(3,'High',1,231,3,NULL);
/*!40000 ALTER TABLE `nectarcrm_contract_priority` ENABLE KEYS */;
UNLOCK TABLES;

--
-- Table structure for table `nectarcrm_contract_priority_seq`
--

DROP TABLE IF EXISTS `nectarcrm_contract_priority_seq`;
/*!40101 SET @saved_cs_client     = @@character_set_client */;
/*!40101 SET character_set_client = utf8 */;
CREATE TABLE `nectarcrm_contract_priority_seq` (
  `id` int(11) NOT NULL
) ENGINE=InnoDB DEFAULT CHARSET=utf8;
/*!40101 SET character_set_client = @saved_cs_client */;

--
-- Dumping data for table `nectarcrm_contract_priority_seq`
--

LOCK TABLES `nectarcrm_contract_priority_seq` WRITE;
/*!40000 ALTER TABLE `nectarcrm_contract_priority_seq` DISABLE KEYS */;
INSERT INTO `nectarcrm_contract_priority_seq` VALUES (3);
/*!40000 ALTER TABLE `nectarcrm_contract_priority_seq` ENABLE KEYS */;
UNLOCK TABLES;

--
-- Table structure for table `nectarcrm_contract_status`
--

DROP TABLE IF EXISTS `nectarcrm_contract_status`;
/*!40101 SET @saved_cs_client     = @@character_set_client */;
/*!40101 SET character_set_client = utf8 */;
CREATE TABLE `nectarcrm_contract_status` (
  `contract_statusid` int(11) NOT NULL AUTO_INCREMENT,
  `contract_status` varchar(200) NOT NULL,
  `presence` int(1) NOT NULL DEFAULT '1',
  `picklist_valueid` int(11) NOT NULL DEFAULT '0',
  `sortorderid` int(11) DEFAULT '0',
  `color` varchar(10) DEFAULT NULL,
  PRIMARY KEY (`contract_statusid`)
) ENGINE=InnoDB AUTO_INCREMENT=7 DEFAULT CHARSET=utf8;
/*!40101 SET character_set_client = @saved_cs_client */;

--
-- Dumping data for table `nectarcrm_contract_status`
--

LOCK TABLES `nectarcrm_contract_status` WRITE;
/*!40000 ALTER TABLE `nectarcrm_contract_status` DISABLE KEYS */;
INSERT INTO `nectarcrm_contract_status` VALUES (1,'Undefined',1,223,1,NULL),(2,'In Planning',1,224,2,NULL),(3,'In Progress',1,225,3,NULL),(4,'On Hold',1,226,4,NULL),(5,'Complete',0,227,5,NULL),(6,'Archived',1,228,6,NULL);
/*!40000 ALTER TABLE `nectarcrm_contract_status` ENABLE KEYS */;
UNLOCK TABLES;

--
-- Table structure for table `nectarcrm_contract_status_seq`
--

DROP TABLE IF EXISTS `nectarcrm_contract_status_seq`;
/*!40101 SET @saved_cs_client     = @@character_set_client */;
/*!40101 SET character_set_client = utf8 */;
CREATE TABLE `nectarcrm_contract_status_seq` (
  `id` int(11) NOT NULL
) ENGINE=InnoDB DEFAULT CHARSET=utf8;
/*!40101 SET character_set_client = @saved_cs_client */;

--
-- Dumping data for table `nectarcrm_contract_status_seq`
--

LOCK TABLES `nectarcrm_contract_status_seq` WRITE;
/*!40000 ALTER TABLE `nectarcrm_contract_status_seq` DISABLE KEYS */;
INSERT INTO `nectarcrm_contract_status_seq` VALUES (6);
/*!40000 ALTER TABLE `nectarcrm_contract_status_seq` ENABLE KEYS */;
UNLOCK TABLES;

--
-- Table structure for table `nectarcrm_contract_type`
--

DROP TABLE IF EXISTS `nectarcrm_contract_type`;
/*!40101 SET @saved_cs_client     = @@character_set_client */;
/*!40101 SET character_set_client = utf8 */;
CREATE TABLE `nectarcrm_contract_type` (
  `contract_typeid` int(11) NOT NULL AUTO_INCREMENT,
  `contract_type` varchar(200) NOT NULL,
  `presence` int(1) NOT NULL DEFAULT '1',
  `picklist_valueid` int(11) NOT NULL DEFAULT '0',
  `sortorderid` int(11) DEFAULT '0',
  `color` varchar(10) DEFAULT NULL,
  PRIMARY KEY (`contract_typeid`)
) ENGINE=InnoDB AUTO_INCREMENT=4 DEFAULT CHARSET=utf8;
/*!40101 SET character_set_client = @saved_cs_client */;

--
-- Dumping data for table `nectarcrm_contract_type`
--

LOCK TABLES `nectarcrm_contract_type` WRITE;
/*!40000 ALTER TABLE `nectarcrm_contract_type` DISABLE KEYS */;
INSERT INTO `nectarcrm_contract_type` VALUES (1,'Support',1,232,1,NULL),(2,'Services',1,233,2,NULL),(3,'Administrative',1,234,3,NULL);
/*!40000 ALTER TABLE `nectarcrm_contract_type` ENABLE KEYS */;
UNLOCK TABLES;

--
-- Table structure for table `nectarcrm_contract_type_seq`
--

DROP TABLE IF EXISTS `nectarcrm_contract_type_seq`;
/*!40101 SET @saved_cs_client     = @@character_set_client */;
/*!40101 SET character_set_client = utf8 */;
CREATE TABLE `nectarcrm_contract_type_seq` (
  `id` int(11) NOT NULL
) ENGINE=InnoDB DEFAULT CHARSET=utf8;
/*!40101 SET character_set_client = @saved_cs_client */;

--
-- Dumping data for table `nectarcrm_contract_type_seq`
--

LOCK TABLES `nectarcrm_contract_type_seq` WRITE;
/*!40000 ALTER TABLE `nectarcrm_contract_type_seq` DISABLE KEYS */;
INSERT INTO `nectarcrm_contract_type_seq` VALUES (3);
/*!40000 ALTER TABLE `nectarcrm_contract_type_seq` ENABLE KEYS */;
UNLOCK TABLES;

--
-- Table structure for table `nectarcrm_convertleadmapping`
--

DROP TABLE IF EXISTS `nectarcrm_convertleadmapping`;
/*!40101 SET @saved_cs_client     = @@character_set_client */;
/*!40101 SET character_set_client = utf8 */;
CREATE TABLE `nectarcrm_convertleadmapping` (
  `cfmid` int(19) NOT NULL AUTO_INCREMENT,
  `leadfid` int(19) NOT NULL,
  `accountfid` int(19) DEFAULT NULL,
  `contactfid` int(19) DEFAULT NULL,
  `potentialfid` int(19) DEFAULT NULL,
  `editable` int(19) DEFAULT '1',
  PRIMARY KEY (`cfmid`)
) ENGINE=InnoDB AUTO_INCREMENT=31 DEFAULT CHARSET=utf8;
/*!40101 SET character_set_client = @saved_cs_client */;

--
-- Dumping data for table `nectarcrm_convertleadmapping`
--

LOCK TABLES `nectarcrm_convertleadmapping` WRITE;
/*!40000 ALTER TABLE `nectarcrm_convertleadmapping` DISABLE KEYS */;
INSERT INTO `nectarcrm_convertleadmapping` VALUES (1,43,1,0,110,0),(2,49,14,0,0,1),(3,40,3,69,0,1),(4,44,5,77,0,1),(5,52,13,0,0,1),(6,46,9,80,0,0),(7,48,4,0,0,1),(8,61,26,98,0,1),(9,60,30,0,0,1),(10,62,32,104,0,1),(11,63,28,100,0,1),(12,59,24,96,0,1),(13,64,34,106,0,1),(14,61,27,0,0,1),(15,60,31,0,0,1),(17,63,29,0,0,1),(18,59,25,0,0,1),(19,64,35,0,0,1),(20,65,36,109,125,1),(21,37,0,66,0,1),(22,38,0,67,0,0),(23,41,0,70,0,0),(24,42,0,71,0,1),(25,45,0,76,0,1),(26,55,0,83,0,1),(27,47,0,74,117,1),(29,53,10,0,0,1),(30,51,17,0,0,1);
/*!40000 ALTER TABLE `nectarcrm_convertleadmapping` ENABLE KEYS */;
UNLOCK TABLES;

--
-- Table structure for table `nectarcrm_convertpotentialmapping`
--

DROP TABLE IF EXISTS `nectarcrm_convertpotentialmapping`;
/*!40101 SET @saved_cs_client     = @@character_set_client */;
/*!40101 SET character_set_client = utf8 */;
CREATE TABLE `nectarcrm_convertpotentialmapping` (
  `cfmid` int(19) NOT NULL AUTO_INCREMENT,
  `potentialfid` int(19) NOT NULL,
  `projectfid` int(19) DEFAULT NULL,
  `editable` int(11) DEFAULT '1',
  PRIMARY KEY (`cfmid`)
) ENGINE=InnoDB AUTO_INCREMENT=3 DEFAULT CHARSET=utf8;
/*!40101 SET character_set_client = @saved_cs_client */;

--
-- Dumping data for table `nectarcrm_convertpotentialmapping`
--

LOCK TABLES `nectarcrm_convertpotentialmapping` WRITE;
/*!40000 ALTER TABLE `nectarcrm_convertpotentialmapping` DISABLE KEYS */;
INSERT INTO `nectarcrm_convertpotentialmapping` VALUES (1,110,648,NULL),(2,125,664,NULL);
/*!40000 ALTER TABLE `nectarcrm_convertpotentialmapping` ENABLE KEYS */;
UNLOCK TABLES;

--
-- Table structure for table `nectarcrm_crmentity`
--

DROP TABLE IF EXISTS `nectarcrm_crmentity`;
/*!40101 SET @saved_cs_client     = @@character_set_client */;
/*!40101 SET character_set_client = utf8 */;
CREATE TABLE `nectarcrm_crmentity` (
  `crmid` int(19) NOT NULL,
  `smcreatorid` int(19) NOT NULL DEFAULT '0',
  `smownerid` int(19) NOT NULL DEFAULT '0',
  `modifiedby` int(19) NOT NULL DEFAULT '0',
  `setype` varchar(100) DEFAULT NULL,
  `description` mediumtext,
  `createdtime` datetime NOT NULL,
  `modifiedtime` datetime NOT NULL,
  `viewedtime` datetime DEFAULT NULL,
  `status` varchar(50) DEFAULT NULL,
  `version` int(19) NOT NULL DEFAULT '0',
  `presence` int(1) DEFAULT '1',
  `deleted` int(1) NOT NULL DEFAULT '0',
  `smgroupid` int(19) DEFAULT NULL,
  `source` varchar(100) DEFAULT NULL,
  `label` varchar(255) DEFAULT NULL,
  PRIMARY KEY (`crmid`),
  KEY `crmentity_smcreatorid_idx` (`smcreatorid`),
  KEY `crmentity_modifiedby_idx` (`modifiedby`),
  KEY `crmentity_deleted_idx` (`deleted`),
  KEY `crm_ownerid_del_setype_idx` (`smownerid`,`deleted`,`setype`),
  KEY `nectarcrm_crmentity_labelidx` (`label`)
) ENGINE=InnoDB DEFAULT CHARSET=utf8;
/*!40101 SET character_set_client = @saved_cs_client */;

--
-- Dumping data for table `nectarcrm_crmentity`
--

LOCK TABLES `nectarcrm_crmentity` WRITE;
/*!40000 ALTER TABLE `nectarcrm_crmentity` DISABLE KEYS */;
INSERT INTO `nectarcrm_crmentity` VALUES (2,1,3,1,'Leads','','2018-07-21 06:13:57','2018-07-21 06:13:57',NULL,NULL,0,1,0,0,'CRM','Dhiraj Disale'),(3,5,5,5,'Leads','','2018-08-23 06:32:08','2018-08-23 06:47:38',NULL,NULL,0,1,0,0,'CRM','Rashmi C'),(4,5,5,5,'Calendar','','2018-08-23 06:37:22','2018-08-23 06:37:22',NULL,NULL,0,1,0,0,'CRM','Found oppoutunity'),(5,5,5,5,'Calendar','','2018-08-23 06:42:25','2018-08-23 06:42:25',NULL,NULL,0,1,0,0,'CRM','In Person Meet'),(6,5,5,5,'ModComments',NULL,'2018-08-23 06:44:47','2018-08-23 06:44:47',NULL,NULL,0,1,0,0,'CRM','Not Potential Lead'),(7,5,5,5,'Accounts','','2018-08-23 06:47:38','2018-08-23 06:47:38',NULL,NULL,0,1,0,0,'CRM','Nectar Infotel Solutions'),(8,5,5,5,'Contacts','','2018-08-23 06:47:38','2018-08-23 06:47:38',NULL,NULL,0,1,0,0,'CRM','Rashmi C'),(10,1,1,1,'Emails','<html>\r\n<head>\r\n	<title></title>\r\n</head>\r\n<body>\r\n<p>$invitee_name$,<br />\r\n<br />\r\nYou have been invited for an activity<br />\r\n<br />\r\nThe details are :<br />\r\n&nbsp; Subject : $events-subject$<br />\r\n&nbsp; Start Date & Time : $events-date_start$<br />\r\n&nbsp; End Date & Time : $events-due_date$<br />\r\n&nbsp; Status : $events-eventstatus$<br />\r\n&nbsp; Priority : $events-priority$<br />\r\n&nbsp; Related To : $events-crmid$<br />\r\n&nbsp; Contact List : $events-contactid$<br />\r\n&nbsp; Location : $events-location$<br />\r\n&nbsp; Description : $events-description$<br />\r\n<br />\r\nThanks & Regards,<br />\r\n$current_user_name$</p>\r\n\r\n<p></p>\r\n</body>\r\n</html>\r\n','2018-08-24 09:39:31','2018-08-24 09:39:31',NULL,NULL,0,1,0,0,'CRM','Invitation'),(11,1,1,1,'Emails','<html>\r\n<head>\r\n	<title></title>\r\n</head>\r\n<body>hi</body>\r\n</html>\r\n','2018-08-24 09:39:50','2018-08-24 09:39:50',NULL,NULL,0,1,0,0,'CRM','testing'),(12,1,1,1,'Emails','<html>\r\n<head>\r\n	<title></title>\r\n</head>\r\n<body>hi</body>\r\n</html>\r\n','2018-08-24 09:40:24','2018-08-24 09:40:24',NULL,NULL,0,1,0,0,'CRM','testing'),(13,1,1,1,'Emails','<html>\r\n<head>\r\n	<title></title>\r\n</head>\r\n<body></body>\r\n</html>\r\n','2018-08-24 09:40:41','2018-08-24 09:40:41',NULL,NULL,0,1,0,0,'CRM','hi'),(14,5,5,5,'Leads','This is an international tender. The deadline to submit the expression of interest along with the completed documents is 29/08/2018.\nInitial contact over the email happened with the contact person and further process is ongoing.','2018-08-27 07:10:00','2018-08-27 07:10:00',NULL,NULL,0,1,0,0,'CRM','Nick Batty'),(15,1,1,1,'Contacts','','2018-08-27 08:59:33','2019-11-18 11:36:01',NULL,NULL,0,1,0,0,'CRM','Rajat Sharma'),(16,1,6,1,'Campaigns','','2018-08-27 09:00:43','2019-11-14 07:45:17',NULL,NULL,0,1,0,0,'CRM','Rashmi'),(17,1,6,1,'Leads','','2018-08-27 09:03:33','2018-08-27 09:03:33',NULL,NULL,0,1,0,0,'CRM','Nil Kamal'),(18,1,6,1,'Accounts','','2018-08-27 09:04:36','2019-11-15 09:29:40',NULL,NULL,0,1,0,0,'CRM','WTC'),(19,1,6,1,'Potentials','','2018-08-27 09:08:52','2018-08-27 09:08:52',NULL,NULL,0,1,0,0,'CRM','Helping Hand'),(20,1,6,1,'Products','','2018-08-27 09:19:19','2018-08-27 09:19:19',NULL,NULL,0,1,0,0,'CRM','gt6'),(21,1,6,1,'Products','','2018-08-27 09:20:55','2019-11-19 07:42:30',NULL,NULL,0,1,0,0,'CRM','Traccar'),(22,1,1,1,'Documents',NULL,'2019-11-14 08:50:05','2019-11-14 08:50:05',NULL,NULL,0,1,0,0,'CRM','Business'),(23,1,1,0,'Documents Attachment',NULL,'2019-11-14 08:50:05','2019-11-14 08:50:05',NULL,NULL,0,1,0,NULL,NULL,NULL),(24,1,1,1,'Documents',NULL,'2019-11-15 09:29:38','2019-11-19 07:32:18',NULL,NULL,0,1,0,0,'CRM','n'),(25,1,1,0,'Documents Attachment',NULL,'2019-11-15 09:29:38','2019-11-15 09:29:38',NULL,NULL,0,1,0,NULL,NULL,NULL),(26,1,8,1,'Campaigns','Demo','2019-11-15 10:05:07','2019-11-15 10:07:21',NULL,NULL,0,1,0,0,'CRM','Demon'),(27,1,3,1,'Campaigns','demo','2019-11-15 10:09:12','2019-11-15 10:11:45',NULL,NULL,0,1,0,0,'CRM','Demo'),(28,1,8,1,'Accounts','','2019-11-15 10:10:28','2019-11-15 10:10:28',NULL,NULL,0,1,0,0,'CRM','Nectar'),(29,1,1,1,'Campaigns','','2019-11-15 00:00:00','2019-11-15 10:59:28',NULL,NULL,0,1,0,0,'IMPORT','Contacts::::Rajat Sharma'),(30,1,1,1,'Campaigns','','2019-11-15 00:00:00','2019-11-15 12:21:00',NULL,NULL,0,1,0,0,'IMPORT','N'),(31,1,1,1,'Accounts','','2019-11-15 10:59:29','2019-11-15 10:59:29',NULL,NULL,0,1,0,0,'WEBSERVICE','harpale'),(32,1,1,1,'Campaigns','','2019-11-15 00:00:00','2019-11-15 10:59:29',NULL,NULL,0,1,0,0,'IMPORT','Contacts::::Frozen James'),(33,1,1,1,'Accounts','','2019-11-15 10:59:30','2019-11-15 10:59:30',NULL,NULL,0,1,0,0,'WEBSERVICE','Nectardemo'),(34,1,1,1,'Campaigns','','2019-11-15 00:00:00','2019-11-15 10:59:30',NULL,NULL,0,1,0,0,'IMPORT','Contacts::::Rekha Lokhande'),(35,1,1,1,'Campaigns','','2019-11-15 00:00:00','2019-11-15 10:59:30',NULL,NULL,0,1,0,0,'IMPORT','Contacts::::John Shetty'),(36,1,1,1,'Accounts','','2019-11-15 10:59:30','2019-11-15 10:59:30',NULL,NULL,0,1,0,0,'WEBSERVICE','Movicel'),(37,1,1,1,'Campaigns','','2019-11-15 00:00:00','2019-11-15 10:59:31',NULL,NULL,0,1,0,0,'IMPORT','Contacts::::Alexa alexa'),(38,1,1,1,'Campaigns','','2019-11-15 00:00:00','2019-11-15 10:59:31',NULL,NULL,0,1,0,0,'IMPORT','Contacts::::Alexa alexa'),(39,1,1,1,'Leads','','2019-11-15 12:12:37','2019-11-18 10:41:04',NULL,NULL,0,1,0,0,'CRM','Ben Ten'),(41,1,1,1,'Calendar','','2019-11-18 09:10:35','2019-11-21 06:26:53',NULL,NULL,0,1,0,0,'CRM','CRM'),(42,1,1,1,'Calendar','','2019-11-18 09:10:54','2019-11-21 06:27:12',NULL,NULL,0,1,1,0,'CRM','Hrms'),(43,1,1,1,'Calendar','','2019-11-18 09:17:24','2019-11-18 09:17:24',NULL,NULL,0,1,0,0,'CRM','Hrms'),(44,1,1,1,'Emails','<html>\r\n<head>\r\n	<title></title>\r\n</head>\r\n<body>\r\n<p>$invitee_name$,<br />\r\n<br />\r\nYou have been invited for an activity<br />\r\n<br />\r\nThe details are :<br />\r\n&nbsp; Subject : $events-subject$<br />\r\n&nbsp; Start Date & Time : $events-date_start$<br />\r\n&nbsp; End Date & Time : $events-due_date$<br />\r\n&nbsp; Status : $events-eventstatus$<br />\r\n&nbsp; Priority : $events-priority$<br />\r\n&nbsp; Related To : $events-crmid$<br />\r\n&nbsp; Contact List : $events-contactid$<br />\r\n&nbsp; Location : $events-location$<br />\r\n&nbsp; Description : $events-description$<br />\r\n<br />\r\nThanks & Regards,<br />\r\n$current_user_name$</p>\r\n\r\n<p></p>\r\n</body>\r\n</html>\r\n','2019-11-18 09:43:26','2019-11-18 09:43:26',NULL,NULL,0,1,0,0,'CRM','Invitation'),(45,1,1,0,'Emails Attachment','<html>\r\n<head>\r\n	<title></title>\r\n</head>\r\n<body>\r\n<p>$invitee_name$,<br />\r\n<br />\r\nYou have been invited for an activity<br />\r\n<br />\r\nThe details are :<br />\r\n&nbsp; Subject : $events-subject$<br />\r\n&nbsp; Start Date & Time : $events-date_start$<br />\r\n&nbsp; End Date & Time : $events-due_date$<br />\r\n&nbsp; Status : $events-eventstatus$<br />\r\n&nbsp; Priority : $events-priority$<br />\r\n&nbsp; Related To : $events-crmid$<br />\r\n&nbsp; Contact List : $events-contactid$<br />\r\n&nbsp; Location : $events-location$<br />\r\n&nbsp; Description : $events-description$<br />\r\n<br />\r\nThanks & Regards,<br />\r\n$current_user_name$</p>\r\n\r\n<p></p>\r\n</body>\r\n</html>\r\n','2019-11-18 09:43:26','2019-11-18 09:43:26',NULL,NULL,0,1,0,NULL,NULL,NULL),(46,1,1,1,'ModComments',NULL,'2019-11-18 10:20:24','2019-11-18 10:20:24',NULL,NULL,0,1,0,0,'CRM','demo'),(47,1,1,0,'ModComments Attachment',NULL,'2019-11-18 10:20:24','2019-11-18 10:20:24',NULL,NULL,0,1,0,NULL,NULL,NULL),(48,1,3,1,'Leads','done','2019-04-02 12:25:11','2019-11-18 10:45:48',NULL,NULL,0,1,0,0,'IMPORT','POT4 Contacts::::Rajat Sharma'),(49,1,3,1,'Leads','done','2019-04-02 12:35:38','2019-11-18 10:45:48',NULL,NULL,0,1,0,0,'IMPORT','POT5 n'),(50,1,1,1,'Leads','done','2019-04-23 11:08:08','2019-11-18 10:45:48',NULL,NULL,0,1,0,0,'IMPORT','POT6 Contacts::::Frozen James'),(51,1,1,1,'Leads','done','2019-04-24 06:52:26','2019-11-18 10:45:49',NULL,NULL,0,1,0,0,'IMPORT','POT7 Contacts::::Rekha Lokhande'),(52,1,3,1,'Leads','done','2019-04-25 12:48:42','2019-11-18 10:45:49',NULL,NULL,0,1,0,0,'IMPORT','POT8 Contacts::::John Shetty'),(53,1,1,1,'Leads','done','2019-04-26 04:20:53','2019-11-18 10:45:50',NULL,NULL,0,1,0,0,'IMPORT','POT9 Contacts::::Alexa alexa'),(54,1,3,1,'Leads','done','2019-04-26 06:49:22','2019-11-18 12:03:16',NULL,NULL,0,1,0,0,'IMPORT','POT10 Contacts::::Alexa alexa'),(55,1,1,9,'Accounts','','2019-11-18 11:30:49','2019-11-19 05:25:03',NULL,NULL,0,1,0,0,'CRM','Nectar i'),(56,1,1,1,'Contacts','','2019-11-18 11:30:57','2019-11-18 11:30:57',NULL,NULL,0,1,0,0,'CRM','Ben Ten'),(59,1,1,1,'Project','','2019-11-18 11:46:29','2019-11-18 11:46:29',NULL,NULL,0,1,0,0,'CRM','Tender'),(60,1,1,1,'ModComments',NULL,'2019-11-18 12:03:16','2019-11-18 12:03:57',NULL,NULL,0,1,0,0,'CRM','nnn'),(61,1,1,0,'ModComments Attachment',NULL,'2019-11-18 12:03:16','2019-11-18 12:03:16',NULL,NULL,0,1,0,NULL,NULL,NULL),(62,1,1,1,'Contacts','','2019-11-19 07:38:36','2019-11-19 07:38:36',NULL,NULL,0,1,0,0,'CRM','demo user'),(63,1,1,1,'Campaigns','','2019-11-19 07:39:03','2019-11-19 07:39:03',NULL,NULL,0,1,0,0,'CRM','Demo'),(64,1,1,1,'Potentials','','2019-11-19 07:39:12','2019-11-19 07:45:45',NULL,NULL,0,1,0,0,'CRM','Opportunity'),(65,1,1,1,'Products','','2019-11-19 07:40:18','2019-11-19 07:40:18',NULL,NULL,0,1,0,0,'CRM','gst'),(66,1,6,0,'Products Image','','2019-11-19 07:42:30','2019-11-19 07:42:30',NULL,NULL,0,1,0,NULL,NULL,NULL),(67,1,1,1,'Invoice','','2019-11-19 07:43:17','2019-11-19 07:43:17',NULL,NULL,0,1,0,0,'CRM','Hrms'),(69,1,1,1,'Project','','2019-11-19 07:44:52','2019-11-19 07:44:52',NULL,NULL,0,1,0,0,'CRM','Tender'),(70,1,1,1,'Contacts','','2019-11-19 08:34:15','2019-11-19 08:34:15',NULL,NULL,0,1,0,0,'CRM','Ben Ten'),(71,1,1,1,'Accounts','','2019-11-19 08:37:12','2019-11-19 08:37:12',NULL,NULL,0,1,0,0,'CRM','Nectarin'),(72,1,1,1,'Contacts','','2019-11-19 08:38:59','2019-11-19 08:47:01',NULL,NULL,0,1,0,0,'CRM','Apland Ten'),(73,1,1,1,'Accounts','','2019-11-19 08:39:43','2019-11-19 08:39:43',NULL,NULL,0,1,0,0,'CRM','Nectar chattisgadh'),(74,1,1,1,'Quotes','','2019-11-19 08:40:13','2019-11-19 08:42:52',NULL,NULL,0,1,0,0,'CRM','Hrms'),(75,1,1,1,'Calendar','','2019-11-19 08:42:52','2019-11-19 08:42:52',NULL,NULL,0,1,0,0,'CRM','Hrms'),(76,1,1,1,'Quotes','','2019-11-19 08:44:29','2019-11-19 08:44:29',NULL,NULL,0,1,0,0,'CRM','Hrms'),(77,1,1,1,'Emails','<html>\r\n<head>\r\n	<title></title>\r\n</head>\r\n<body>Demo</body>\r\n</html>\r\n','2019-11-19 08:47:01','2019-11-19 08:47:01',NULL,NULL,0,1,0,0,'CRM','Hrms'),(78,1,1,0,'Emails Attachment','<html>\r\n<head>\r\n	<title></title>\r\n</head>\r\n<body>Demo</body>\r\n</html>\r\n','2019-11-19 08:47:01','2019-11-19 08:47:01',NULL,NULL,0,1,0,NULL,NULL,NULL),(79,1,1,0,'Emails Attachment','<html>\r\n<head>\r\n	<title></title>\r\n</head>\r\n<body>Demo</body>\r\n</html>\r\n','2019-11-19 08:47:01','2019-11-19 08:47:01',NULL,NULL,0,1,0,NULL,NULL,NULL),(80,1,1,1,'Invoice','','2019-11-19 08:50:21','2019-11-19 08:50:21',NULL,NULL,0,1,0,0,'CRM','Hrms'),(81,1,1,1,'Vendors','','2019-11-19 08:50:48','2019-11-19 08:50:48',NULL,NULL,0,1,0,0,'CRM','Suchit'),(82,1,1,1,'PurchaseOrder','','2019-11-19 08:51:12','2019-11-19 08:51:12',NULL,NULL,0,1,0,0,'CRM','Hrms'),(83,1,1,1,'Vendors','','2019-11-19 08:52:26','2019-11-19 08:52:26',NULL,NULL,0,1,0,0,'CRM','nectar'),(84,1,1,1,'PurchaseOrder','','2019-11-19 08:53:14','2019-11-19 08:53:14',NULL,NULL,0,1,0,0,'CRM','Hrms'),(85,1,12,1,'Contacts','','2019-11-19 08:53:42','2019-11-19 08:53:42',NULL,NULL,0,1,0,0,'CRM','Apland Ten'),(86,1,1,1,'Vendors','','2019-11-19 08:53:50','2019-11-19 08:53:50',NULL,NULL,0,1,0,0,'CRM','nectar'),(87,1,1,1,'PurchaseOrder','','2019-11-19 08:54:14','2019-11-19 08:54:14',NULL,NULL,0,1,0,0,'CRM','CRM'),(88,1,1,1,'Products','','2019-11-19 08:59:47','2019-11-19 09:08:24',NULL,NULL,0,1,0,0,'CRM','trac_device'),(89,1,1,0,'Products Image','','2019-11-19 08:59:47','2019-11-19 08:59:47',NULL,NULL,0,1,0,NULL,NULL,NULL),(90,1,1,1,'HelpDesk','ticket1','2019-11-19 09:01:34','2019-11-19 09:01:34',NULL,NULL,0,1,0,0,'CRM','ticket1'),(91,1,1,1,'Quotes','','2019-11-19 09:03:08','2019-11-19 09:03:08',NULL,NULL,0,1,0,0,'CRM','Hrms'),(92,1,1,1,'PurchaseOrder','','2019-11-19 09:04:31','2019-11-19 09:04:31',NULL,NULL,0,1,0,0,'CRM','Hrms'),(93,1,1,1,'SalesOrder','','2019-11-19 09:05:36','2019-11-19 09:05:36',NULL,NULL,0,1,0,0,'CRM','Hrms'),(94,1,1,1,'Invoice','','2019-11-19 09:06:22','2019-11-19 09:06:22',NULL,NULL,0,1,0,0,'CRM','Hrms'),(95,1,1,1,'PriceBooks','','2019-11-19 09:06:42','2019-11-19 09:06:42',NULL,NULL,0,1,0,0,'CRM','Indian'),(96,1,1,1,'Assets','','2019-11-19 09:07:30','2019-11-19 09:07:30',NULL,NULL,0,1,0,0,'CRM','SIM'),(97,1,1,1,'Products','','2019-11-19 09:08:19','2019-11-19 09:08:19',NULL,NULL,0,1,0,0,'CRM','sim'),(98,1,1,1,'Services','Demo','2019-11-19 09:09:56','2019-11-19 09:13:36',NULL,NULL,0,1,0,0,'CRM','Maintenance'),(99,1,1,1,'HelpDesk','','2019-11-19 09:10:23','2019-11-19 09:10:23',NULL,NULL,0,1,0,0,'CRM','ticket2'),(100,1,1,1,'Accounts','','2019-11-19 09:11:22','2019-11-19 09:11:22',NULL,NULL,0,1,0,0,'CRM','Nectarinf'),(101,1,1,1,'Quotes','','2019-11-19 09:11:38','2019-11-19 09:11:38',NULL,NULL,0,1,0,0,'CRM','Hrms'),(102,1,1,1,'PurchaseOrder','','2019-11-19 09:12:13','2019-11-19 09:12:13',NULL,NULL,0,1,0,0,'CRM','CRM'),(103,1,1,1,'Invoice','','2019-11-19 09:12:35','2019-11-19 09:12:35',NULL,NULL,0,1,0,0,'CRM','CRM'),(104,1,1,1,'PriceBooks','','2019-11-19 09:12:43','2019-11-19 09:12:43',NULL,NULL,0,1,0,0,'CRM','Indian'),(105,1,1,1,'Documents',NULL,'2019-11-19 09:13:11','2019-11-19 09:13:11',NULL,NULL,0,1,0,0,'CRM','Doc'),(106,1,1,0,'Documents Attachment',NULL,'2019-11-19 09:13:11','2019-11-19 09:13:11',NULL,NULL,0,1,0,NULL,NULL,NULL),(107,1,1,1,'SalesOrder','','2019-11-19 09:13:35','2019-11-19 09:13:54',NULL,NULL,0,1,0,0,'CRM','CRM'),(108,1,1,1,'Vendors','','2019-11-19 10:01:19','2019-11-19 10:01:19',NULL,NULL,0,1,0,0,'CRM','nectar'),(109,1,1,1,'Products','','2019-11-19 10:01:58','2019-11-19 10:18:03',NULL,NULL,0,1,0,0,'CRM','device'),(110,1,1,1,'HelpDesk','demo','2019-11-19 10:03:05','2019-11-19 10:03:05',NULL,NULL,0,1,0,0,'CRM','ticket3'),(111,1,1,1,'Quotes','','2019-11-19 10:07:21','2019-11-19 10:07:21',NULL,NULL,0,1,0,0,'CRM','Hrms'),(112,1,1,1,'PurchaseOrder','','2019-11-19 10:13:19','2019-11-19 10:13:19',NULL,NULL,0,1,0,0,'CRM','Hrms'),(113,1,1,1,'SalesOrder','','2019-11-19 10:14:15','2019-11-19 10:14:15',NULL,NULL,0,1,0,0,'CRM','Hrms'),(114,1,1,1,'Invoice','','2019-11-19 10:15:04','2019-11-19 10:15:04',NULL,NULL,0,1,0,0,'CRM','Hrms'),(115,1,1,1,'PriceBooks','','2019-11-19 10:17:42','2019-11-19 10:17:42',NULL,NULL,0,1,0,0,'CRM','Indian'),(116,1,1,1,'Services','','2019-11-20 08:51:19','2019-11-20 08:51:19',NULL,NULL,0,1,0,0,'CRM','Support'),(118,1,1,1,'SalesOrder','','2019-11-20 08:56:45','2019-11-20 08:56:45',NULL,NULL,0,1,0,0,'CRM','CRM'),(119,1,1,1,'Vendors','','2019-11-20 09:19:43','2019-11-20 09:19:43',NULL,NULL,0,1,0,0,'CRM','Suchit'),(120,1,1,1,'HelpDesk','','2019-11-20 09:25:54','2019-11-20 09:25:54',NULL,NULL,0,1,0,0,'CRM','ticket4'),(121,1,1,1,'Faq',NULL,'2019-11-20 09:29:33','2019-11-20 09:29:33',NULL,NULL,0,1,0,0,'CRM','n'),(122,1,1,1,'ServiceContracts',NULL,'2019-11-20 09:30:27','2019-11-20 09:30:27',NULL,NULL,0,1,0,0,'CRM','Hrms'),(123,1,1,1,'Assets','','2019-11-20 09:32:16','2019-11-20 09:32:16',NULL,NULL,0,1,0,0,'CRM','SIM'),(124,1,1,1,'Contacts','','2019-11-20 09:33:58','2019-11-20 09:33:58',NULL,NULL,0,1,0,0,'CRM','Apland Ten'),(125,1,1,1,'Accounts','','2019-11-20 09:36:59','2019-11-20 09:36:59',NULL,NULL,0,1,0,0,'CRM','Nectar...'),(126,1,1,1,'Project','','2019-11-20 09:40:48','2019-11-20 09:40:48',NULL,NULL,0,1,0,0,'CRM','Tender1'),(127,1,1,1,'ProjectTask','','2019-11-20 09:41:07','2019-11-20 09:41:07',NULL,NULL,0,1,0,0,'CRM','demo'),(128,1,1,1,'ProjectTask','','2019-11-20 09:43:22','2019-11-20 09:43:22',NULL,NULL,0,1,0,0,'CRM','tender'),(129,1,1,1,'ProjectMilestone','','2019-11-20 09:43:50','2019-11-20 09:43:50',NULL,NULL,0,1,0,0,'CRM','tender'),(130,1,1,1,'Contacts','','2019-11-20 10:33:10','2019-11-20 10:33:10',NULL,NULL,0,1,0,0,'CRM','Ben Ten'),(131,1,1,1,'Accounts','','2019-11-20 10:35:12','2019-11-20 10:35:12',NULL,NULL,0,1,0,0,'CRM','Nectarinfote'),(132,1,1,1,'Calendar','','2019-11-21 05:45:59','2019-11-21 05:45:59',NULL,NULL,0,1,0,0,'CRM','Hrms'),(133,1,1,1,'Calendar','','2019-11-21 05:46:27','2019-11-21 05:46:27',NULL,NULL,0,1,0,0,'CRM','CRM'),(134,1,1,1,'Calendar','','2019-11-21 05:46:35','2019-11-21 05:46:35',NULL,NULL,0,1,0,0,'CRM','CRM'),(135,1,1,1,'Calendar','','2019-11-21 06:25:51','2019-11-21 06:25:51',NULL,NULL,0,1,0,0,'CRM','Hrms'),(136,1,1,1,'Calendar','','2019-11-21 06:25:58','2019-11-21 06:25:58',NULL,NULL,0,1,0,0,'CRM','Hrms'),(137,1,1,1,'Calendar','','2019-11-21 06:26:05','2019-11-21 06:26:05',NULL,NULL,0,1,0,0,'CRM','CRM'),(138,1,1,1,'Calendar','','2019-11-21 06:26:20','2019-11-21 06:26:20',NULL,NULL,0,1,0,0,'CRM','CRM'),(139,1,1,1,'Calendar','','2019-11-21 06:26:58','2019-11-21 06:26:58',NULL,NULL,0,1,0,0,'CRM','[Followup] CRM'),(140,1,1,1,'Calendar','','2019-11-21 06:27:28','2019-11-21 06:27:28',NULL,NULL,0,1,0,0,'CRM','CRM'),(141,1,1,1,'Calendar','','2019-11-21 06:27:35','2019-11-21 06:27:35',NULL,NULL,0,1,0,0,'CRM','CRM'),(142,1,1,1,'Calendar','','2019-11-21 06:28:05','2019-11-21 06:28:05',NULL,NULL,0,1,0,0,'CRM','CRM'),(143,1,1,1,'Calendar','','2019-11-21 06:28:11','2019-11-21 06:28:11',NULL,NULL,0,1,0,0,'CRM','Hrms'),(144,1,1,1,'Calendar','','2019-11-21 06:28:17','2019-11-21 06:28:17',NULL,NULL,0,1,0,0,'CRM','Hrms'),(145,1,1,1,'Calendar','','2019-11-21 06:28:23','2019-11-21 06:28:23',NULL,NULL,0,1,0,0,'CRM','Hrms'),(146,1,1,1,'Accounts','','2019-11-21 06:30:00','2019-11-21 06:30:00',NULL,NULL,0,1,0,0,'CRM','Nect'),(147,1,1,1,'Accounts','','2019-11-21 10:56:53','2019-11-21 10:59:25',NULL,NULL,0,1,0,0,'CRM','Nectarii'),(148,1,1,1,'Contacts','','2019-11-21 10:59:25','2019-11-21 10:59:25',NULL,NULL,0,1,0,0,'CRM','Ben Ten');
/*!40000 ALTER TABLE `nectarcrm_crmentity` ENABLE KEYS */;
UNLOCK TABLES;

--
-- Table structure for table `nectarcrm_crmentity_seq`
--

DROP TABLE IF EXISTS `nectarcrm_crmentity_seq`;
/*!40101 SET @saved_cs_client     = @@character_set_client */;
/*!40101 SET character_set_client = utf8 */;
CREATE TABLE `nectarcrm_crmentity_seq` (
  `id` int(11) NOT NULL
) ENGINE=InnoDB DEFAULT CHARSET=utf8;
/*!40101 SET character_set_client = @saved_cs_client */;

--
-- Dumping data for table `nectarcrm_crmentity_seq`
--

LOCK TABLES `nectarcrm_crmentity_seq` WRITE;
/*!40000 ALTER TABLE `nectarcrm_crmentity_seq` DISABLE KEYS */;
INSERT INTO `nectarcrm_crmentity_seq` VALUES (148);
/*!40000 ALTER TABLE `nectarcrm_crmentity_seq` ENABLE KEYS */;
UNLOCK TABLES;

--
-- Table structure for table `nectarcrm_crmentity_user_field`
--

DROP TABLE IF EXISTS `nectarcrm_crmentity_user_field`;
/*!40101 SET @saved_cs_client     = @@character_set_client */;
/*!40101 SET character_set_client = utf8 */;
CREATE TABLE `nectarcrm_crmentity_user_field` (
  `recordid` int(19) NOT NULL,
  `userid` int(19) NOT NULL,
  `starred` varchar(100) DEFAULT NULL,
  KEY `record_user_idx` (`recordid`,`userid`),
  CONSTRAINT `fk_nectarcrm_crmentity_user_field_recordid` FOREIGN KEY (`recordid`) REFERENCES `nectarcrm_crmentity` (`crmid`) ON DELETE CASCADE
) ENGINE=InnoDB DEFAULT CHARSET=utf8;
/*!40101 SET character_set_client = @saved_cs_client */;

--
-- Dumping data for table `nectarcrm_crmentity_user_field`
--

LOCK TABLES `nectarcrm_crmentity_user_field` WRITE;
/*!40000 ALTER TABLE `nectarcrm_crmentity_user_field` DISABLE KEYS */;
INSERT INTO `nectarcrm_crmentity_user_field` VALUES (2,1,'0'),(3,5,'0'),(4,5,'0'),(5,5,'0'),(7,5,'0'),(8,5,'0'),(10,1,'0'),(11,1,'0'),(12,1,'0'),(13,1,'0'),(14,5,'0'),(15,1,'0'),(16,1,'0'),(17,1,'0'),(18,1,'0'),(19,1,'0'),(20,1,'0'),(21,1,'0'),(22,1,'0'),(24,1,'0'),(26,1,'0'),(27,1,'0'),(28,1,'0'),(29,1,'0'),(30,1,'0'),(31,1,'0'),(32,1,'0'),(33,1,'0'),(34,1,'0'),(35,1,'0'),(36,1,'0'),(37,1,'0'),(38,1,'0'),(39,1,'0'),(41,1,'0'),(42,1,'0'),(43,1,'0'),(44,1,'0'),(48,1,'0'),(49,1,'0'),(50,1,'0'),(51,1,'0'),(52,1,'0'),(53,1,'0'),(54,1,'0'),(55,1,'0'),(56,1,'0'),(59,1,'0'),(55,9,'0'),(62,1,'0'),(63,1,'0'),(64,1,'0'),(65,1,'0'),(67,1,'0'),(69,1,'0'),(70,1,'0'),(71,1,'0'),(72,1,'0'),(73,1,'0'),(74,1,'0'),(75,1,'0'),(76,1,'0'),(77,1,'0'),(80,1,'0'),(81,1,'0'),(82,1,'0'),(83,1,'0'),(84,1,'0'),(85,1,'0'),(86,1,'0'),(87,1,'0'),(88,1,'0'),(90,1,'0'),(91,1,'0'),(92,1,'0'),(93,1,'0'),(94,1,'0'),(95,1,'0'),(96,1,'0'),(97,1,'0'),(98,1,'0'),(99,1,'0'),(100,1,'0'),(101,1,'0'),(102,1,'0'),(103,1,'0'),(104,1,'0'),(105,1,'0'),(107,1,'0'),(108,1,'0'),(109,1,'0'),(110,1,'0'),(111,1,'0'),(112,1,'0'),(113,1,'0'),(114,1,'0'),(115,1,'0'),(116,1,'0'),(118,1,'0'),(119,1,'0'),(120,1,'0'),(121,1,'0'),(122,1,'0'),(123,1,'0'),(124,1,'0'),(125,1,'0'),(126,1,'0'),(127,1,'0'),(128,1,'0'),(129,1,'0'),(130,1,'0'),(131,1,'0'),(132,1,'0'),(133,1,'0'),(134,1,'0'),(135,1,'0'),(136,1,'0'),(137,1,'0'),(138,1,'0'),(139,1,'0'),(140,1,'0'),(141,1,'0'),(142,1,'0'),(143,1,'0'),(144,1,'0'),(145,1,'0'),(146,1,'0'),(147,1,'0'),(148,1,'0');
/*!40000 ALTER TABLE `nectarcrm_crmentity_user_field` ENABLE KEYS */;
UNLOCK TABLES;

--
-- Table structure for table `nectarcrm_crmentityrel`
--

DROP TABLE IF EXISTS `nectarcrm_crmentityrel`;
/*!40101 SET @saved_cs_client     = @@character_set_client */;
/*!40101 SET character_set_client = utf8 */;
CREATE TABLE `nectarcrm_crmentityrel` (
  `crmid` int(11) NOT NULL,
  `module` varchar(100) NOT NULL,
  `relcrmid` int(11) NOT NULL,
  `relmodule` varchar(100) NOT NULL,
  KEY `crmid_idx` (`crmid`),
  KEY `relcrmid_idx` (`relcrmid`)
) ENGINE=InnoDB DEFAULT CHARSET=utf8;
/*!40101 SET character_set_client = @saved_cs_client */;

--
-- Dumping data for table `nectarcrm_crmentityrel`
--

LOCK TABLES `nectarcrm_crmentityrel` WRITE;
/*!40000 ALTER TABLE `nectarcrm_crmentityrel` DISABLE KEYS */;
INSERT INTO `nectarcrm_crmentityrel` VALUES (3,'Leads',4,'Calendar'),(3,'Leads',5,'Calendar'),(8,'Contacts',4,'Calendar'),(8,'Contacts',5,'Calendar'),(40,'Leads',42,'Calendar'),(40,'Leads',43,'Calendar'),(39,'Leads',44,'Emails'),(55,'Accounts',59,'Project'),(64,'Potentials',67,'Invoice'),(74,'Quotes',75,'Calendar'),(72,'Contacts',77,'Emails'),(88,'Products',90,'HelpDesk'),(88,'Products',91,'Quotes'),(88,'Products',92,'PurchaseOrder'),(88,'Products',93,'SalesOrder'),(88,'Products',94,'Invoice'),(88,'Products',95,'PriceBooks'),(88,'Products',96,'Assets'),(98,'Services',99,'HelpDesk'),(98,'Services',90,'HelpDesk'),(98,'Services',101,'Quotes'),(98,'Services',102,'PurchaseOrder'),(98,'Services',103,'Invoice'),(98,'Services',104,'PriceBooks'),(98,'Services',54,'Leads'),(98,'Services',70,'Contacts'),(98,'Services',33,'Accounts'),(98,'Services',19,'Potentials'),(98,'Services',107,'SalesOrder'),(109,'Products',110,'HelpDesk'),(109,'Products',111,'Quotes'),(109,'Products',112,'PurchaseOrder'),(109,'Products',113,'SalesOrder'),(109,'Products',114,'Invoice'),(109,'Products',115,'PriceBooks'),(147,'Accounts',148,'Contacts');
/*!40000 ALTER TABLE `nectarcrm_crmentityrel` ENABLE KEYS */;
UNLOCK TABLES;

--
-- Table structure for table `nectarcrm_crmsetup`
--

DROP TABLE IF EXISTS `nectarcrm_crmsetup`;
/*!40101 SET @saved_cs_client     = @@character_set_client */;
/*!40101 SET character_set_client = utf8 */;
CREATE TABLE `nectarcrm_crmsetup` (
  `userid` int(11) DEFAULT NULL,
  `setup_status` int(2) DEFAULT NULL
) ENGINE=InnoDB DEFAULT CHARSET=utf8;
/*!40101 SET character_set_client = @saved_cs_client */;

--
-- Dumping data for table `nectarcrm_crmsetup`
--

LOCK TABLES `nectarcrm_crmsetup` WRITE;
/*!40000 ALTER TABLE `nectarcrm_crmsetup` DISABLE KEYS */;
INSERT INTO `nectarcrm_crmsetup` VALUES (1,1),(5,1),(8,1),(9,1),(10,1),(11,1),(12,1),(13,1);
/*!40000 ALTER TABLE `nectarcrm_crmsetup` ENABLE KEYS */;
UNLOCK TABLES;

--
-- Table structure for table `nectarcrm_cron_task`
--

DROP TABLE IF EXISTS `nectarcrm_cron_task`;
/*!40101 SET @saved_cs_client     = @@character_set_client */;
/*!40101 SET character_set_client = utf8 */;
CREATE TABLE `nectarcrm_cron_task` (
  `id` int(11) NOT NULL AUTO_INCREMENT,
  `name` varchar(100) DEFAULT NULL,
  `handler_file` varchar(100) DEFAULT NULL,
  `frequency` int(11) DEFAULT NULL,
  `laststart` int(11) unsigned DEFAULT NULL,
  `lastend` int(11) unsigned DEFAULT NULL,
  `status` int(11) DEFAULT NULL,
  `module` varchar(100) DEFAULT NULL,
  `sequence` int(11) DEFAULT NULL,
  `description` text,
  PRIMARY KEY (`id`),
  UNIQUE KEY `name` (`name`),
  UNIQUE KEY `handler_file` (`handler_file`)
) ENGINE=InnoDB AUTO_INCREMENT=8 DEFAULT CHARSET=utf8;
/*!40101 SET character_set_client = @saved_cs_client */;

--
-- Dumping data for table `nectarcrm_cron_task`
--

LOCK TABLES `nectarcrm_cron_task` WRITE;
/*!40000 ALTER TABLE `nectarcrm_cron_task` DISABLE KEYS */;
INSERT INTO `nectarcrm_cron_task` VALUES (1,'Workflow','cron/modules/com_nectarcrm_workflow/com_nectarcrm_workflow.service',900,NULL,NULL,1,'com_nectarcrm_workflow',6,'Recommended frequency for Workflow is 15 mins'),(2,'RecurringInvoice','cron/modules/SalesOrder/RecurringInvoice.service',43200,NULL,NULL,1,'SalesOrder',1,'Recommended frequency for RecurringInvoice is 12 hours'),(3,'SendReminder','cron/SendReminder.service',900,NULL,NULL,1,'Calendar',2,'Recommended frequency for SendReminder is 15 mins'),(5,'MailScanner','cron/MailScanner.service',900,NULL,NULL,1,'Settings',3,'Recommended frequency for MailScanner is 15 mins'),(6,'Scheduled Import','cron/modules/Import/ScheduledImport.service',900,NULL,NULL,0,'Import',4,'Recommended frequency for MailScanner is 15 mins'),(7,'ScheduleReports','cron/modules/Reports/ScheduleReports.service',900,NULL,NULL,1,'Reports',5,'Recommended frequency for ScheduleReports is 15 mins');
/*!40000 ALTER TABLE `nectarcrm_cron_task` ENABLE KEYS */;
UNLOCK TABLES;

--
-- Table structure for table `nectarcrm_currencies`
--

DROP TABLE IF EXISTS `nectarcrm_currencies`;
/*!40101 SET @saved_cs_client     = @@character_set_client */;
/*!40101 SET character_set_client = utf8 */;
CREATE TABLE `nectarcrm_currencies` (
  `currencyid` int(19) NOT NULL AUTO_INCREMENT,
  `currency_name` varchar(200) DEFAULT NULL,
  `currency_code` varchar(50) DEFAULT NULL,
  `currency_symbol` varchar(11) DEFAULT NULL,
  PRIMARY KEY (`currencyid`)
) ENGINE=InnoDB AUTO_INCREMENT=139 DEFAULT CHARSET=utf8;
/*!40101 SET character_set_client = @saved_cs_client */;

--
-- Dumping data for table `nectarcrm_currencies`
--

LOCK TABLES `nectarcrm_currencies` WRITE;
/*!40000 ALTER TABLE `nectarcrm_currencies` DISABLE KEYS */;
INSERT INTO `nectarcrm_currencies` VALUES (1,'Albania, Leke','ALL','Lek'),(2,'Argentina, Pesos','ARS','$'),(3,'Aruba, Guilders','AWG',''),(4,'Australia, Dollars','AUD','$'),(5,'Azerbaijan, New Manats','AZN',''),(6,'Bahamas, Dollars','BSD','$'),(7,'Bahrain, Dinar','BHD','BD'),(8,'Barbados, Dollars','BBD','$'),(9,'Belarus, Rubles','BYR','p.'),(10,'Belize, Dollars','BZD','BZ$'),(11,'Bermuda, Dollars','BMD','$'),(12,'Bolivia, Bolivianos','BOB','$b'),(13,'China, Yuan Renminbi','CNY',''),(14,'Convertible Marka','BAM','KM'),(15,'Botswana, Pulas','BWP','P'),(16,'Bulgaria, Leva','BGN',''),(17,'Brazil, Reais','BRL','R$'),(18,'Great Britain Pounds','GBP',''),(19,'Brunei Darussalam, Dollars','BND','$'),(20,'Canada, Dollars','CAD','$'),(21,'Cayman Islands, Dollars','KYD','$'),(22,'Chile, Pesos','CLP','$'),(23,'Colombia, Pesos','COP','$'),(24,'Costa Rica, Coln','CRC',''),(25,'Croatia, Kuna','HRK','kn'),(26,'Cuba, Pesos','CUP',''),(27,'Czech Republic, Koruny','CZK','K'),(28,'Cyprus, Pounds','CYP',''),(29,'Denmark, Kroner','DKK','kr'),(30,'Dominican Republic, Pesos','DOP','RD$'),(31,'East Caribbean, Dollars','XCD','$'),(32,'Egypt, Pounds','EGP','E'),(33,'El Salvador, Coln','SVC',''),(34,'England, Pounds','GBP',''),(35,'Estonia, Krooni','EEK','kr'),(36,'Euro','EUR',''),(37,'Falkland Islands, Pounds','FKP',''),(38,'Fiji, Dollars','FJD','$'),(39,'Ghana, Cedis','GHC',''),(40,'Gibraltar, Pounds','GIP',''),(41,'Guatemala, Quetzales','GTQ','Q'),(42,'Guernsey, Pounds','GGP',''),(43,'Guyana, Dollars','GYD','$'),(44,'Honduras, Lempiras','HNL','L'),(45,'Hong Kong, Dollars','HKD','HK$'),(46,'Hungary, Forint','HUF','Ft'),(47,'Iceland, Krona','ISK','kr'),(48,'India, Rupees','INR',''),(49,'Indonesia, Rupiahs','IDR','Rp'),(50,'Iran, Rials','IRR',''),(51,'Isle of Man, Pounds','IMP',''),(52,'Israel, New Shekels','ILS',''),(53,'Jamaica, Dollars','JMD','J$'),(54,'Japan, Yen','JPY',''),(55,'Jersey, Pounds','JEP',''),(56,'Jordan, Dinar','JOD','JOD'),(57,'Kazakhstan, Tenge','KZT',''),(58,'Kenya, Shilling','KES','KES'),(59,'Korea (North), Won','KPW',''),(60,'Korea (South), Won','KRW',''),(61,'Kuwait, Dinar','KWD','KWD'),(62,'Kyrgyzstan, Soms','KGS',''),(63,'Laos, Kips','LAK',''),(64,'Latvia, Lati','LVL','Ls'),(65,'Lebanon, Pounds','LBP',''),(66,'Liberia, Dollars','LRD','$'),(67,'Switzerland Francs','CHF','CHF'),(68,'Lithuania, Litai','LTL','Lt'),(69,'MADAGASCAR, Malagasy Ariary','MGA','MGA'),(70,'Macedonia, Denars','MKD',''),(71,'Malaysia, Ringgits','MYR','RM'),(72,'Malta, Liri','MTL',''),(73,'Mauritius, Rupees','MUR',''),(74,'Mexico, Pesos','MXN','$'),(75,'Mongolia, Tugriks','MNT',''),(76,'Mozambique, Meticais','MZN','MT'),(77,'Namibia, Dollars','NAD','$'),(78,'Nepal, Rupees','NPR',''),(79,'Netherlands Antilles, Guilders','ANG',''),(80,'New Zealand, Dollars','NZD','$'),(81,'Nicaragua, Cordobas','NIO','C$'),(82,'Nigeria, Nairas','NGN',''),(83,'North Korea, Won','KPW',''),(84,'Norway, Krone','NOK','kr'),(85,'Oman, Rials','OMR',''),(86,'Pakistan, Rupees','PKR',''),(87,'Panama, Balboa','PAB','B/.'),(88,'Paraguay, Guarani','PYG','Gs'),(89,'Peru, Nuevos Soles','PEN','S/.'),(90,'Philippines, Pesos','PHP','Php'),(91,'Poland, Zlotych','PLN','z'),(92,'Qatar, Rials','QAR',''),(93,'Romania, New Lei','RON','lei'),(94,'Russia, Rubles','RUB',''),(95,'Saint Helena, Pounds','SHP',''),(96,'Saudi Arabia, Riyals','SAR',''),(97,'Serbia, Dinars','RSD','.'),(98,'Seychelles, Rupees','SCR',''),(99,'Singapore, Dollars','SGD','$'),(100,'Solomon Islands, Dollars','SBD','$'),(101,'Somalia, Shillings','SOS','S'),(102,'South Africa, Rand','ZAR','R'),(103,'South Korea, Won','KRW',''),(104,'Sri Lanka, Rupees','LKR',''),(105,'Sweden, Kronor','SEK','kr'),(106,'Switzerland, Francs','CHF','CHF'),(107,'Suriname, Dollars','SRD','$'),(108,'Syria, Pounds','SYP',''),(109,'Taiwan, New Dollars','TWD','NT$'),(110,'Thailand, Baht','THB',''),(111,'Trinidad and Tobago, Dollars','TTD','TT$'),(112,'Turkey, New Lira','TRY','YTL'),(113,'Turkey, Liras','TRL',''),(114,'Tuvalu, Dollars','TVD','$'),(115,'Ukraine, Hryvnia','UAH',''),(116,'United Arab Emirates, Dirham','AED','AED'),(117,'United Kingdom, Pounds','GBP',''),(118,'United Republic of Tanzania, Shilling','TZS','TZS'),(119,'USA, Dollars','USD','$'),(120,'Uruguay, Pesos','UYU','$U'),(121,'Uzbekistan, Sums','UZS',''),(122,'Venezuela, Bolivares Fuertes','VEF','Bs'),(123,'Vietnam, Dong','VND',''),(124,'Zambia, Kwacha','ZMK','ZMK'),(125,'Yemen, Rials','YER',''),(126,'Zimbabwe Dollars','ZWD','Z$'),(127,'Malawi, Kwacha','MWK','MK'),(128,'Tunisian, Dinar','TD','TD'),(129,'Moroccan, Dirham','MAD','DH'),(130,'Iraqi Dinar','IQD','ID'),(131,'Maldivian Ruffiya','MVR','MVR'),(132,'Ugandan Shilling','UGX','Sh'),(133,'Sudanese Pound','SDG',''),(134,'CFA Franc BCEAO','XOF','CFA'),(135,'CFA Franc BEAC','XAF','CFA'),(136,'Haiti, Gourde','HTG','G'),(137,'Libya, Dinar','LYD','LYD'),(138,'CFP Franc','XPF','F');
/*!40000 ALTER TABLE `nectarcrm_currencies` ENABLE KEYS */;
UNLOCK TABLES;

--
-- Table structure for table `nectarcrm_currencies_seq`
--

DROP TABLE IF EXISTS `nectarcrm_currencies_seq`;
/*!40101 SET @saved_cs_client     = @@character_set_client */;
/*!40101 SET character_set_client = utf8 */;
CREATE TABLE `nectarcrm_currencies_seq` (
  `id` int(11) NOT NULL
) ENGINE=InnoDB DEFAULT CHARSET=utf8;
/*!40101 SET character_set_client = @saved_cs_client */;

--
-- Dumping data for table `nectarcrm_currencies_seq`
--

LOCK TABLES `nectarcrm_currencies_seq` WRITE;
/*!40000 ALTER TABLE `nectarcrm_currencies_seq` DISABLE KEYS */;
INSERT INTO `nectarcrm_currencies_seq` VALUES (138);
/*!40000 ALTER TABLE `nectarcrm_currencies_seq` ENABLE KEYS */;
UNLOCK TABLES;

--
-- Table structure for table `nectarcrm_currency`
--

DROP TABLE IF EXISTS `nectarcrm_currency`;
/*!40101 SET @saved_cs_client     = @@character_set_client */;
/*!40101 SET character_set_client = utf8 */;
CREATE TABLE `nectarcrm_currency` (
  `currencyid` int(19) NOT NULL AUTO_INCREMENT,
  `currency` varchar(200) NOT NULL,
  `sortorderid` int(19) NOT NULL DEFAULT '0',
  `presence` int(1) NOT NULL DEFAULT '1',
  PRIMARY KEY (`currencyid`),
  UNIQUE KEY `currency_currency_idx` (`currency`)
) ENGINE=InnoDB DEFAULT CHARSET=utf8;
/*!40101 SET character_set_client = @saved_cs_client */;

--
-- Dumping data for table `nectarcrm_currency`
--

LOCK TABLES `nectarcrm_currency` WRITE;
/*!40000 ALTER TABLE `nectarcrm_currency` DISABLE KEYS */;
/*!40000 ALTER TABLE `nectarcrm_currency` ENABLE KEYS */;
UNLOCK TABLES;

--
-- Table structure for table `nectarcrm_currency_decimal_separator`
--

DROP TABLE IF EXISTS `nectarcrm_currency_decimal_separator`;
/*!40101 SET @saved_cs_client     = @@character_set_client */;
/*!40101 SET character_set_client = utf8 */;
CREATE TABLE `nectarcrm_currency_decimal_separator` (
  `currency_decimal_separatorid` int(19) NOT NULL AUTO_INCREMENT,
  `currency_decimal_separator` varchar(2) NOT NULL,
  `sortorderid` int(19) NOT NULL DEFAULT '0',
  `presence` int(1) NOT NULL DEFAULT '1',
  PRIMARY KEY (`currency_decimal_separatorid`)
) ENGINE=InnoDB AUTO_INCREMENT=6 DEFAULT CHARSET=utf8;
/*!40101 SET character_set_client = @saved_cs_client */;

--
-- Dumping data for table `nectarcrm_currency_decimal_separator`
--

LOCK TABLES `nectarcrm_currency_decimal_separator` WRITE;
/*!40000 ALTER TABLE `nectarcrm_currency_decimal_separator` DISABLE KEYS */;
INSERT INTO `nectarcrm_currency_decimal_separator` VALUES (1,'.',0,1),(2,',',1,1),(3,'\'',2,1),(4,' ',3,1),(5,'$',4,1);
/*!40000 ALTER TABLE `nectarcrm_currency_decimal_separator` ENABLE KEYS */;
UNLOCK TABLES;

--
-- Table structure for table `nectarcrm_currency_decimal_separator_seq`
--

DROP TABLE IF EXISTS `nectarcrm_currency_decimal_separator_seq`;
/*!40101 SET @saved_cs_client     = @@character_set_client */;
/*!40101 SET character_set_client = utf8 */;
CREATE TABLE `nectarcrm_currency_decimal_separator_seq` (
  `id` int(11) NOT NULL
) ENGINE=InnoDB DEFAULT CHARSET=utf8;
/*!40101 SET character_set_client = @saved_cs_client */;

--
-- Dumping data for table `nectarcrm_currency_decimal_separator_seq`
--

LOCK TABLES `nectarcrm_currency_decimal_separator_seq` WRITE;
/*!40000 ALTER TABLE `nectarcrm_currency_decimal_separator_seq` DISABLE KEYS */;
INSERT INTO `nectarcrm_currency_decimal_separator_seq` VALUES (5);
/*!40000 ALTER TABLE `nectarcrm_currency_decimal_separator_seq` ENABLE KEYS */;
UNLOCK TABLES;

--
-- Table structure for table `nectarcrm_currency_grouping_pattern`
--

DROP TABLE IF EXISTS `nectarcrm_currency_grouping_pattern`;
/*!40101 SET @saved_cs_client     = @@character_set_client */;
/*!40101 SET character_set_client = utf8 */;
CREATE TABLE `nectarcrm_currency_grouping_pattern` (
  `currency_grouping_patternid` int(19) NOT NULL AUTO_INCREMENT,
  `currency_grouping_pattern` varchar(200) NOT NULL,
  `sortorderid` int(19) NOT NULL DEFAULT '0',
  `presence` int(1) NOT NULL DEFAULT '1',
  PRIMARY KEY (`currency_grouping_patternid`)
) ENGINE=InnoDB AUTO_INCREMENT=5 DEFAULT CHARSET=utf8;
/*!40101 SET character_set_client = @saved_cs_client */;

--
-- Dumping data for table `nectarcrm_currency_grouping_pattern`
--

LOCK TABLES `nectarcrm_currency_grouping_pattern` WRITE;
/*!40000 ALTER TABLE `nectarcrm_currency_grouping_pattern` DISABLE KEYS */;
INSERT INTO `nectarcrm_currency_grouping_pattern` VALUES (1,'123,456,789',0,1),(2,'123456789',1,1),(3,'123456,789',2,1),(4,'12,34,56,789',3,1);
/*!40000 ALTER TABLE `nectarcrm_currency_grouping_pattern` ENABLE KEYS */;
UNLOCK TABLES;

--
-- Table structure for table `nectarcrm_currency_grouping_pattern_seq`
--

DROP TABLE IF EXISTS `nectarcrm_currency_grouping_pattern_seq`;
/*!40101 SET @saved_cs_client     = @@character_set_client */;
/*!40101 SET character_set_client = utf8 */;
CREATE TABLE `nectarcrm_currency_grouping_pattern_seq` (
  `id` int(11) NOT NULL
) ENGINE=InnoDB DEFAULT CHARSET=utf8;
/*!40101 SET character_set_client = @saved_cs_client */;

--
-- Dumping data for table `nectarcrm_currency_grouping_pattern_seq`
--

LOCK TABLES `nectarcrm_currency_grouping_pattern_seq` WRITE;
/*!40000 ALTER TABLE `nectarcrm_currency_grouping_pattern_seq` DISABLE KEYS */;
INSERT INTO `nectarcrm_currency_grouping_pattern_seq` VALUES (4);
/*!40000 ALTER TABLE `nectarcrm_currency_grouping_pattern_seq` ENABLE KEYS */;
UNLOCK TABLES;

--
-- Table structure for table `nectarcrm_currency_grouping_separator`
--

DROP TABLE IF EXISTS `nectarcrm_currency_grouping_separator`;
/*!40101 SET @saved_cs_client     = @@character_set_client */;
/*!40101 SET character_set_client = utf8 */;
CREATE TABLE `nectarcrm_currency_grouping_separator` (
  `currency_grouping_separatorid` int(19) NOT NULL AUTO_INCREMENT,
  `currency_grouping_separator` varchar(2) NOT NULL,
  `sortorderid` int(19) NOT NULL DEFAULT '0',
  `presence` int(1) NOT NULL DEFAULT '1',
  PRIMARY KEY (`currency_grouping_separatorid`)
) ENGINE=InnoDB AUTO_INCREMENT=6 DEFAULT CHARSET=utf8;
/*!40101 SET character_set_client = @saved_cs_client */;

--
-- Dumping data for table `nectarcrm_currency_grouping_separator`
--

LOCK TABLES `nectarcrm_currency_grouping_separator` WRITE;
/*!40000 ALTER TABLE `nectarcrm_currency_grouping_separator` DISABLE KEYS */;
INSERT INTO `nectarcrm_currency_grouping_separator` VALUES (1,',',0,1),(2,'.',1,1),(3,'\'',2,1),(4,' ',3,1),(5,'$',4,1);
/*!40000 ALTER TABLE `nectarcrm_currency_grouping_separator` ENABLE KEYS */;
UNLOCK TABLES;

--
-- Table structure for table `nectarcrm_currency_grouping_separator_seq`
--

DROP TABLE IF EXISTS `nectarcrm_currency_grouping_separator_seq`;
/*!40101 SET @saved_cs_client     = @@character_set_client */;
/*!40101 SET character_set_client = utf8 */;
CREATE TABLE `nectarcrm_currency_grouping_separator_seq` (
  `id` int(11) NOT NULL
) ENGINE=InnoDB DEFAULT CHARSET=utf8;
/*!40101 SET character_set_client = @saved_cs_client */;

--
-- Dumping data for table `nectarcrm_currency_grouping_separator_seq`
--

LOCK TABLES `nectarcrm_currency_grouping_separator_seq` WRITE;
/*!40000 ALTER TABLE `nectarcrm_currency_grouping_separator_seq` DISABLE KEYS */;
INSERT INTO `nectarcrm_currency_grouping_separator_seq` VALUES (5);
/*!40000 ALTER TABLE `nectarcrm_currency_grouping_separator_seq` ENABLE KEYS */;
UNLOCK TABLES;

--
-- Table structure for table `nectarcrm_currency_info`
--

DROP TABLE IF EXISTS `nectarcrm_currency_info`;
/*!40101 SET @saved_cs_client     = @@character_set_client */;
/*!40101 SET character_set_client = utf8 */;
CREATE TABLE `nectarcrm_currency_info` (
  `id` int(11) NOT NULL AUTO_INCREMENT,
  `currency_name` varchar(100) DEFAULT NULL,
  `currency_code` varchar(100) DEFAULT NULL,
  `currency_symbol` varchar(30) DEFAULT NULL,
  `conversion_rate` decimal(12,5) DEFAULT NULL,
  `currency_status` varchar(25) DEFAULT NULL,
  `defaultid` varchar(10) NOT NULL DEFAULT '0',
  `deleted` int(1) NOT NULL DEFAULT '0',
  PRIMARY KEY (`id`)
) ENGINE=InnoDB AUTO_INCREMENT=3 DEFAULT CHARSET=utf8;
/*!40101 SET character_set_client = @saved_cs_client */;

--
-- Dumping data for table `nectarcrm_currency_info`
--

LOCK TABLES `nectarcrm_currency_info` WRITE;
/*!40000 ALTER TABLE `nectarcrm_currency_info` DISABLE KEYS */;
INSERT INTO `nectarcrm_currency_info` VALUES (1,'India, Rupees','INR','',1.00000,'Active','-11',0),(2,'Azerbaijan, New Manats','AZN','',90.00000,'Active','0',1);
/*!40000 ALTER TABLE `nectarcrm_currency_info` ENABLE KEYS */;
UNLOCK TABLES;

--
-- Table structure for table `nectarcrm_currency_info_seq`
--

DROP TABLE IF EXISTS `nectarcrm_currency_info_seq`;
/*!40101 SET @saved_cs_client     = @@character_set_client */;
/*!40101 SET character_set_client = utf8 */;
CREATE TABLE `nectarcrm_currency_info_seq` (
  `id` int(11) NOT NULL
) ENGINE=InnoDB DEFAULT CHARSET=utf8;
/*!40101 SET character_set_client = @saved_cs_client */;

--
-- Dumping data for table `nectarcrm_currency_info_seq`
--

LOCK TABLES `nectarcrm_currency_info_seq` WRITE;
/*!40000 ALTER TABLE `nectarcrm_currency_info_seq` DISABLE KEYS */;
INSERT INTO `nectarcrm_currency_info_seq` VALUES (2);
/*!40000 ALTER TABLE `nectarcrm_currency_info_seq` ENABLE KEYS */;
UNLOCK TABLES;

--
-- Table structure for table `nectarcrm_currency_symbol_placement`
--

DROP TABLE IF EXISTS `nectarcrm_currency_symbol_placement`;
/*!40101 SET @saved_cs_client     = @@character_set_client */;
/*!40101 SET character_set_client = utf8 */;
CREATE TABLE `nectarcrm_currency_symbol_placement` (
  `currency_symbol_placementid` int(19) NOT NULL AUTO_INCREMENT,
  `currency_symbol_placement` varchar(30) NOT NULL,
  `sortorderid` int(19) NOT NULL DEFAULT '0',
  `presence` int(1) NOT NULL DEFAULT '1',
  PRIMARY KEY (`currency_symbol_placementid`)
) ENGINE=InnoDB AUTO_INCREMENT=3 DEFAULT CHARSET=utf8;
/*!40101 SET character_set_client = @saved_cs_client */;

--
-- Dumping data for table `nectarcrm_currency_symbol_placement`
--

LOCK TABLES `nectarcrm_currency_symbol_placement` WRITE;
/*!40000 ALTER TABLE `nectarcrm_currency_symbol_placement` DISABLE KEYS */;
INSERT INTO `nectarcrm_currency_symbol_placement` VALUES (1,'$1.0',0,1),(2,'1.0$',1,1);
/*!40000 ALTER TABLE `nectarcrm_currency_symbol_placement` ENABLE KEYS */;
UNLOCK TABLES;

--
-- Table structure for table `nectarcrm_currency_symbol_placement_seq`
--

DROP TABLE IF EXISTS `nectarcrm_currency_symbol_placement_seq`;
/*!40101 SET @saved_cs_client     = @@character_set_client */;
/*!40101 SET character_set_client = utf8 */;
CREATE TABLE `nectarcrm_currency_symbol_placement_seq` (
  `id` int(11) NOT NULL
) ENGINE=InnoDB DEFAULT CHARSET=utf8;
/*!40101 SET character_set_client = @saved_cs_client */;

--
-- Dumping data for table `nectarcrm_currency_symbol_placement_seq`
--

LOCK TABLES `nectarcrm_currency_symbol_placement_seq` WRITE;
/*!40000 ALTER TABLE `nectarcrm_currency_symbol_placement_seq` DISABLE KEYS */;
INSERT INTO `nectarcrm_currency_symbol_placement_seq` VALUES (2);
/*!40000 ALTER TABLE `nectarcrm_currency_symbol_placement_seq` ENABLE KEYS */;
UNLOCK TABLES;

--
-- Table structure for table `nectarcrm_customaction`
--

DROP TABLE IF EXISTS `nectarcrm_customaction`;
/*!40101 SET @saved_cs_client     = @@character_set_client */;
/*!40101 SET character_set_client = utf8 */;
CREATE TABLE `nectarcrm_customaction` (
  `cvid` int(19) NOT NULL,
  `subject` varchar(250) NOT NULL,
  `module` varchar(50) NOT NULL,
  `content` text,
  KEY `customaction_cvid_idx` (`cvid`),
  CONSTRAINT `fk_1_nectarcrm_customaction` FOREIGN KEY (`cvid`) REFERENCES `nectarcrm_customview` (`cvid`) ON DELETE CASCADE
) ENGINE=InnoDB DEFAULT CHARSET=utf8;
/*!40101 SET character_set_client = @saved_cs_client */;

--
-- Dumping data for table `nectarcrm_customaction`
--

LOCK TABLES `nectarcrm_customaction` WRITE;
/*!40000 ALTER TABLE `nectarcrm_customaction` DISABLE KEYS */;
/*!40000 ALTER TABLE `nectarcrm_customaction` ENABLE KEYS */;
UNLOCK TABLES;

--
-- Table structure for table `nectarcrm_customerdetails`
--

DROP TABLE IF EXISTS `nectarcrm_customerdetails`;
/*!40101 SET @saved_cs_client     = @@character_set_client */;
/*!40101 SET character_set_client = utf8 */;
CREATE TABLE `nectarcrm_customerdetails` (
  `customerid` int(19) NOT NULL,
  `portal` varchar(3) DEFAULT NULL,
  `support_start_date` date DEFAULT NULL,
  `support_end_date` date DEFAULT NULL,
  PRIMARY KEY (`customerid`),
  CONSTRAINT `fk_1_nectarcrm_customerdetails` FOREIGN KEY (`customerid`) REFERENCES `nectarcrm_contactdetails` (`contactid`) ON DELETE CASCADE
) ENGINE=InnoDB DEFAULT CHARSET=utf8;
/*!40101 SET character_set_client = @saved_cs_client */;

--
-- Dumping data for table `nectarcrm_customerdetails`
--

LOCK TABLES `nectarcrm_customerdetails` WRITE;
/*!40000 ALTER TABLE `nectarcrm_customerdetails` DISABLE KEYS */;
INSERT INTO `nectarcrm_customerdetails` VALUES (8,'0',NULL,NULL),(15,'0','2018-08-27','2019-08-27'),(56,'0','2019-11-18','2020-11-18'),(62,'0',NULL,NULL),(70,'0',NULL,NULL),(72,'0',NULL,NULL),(85,'0',NULL,NULL),(124,'0','2019-11-20','2020-11-20'),(130,'0','2019-11-20','2020-11-20'),(148,'0',NULL,NULL);
/*!40000 ALTER TABLE `nectarcrm_customerdetails` ENABLE KEYS */;
UNLOCK TABLES;

--
-- Table structure for table `nectarcrm_customerportal_fields`
--

DROP TABLE IF EXISTS `nectarcrm_customerportal_fields`;
/*!40101 SET @saved_cs_client     = @@character_set_client */;
/*!40101 SET character_set_client = utf8 */;
CREATE TABLE `nectarcrm_customerportal_fields` (
  `tabid` int(19) NOT NULL,
  `fieldinfo` text,
  `records_visible` int(1) DEFAULT NULL,
  PRIMARY KEY (`tabid`)
) ENGINE=InnoDB DEFAULT CHARSET=utf8;
/*!40101 SET character_set_client = @saved_cs_client */;

--
-- Dumping data for table `nectarcrm_customerportal_fields`
--

LOCK TABLES `nectarcrm_customerportal_fields` WRITE;
/*!40000 ALTER TABLE `nectarcrm_customerportal_fields` DISABLE KEYS */;
INSERT INTO `nectarcrm_customerportal_fields` VALUES (4,'{\"lastname\":1,\"assigned_user_id\":1}',1),(6,'{\"accountname\":1,\"assigned_user_id\":1}',1),(8,'{\"notes_title\":1,\"assigned_user_id\":1,\"filename\":0}',1),(13,'{\"ticket_title\":1,\"assigned_user_id\":1,\"ticketpriorities\":1,\"ticketstatus\":1,\"description\":1,\"product_id\":1,\"ticketseverities\":1,\"ticketcategories\":1}',1),(14,'{\"productname\":1,\"assigned_user_id\":1}',1),(15,'{\"faqstatus\":1,\"question\":1,\"faq_answer\":1}',1),(20,'{\"subject\":1,\"quotestage\":1,\"account_id\":1,\"assigned_user_id\":1,\"bill_street\":1,\"ship_street\":1}',1),(23,'{\"subject\":1,\"account_id\":1,\"assigned_user_id\":1,\"bill_street\":1,\"ship_street\":1}',1),(32,'{\"servicename\":1}',1),(34,'{\"subject\":1,\"assigned_user_id\":1}',NULL),(40,'{\"product\":1,\"serialnumber\":1,\"assigned_user_id\":1,\"datesold\":1,\"dateinservice\":1,\"assetstatus\":1,\"assetname\":1,\"account\":1}',1),(44,'{\"projectmilestonename\":1,\"projectid\":1,\"assigned_user_id\":1}',1),(45,'{\"projecttaskname\":1,\"projectid\":1,\"assigned_user_id\":1}',1),(46,'{\"projectname\":1,\"assigned_user_id\":1}',1);
/*!40000 ALTER TABLE `nectarcrm_customerportal_fields` ENABLE KEYS */;
UNLOCK TABLES;

--
-- Table structure for table `nectarcrm_customerportal_prefs`
--

DROP TABLE IF EXISTS `nectarcrm_customerportal_prefs`;
/*!40101 SET @saved_cs_client     = @@character_set_client */;
/*!40101 SET character_set_client = utf8 */;
CREATE TABLE `nectarcrm_customerportal_prefs` (
  `tabid` int(19) NOT NULL,
  `prefkey` varchar(100) NOT NULL,
  `prefvalue` int(20) DEFAULT NULL,
  PRIMARY KEY (`tabid`,`prefkey`)
) ENGINE=InnoDB DEFAULT CHARSET=utf8;
/*!40101 SET character_set_client = @saved_cs_client */;

--
-- Dumping data for table `nectarcrm_customerportal_prefs`
--

LOCK TABLES `nectarcrm_customerportal_prefs` WRITE;
/*!40000 ALTER TABLE `nectarcrm_customerportal_prefs` DISABLE KEYS */;
INSERT INTO `nectarcrm_customerportal_prefs` VALUES (0,'defaultassignee',1),(0,'userid',1),(4,'showrelatedinfo',1),(6,'showrelatedinfo',1),(8,'showrelatedinfo',1),(13,'showrelatedinfo',1),(14,'showrelatedinfo',1),(15,'showrelatedinfo',1),(20,'showrelatedinfo',1),(23,'showrelatedinfo',1),(32,'showrelatedinfo',1),(40,'showrelatedinfo',1),(44,'showrelatedinfo',1),(45,'showrelatedinfo',1),(46,'showrelatedinfo',1);
/*!40000 ALTER TABLE `nectarcrm_customerportal_prefs` ENABLE KEYS */;
UNLOCK TABLES;

--
-- Table structure for table `nectarcrm_customerportal_relatedmoduleinfo`
--

DROP TABLE IF EXISTS `nectarcrm_customerportal_relatedmoduleinfo`;
/*!40101 SET @saved_cs_client     = @@character_set_client */;
/*!40101 SET character_set_client = utf8 */;
CREATE TABLE `nectarcrm_customerportal_relatedmoduleinfo` (
  `tabid` int(19) NOT NULL,
  `relatedmodules` text,
  PRIMARY KEY (`tabid`)
) ENGINE=InnoDB DEFAULT CHARSET=utf8;
/*!40101 SET character_set_client = @saved_cs_client */;

--
-- Dumping data for table `nectarcrm_customerportal_relatedmoduleinfo`
--

LOCK TABLES `nectarcrm_customerportal_relatedmoduleinfo` WRITE;
/*!40000 ALTER TABLE `nectarcrm_customerportal_relatedmoduleinfo` DISABLE KEYS */;
INSERT INTO `nectarcrm_customerportal_relatedmoduleinfo` VALUES (8,'[{\"name\":\"History\",\"value\":1}]'),(13,'[{\"name\":\"History\",\"value\":1},{\"name\":\"ModComments\",\"value\":1},{\"name\":\"Documents\",\"value\":1}]'),(14,'[{\"name\":\"History\",\"value\":1}]'),(20,'[{\"name\":\"History\",\"value\":1}]'),(23,'[{\"name\":\"History\",\"value\":1}]'),(32,'[{\"name\":\"History\",\"value\":1}]'),(34,'[{\"name\":\"History\",\"value\":1}]'),(40,'[{\"name\":\"History\",\"value\":1}]'),(44,'[{\"name\":\"History\",\"value\":1}]'),(45,'[{\"name\":\"History\",\"value\":1},{\"name\":\"ModComments\",\"value\":1}]'),(46,'[{\"name\":\"History\",\"value\":1},{\"name\":\"ModComments\",\"value\":1},{\"name\":\"ProjectTask\",\"value\":1},{\"name\":\"ProjectMilestone\",\"value\":1},{\"name\":\"Documents\",\"value\":1}]');
/*!40000 ALTER TABLE `nectarcrm_customerportal_relatedmoduleinfo` ENABLE KEYS */;
UNLOCK TABLES;

--
-- Table structure for table `nectarcrm_customerportal_settings`
--

DROP TABLE IF EXISTS `nectarcrm_customerportal_settings`;
/*!40101 SET @saved_cs_client     = @@character_set_client */;
/*!40101 SET character_set_client = utf8 */;
CREATE TABLE `nectarcrm_customerportal_settings` (
  `id` int(11) DEFAULT NULL,
  `url` varchar(250) DEFAULT NULL,
  `default_assignee` int(11) DEFAULT NULL,
  `support_notification` int(11) DEFAULT NULL,
  `announcement` text,
  `shortcuts` text,
  `widgets` text,
  `charts` text
) ENGINE=InnoDB DEFAULT CHARSET=utf8;
/*!40101 SET character_set_client = @saved_cs_client */;

--
-- Dumping data for table `nectarcrm_customerportal_settings`
--

LOCK TABLES `nectarcrm_customerportal_settings` WRITE;
/*!40000 ALTER TABLE `nectarcrm_customerportal_settings` DISABLE KEYS */;
INSERT INTO `nectarcrm_customerportal_settings` VALUES (1,NULL,1,NULL,NULL,'{\"Documents\":{\"LBL_ADD_DOCUMENT\":1},\"HelpDesk\":{\"LBL_CREATE_TICKET\":1,\"LBL_OPEN_TICKETS\":1}}','{\"widgets\":{\"HelpDesk\":1,\"Documents\":1,\"Faq\":1}}','{\"charts\":{\"OpenTicketsByPriority\":1,\"TicketsClosureTimeByPriority\":1}}');
/*!40000 ALTER TABLE `nectarcrm_customerportal_settings` ENABLE KEYS */;
UNLOCK TABLES;

--
-- Table structure for table `nectarcrm_customerportal_tabs`
--

DROP TABLE IF EXISTS `nectarcrm_customerportal_tabs`;
/*!40101 SET @saved_cs_client     = @@character_set_client */;
/*!40101 SET character_set_client = utf8 */;
CREATE TABLE `nectarcrm_customerportal_tabs` (
  `tabid` int(19) NOT NULL,
  `visible` int(1) DEFAULT '1',
  `sequence` int(1) DEFAULT NULL,
  `createrecord` tinyint(1) NOT NULL DEFAULT '0',
  `editrecord` tinyint(1) NOT NULL DEFAULT '0',
  PRIMARY KEY (`tabid`)
) ENGINE=InnoDB DEFAULT CHARSET=utf8;
/*!40101 SET character_set_client = @saved_cs_client */;

--
-- Dumping data for table `nectarcrm_customerportal_tabs`
--

LOCK TABLES `nectarcrm_customerportal_tabs` WRITE;
/*!40000 ALTER TABLE `nectarcrm_customerportal_tabs` DISABLE KEYS */;
INSERT INTO `nectarcrm_customerportal_tabs` VALUES (4,0,9,0,1),(6,0,10,0,1),(8,1,8,1,0),(13,1,2,1,1),(14,1,6,0,0),(15,1,3,0,0),(20,1,5,0,0),(23,1,4,0,0),(32,1,7,0,0),(34,1,25,0,0),(40,1,11,0,1),(44,1,12,0,0),(45,1,13,0,0),(46,1,14,0,0);
/*!40000 ALTER TABLE `nectarcrm_customerportal_tabs` ENABLE KEYS */;
UNLOCK TABLES;

--
-- Table structure for table `nectarcrm_customview`
--

DROP TABLE IF EXISTS `nectarcrm_customview`;
/*!40101 SET @saved_cs_client     = @@character_set_client */;
/*!40101 SET character_set_client = utf8 */;
CREATE TABLE `nectarcrm_customview` (
  `cvid` int(19) NOT NULL,
  `viewname` varchar(100) NOT NULL,
  `setdefault` int(1) DEFAULT '0',
  `setmetrics` int(1) DEFAULT '0',
  `entitytype` varchar(25) NOT NULL,
  `status` int(1) DEFAULT '1',
  `userid` int(19) DEFAULT '1',
  PRIMARY KEY (`cvid`),
  KEY `customview_entitytype_idx` (`entitytype`),
  CONSTRAINT `fk_1_nectarcrm_customview` FOREIGN KEY (`entitytype`) REFERENCES `nectarcrm_tab` (`name`) ON DELETE CASCADE
) ENGINE=InnoDB DEFAULT CHARSET=utf8;
/*!40101 SET character_set_client = @saved_cs_client */;

--
-- Dumping data for table `nectarcrm_customview`
--

LOCK TABLES `nectarcrm_customview` WRITE;
/*!40000 ALTER TABLE `nectarcrm_customview` DISABLE KEYS */;
INSERT INTO `nectarcrm_customview` VALUES (1,'All',1,0,'Leads',0,1),(2,'Hot Leads',0,1,'Leads',3,1),(3,'This Month Leads',0,0,'Leads',3,1),(4,'All',1,0,'Accounts',0,1),(5,'Prospect Accounts',0,1,'Accounts',3,1),(6,'New This Week',0,0,'Accounts',3,1),(7,'All',1,0,'Contacts',0,1),(8,'Contacts Address',0,0,'Contacts',3,1),(9,'Todays Birthday',0,0,'Contacts',3,1),(10,'All',1,0,'Potentials',0,1),(11,'Potentials Won',0,1,'Potentials',3,1),(12,'Prospecting',0,0,'Potentials',3,1),(13,'All',1,0,'HelpDesk',0,1),(14,'Open Tickets',0,1,'HelpDesk',3,1),(15,'High Prioriy Tickets',0,0,'HelpDesk',3,1),(16,'All',1,0,'Quotes',0,1),(17,'Open Quotes',0,1,'Quotes',3,1),(18,'Rejected Quotes',0,0,'Quotes',3,1),(19,'All',1,0,'Calendar',0,1),(20,'All',1,0,'Emails',0,1),(21,'All',1,0,'Invoice',0,1),(22,'All',1,0,'Documents',0,1),(23,'All',1,0,'PriceBooks',0,1),(24,'All',1,0,'Products',0,1),(25,'All',1,0,'PurchaseOrder',0,1),(26,'All',1,0,'SalesOrder',0,1),(27,'All',1,0,'Vendors',0,1),(28,'All',1,0,'Faq',0,1),(29,'All',1,0,'Campaigns',0,1),(30,'All',1,0,'Webmails',0,1),(31,'Drafted FAQ',0,0,'Faq',3,1),(32,'Published FAQ',0,0,'Faq',3,1),(33,'Open Purchase Orders',0,0,'PurchaseOrder',3,1),(34,'Received Purchase Orders',0,0,'PurchaseOrder',3,1),(35,'Open Invoices',0,0,'Invoice',3,1),(36,'Paid Invoices',0,0,'Invoice',3,1),(37,'Pending Sales Orders',0,0,'SalesOrder',3,1),(38,'All',1,0,'PBXManager',0,1),(39,'All',1,0,'Services',0,1),(40,'All',1,0,'ServiceContracts',0,1),(41,'All',1,0,'Assets',0,1),(42,'All',0,0,'ModComments',0,1),(46,'All',0,0,'SMSNotifier',0,1),(47,'All',1,0,'ProjectMilestone',0,1),(48,'All',1,0,'ProjectTask',0,1),(49,'All',1,0,'Project',0,1),(50,'n',0,0,'Contacts',1,1);
/*!40000 ALTER TABLE `nectarcrm_customview` ENABLE KEYS */;
UNLOCK TABLES;

--
-- Table structure for table `nectarcrm_customview_seq`
--

DROP TABLE IF EXISTS `nectarcrm_customview_seq`;
/*!40101 SET @saved_cs_client     = @@character_set_client */;
/*!40101 SET character_set_client = utf8 */;
CREATE TABLE `nectarcrm_customview_seq` (
  `id` int(11) NOT NULL
) ENGINE=InnoDB DEFAULT CHARSET=utf8;
/*!40101 SET character_set_client = @saved_cs_client */;

--
-- Dumping data for table `nectarcrm_customview_seq`
--

LOCK TABLES `nectarcrm_customview_seq` WRITE;
/*!40000 ALTER TABLE `nectarcrm_customview_seq` DISABLE KEYS */;
INSERT INTO `nectarcrm_customview_seq` VALUES (50);
/*!40000 ALTER TABLE `nectarcrm_customview_seq` ENABLE KEYS */;
UNLOCK TABLES;

--
-- Table structure for table `nectarcrm_cv2group`
--

DROP TABLE IF EXISTS `nectarcrm_cv2group`;
/*!40101 SET @saved_cs_client     = @@character_set_client */;
/*!40101 SET character_set_client = utf8 */;
CREATE TABLE `nectarcrm_cv2group` (
  `cvid` int(25) NOT NULL,
  `groupid` int(25) NOT NULL,
  KEY `nectarcrm_cv2group_ibfk_1` (`cvid`),
  KEY `nectarcrm_groups_ibfk_1` (`groupid`),
  CONSTRAINT `nectarcrm_customview_ibfk_2` FOREIGN KEY (`cvid`) REFERENCES `nectarcrm_customview` (`cvid`) ON DELETE CASCADE,
  CONSTRAINT `nectarcrm_groups_ibfk_1` FOREIGN KEY (`groupid`) REFERENCES `nectarcrm_groups` (`groupid`) ON DELETE CASCADE
) ENGINE=InnoDB DEFAULT CHARSET=utf8;
/*!40101 SET character_set_client = @saved_cs_client */;

--
-- Dumping data for table `nectarcrm_cv2group`
--

LOCK TABLES `nectarcrm_cv2group` WRITE;
/*!40000 ALTER TABLE `nectarcrm_cv2group` DISABLE KEYS */;
/*!40000 ALTER TABLE `nectarcrm_cv2group` ENABLE KEYS */;
UNLOCK TABLES;

--
-- Table structure for table `nectarcrm_cv2role`
--

DROP TABLE IF EXISTS `nectarcrm_cv2role`;
/*!40101 SET @saved_cs_client     = @@character_set_client */;
/*!40101 SET character_set_client = utf8 */;
CREATE TABLE `nectarcrm_cv2role` (
  `cvid` int(25) NOT NULL,
  `roleid` varchar(255) NOT NULL,
  KEY `nectarcrm_cv2role_ibfk_1` (`cvid`),
  KEY `nectarcrm_role_ibfk_1` (`roleid`),
  CONSTRAINT `nectarcrm_customview_ibfk_3` FOREIGN KEY (`cvid`) REFERENCES `nectarcrm_customview` (`cvid`) ON DELETE CASCADE,
  CONSTRAINT `nectarcrm_role_ibfk_1` FOREIGN KEY (`roleid`) REFERENCES `nectarcrm_role` (`roleid`) ON DELETE CASCADE
) ENGINE=InnoDB DEFAULT CHARSET=utf8;
/*!40101 SET character_set_client = @saved_cs_client */;

--
-- Dumping data for table `nectarcrm_cv2role`
--

LOCK TABLES `nectarcrm_cv2role` WRITE;
/*!40000 ALTER TABLE `nectarcrm_cv2role` DISABLE KEYS */;
/*!40000 ALTER TABLE `nectarcrm_cv2role` ENABLE KEYS */;
UNLOCK TABLES;

--
-- Table structure for table `nectarcrm_cv2rs`
--

DROP TABLE IF EXISTS `nectarcrm_cv2rs`;
/*!40101 SET @saved_cs_client     = @@character_set_client */;
/*!40101 SET character_set_client = utf8 */;
CREATE TABLE `nectarcrm_cv2rs` (
  `cvid` int(25) NOT NULL,
  `rsid` varchar(255) NOT NULL,
  KEY `nectarcrm_cv2role_ibfk_1` (`cvid`),
  KEY `nectarcrm_rolesd_ibfk_1` (`rsid`),
  CONSTRAINT `nectarcrm_customview_ibfk_4` FOREIGN KEY (`cvid`) REFERENCES `nectarcrm_customview` (`cvid`) ON DELETE CASCADE,
  CONSTRAINT `nectarcrm_rolesd_ibfk_1` FOREIGN KEY (`rsid`) REFERENCES `nectarcrm_role` (`roleid`) ON DELETE CASCADE
) ENGINE=InnoDB DEFAULT CHARSET=utf8;
/*!40101 SET character_set_client = @saved_cs_client */;

--
-- Dumping data for table `nectarcrm_cv2rs`
--

LOCK TABLES `nectarcrm_cv2rs` WRITE;
/*!40000 ALTER TABLE `nectarcrm_cv2rs` DISABLE KEYS */;
/*!40000 ALTER TABLE `nectarcrm_cv2rs` ENABLE KEYS */;
UNLOCK TABLES;

--
-- Table structure for table `nectarcrm_cv2users`
--

DROP TABLE IF EXISTS `nectarcrm_cv2users`;
/*!40101 SET @saved_cs_client     = @@character_set_client */;
/*!40101 SET character_set_client = utf8 */;
CREATE TABLE `nectarcrm_cv2users` (
  `cvid` int(25) NOT NULL,
  `userid` int(25) NOT NULL,
  KEY `nectarcrm_cv2users_ibfk_1` (`cvid`),
  KEY `nectarcrm_users_ibfk_1` (`userid`),
  CONSTRAINT `nectarcrm_customview_ibfk_1` FOREIGN KEY (`cvid`) REFERENCES `nectarcrm_customview` (`cvid`) ON DELETE CASCADE,
  CONSTRAINT `nectarcrm_users_ibfk_1` FOREIGN KEY (`userid`) REFERENCES `nectarcrm_users` (`id`) ON DELETE CASCADE
) ENGINE=InnoDB DEFAULT CHARSET=utf8;
/*!40101 SET character_set_client = @saved_cs_client */;

--
-- Dumping data for table `nectarcrm_cv2users`
--

LOCK TABLES `nectarcrm_cv2users` WRITE;
/*!40000 ALTER TABLE `nectarcrm_cv2users` DISABLE KEYS */;
/*!40000 ALTER TABLE `nectarcrm_cv2users` ENABLE KEYS */;
UNLOCK TABLES;

--
-- Table structure for table `nectarcrm_cvadvfilter`
--

DROP TABLE IF EXISTS `nectarcrm_cvadvfilter`;
/*!40101 SET @saved_cs_client     = @@character_set_client */;
/*!40101 SET character_set_client = utf8 */;
CREATE TABLE `nectarcrm_cvadvfilter` (
  `cvid` int(19) NOT NULL,
  `columnindex` int(11) NOT NULL,
  `columnname` varchar(250) DEFAULT '',
  `comparator` varchar(20) DEFAULT NULL,
  `value` varchar(512) DEFAULT NULL,
  `groupid` int(11) DEFAULT '1',
  `column_condition` varchar(255) DEFAULT 'and',
  PRIMARY KEY (`cvid`,`columnindex`),
  KEY `cvadvfilter_cvid_idx` (`cvid`),
  CONSTRAINT `fk_1_nectarcrm_cvadvfilter` FOREIGN KEY (`cvid`) REFERENCES `nectarcrm_customview` (`cvid`) ON DELETE CASCADE
) ENGINE=InnoDB DEFAULT CHARSET=utf8;
/*!40101 SET character_set_client = @saved_cs_client */;

--
-- Dumping data for table `nectarcrm_cvadvfilter`
--

LOCK TABLES `nectarcrm_cvadvfilter` WRITE;
/*!40000 ALTER TABLE `nectarcrm_cvadvfilter` DISABLE KEYS */;
INSERT INTO `nectarcrm_cvadvfilter` VALUES (2,0,'nectarcrm_leaddetails:leadstatus:leadstatus:Leads_Lead_Status:V','e','Hot',1,'and'),(5,0,'nectarcrm_account:account_type:accounttype:Accounts_Type:V','e','Prospect',1,'and'),(11,0,'nectarcrm_potential:sales_stage:sales_stage:Potentials_Sales_Stage:V','e','Closed Won',1,'and'),(12,0,'nectarcrm_potential:sales_stage:sales_stage:Potentials_Sales_Stage:V','e','Prospecting',1,'and'),(14,0,'nectarcrm_troubletickets:status:ticketstatus:HelpDesk_Status:V','n','Closed',1,'and'),(15,0,'nectarcrm_troubletickets:priority:ticketpriorities:HelpDesk_Priority:V','e','High',1,'and'),(17,0,'nectarcrm_quotes:quotestage:quotestage:Quotes_Quote_Stage:V','n','Accepted',1,'and'),(17,1,'nectarcrm_quotes:quotestage:quotestage:Quotes_Quote_Stage:V','n','Rejected',1,'and'),(18,0,'nectarcrm_quotes:quotestage:quotestage:Quotes_Quote_Stage:V','e','Rejected',1,'and'),(31,0,'nectarcrm_faq:status:faqstatus:Faq_Status:V','e','Draft',1,'and'),(32,0,'nectarcrm_faq:status:faqstatus:Faq_Status:V','e','Published',1,'and'),(33,0,'nectarcrm_purchaseorder:postatus:postatus:PurchaseOrder_Status:V','e','Created, Approved, Delivered',1,'and'),(34,0,'nectarcrm_purchaseorder:postatus:postatus:PurchaseOrder_Status:V','e','Received Shipment',1,'and'),(35,0,'nectarcrm_invoice:invoicestatus:invoicestatus:Invoice_Status:V','e','Created, Approved, Sent',1,'and'),(36,0,'nectarcrm_invoice:invoicestatus:invoicestatus:Invoice_Status:V','e','Paid',1,'and'),(37,0,'nectarcrm_salesorder:sostatus:sostatus:SalesOrder_Status:V','e','Created, Approved',1,'and'),(50,0,'nectarcrm_contactdetails:salutation:salutationtype:Contacts_Salutation:V','n','Best',1,''),(50,1,'nectarcrm_contactdetails:firstname:firstname:Contacts_First_Name:V','n','Apland',2,'or'),(50,2,'nectarcrm_contactdetails:salutation:salutationtype:Contacts_Salutation:V','ew','Best,Ms.',2,'');
/*!40000 ALTER TABLE `nectarcrm_cvadvfilter` ENABLE KEYS */;
UNLOCK TABLES;

--
-- Table structure for table `nectarcrm_cvadvfilter_grouping`
--

DROP TABLE IF EXISTS `nectarcrm_cvadvfilter_grouping`;
/*!40101 SET @saved_cs_client     = @@character_set_client */;
/*!40101 SET character_set_client = utf8 */;
CREATE TABLE `nectarcrm_cvadvfilter_grouping` (
  `groupid` int(11) NOT NULL,
  `cvid` int(19) NOT NULL,
  `group_condition` varchar(255) DEFAULT NULL,
  `condition_expression` text,
  PRIMARY KEY (`groupid`,`cvid`)
) ENGINE=InnoDB DEFAULT CHARSET=utf8;
/*!40101 SET character_set_client = @saved_cs_client */;

--
-- Dumping data for table `nectarcrm_cvadvfilter_grouping`
--

LOCK TABLES `nectarcrm_cvadvfilter_grouping` WRITE;
/*!40000 ALTER TABLE `nectarcrm_cvadvfilter_grouping` DISABLE KEYS */;
INSERT INTO `nectarcrm_cvadvfilter_grouping` VALUES (1,2,'',''),(1,5,'',''),(1,11,'',''),(1,12,'',''),(1,14,'',''),(1,15,'',''),(1,17,'',''),(1,18,'',''),(1,31,'',''),(1,32,'',''),(1,33,'',''),(1,34,'',''),(1,35,'',''),(1,36,'',''),(1,37,'',''),(1,50,'and',' 0 '),(2,50,NULL,' 1 or 2 ');
/*!40000 ALTER TABLE `nectarcrm_cvadvfilter_grouping` ENABLE KEYS */;
UNLOCK TABLES;

--
-- Table structure for table `nectarcrm_cvcolumnlist`
--

DROP TABLE IF EXISTS `nectarcrm_cvcolumnlist`;
/*!40101 SET @saved_cs_client     = @@character_set_client */;
/*!40101 SET character_set_client = utf8 */;
CREATE TABLE `nectarcrm_cvcolumnlist` (
  `cvid` int(19) NOT NULL,
  `columnindex` int(11) NOT NULL,
  `columnname` varchar(250) DEFAULT '',
  PRIMARY KEY (`cvid`,`columnindex`),
  KEY `cvcolumnlist_columnindex_idx` (`columnindex`),
  KEY `cvcolumnlist_cvid_idx` (`cvid`),
  CONSTRAINT `fk_1_nectarcrm_cvcolumnlist` FOREIGN KEY (`cvid`) REFERENCES `nectarcrm_customview` (`cvid`) ON DELETE CASCADE
) ENGINE=InnoDB DEFAULT CHARSET=utf8;
/*!40101 SET character_set_client = @saved_cs_client */;

--
-- Dumping data for table `nectarcrm_cvcolumnlist`
--

LOCK TABLES `nectarcrm_cvcolumnlist` WRITE;
/*!40000 ALTER TABLE `nectarcrm_cvcolumnlist` DISABLE KEYS */;
INSERT INTO `nectarcrm_cvcolumnlist` VALUES (1,1,'nectarcrm_leaddetails:firstname:firstname:Leads_First_Name:V'),(1,2,'nectarcrm_leaddetails:lastname:lastname:Leads_Last_Name:V'),(1,3,'nectarcrm_leaddetails:company:company:Leads_Company:V'),(1,4,'nectarcrm_leadaddress:phone:phone:Leads_Phone:V'),(1,5,'nectarcrm_leadsubdetails:website:website:Leads_Website:V'),(1,6,'nectarcrm_leaddetails:email:email:Leads_Email:V'),(1,7,'nectarcrm_crmentity:smownerid:assigned_user_id:Leads_Assigned_To:V'),(2,0,'nectarcrm_leaddetails:firstname:firstname:Leads_First_Name:V'),(2,1,'nectarcrm_leaddetails:lastname:lastname:Leads_Last_Name:V'),(2,2,'nectarcrm_leaddetails:company:company:Leads_Company:V'),(2,3,'nectarcrm_leaddetails:leadsource:leadsource:Leads_Lead_Source:V'),(2,4,'nectarcrm_leadsubdetails:website:website:Leads_Website:V'),(2,5,'nectarcrm_leaddetails:email:email:Leads_Email:E'),(3,0,'nectarcrm_leaddetails:firstname:firstname:Leads_First_Name:V'),(3,1,'nectarcrm_leaddetails:lastname:lastname:Leads_Last_Name:V'),(3,2,'nectarcrm_leaddetails:company:company:Leads_Company:V'),(3,3,'nectarcrm_leaddetails:leadsource:leadsource:Leads_Lead_Source:V'),(3,4,'nectarcrm_leadsubdetails:website:website:Leads_Website:V'),(3,5,'nectarcrm_leaddetails:email:email:Leads_Email:E'),(4,1,'nectarcrm_account:accountname:accountname:Accounts_Account_Name:V'),(4,2,'nectarcrm_accountbillads:bill_city:bill_city:Accounts_Billing_City:V'),(4,3,'nectarcrm_account:website:website:Accounts_Website:V'),(4,4,'nectarcrm_account:phone:phone:Accounts_Phone:V'),(4,5,'nectarcrm_crmentity:smownerid:assigned_user_id:Accounts_Assigned_To:V'),(5,0,'nectarcrm_account:accountname:accountname:Accounts_Account_Name:V'),(5,1,'nectarcrm_account:phone:phone:Accounts_Phone:V'),(5,2,'nectarcrm_account:website:website:Accounts_Website:V'),(5,3,'nectarcrm_account:rating:rating:Accounts_Rating:V'),(5,4,'nectarcrm_crmentity:smownerid:assigned_user_id:Accounts_Assigned_To:V'),(6,0,'nectarcrm_account:accountname:accountname:Accounts_Account_Name:V'),(6,1,'nectarcrm_account:phone:phone:Accounts_Phone:V'),(6,2,'nectarcrm_account:website:website:Accounts_Website:V'),(6,3,'nectarcrm_accountbillads:bill_city:bill_city:Accounts_City:V'),(6,4,'nectarcrm_crmentity:smownerid:assigned_user_id:Accounts_Assigned_To:V'),(7,1,'nectarcrm_contactdetails:firstname:firstname:Contacts_First_Name:V'),(7,2,'nectarcrm_contactdetails:lastname:lastname:Contacts_Last_Name:V'),(7,3,'nectarcrm_contactdetails:title:title:Contacts_Title:V'),(7,4,'nectarcrm_contactdetails:accountid:account_id:Contacts_Account_Name:V'),(7,5,'nectarcrm_contactdetails:email:email:Contacts_Email:V'),(7,6,'nectarcrm_contactdetails:phone:phone:Contacts_Office_Phone:V'),(7,7,'nectarcrm_crmentity:smownerid:assigned_user_id:Contacts_Assigned_To:V'),(8,0,'nectarcrm_contactdetails:firstname:firstname:Contacts_First_Name:V'),(8,1,'nectarcrm_contactdetails:lastname:lastname:Contacts_Last_Name:V'),(8,2,'nectarcrm_contactaddress:mailingstreet:mailingstreet:Contacts_Mailing_Street:V'),(8,3,'nectarcrm_contactaddress:mailingcity:mailingcity:Contacts_Mailing_City:V'),(8,4,'nectarcrm_contactaddress:mailingstate:mailingstate:Contacts_Mailing_State:V'),(8,5,'nectarcrm_contactaddress:mailingzip:mailingzip:Contacts_Mailing_Zip:V'),(8,6,'nectarcrm_contactaddress:mailingcountry:mailingcountry:Contacts_Mailing_Country:V'),(9,0,'nectarcrm_contactdetails:firstname:firstname:Contacts_First_Name:V'),(9,1,'nectarcrm_contactdetails:lastname:lastname:Contacts_Last_Name:V'),(9,2,'nectarcrm_contactdetails:title:title:Contacts_Title:V'),(9,3,'nectarcrm_contactdetails:accountid:account_id:Contacts_Account_Name:I'),(9,4,'nectarcrm_contactdetails:email:email:Contacts_Email:E'),(9,5,'nectarcrm_contactsubdetails:otherphone:otherphone:Contacts_Phone:V'),(9,6,'nectarcrm_crmentity:smownerid:assigned_user_id:Contacts_Assigned_To:V'),(10,1,'nectarcrm_potential:potentialname:potentialname:Potentials_Potential_Name:V'),(10,2,'nectarcrm_potential:related_to:related_to:Potentials_Related_To:V'),(10,3,'nectarcrm_potential:sales_stage:sales_stage:Potentials_Sales_Stage:V'),(10,4,'nectarcrm_potential:leadsource:leadsource:Potentials_Lead_Source:V'),(10,5,'nectarcrm_potential:closingdate:closingdate:Potentials_Expected_Close_Date:D'),(10,6,'nectarcrm_potential:amount:amount:Potentials_Amount:N'),(10,7,'nectarcrm_crmentity:smownerid:assigned_user_id:Potentials_Assigned_To:V'),(10,8,'nectarcrm_potential:contact_id:contact_id:Potentials_Contact_Name:V'),(11,0,'nectarcrm_potential:potentialname:potentialname:Potentials_Potential_Name:V'),(11,1,'nectarcrm_potential:related_to:related_to:Potentials_Related_To:V'),(11,2,'nectarcrm_potential:amount:amount:Potentials_Amount:N'),(11,3,'nectarcrm_potential:closingdate:closingdate:Potentials_Expected_Close_Date:D'),(11,4,'nectarcrm_crmentity:smownerid:assigned_user_id:Potentials_Assigned_To:V'),(11,5,'nectarcrm_potential:contact_id:contact_id:Potentials_Contact_Name:V'),(12,0,'nectarcrm_potential:potentialname:potentialname:Potentials_Potential_Name:V'),(12,1,'nectarcrm_potential:related_to:related_to:Potentials_Related_To:V'),(12,2,'nectarcrm_potential:amount:amount:Potentials_Amount:N'),(12,3,'nectarcrm_potential:leadsource:leadsource:Potentials_Lead_Source:V'),(12,4,'nectarcrm_potential:closingdate:closingdate:Potentials_Expected_Close_Date:D'),(12,5,'nectarcrm_crmentity:smownerid:assigned_user_id:Potentials_Assigned_To:V'),(12,6,'nectarcrm_potential:contact_id:contact_id:Potentials_Contact_Name:V'),(13,1,'nectarcrm_troubletickets:title:ticket_title:HelpDesk_Title:V'),(13,2,'nectarcrm_troubletickets:parent_id:parent_id:HelpDesk_Related_To:V'),(13,3,'nectarcrm_troubletickets:status:ticketstatus:HelpDesk_Status:V'),(13,4,'nectarcrm_troubletickets:priority:ticketpriorities:HelpDesk_Priority:V'),(13,5,'nectarcrm_crmentity:smownerid:assigned_user_id:HelpDesk_Assigned_To:V'),(13,6,'nectarcrm_troubletickets:contact_id:contact_id:HelpDesk_Contact_Name:V'),(14,0,'nectarcrm_troubletickets:title:ticket_title:HelpDesk_Title:V'),(14,1,'nectarcrm_troubletickets:parent_id:parent_id:HelpDesk_Related_To:I'),(14,2,'nectarcrm_troubletickets:priority:ticketpriorities:HelpDesk_Priority:V'),(14,3,'nectarcrm_troubletickets:product_id:product_id:HelpDesk_Product_Name:I'),(14,4,'nectarcrm_crmentity:smownerid:assigned_user_id:HelpDesk_Assigned_To:V'),(14,5,'nectarcrm_troubletickets:contact_id:contact_id:HelpDesk_Contact_Name:V'),(15,0,'nectarcrm_troubletickets:title:ticket_title:HelpDesk_Title:V'),(15,1,'nectarcrm_troubletickets:parent_id:parent_id:HelpDesk_Related_To:I'),(15,2,'nectarcrm_troubletickets:status:ticketstatus:HelpDesk_Status:V'),(15,3,'nectarcrm_troubletickets:product_id:product_id:HelpDesk_Product_Name:I'),(15,4,'nectarcrm_crmentity:smownerid:assigned_user_id:HelpDesk_Assigned_To:V'),(15,5,'nectarcrm_troubletickets:contact_id:contact_id:HelpDesk_Contact_Name:V'),(16,1,'nectarcrm_quotes:subject:subject:Quotes_Subject:V'),(16,2,'nectarcrm_quotes:quotestage:quotestage:Quotes_Quote_Stage:V'),(16,3,'nectarcrm_quotes:potentialid:potential_id:Quotes_Potential_Name:V'),(16,4,'nectarcrm_quotes:accountid:account_id:Quotes_Account_Name:V'),(16,5,'nectarcrm_quotes:total:hdnGrandTotal:Quotes_Total:N'),(16,6,'nectarcrm_crmentity:smownerid:assigned_user_id:Quotes_Assigned_To:V'),(17,0,'nectarcrm_quotes:subject:subject:Quotes_Subject:V'),(17,1,'nectarcrm_quotes:quotestage:quotestage:Quotes_Quote_Stage:V'),(17,2,'nectarcrm_quotes:potentialid:potential_id:Quotes_Potential_Name:I'),(17,3,'nectarcrm_quotes:accountid:account_id:Quotes_Account_Name:I'),(17,4,'nectarcrm_quotes:validtill:validtill:Quotes_Valid_Till:D'),(17,5,'nectarcrm_crmentity:smownerid:assigned_user_id:Quotes_Assigned_To:V'),(18,0,'nectarcrm_quotes:subject:subject:Quotes_Subject:V'),(18,1,'nectarcrm_quotes:potentialid:potential_id:Quotes_Potential_Name:I'),(18,2,'nectarcrm_quotes:accountid:account_id:Quotes_Account_Name:I'),(18,3,'nectarcrm_quotes:validtill:validtill:Quotes_Valid_Till:D'),(18,4,'nectarcrm_crmentity:smownerid:assigned_user_id:Quotes_Assigned_To:V'),(19,0,'nectarcrm_activity:status:taskstatus:Calendar_Status:V'),(19,1,'nectarcrm_activity:activitytype:activitytype:Calendar_Activity_Type:V'),(19,2,'nectarcrm_activity:subject:subject:Calendar_Subject:V'),(19,3,'nectarcrm_seactivityrel:crmid:parent_id:Calendar_Related_To:V'),(19,4,'nectarcrm_activity:date_start:date_start:Calendar_Start_Date_&_Time:DT'),(19,5,'nectarcrm_activity:due_date:due_date:Calendar_Due_Date:D'),(19,6,'nectarcrm_crmentity:smownerid:assigned_user_id:Calendar_Assigned_To:V'),(20,0,'nectarcrm_activity:subject:subject:Emails_Subject:V'),(20,1,'nectarcrm_emaildetails:to_email:saved_toid:Emails_To:V'),(20,2,'nectarcrm_activity:date_start:date_start:Emails_Date_&_Time_Sent:DT'),(21,1,'nectarcrm_invoice:subject:subject:Invoice_Subject:V'),(21,2,'nectarcrm_invoice:salesorderid:salesorder_id:Invoice_Sales_Order:V'),(21,3,'nectarcrm_invoice:invoicestatus:invoicestatus:Invoice_Status:V'),(21,4,'nectarcrm_invoice:total:hdnGrandTotal:Invoice_Total:N'),(21,5,'nectarcrm_crmentity:smownerid:assigned_user_id:Invoice_Assigned_To:V'),(22,1,'nectarcrm_notes:title:notes_title:Documents_Title:V'),(22,2,'nectarcrm_notes:filename:filename:Documents_File_Name:V'),(22,3,'nectarcrm_crmentity:modifiedtime:modifiedtime:Documents_Modified_Time:DT'),(22,4,'nectarcrm_crmentity:smownerid:assigned_user_id:Documents_Assigned_To:V'),(23,1,'nectarcrm_pricebook:bookname:bookname:PriceBooks_Price_Book_Name:V'),(23,2,'nectarcrm_pricebook:active:active:PriceBooks_Active:C'),(23,3,'nectarcrm_pricebook:currency_id:currency_id:PriceBooks_Currency:V'),(24,1,'nectarcrm_products:productname:productname:Products_Product_Name:V'),(24,2,'nectarcrm_products:productcode:productcode:Products_Part_Number:V'),(24,3,'nectarcrm_products:commissionrate:commissionrate:Products_Commission_Rate:N'),(24,4,'nectarcrm_products:qtyinstock:qtyinstock:Products_Qty_In_Stock:NN'),(24,5,'nectarcrm_products:qty_per_unit:qty_per_unit:Products_Qty/Unit:N'),(24,6,'nectarcrm_products:unit_price:unit_price:Products_Unit_Price:N'),(25,1,'nectarcrm_purchaseorder:subject:subject:PurchaseOrder_Subject:V'),(25,2,'nectarcrm_purchaseorder:vendorid:vendor_id:PurchaseOrder_Vendor_Name:V'),(25,3,'nectarcrm_purchaseorder:tracking_no:tracking_no:PurchaseOrder_Tracking_Number:V'),(25,4,'nectarcrm_purchaseorder:total:hdnGrandTotal:PurchaseOrder_Total:N'),(25,5,'nectarcrm_crmentity:smownerid:assigned_user_id:PurchaseOrder_Assigned_To:V'),(26,1,'nectarcrm_salesorder:subject:subject:SalesOrder_Subject:V'),(26,2,'nectarcrm_salesorder:accountid:account_id:SalesOrder_Account_Name:V'),(26,3,'nectarcrm_salesorder:quoteid:quote_id:SalesOrder_Quote_Name:V'),(26,4,'nectarcrm_salesorder:total:hdnGrandTotal:SalesOrder_Total:N'),(26,5,'nectarcrm_crmentity:smownerid:assigned_user_id:SalesOrder_Assigned_To:V'),(27,1,'nectarcrm_vendor:vendorname:vendorname:Vendors_Vendor_Name:V'),(27,2,'nectarcrm_vendor:phone:phone:Vendors_Phone:V'),(27,3,'nectarcrm_vendor:email:email:Vendors_Email:V'),(27,4,'nectarcrm_vendor:category:category:Vendors_Category:V'),(27,5,'nectarcrm_crmentity:smownerid:assigned_user_id:Vendors_Assigned_To:V'),(28,1,'nectarcrm_faq:question:question:Faq_Question:V'),(28,2,'nectarcrm_faq:category:faqcategories:Faq_Category:V'),(28,3,'nectarcrm_faq:product_id:product_id:Faq_Product_Name:V'),(28,4,'nectarcrm_crmentity:createdtime:createdtime:Faq_Created_Time:DT'),(28,5,'nectarcrm_crmentity:modifiedtime:modifiedtime:Faq_Modified_Time:DT'),(29,1,'nectarcrm_campaign:campaignname:campaignname:Campaigns_Campaign_Name:V'),(29,2,'nectarcrm_campaign:campaigntype:campaigntype:Campaigns_Campaign_Type:V'),(29,3,'nectarcrm_campaign:campaignstatus:campaignstatus:Campaigns_Campaign_Status:V'),(29,4,'nectarcrm_campaign:expectedrevenue:expectedrevenue:Campaigns_Expected_Revenue:N'),(29,5,'nectarcrm_campaign:closingdate:closingdate:Campaigns_Expected_Close_Date:D'),(29,6,'nectarcrm_crmentity:smownerid:assigned_user_id:Campaigns_Assigned_To:V'),(30,0,'subject:subject:subject:Subject:V'),(30,1,'from:fromname:fromname:From:N'),(30,2,'to:tpname:toname:To:N'),(30,3,'body:body:body:Body:V'),(31,0,'nectarcrm_faq:question:question:Faq_Question:V'),(31,1,'nectarcrm_faq:status:faqstatus:Faq_Status:V'),(31,2,'nectarcrm_faq:product_id:product_id:Faq_Product_Name:I'),(31,3,'nectarcrm_faq:category:faqcategories:Faq_Category:V'),(31,4,'nectarcrm_crmentity:createdtime:createdtime:Faq_Created_Time:DT'),(32,0,'nectarcrm_faq:question:question:Faq_Question:V'),(32,1,'nectarcrm_faq:answer:faq_answer:Faq_Answer:V'),(32,2,'nectarcrm_faq:status:faqstatus:Faq_Status:V'),(32,3,'nectarcrm_faq:product_id:product_id:Faq_Product_Name:I'),(32,4,'nectarcrm_faq:category:faqcategories:Faq_Category:V'),(32,5,'nectarcrm_crmentity:createdtime:createdtime:Faq_Created_Time:DT'),(33,0,'nectarcrm_purchaseorder:subject:subject:PurchaseOrder_Subject:V'),(33,1,'nectarcrm_purchaseorder:postatus:postatus:PurchaseOrder_Status:V'),(33,2,'nectarcrm_purchaseorder:vendorid:vendor_id:PurchaseOrder_Vendor_Name:I'),(33,3,'nectarcrm_crmentity:smownerid:assigned_user_id:PurchaseOrder_Assigned_To:V'),(33,4,'nectarcrm_purchaseorder:duedate:duedate:PurchaseOrder_Due_Date:V'),(34,0,'nectarcrm_purchaseorder:subject:subject:PurchaseOrder_Subject:V'),(34,1,'nectarcrm_purchaseorder:vendorid:vendor_id:PurchaseOrder_Vendor_Name:I'),(34,2,'nectarcrm_crmentity:smownerid:assigned_user_id:PurchaseOrder_Assigned_To:V'),(34,3,'nectarcrm_purchaseorder:postatus:postatus:PurchaseOrder_Status:V'),(34,4,'nectarcrm_purchaseorder:carrier:carrier:PurchaseOrder_Carrier:V'),(34,5,'nectarcrm_poshipads:ship_street:ship_street:PurchaseOrder_Shipping_Address:V'),(35,0,'nectarcrm_invoice:invoice_no:invoice_no:Invoice_Invoice_No:V'),(35,1,'nectarcrm_invoice:subject:subject:Invoice_Subject:V'),(35,2,'nectarcrm_invoice:accountid:account_id:Invoice_Account_Name:I'),(35,3,'nectarcrm_invoice:salesorderid:salesorder_id:Invoice_Sales_Order:I'),(35,4,'nectarcrm_invoice:invoicestatus:invoicestatus:Invoice_Status:V'),(35,5,'nectarcrm_crmentity:smownerid:assigned_user_id:Invoice_Assigned_To:V'),(35,6,'nectarcrm_crmentity:createdtime:createdtime:Invoice_Created_Time:DT'),(36,0,'nectarcrm_invoice:invoice_no:invoice_no:Invoice_Invoice_No:V'),(36,1,'nectarcrm_invoice:subject:subject:Invoice_Subject:V'),(36,2,'nectarcrm_invoice:accountid:account_id:Invoice_Account_Name:I'),(36,3,'nectarcrm_invoice:salesorderid:salesorder_id:Invoice_Sales_Order:I'),(36,4,'nectarcrm_invoice:invoicestatus:invoicestatus:Invoice_Status:V'),(36,5,'nectarcrm_invoiceshipads:ship_street:ship_street:Invoice_Shipping_Address:V'),(36,6,'nectarcrm_crmentity:smownerid:assigned_user_id:Invoice_Assigned_To:V'),(37,0,'nectarcrm_salesorder:subject:subject:SalesOrder_Subject:V'),(37,1,'nectarcrm_salesorder:accountid:account_id:SalesOrder_Account_Name:I'),(37,2,'nectarcrm_salesorder:sostatus:sostatus:SalesOrder_Status:V'),(37,3,'nectarcrm_crmentity:smownerid:assigned_user_id:SalesOrder_Assigned_To:V'),(37,4,'nectarcrm_soshipads:ship_street:ship_street:SalesOrder_Shipping_Address:V'),(37,5,'nectarcrm_salesorder:carrier:carrier:SalesOrder_Carrier:V'),(38,0,'nectarcrm_pbxmanager:callstatus:callstatus:PBXManager_Call_Status:V'),(38,1,'nectarcrm_pbxmanager:customernumber:customernumber:PBXManager_Customer_Number:V'),(38,2,'nectarcrm_pbxmanager:customer:customer:PBXManager_Customer:V'),(38,3,'nectarcrm_pbxmanager:user:user:PBXManager_User:V'),(38,4,'nectarcrm_pbxmanager:recordingurl:recordingurl:PBXManager_Recording_URL:V'),(38,5,'nectarcrm_pbxmanager:totalduration:totalduration:PBXManager_Total_Duration:I'),(38,6,'nectarcrm_pbxmanager:starttime:starttime:PBXManager_Start_Time:DT'),(39,0,'nectarcrm_service:servicename:servicename:Services_Service_Name:V'),(39,1,'nectarcrm_service:unit_price:unit_price:Services_Price:N'),(39,2,'nectarcrm_service:qty_per_unit:qty_per_unit:Services_No_of_Units:N'),(39,3,'nectarcrm_service:servicecategory:servicecategory:Services_Service_Category:V'),(39,4,'nectarcrm_crmentity:smownerid:assigned_user_id:Services_Owner:I'),(39,5,'nectarcrm_service:service_usageunit:service_usageunit:Services_Usage_Unit:V'),(40,1,'nectarcrm_servicecontracts:subject:subject:ServiceContracts_Subject:V'),(40,2,'nectarcrm_servicecontracts:sc_related_to:sc_related_to:ServiceContracts_Related_to:V'),(40,3,'nectarcrm_crmentity:smownerid:assigned_user_id:ServiceContracts_Assigned_To:V'),(40,4,'nectarcrm_servicecontracts:start_date:start_date:ServiceContracts_Start_Date:D'),(40,5,'nectarcrm_servicecontracts:due_date:due_date:ServiceContracts_Due_date:D'),(40,7,'nectarcrm_servicecontracts:progress:progress:ServiceContracts_Progress:N'),(40,8,'nectarcrm_servicecontracts:contract_status:contract_status:ServiceContracts_Status:V'),(41,1,'nectarcrm_assets:assetname:assetname:Assets_Asset_Name:V'),(41,2,'nectarcrm_assets:account:account:Assets_Customer_Name:V'),(41,3,'nectarcrm_assets:product:product:Assets_Product_Name:V'),(42,0,'nectarcrm_modcomments:commentcontent:commentcontent:ModComments_Comment:V'),(42,1,'nectarcrm_modcomments:related_to:related_to:ModComments_Related_To:V'),(42,2,'nectarcrm_crmentity:modifiedtime:modifiedtime:ModComments_Modified_Time:DT'),(42,3,'nectarcrm_crmentity:smownerid:assigned_user_id:ModComments_Assigned_To:V'),(46,0,'nectarcrm_smsnotifier:message:message:SMSNotifier_message:V'),(46,2,'nectarcrm_crmentity:smownerid:assigned_user_id:SMSNotifier_Assigned_To:V'),(46,3,'nectarcrm_crmentity:createdtime:createdtime:SMSNotifier_Created_Time:DT'),(46,4,'nectarcrm_crmentity:modifiedtime:modifiedtime:SMSNotifier_Modified_Time:DT'),(47,0,'nectarcrm_projectmilestone:projectmilestonename:projectmilestonename:ProjectMilestone_Project_Milestone_Name:V'),(47,1,'nectarcrm_projectmilestone:projectmilestonedate:projectmilestonedate:ProjectMilestone_Milestone_Date:D'),(47,3,'nectarcrm_crmentity:description:description:ProjectMilestone_description:V'),(47,4,'nectarcrm_crmentity:createdtime:createdtime:ProjectMilestone_Created_Time:DT'),(47,5,'nectarcrm_crmentity:modifiedtime:modifiedtime:ProjectMilestone_Modified_Time:DT'),(48,2,'nectarcrm_projecttask:projecttaskname:projecttaskname:ProjectTask_Project_Task_Name:V'),(48,3,'nectarcrm_projecttask:projectid:projectid:ProjectTask_Related_to:V'),(48,4,'nectarcrm_projecttask:projecttaskpriority:projecttaskpriority:ProjectTask_Priority:V'),(48,5,'nectarcrm_projecttask:projecttaskprogress:projecttaskprogress:ProjectTask_Progress:V'),(48,6,'nectarcrm_projecttask:projecttaskhours:projecttaskhours:ProjectTask_Worked_Hours:V'),(48,7,'nectarcrm_projecttask:startdate:startdate:ProjectTask_Start_Date:D'),(48,8,'nectarcrm_projecttask:enddate:enddate:ProjectTask_End_Date:D'),(48,9,'nectarcrm_crmentity:smownerid:assigned_user_id:ProjectTask_Assigned_To:V'),(49,0,'nectarcrm_project:projectname:projectname:Project_Project_Name:V'),(49,1,'nectarcrm_project:linktoaccountscontacts:linktoaccountscontacts:Project_Related_to:V'),(49,2,'nectarcrm_project:startdate:startdate:Project_Start_Date:D'),(49,3,'nectarcrm_project:targetenddate:targetenddate:Project_Target_End_Date:D'),(49,4,'nectarcrm_project:actualenddate:actualenddate:Project_Actual_End_Date:D'),(49,5,'nectarcrm_project:targetbudget:targetbudget:Project_Target_Budget:V'),(49,6,'nectarcrm_project:progress:progress:Project_Progress:V'),(49,7,'nectarcrm_project:projectstatus:projectstatus:Project_Status:V'),(49,8,'nectarcrm_crmentity:smownerid:assigned_user_id:Project_Assigned_To:V'),(49,19,'nectarcrm_project:contactid:contactid:Project_Contact_Name:V'),(50,1,'nectarcrm_contactdetails:firstname:firstname:Contacts_First_Name:V'),(50,2,'nectarcrm_contactdetails:lastname:lastname:Contacts_Last_Name:V'),(50,3,'nectarcrm_contactdetails:title:title:Contacts_Title:V'),(50,4,'nectarcrm_contactdetails:accountid:account_id:Contacts_Account_Name:V'),(50,5,'nectarcrm_contactdetails:email:email:Contacts_Email:V'),(50,6,'nectarcrm_contactdetails:phone:phone:Contacts_Office_Phone:V'),(50,7,'nectarcrm_crmentity:smownerid:assigned_user_id:Contacts_Assigned_To:V');
/*!40000 ALTER TABLE `nectarcrm_cvcolumnlist` ENABLE KEYS */;
UNLOCK TABLES;

--
-- Table structure for table `nectarcrm_cvstdfilter`
--

DROP TABLE IF EXISTS `nectarcrm_cvstdfilter`;
/*!40101 SET @saved_cs_client     = @@character_set_client */;
/*!40101 SET character_set_client = utf8 */;
CREATE TABLE `nectarcrm_cvstdfilter` (
  `cvid` int(19) NOT NULL,
  `columnname` varchar(250) DEFAULT '',
  `stdfilter` varchar(250) DEFAULT '',
  `startdate` date DEFAULT NULL,
  `enddate` date DEFAULT NULL,
  KEY `cvstdfilter_cvid_idx` (`cvid`),
  CONSTRAINT `fk_1_nectarcrm_cvstdfilter` FOREIGN KEY (`cvid`) REFERENCES `nectarcrm_customview` (`cvid`) ON DELETE CASCADE
) ENGINE=InnoDB DEFAULT CHARSET=utf8;
/*!40101 SET character_set_client = @saved_cs_client */;

--
-- Dumping data for table `nectarcrm_cvstdfilter`
--

LOCK TABLES `nectarcrm_cvstdfilter` WRITE;
/*!40000 ALTER TABLE `nectarcrm_cvstdfilter` DISABLE KEYS */;
INSERT INTO `nectarcrm_cvstdfilter` VALUES (3,'nectarcrm_crmentity:modifiedtime:modifiedtime:Leads_Modified_Time','thismonth','2005-06-01','2005-06-30'),(6,'nectarcrm_crmentity:createdtime:createdtime:Accounts_Created_Time','thisweek','2005-06-19','2005-06-25'),(9,'nectarcrm_contactsubdetails:birthday:birthday:Contacts_Birthdate','today','2005-06-25','2005-06-25');
/*!40000 ALTER TABLE `nectarcrm_cvstdfilter` ENABLE KEYS */;
UNLOCK TABLES;

--
-- Table structure for table `nectarcrm_dashboard_tabs`
--

DROP TABLE IF EXISTS `nectarcrm_dashboard_tabs`;
/*!40101 SET @saved_cs_client     = @@character_set_client */;
/*!40101 SET character_set_client = utf8 */;
CREATE TABLE `nectarcrm_dashboard_tabs` (
  `id` int(19) NOT NULL AUTO_INCREMENT,
  `tabname` varchar(50) DEFAULT NULL,
  `isdefault` int(1) DEFAULT '0',
  `sequence` int(5) DEFAULT '2',
  `appname` varchar(20) DEFAULT NULL,
  `modulename` varchar(50) DEFAULT NULL,
  `userid` int(11) DEFAULT NULL,
  PRIMARY KEY (`id`),
  UNIQUE KEY `tabname` (`tabname`,`userid`),
  KEY `nectarcrm_dashboard_tabs_ibfk_1` (`userid`),
  CONSTRAINT `nectarcrm_dashboard_tabs_ibfk_1` FOREIGN KEY (`userid`) REFERENCES `nectarcrm_users` (`id`) ON DELETE CASCADE
) ENGINE=InnoDB AUTO_INCREMENT=22 DEFAULT CHARSET=utf8;
/*!40101 SET character_set_client = @saved_cs_client */;

--
-- Dumping data for table `nectarcrm_dashboard_tabs`
--

LOCK TABLES `nectarcrm_dashboard_tabs` WRITE;
/*!40000 ALTER TABLE `nectarcrm_dashboard_tabs` DISABLE KEYS */;
INSERT INTO `nectarcrm_dashboard_tabs` VALUES (1,'Default',0,3,NULL,NULL,1),(2,'My Dashboard',1,1,'','',1),(3,'My Statistics',0,4,NULL,NULL,1),(4,'My Dashboard',1,1,'','',5),(7,'Lead Dashboard',0,4,NULL,NULL,5),(8,'My Dashboard',1,1,'','',6),(10,'My Dashboard',1,1,'','',8),(12,'dEMO',0,2,NULL,NULL,1),(13,'My Dashboard',1,1,'','',9),(15,'My Dashboard',1,1,'','',10),(17,'My Dashboard',1,1,'','',11),(19,'My Dashboard',1,1,'','',12),(21,'My Dashboard',1,1,'','',13);
/*!40000 ALTER TABLE `nectarcrm_dashboard_tabs` ENABLE KEYS */;
UNLOCK TABLES;

--
-- Table structure for table `nectarcrm_datashare_grp2grp`
--

DROP TABLE IF EXISTS `nectarcrm_datashare_grp2grp`;
/*!40101 SET @saved_cs_client     = @@character_set_client */;
/*!40101 SET character_set_client = utf8 */;
CREATE TABLE `nectarcrm_datashare_grp2grp` (
  `shareid` int(19) NOT NULL,
  `share_groupid` int(19) DEFAULT NULL,
  `to_groupid` int(19) DEFAULT NULL,
  `permission` int(19) DEFAULT NULL,
  PRIMARY KEY (`shareid`),
  KEY `datashare_grp2grp_share_groupid_idx` (`share_groupid`),
  KEY `datashare_grp2grp_to_groupid_idx` (`to_groupid`),
  CONSTRAINT `fk_3_nectarcrm_datashare_grp2grp` FOREIGN KEY (`to_groupid`) REFERENCES `nectarcrm_groups` (`groupid`) ON DELETE CASCADE
) ENGINE=InnoDB DEFAULT CHARSET=utf8;
/*!40101 SET character_set_client = @saved_cs_client */;

--
-- Dumping data for table `nectarcrm_datashare_grp2grp`
--

LOCK TABLES `nectarcrm_datashare_grp2grp` WRITE;
/*!40000 ALTER TABLE `nectarcrm_datashare_grp2grp` DISABLE KEYS */;
/*!40000 ALTER TABLE `nectarcrm_datashare_grp2grp` ENABLE KEYS */;
UNLOCK TABLES;

--
-- Table structure for table `nectarcrm_datashare_grp2role`
--

DROP TABLE IF EXISTS `nectarcrm_datashare_grp2role`;
/*!40101 SET @saved_cs_client     = @@character_set_client */;
/*!40101 SET character_set_client = utf8 */;
CREATE TABLE `nectarcrm_datashare_grp2role` (
  `shareid` int(19) NOT NULL,
  `share_groupid` int(19) DEFAULT NULL,
  `to_roleid` varchar(255) DEFAULT NULL,
  `permission` int(19) DEFAULT NULL,
  PRIMARY KEY (`shareid`),
  KEY `idx_datashare_grp2role_share_groupid` (`share_groupid`),
  KEY `idx_datashare_grp2role_to_roleid` (`to_roleid`),
  CONSTRAINT `fk_3_nectarcrm_datashare_grp2role` FOREIGN KEY (`to_roleid`) REFERENCES `nectarcrm_role` (`roleid`) ON DELETE CASCADE
) ENGINE=InnoDB DEFAULT CHARSET=utf8;
/*!40101 SET character_set_client = @saved_cs_client */;

--
-- Dumping data for table `nectarcrm_datashare_grp2role`
--

LOCK TABLES `nectarcrm_datashare_grp2role` WRITE;
/*!40000 ALTER TABLE `nectarcrm_datashare_grp2role` DISABLE KEYS */;
/*!40000 ALTER TABLE `nectarcrm_datashare_grp2role` ENABLE KEYS */;
UNLOCK TABLES;

--
-- Table structure for table `nectarcrm_datashare_grp2rs`
--

DROP TABLE IF EXISTS `nectarcrm_datashare_grp2rs`;
/*!40101 SET @saved_cs_client     = @@character_set_client */;
/*!40101 SET character_set_client = utf8 */;
CREATE TABLE `nectarcrm_datashare_grp2rs` (
  `shareid` int(19) NOT NULL,
  `share_groupid` int(19) DEFAULT NULL,
  `to_roleandsubid` varchar(255) DEFAULT NULL,
  `permission` int(19) DEFAULT NULL,
  PRIMARY KEY (`shareid`),
  KEY `datashare_grp2rs_share_groupid_idx` (`share_groupid`),
  KEY `datashare_grp2rs_to_roleandsubid_idx` (`to_roleandsubid`),
  CONSTRAINT `fk_3_nectarcrm_datashare_grp2rs` FOREIGN KEY (`to_roleandsubid`) REFERENCES `nectarcrm_role` (`roleid`) ON DELETE CASCADE
) ENGINE=InnoDB DEFAULT CHARSET=utf8;
/*!40101 SET character_set_client = @saved_cs_client */;

--
-- Dumping data for table `nectarcrm_datashare_grp2rs`
--

LOCK TABLES `nectarcrm_datashare_grp2rs` WRITE;
/*!40000 ALTER TABLE `nectarcrm_datashare_grp2rs` DISABLE KEYS */;
/*!40000 ALTER TABLE `nectarcrm_datashare_grp2rs` ENABLE KEYS */;
UNLOCK TABLES;

--
-- Table structure for table `nectarcrm_datashare_module_rel`
--

DROP TABLE IF EXISTS `nectarcrm_datashare_module_rel`;
/*!40101 SET @saved_cs_client     = @@character_set_client */;
/*!40101 SET character_set_client = utf8 */;
CREATE TABLE `nectarcrm_datashare_module_rel` (
  `shareid` int(19) NOT NULL,
  `tabid` int(19) NOT NULL,
  `relationtype` varchar(200) DEFAULT NULL,
  PRIMARY KEY (`shareid`),
  KEY `idx_datashare_module_rel_tabid` (`tabid`),
  CONSTRAINT `fk_1_nectarcrm_datashare_module_rel` FOREIGN KEY (`tabid`) REFERENCES `nectarcrm_tab` (`tabid`) ON DELETE CASCADE
) ENGINE=InnoDB DEFAULT CHARSET=utf8;
/*!40101 SET character_set_client = @saved_cs_client */;

--
-- Dumping data for table `nectarcrm_datashare_module_rel`
--

LOCK TABLES `nectarcrm_datashare_module_rel` WRITE;
/*!40000 ALTER TABLE `nectarcrm_datashare_module_rel` DISABLE KEYS */;
/*!40000 ALTER TABLE `nectarcrm_datashare_module_rel` ENABLE KEYS */;
UNLOCK TABLES;

--
-- Table structure for table `nectarcrm_datashare_relatedmodule_permission`
--

DROP TABLE IF EXISTS `nectarcrm_datashare_relatedmodule_permission`;
/*!40101 SET @saved_cs_client     = @@character_set_client */;
/*!40101 SET character_set_client = utf8 */;
CREATE TABLE `nectarcrm_datashare_relatedmodule_permission` (
  `shareid` int(19) NOT NULL,
  `datashare_relatedmodule_id` int(19) NOT NULL,
  `permission` int(19) DEFAULT NULL,
  PRIMARY KEY (`shareid`,`datashare_relatedmodule_id`),
  KEY `datashare_relatedmodule_permission_shareid_permissions_idx` (`shareid`,`permission`)
) ENGINE=InnoDB DEFAULT CHARSET=utf8;
/*!40101 SET character_set_client = @saved_cs_client */;

--
-- Dumping data for table `nectarcrm_datashare_relatedmodule_permission`
--

LOCK TABLES `nectarcrm_datashare_relatedmodule_permission` WRITE;
/*!40000 ALTER TABLE `nectarcrm_datashare_relatedmodule_permission` DISABLE KEYS */;
/*!40000 ALTER TABLE `nectarcrm_datashare_relatedmodule_permission` ENABLE KEYS */;
UNLOCK TABLES;

--
-- Table structure for table `nectarcrm_datashare_relatedmodules`
--

DROP TABLE IF EXISTS `nectarcrm_datashare_relatedmodules`;
/*!40101 SET @saved_cs_client     = @@character_set_client */;
/*!40101 SET character_set_client = utf8 */;
CREATE TABLE `nectarcrm_datashare_relatedmodules` (
  `datashare_relatedmodule_id` int(19) NOT NULL,
  `tabid` int(19) DEFAULT NULL,
  `relatedto_tabid` int(19) DEFAULT NULL,
  PRIMARY KEY (`datashare_relatedmodule_id`),
  KEY `datashare_relatedmodules_tabid_idx` (`tabid`),
  KEY `datashare_relatedmodules_relatedto_tabid_idx` (`relatedto_tabid`),
  CONSTRAINT `fk_2_nectarcrm_datashare_relatedmodules` FOREIGN KEY (`tabid`) REFERENCES `nectarcrm_tab` (`tabid`) ON DELETE CASCADE
) ENGINE=InnoDB DEFAULT CHARSET=utf8;
/*!40101 SET character_set_client = @saved_cs_client */;

--
-- Dumping data for table `nectarcrm_datashare_relatedmodules`
--

LOCK TABLES `nectarcrm_datashare_relatedmodules` WRITE;
/*!40000 ALTER TABLE `nectarcrm_datashare_relatedmodules` DISABLE KEYS */;
INSERT INTO `nectarcrm_datashare_relatedmodules` VALUES (1,6,2),(2,6,13),(3,6,20),(4,6,22),(5,6,23),(6,2,20),(7,2,22),(8,20,22),(9,22,23);
/*!40000 ALTER TABLE `nectarcrm_datashare_relatedmodules` ENABLE KEYS */;
UNLOCK TABLES;

--
-- Table structure for table `nectarcrm_datashare_relatedmodules_seq`
--

DROP TABLE IF EXISTS `nectarcrm_datashare_relatedmodules_seq`;
/*!40101 SET @saved_cs_client     = @@character_set_client */;
/*!40101 SET character_set_client = utf8 */;
CREATE TABLE `nectarcrm_datashare_relatedmodules_seq` (
  `id` int(11) NOT NULL
) ENGINE=InnoDB DEFAULT CHARSET=utf8;
/*!40101 SET character_set_client = @saved_cs_client */;

--
-- Dumping data for table `nectarcrm_datashare_relatedmodules_seq`
--

LOCK TABLES `nectarcrm_datashare_relatedmodules_seq` WRITE;
/*!40000 ALTER TABLE `nectarcrm_datashare_relatedmodules_seq` DISABLE KEYS */;
INSERT INTO `nectarcrm_datashare_relatedmodules_seq` VALUES (9);
/*!40000 ALTER TABLE `nectarcrm_datashare_relatedmodules_seq` ENABLE KEYS */;
UNLOCK TABLES;

--
-- Table structure for table `nectarcrm_datashare_role2group`
--

DROP TABLE IF EXISTS `nectarcrm_datashare_role2group`;
/*!40101 SET @saved_cs_client     = @@character_set_client */;
/*!40101 SET character_set_client = utf8 */;
CREATE TABLE `nectarcrm_datashare_role2group` (
  `shareid` int(19) NOT NULL,
  `share_roleid` varchar(255) DEFAULT NULL,
  `to_groupid` int(19) DEFAULT NULL,
  `permission` int(19) DEFAULT NULL,
  PRIMARY KEY (`shareid`),
  KEY `idx_datashare_role2group_share_roleid` (`share_roleid`),
  KEY `idx_datashare_role2group_to_groupid` (`to_groupid`),
  CONSTRAINT `fk_3_nectarcrm_datashare_role2group` FOREIGN KEY (`share_roleid`) REFERENCES `nectarcrm_role` (`roleid`) ON DELETE CASCADE
) ENGINE=InnoDB DEFAULT CHARSET=utf8;
/*!40101 SET character_set_client = @saved_cs_client */;

--
-- Dumping data for table `nectarcrm_datashare_role2group`
--

LOCK TABLES `nectarcrm_datashare_role2group` WRITE;
/*!40000 ALTER TABLE `nectarcrm_datashare_role2group` DISABLE KEYS */;
/*!40000 ALTER TABLE `nectarcrm_datashare_role2group` ENABLE KEYS */;
UNLOCK TABLES;

--
-- Table structure for table `nectarcrm_datashare_role2role`
--

DROP TABLE IF EXISTS `nectarcrm_datashare_role2role`;
/*!40101 SET @saved_cs_client     = @@character_set_client */;
/*!40101 SET character_set_client = utf8 */;
CREATE TABLE `nectarcrm_datashare_role2role` (
  `shareid` int(19) NOT NULL,
  `share_roleid` varchar(255) DEFAULT NULL,
  `to_roleid` varchar(255) DEFAULT NULL,
  `permission` int(19) DEFAULT NULL,
  PRIMARY KEY (`shareid`),
  KEY `datashare_role2role_share_roleid_idx` (`share_roleid`),
  KEY `datashare_role2role_to_roleid_idx` (`to_roleid`),
  CONSTRAINT `fk_3_nectarcrm_datashare_role2role` FOREIGN KEY (`to_roleid`) REFERENCES `nectarcrm_role` (`roleid`) ON DELETE CASCADE
) ENGINE=InnoDB DEFAULT CHARSET=utf8;
/*!40101 SET character_set_client = @saved_cs_client */;

--
-- Dumping data for table `nectarcrm_datashare_role2role`
--

LOCK TABLES `nectarcrm_datashare_role2role` WRITE;
/*!40000 ALTER TABLE `nectarcrm_datashare_role2role` DISABLE KEYS */;
/*!40000 ALTER TABLE `nectarcrm_datashare_role2role` ENABLE KEYS */;
UNLOCK TABLES;

--
-- Table structure for table `nectarcrm_datashare_role2rs`
--

DROP TABLE IF EXISTS `nectarcrm_datashare_role2rs`;
/*!40101 SET @saved_cs_client     = @@character_set_client */;
/*!40101 SET character_set_client = utf8 */;
CREATE TABLE `nectarcrm_datashare_role2rs` (
  `shareid` int(19) NOT NULL,
  `share_roleid` varchar(255) DEFAULT NULL,
  `to_roleandsubid` varchar(255) DEFAULT NULL,
  `permission` int(19) DEFAULT NULL,
  PRIMARY KEY (`shareid`),
  KEY `datashare_role2s_share_roleid_idx` (`share_roleid`),
  KEY `datashare_role2s_to_roleandsubid_idx` (`to_roleandsubid`),
  CONSTRAINT `fk_3_nectarcrm_datashare_role2rs` FOREIGN KEY (`to_roleandsubid`) REFERENCES `nectarcrm_role` (`roleid`) ON DELETE CASCADE
) ENGINE=InnoDB DEFAULT CHARSET=utf8;
/*!40101 SET character_set_client = @saved_cs_client */;

--
-- Dumping data for table `nectarcrm_datashare_role2rs`
--

LOCK TABLES `nectarcrm_datashare_role2rs` WRITE;
/*!40000 ALTER TABLE `nectarcrm_datashare_role2rs` DISABLE KEYS */;
/*!40000 ALTER TABLE `nectarcrm_datashare_role2rs` ENABLE KEYS */;
UNLOCK TABLES;

--
-- Table structure for table `nectarcrm_datashare_rs2grp`
--

DROP TABLE IF EXISTS `nectarcrm_datashare_rs2grp`;
/*!40101 SET @saved_cs_client     = @@character_set_client */;
/*!40101 SET character_set_client = utf8 */;
CREATE TABLE `nectarcrm_datashare_rs2grp` (
  `shareid` int(19) NOT NULL,
  `share_roleandsubid` varchar(255) DEFAULT NULL,
  `to_groupid` int(19) DEFAULT NULL,
  `permission` int(19) DEFAULT NULL,
  PRIMARY KEY (`shareid`),
  KEY `datashare_rs2grp_share_roleandsubid_idx` (`share_roleandsubid`),
  KEY `datashare_rs2grp_to_groupid_idx` (`to_groupid`),
  CONSTRAINT `fk_3_nectarcrm_datashare_rs2grp` FOREIGN KEY (`share_roleandsubid`) REFERENCES `nectarcrm_role` (`roleid`) ON DELETE CASCADE
) ENGINE=InnoDB DEFAULT CHARSET=utf8;
/*!40101 SET character_set_client = @saved_cs_client */;

--
-- Dumping data for table `nectarcrm_datashare_rs2grp`
--

LOCK TABLES `nectarcrm_datashare_rs2grp` WRITE;
/*!40000 ALTER TABLE `nectarcrm_datashare_rs2grp` DISABLE KEYS */;
/*!40000 ALTER TABLE `nectarcrm_datashare_rs2grp` ENABLE KEYS */;
UNLOCK TABLES;

--
-- Table structure for table `nectarcrm_datashare_rs2role`
--

DROP TABLE IF EXISTS `nectarcrm_datashare_rs2role`;
/*!40101 SET @saved_cs_client     = @@character_set_client */;
/*!40101 SET character_set_client = utf8 */;
CREATE TABLE `nectarcrm_datashare_rs2role` (
  `shareid` int(19) NOT NULL,
  `share_roleandsubid` varchar(255) DEFAULT NULL,
  `to_roleid` varchar(255) DEFAULT NULL,
  `permission` int(19) DEFAULT NULL,
  PRIMARY KEY (`shareid`),
  KEY `datashare_rs2role_share_roleandsubid_idx` (`share_roleandsubid`),
  KEY `datashare_rs2role_to_roleid_idx` (`to_roleid`),
  CONSTRAINT `fk_3_nectarcrm_datashare_rs2role` FOREIGN KEY (`to_roleid`) REFERENCES `nectarcrm_role` (`roleid`) ON DELETE CASCADE
) ENGINE=InnoDB DEFAULT CHARSET=utf8;
/*!40101 SET character_set_client = @saved_cs_client */;

--
-- Dumping data for table `nectarcrm_datashare_rs2role`
--

LOCK TABLES `nectarcrm_datashare_rs2role` WRITE;
/*!40000 ALTER TABLE `nectarcrm_datashare_rs2role` DISABLE KEYS */;
/*!40000 ALTER TABLE `nectarcrm_datashare_rs2role` ENABLE KEYS */;
UNLOCK TABLES;

--
-- Table structure for table `nectarcrm_datashare_rs2rs`
--

DROP TABLE IF EXISTS `nectarcrm_datashare_rs2rs`;
/*!40101 SET @saved_cs_client     = @@character_set_client */;
/*!40101 SET character_set_client = utf8 */;
CREATE TABLE `nectarcrm_datashare_rs2rs` (
  `shareid` int(19) NOT NULL,
  `share_roleandsubid` varchar(255) DEFAULT NULL,
  `to_roleandsubid` varchar(255) DEFAULT NULL,
  `permission` int(19) DEFAULT NULL,
  PRIMARY KEY (`shareid`),
  KEY `datashare_rs2rs_share_roleandsubid_idx` (`share_roleandsubid`),
  KEY `idx_datashare_rs2rs_to_roleandsubid_idx` (`to_roleandsubid`),
  CONSTRAINT `fk_3_nectarcrm_datashare_rs2rs` FOREIGN KEY (`to_roleandsubid`) REFERENCES `nectarcrm_role` (`roleid`) ON DELETE CASCADE
) ENGINE=InnoDB DEFAULT CHARSET=utf8;
/*!40101 SET character_set_client = @saved_cs_client */;

--
-- Dumping data for table `nectarcrm_datashare_rs2rs`
--

LOCK TABLES `nectarcrm_datashare_rs2rs` WRITE;
/*!40000 ALTER TABLE `nectarcrm_datashare_rs2rs` DISABLE KEYS */;
/*!40000 ALTER TABLE `nectarcrm_datashare_rs2rs` ENABLE KEYS */;
UNLOCK TABLES;

--
-- Table structure for table `nectarcrm_date_format`
--

DROP TABLE IF EXISTS `nectarcrm_date_format`;
/*!40101 SET @saved_cs_client     = @@character_set_client */;
/*!40101 SET character_set_client = utf8 */;
CREATE TABLE `nectarcrm_date_format` (
  `date_formatid` int(19) NOT NULL AUTO_INCREMENT,
  `date_format` varchar(200) NOT NULL,
  `sortorderid` int(19) NOT NULL DEFAULT '0',
  `presence` int(1) NOT NULL DEFAULT '1',
  PRIMARY KEY (`date_formatid`)
) ENGINE=InnoDB AUTO_INCREMENT=4 DEFAULT CHARSET=utf8;
/*!40101 SET character_set_client = @saved_cs_client */;

--
-- Dumping data for table `nectarcrm_date_format`
--

LOCK TABLES `nectarcrm_date_format` WRITE;
/*!40000 ALTER TABLE `nectarcrm_date_format` DISABLE KEYS */;
INSERT INTO `nectarcrm_date_format` VALUES (1,'dd-mm-yyyy',0,1),(2,'mm-dd-yyyy',1,1),(3,'yyyy-mm-dd',2,1);
/*!40000 ALTER TABLE `nectarcrm_date_format` ENABLE KEYS */;
UNLOCK TABLES;

--
-- Table structure for table `nectarcrm_date_format_seq`
--

DROP TABLE IF EXISTS `nectarcrm_date_format_seq`;
/*!40101 SET @saved_cs_client     = @@character_set_client */;
/*!40101 SET character_set_client = utf8 */;
CREATE TABLE `nectarcrm_date_format_seq` (
  `id` int(11) NOT NULL
) ENGINE=InnoDB DEFAULT CHARSET=utf8;
/*!40101 SET character_set_client = @saved_cs_client */;

--
-- Dumping data for table `nectarcrm_date_format_seq`
--

LOCK TABLES `nectarcrm_date_format_seq` WRITE;
/*!40000 ALTER TABLE `nectarcrm_date_format_seq` DISABLE KEYS */;
INSERT INTO `nectarcrm_date_format_seq` VALUES (3);
/*!40000 ALTER TABLE `nectarcrm_date_format_seq` ENABLE KEYS */;
UNLOCK TABLES;

--
-- Table structure for table `nectarcrm_dayoftheweek`
--

DROP TABLE IF EXISTS `nectarcrm_dayoftheweek`;
/*!40101 SET @saved_cs_client     = @@character_set_client */;
/*!40101 SET character_set_client = utf8 */;
CREATE TABLE `nectarcrm_dayoftheweek` (
  `dayoftheweekid` int(11) NOT NULL AUTO_INCREMENT,
  `dayoftheweek` varchar(200) NOT NULL,
  `sortorderid` int(11) DEFAULT NULL,
  `presence` int(11) NOT NULL DEFAULT '1',
  PRIMARY KEY (`dayoftheweekid`)
) ENGINE=InnoDB AUTO_INCREMENT=8 DEFAULT CHARSET=utf8;
/*!40101 SET character_set_client = @saved_cs_client */;

--
-- Dumping data for table `nectarcrm_dayoftheweek`
--

LOCK TABLES `nectarcrm_dayoftheweek` WRITE;
/*!40000 ALTER TABLE `nectarcrm_dayoftheweek` DISABLE KEYS */;
INSERT INTO `nectarcrm_dayoftheweek` VALUES (1,'Sunday',0,1),(2,'Monday',1,1),(3,'Tuesday',2,1),(4,'Wednesday',3,1),(5,'Thursday',4,1),(6,'Friday',5,1),(7,'Saturday',6,1);
/*!40000 ALTER TABLE `nectarcrm_dayoftheweek` ENABLE KEYS */;
UNLOCK TABLES;

--
-- Table structure for table `nectarcrm_dayoftheweek_seq`
--

DROP TABLE IF EXISTS `nectarcrm_dayoftheweek_seq`;
/*!40101 SET @saved_cs_client     = @@character_set_client */;
/*!40101 SET character_set_client = utf8 */;
CREATE TABLE `nectarcrm_dayoftheweek_seq` (
  `id` int(11) NOT NULL
) ENGINE=InnoDB DEFAULT CHARSET=utf8;
/*!40101 SET character_set_client = @saved_cs_client */;

--
-- Dumping data for table `nectarcrm_dayoftheweek_seq`
--

LOCK TABLES `nectarcrm_dayoftheweek_seq` WRITE;
/*!40000 ALTER TABLE `nectarcrm_dayoftheweek_seq` DISABLE KEYS */;
INSERT INTO `nectarcrm_dayoftheweek_seq` VALUES (7);
/*!40000 ALTER TABLE `nectarcrm_dayoftheweek_seq` ENABLE KEYS */;
UNLOCK TABLES;

--
-- Table structure for table `nectarcrm_def_org_field`
--

DROP TABLE IF EXISTS `nectarcrm_def_org_field`;
/*!40101 SET @saved_cs_client     = @@character_set_client */;
/*!40101 SET character_set_client = utf8 */;
CREATE TABLE `nectarcrm_def_org_field` (
  `tabid` int(10) DEFAULT NULL,
  `fieldid` int(19) NOT NULL,
  `visible` int(19) DEFAULT NULL,
  `readonly` int(19) DEFAULT NULL,
  PRIMARY KEY (`fieldid`),
  KEY `def_org_field_tabid_fieldid_idx` (`tabid`,`fieldid`),
  KEY `def_org_field_tabid_idx` (`tabid`),
  KEY `def_org_field_visible_fieldid_idx` (`visible`,`fieldid`)
) ENGINE=InnoDB DEFAULT CHARSET=utf8;
/*!40101 SET character_set_client = @saved_cs_client */;

--
-- Dumping data for table `nectarcrm_def_org_field`
--

LOCK TABLES `nectarcrm_def_org_field` WRITE;
/*!40000 ALTER TABLE `nectarcrm_def_org_field` DISABLE KEYS */;
INSERT INTO `nectarcrm_def_org_field` VALUES (6,1,0,0),(6,2,0,0),(6,3,0,0),(6,4,0,0),(6,5,0,0),(6,6,0,0),(6,7,0,0),(6,8,0,0),(6,9,0,0),(6,10,0,0),(6,11,0,0),(6,12,0,0),(6,13,0,0),(6,14,0,0),(6,15,0,0),(6,16,0,0),(6,17,0,0),(6,18,0,0),(6,19,0,0),(6,20,0,0),(6,21,0,0),(6,22,0,0),(6,23,0,0),(6,24,0,0),(6,25,0,0),(6,26,0,0),(6,27,0,0),(6,28,0,0),(6,29,0,0),(6,30,0,0),(6,31,0,0),(6,32,0,0),(6,33,0,0),(6,34,0,0),(6,35,0,0),(6,36,0,0),(7,37,0,0),(7,38,0,0),(7,39,0,0),(7,40,0,0),(7,41,0,0),(7,42,0,0),(7,43,0,0),(7,44,0,0),(7,45,0,0),(7,46,0,0),(7,47,0,0),(7,48,0,0),(7,49,0,0),(7,50,0,0),(7,51,0,0),(7,52,0,0),(7,53,0,0),(7,54,0,0),(7,55,0,0),(7,56,0,0),(7,57,0,0),(7,58,0,0),(7,59,0,0),(7,60,0,0),(7,61,0,0),(7,62,0,0),(7,63,0,0),(7,64,0,0),(7,65,0,0),(4,66,0,0),(4,67,0,0),(4,68,0,0),(4,69,0,0),(4,70,0,0),(4,71,0,0),(4,72,0,0),(4,73,0,0),(4,74,0,0),(4,75,0,0),(4,76,0,0),(4,77,0,0),(4,78,0,0),(4,79,0,0),(4,80,0,0),(4,81,0,0),(4,82,0,0),(4,83,0,0),(4,84,0,0),(4,85,0,0),(4,86,0,0),(4,87,0,0),(4,88,0,0),(4,89,0,0),(4,90,0,0),(4,91,0,0),(4,92,0,0),(4,93,0,0),(4,94,0,0),(4,95,0,0),(4,96,0,0),(4,97,0,0),(4,98,0,0),(4,99,0,0),(4,100,0,0),(4,101,0,0),(4,102,0,0),(4,103,0,0),(4,104,0,0),(4,105,0,0),(4,106,0,0),(4,107,0,0),(4,108,0,0),(4,109,0,0),(2,110,0,0),(2,111,0,0),(2,112,0,0),(2,113,0,0),(2,114,0,0),(2,115,0,0),(2,116,0,0),(2,117,0,0),(2,118,0,0),(2,119,0,0),(2,120,0,0),(2,121,0,0),(2,122,0,0),(2,123,0,0),(2,124,0,0),(2,125,0,0),(26,126,0,0),(26,127,0,0),(26,128,0,0),(26,129,0,0),(26,130,0,0),(26,131,0,0),(26,132,0,0),(26,133,0,0),(26,134,0,0),(26,135,0,0),(26,136,0,0),(26,137,0,0),(26,138,0,0),(26,139,0,0),(26,140,0,0),(26,141,0,0),(26,142,0,0),(26,143,0,0),(26,144,0,0),(26,145,0,0),(26,146,0,0),(26,147,0,0),(26,148,0,0),(26,149,0,0),(26,150,0,0),(4,151,0,0),(6,152,0,0),(7,153,0,0),(26,154,0,0),(13,155,0,0),(13,156,0,0),(13,157,0,0),(13,158,0,0),(13,159,0,0),(13,160,0,0),(13,161,0,0),(13,162,0,0),(13,163,0,0),(13,164,0,0),(13,165,0,0),(13,166,0,0),(13,167,0,0),(13,168,0,0),(13,169,0,0),(13,170,0,0),(13,171,0,0),(13,172,0,0),(13,173,0,0),(14,174,0,0),(14,175,0,0),(14,176,0,0),(14,177,0,0),(14,178,0,0),(14,179,0,0),(14,180,0,0),(14,181,0,0),(14,182,0,0),(14,183,0,0),(14,184,0,0),(14,185,0,0),(14,186,0,0),(14,187,0,0),(14,188,0,0),(14,189,0,0),(14,190,0,0),(14,191,0,0),(14,192,0,0),(14,193,0,0),(14,194,0,0),(14,195,0,0),(14,196,0,0),(14,197,0,0),(14,198,0,0),(14,199,0,0),(14,200,0,0),(14,201,0,0),(14,202,0,0),(14,203,0,0),(14,204,0,0),(8,205,0,0),(8,206,0,0),(8,207,0,0),(8,208,0,0),(8,209,0,0),(8,210,0,0),(8,211,0,0),(8,212,0,0),(8,213,0,0),(8,214,0,0),(8,215,0,0),(8,216,0,0),(8,217,0,0),(8,218,0,0),(8,219,0,0),(10,220,0,0),(10,221,0,0),(10,222,0,0),(10,223,0,0),(10,224,0,0),(10,225,0,0),(10,226,0,0),(10,227,0,0),(10,228,0,0),(10,229,0,0),(10,230,0,0),(10,231,0,0),(9,232,0,0),(9,233,0,0),(9,234,0,0),(9,235,0,0),(9,236,0,0),(9,237,0,0),(9,238,0,0),(9,239,0,0),(9,240,0,0),(9,241,0,0),(9,242,0,0),(9,243,0,0),(9,244,0,0),(9,245,0,0),(9,246,0,0),(9,247,0,0),(9,248,0,0),(9,249,0,0),(9,250,0,0),(9,251,0,0),(9,252,0,0),(9,253,0,0),(9,254,0,0),(9,255,0,0),(16,256,0,0),(16,257,0,0),(16,258,0,0),(16,259,0,0),(16,260,0,0),(16,261,0,0),(16,262,0,0),(16,263,0,0),(16,264,0,0),(16,265,0,0),(16,266,0,0),(16,267,0,0),(16,268,0,0),(16,269,0,0),(16,270,0,0),(16,271,0,0),(16,272,0,0),(16,273,0,0),(16,274,0,0),(16,275,0,0),(16,276,0,0),(16,277,0,0),(16,278,0,0),(15,279,0,0),(15,280,0,0),(15,281,0,0),(15,282,0,0),(15,283,0,0),(15,284,0,0),(15,285,0,0),(15,286,0,0),(15,287,0,0),(15,288,0,0),(18,289,0,0),(18,290,0,0),(18,291,0,0),(18,292,0,0),(18,293,0,0),(18,294,0,0),(18,295,0,0),(18,296,0,0),(18,297,0,0),(18,298,0,0),(18,299,0,0),(18,300,0,0),(18,301,0,0),(18,302,0,0),(18,303,0,0),(18,304,0,0),(18,305,0,0),(19,306,0,0),(19,307,0,0),(19,308,0,0),(19,309,0,0),(19,310,0,0),(19,311,0,0),(19,312,0,0),(19,313,0,0),(20,314,0,0),(20,315,0,0),(20,316,0,0),(20,317,0,0),(20,318,0,0),(20,319,0,0),(20,320,0,0),(20,321,0,0),(20,322,0,0),(20,323,0,0),(20,324,0,0),(20,325,0,0),(20,326,0,0),(20,327,0,0),(20,328,0,0),(20,329,0,0),(20,330,0,0),(20,331,0,0),(20,332,0,0),(20,333,0,0),(20,334,0,0),(20,335,0,0),(20,336,0,0),(20,337,0,0),(20,338,0,0),(20,339,0,0),(20,340,0,0),(20,341,0,0),(20,342,0,0),(20,343,0,0),(20,344,0,0),(20,345,0,0),(20,346,0,0),(20,347,0,0),(20,348,0,0),(20,349,0,0),(20,350,0,0),(21,351,0,0),(21,352,0,0),(21,353,0,0),(21,354,0,0),(21,355,0,0),(21,356,0,0),(21,357,0,0),(21,358,0,0),(21,359,0,0),(21,360,0,0),(21,361,0,0),(21,362,0,0),(21,363,0,0),(21,364,0,0),(21,365,0,0),(21,366,0,0),(21,367,0,0),(21,368,0,0),(21,369,0,0),(21,370,0,0),(21,371,0,0),(21,372,0,0),(21,373,0,0),(21,374,0,0),(21,375,0,0),(21,376,0,0),(21,377,0,0),(21,378,0,0),(21,379,0,0),(21,380,0,0),(21,381,0,0),(21,382,0,0),(21,383,0,0),(21,384,0,0),(21,385,0,0),(21,386,0,0),(21,387,0,0),(21,388,0,0),(22,389,0,0),(22,390,0,0),(22,391,0,0),(22,392,0,0),(22,393,0,0),(22,394,0,0),(22,395,0,0),(22,396,0,0),(22,397,0,0),(22,398,0,0),(22,399,0,0),(22,400,0,0),(22,401,0,0),(22,402,0,0),(22,403,0,0),(22,404,0,0),(22,405,0,0),(22,406,0,0),(22,407,0,0),(22,408,0,0),(22,409,0,0),(22,410,0,0),(22,411,0,0),(22,412,0,0),(22,413,0,0),(22,414,0,0),(22,415,0,0),(22,416,0,0),(22,417,0,0),(22,418,0,0),(22,419,0,0),(22,420,0,0),(22,421,0,0),(22,422,0,0),(22,423,0,0),(22,424,0,0),(22,425,0,0),(22,426,0,0),(22,427,0,0),(22,428,0,0),(22,429,0,0),(22,430,0,0),(22,431,0,0),(22,432,0,0),(22,433,0,0),(22,434,0,0),(22,435,0,0),(23,436,0,0),(23,437,0,0),(23,438,0,0),(23,439,0,0),(23,440,0,0),(23,441,0,0),(23,442,0,0),(23,443,0,0),(23,444,0,0),(23,445,0,0),(23,446,0,0),(23,447,0,0),(23,448,0,0),(23,449,0,0),(23,450,0,0),(23,451,0,0),(23,452,0,0),(23,453,0,0),(23,454,0,0),(23,455,0,0),(23,456,0,0),(23,457,0,0),(23,458,0,0),(23,459,0,0),(23,460,0,0),(23,461,0,0),(23,462,0,0),(23,463,0,0),(23,464,0,0),(23,465,0,0),(23,466,0,0),(23,467,0,0),(23,468,0,0),(23,469,0,0),(23,470,0,0),(23,471,0,0),(23,472,0,0),(23,473,0,0),(23,474,0,0),(29,475,0,0),(29,479,0,0),(29,480,0,0),(29,481,0,0),(29,482,0,0),(29,489,0,0),(29,490,0,0),(29,491,0,0),(29,492,0,0),(29,493,0,0),(29,494,0,0),(29,495,0,0),(29,496,0,0),(29,497,0,0),(29,498,0,0),(29,499,0,0),(29,504,0,0),(29,505,0,0),(29,506,0,0),(29,507,0,0),(29,510,0,0),(29,515,0,0),(10,520,0,0),(10,521,0,0),(10,522,0,0),(10,523,0,0),(10,524,0,0),(10,525,0,0),(30,526,0,0),(30,527,0,0),(30,528,0,0),(30,529,0,0),(30,530,0,0),(30,531,0,0),(30,532,0,0),(30,533,0,0),(30,534,0,0),(30,535,0,0),(30,536,0,0),(30,537,0,0),(30,538,0,0),(30,539,0,0),(30,540,0,0),(30,541,0,0),(30,542,0,0),(29,543,0,0),(32,544,0,0),(32,545,0,0),(32,546,0,0),(32,547,0,0),(32,548,0,0),(32,549,0,0),(32,550,0,0),(32,551,0,0),(32,552,0,0),(32,553,0,0),(32,554,0,0),(32,555,0,0),(32,556,0,0),(32,557,0,0),(32,558,0,0),(32,559,0,0),(32,560,0,0),(32,561,0,0),(32,562,0,0),(32,563,0,0),(32,564,0,0),(32,565,0,0),(34,566,0,0),(34,567,0,0),(34,568,0,0),(34,569,0,0),(34,570,0,0),(34,571,0,0),(34,572,0,0),(34,573,0,0),(34,574,0,0),(34,575,0,0),(34,576,0,0),(34,577,0,0),(34,578,0,0),(34,579,0,0),(34,580,0,0),(34,581,0,0),(34,582,0,0),(34,583,0,0),(34,584,0,0),(34,585,0,0),(34,586,0,0),(34,587,0,0),(40,588,0,0),(40,589,0,0),(40,590,0,0),(40,591,0,0),(40,592,0,0),(40,593,0,0),(40,594,0,0),(40,595,0,0),(40,596,0,0),(40,597,0,0),(40,598,0,0),(40,599,0,0),(40,600,0,0),(40,601,0,0),(40,602,0,0),(40,603,0,0),(40,604,0,0),(40,605,0,0),(40,606,0,0),(40,607,0,0),(40,608,0,0),(41,609,0,0),(41,610,0,0),(41,611,0,0),(41,612,0,0),(41,613,0,0),(41,614,0,0),(41,615,0,0),(41,616,0,0),(44,617,0,0),(44,618,0,0),(44,619,0,0),(44,620,0,0),(44,621,0,0),(44,622,0,0),(44,623,0,0),(44,624,0,0),(44,625,0,0),(44,626,0,0),(44,627,0,0),(44,628,0,0),(44,629,0,0),(45,630,0,0),(45,631,0,0),(45,632,0,0),(45,633,0,0),(45,634,0,0),(45,635,0,0),(45,636,0,0),(45,637,0,0),(45,638,0,0),(45,639,0,0),(45,640,0,0),(45,641,0,0),(45,642,0,0),(45,643,0,0),(45,644,0,0),(45,645,0,0),(45,646,0,0),(45,647,0,0),(46,648,0,0),(46,649,0,0),(46,650,0,0),(46,651,0,0),(46,652,0,0),(46,653,0,0),(46,654,0,0),(46,655,0,0),(46,656,0,0),(46,657,0,0),(46,658,0,0),(46,659,0,0),(46,660,0,0),(46,661,0,0),(46,662,0,0),(46,663,0,0),(46,664,0,0),(46,665,0,0),(46,666,0,0),(46,667,0,0),(47,668,0,0),(47,669,0,0),(47,670,0,0),(47,671,0,0),(47,672,0,0),(47,673,0,0),(2,674,0,0),(29,675,0,0),(23,676,0,0),(23,677,0,0),(23,678,0,0),(23,679,0,0),(23,680,0,0),(23,681,0,0),(23,682,0,0),(23,683,0,0),(23,684,0,0),(22,685,0,0),(22,686,0,0),(22,687,0,0),(22,688,0,0),(22,689,0,0),(22,690,0,0),(22,691,0,0),(22,692,0,0),(22,693,0,0),(21,694,0,0),(21,695,0,0),(21,696,0,0),(21,697,0,0),(21,698,0,0),(21,699,0,0),(21,700,0,0),(21,701,0,0),(21,702,0,0),(20,703,0,0),(20,704,0,0),(20,705,0,0),(20,706,0,0),(20,707,0,0),(20,708,0,0),(20,709,0,0),(20,710,0,0),(20,711,0,0),(29,712,0,0),(45,713,0,0),(41,714,0,0),(29,715,0,0),(29,716,0,0),(29,717,0,0),(23,718,0,0),(22,719,0,0),(21,720,0,0),(20,721,0,0),(29,722,0,0),(6,723,0,0),(4,724,0,0),(2,725,0,0),(29,726,0,0),(23,727,0,0),(23,728,0,0),(21,729,0,0),(21,730,0,0),(18,731,0,0),(7,732,0,0),(41,733,0,0),(41,734,0,0),(23,735,0,0),(20,736,0,0),(21,737,0,0),(22,738,0,0),(29,739,0,0),(2,740,0,0),(13,741,0,0),(29,742,0,0),(29,743,0,0),(29,744,0,0),(29,745,0,0),(14,772,0,0),(32,773,0,0),(23,774,0,0),(29,775,0,0),(23,776,0,0),(23,777,0,0),(23,778,0,0),(20,779,0,0),(20,780,0,0),(20,781,0,0),(21,782,0,0),(22,783,0,0),(22,784,0,0),(22,785,0,0),(41,786,0,0),(41,787,0,0),(41,788,0,0),(2,789,0,0),(4,790,0,0),(6,791,0,0),(7,792,0,0),(8,793,0,0),(9,794,0,0),(10,795,0,0),(13,796,0,0),(14,797,0,0),(15,798,0,0),(16,799,0,0),(18,800,0,0),(19,801,0,0),(20,802,0,0),(21,803,0,0),(22,804,0,0),(23,805,0,0),(26,806,0,0),(10,807,0,0),(2,808,0,0),(4,809,0,0),(6,810,0,0),(7,811,0,0),(8,812,0,0),(9,813,0,0),(10,814,0,0),(13,815,0,0),(14,816,0,0),(15,817,0,0),(16,818,0,0),(18,819,0,0),(19,820,0,0),(20,821,0,0),(21,822,0,0),(22,823,0,0),(23,824,0,0),(26,825,0,0),(30,826,0,0),(2,827,0,0),(4,828,0,0),(6,829,0,0),(7,830,0,0),(8,831,0,0),(9,832,0,0),(10,833,0,0),(13,834,0,0),(14,835,0,0),(15,836,0,0),(16,837,0,0),(18,838,0,0),(19,839,0,0),(20,840,0,0),(21,841,0,0),(22,842,0,0),(23,843,0,0),(26,844,0,0),(30,845,0,0),(20,846,0,0),(21,847,0,0),(22,848,0,0),(23,849,0,0),(46,850,0,0),(46,851,0,0),(26,853,0,0),(4,855,0,0),(40,857,0,0),(23,858,0,0),(20,859,0,0),(21,860,0,0),(22,861,0,0);
/*!40000 ALTER TABLE `nectarcrm_def_org_field` ENABLE KEYS */;
UNLOCK TABLES;

--
-- Table structure for table `nectarcrm_def_org_share`
--

DROP TABLE IF EXISTS `nectarcrm_def_org_share`;
/*!40101 SET @saved_cs_client     = @@character_set_client */;
/*!40101 SET character_set_client = utf8 */;
CREATE TABLE `nectarcrm_def_org_share` (
  `ruleid` int(11) NOT NULL AUTO_INCREMENT,
  `tabid` int(11) NOT NULL,
  `permission` int(19) DEFAULT NULL,
  `editstatus` int(19) DEFAULT NULL,
  PRIMARY KEY (`ruleid`),
  KEY `fk_1_nectarcrm_def_org_share` (`permission`),
  CONSTRAINT `fk_1_nectarcrm_def_org_share` FOREIGN KEY (`permission`) REFERENCES `nectarcrm_org_share_action_mapping` (`share_action_id`) ON DELETE CASCADE
) ENGINE=InnoDB AUTO_INCREMENT=26 DEFAULT CHARSET=utf8;
/*!40101 SET character_set_client = @saved_cs_client */;

--
-- Dumping data for table `nectarcrm_def_org_share`
--

LOCK TABLES `nectarcrm_def_org_share` WRITE;
/*!40000 ALTER TABLE `nectarcrm_def_org_share` DISABLE KEYS */;
INSERT INTO `nectarcrm_def_org_share` VALUES (1,2,0,0),(2,4,0,0),(3,6,2,0),(4,7,2,0),(5,9,3,1),(6,13,2,0),(7,16,3,2),(8,20,2,0),(9,21,2,0),(10,22,2,0),(11,23,2,0),(12,26,2,0),(13,8,2,0),(14,14,2,0),(15,30,3,0),(16,32,2,0),(17,34,2,0),(18,40,2,0),(19,41,2,0),(20,44,2,0),(21,45,2,0),(22,46,2,0),(23,47,2,0),(24,18,2,0),(25,10,2,0);
/*!40000 ALTER TABLE `nectarcrm_def_org_share` ENABLE KEYS */;
UNLOCK TABLES;

--
-- Table structure for table `nectarcrm_def_org_share_seq`
--

DROP TABLE IF EXISTS `nectarcrm_def_org_share_seq`;
/*!40101 SET @saved_cs_client     = @@character_set_client */;
/*!40101 SET character_set_client = utf8 */;
CREATE TABLE `nectarcrm_def_org_share_seq` (
  `id` int(11) NOT NULL
) ENGINE=InnoDB DEFAULT CHARSET=utf8;
/*!40101 SET character_set_client = @saved_cs_client */;

--
-- Dumping data for table `nectarcrm_def_org_share_seq`
--

LOCK TABLES `nectarcrm_def_org_share_seq` WRITE;
/*!40000 ALTER TABLE `nectarcrm_def_org_share_seq` DISABLE KEYS */;
INSERT INTO `nectarcrm_def_org_share_seq` VALUES (25);
/*!40000 ALTER TABLE `nectarcrm_def_org_share_seq` ENABLE KEYS */;
UNLOCK TABLES;

--
-- Table structure for table `nectarcrm_default_record_view`
--

DROP TABLE IF EXISTS `nectarcrm_default_record_view`;
/*!40101 SET @saved_cs_client     = @@character_set_client */;
/*!40101 SET character_set_client = utf8 */;
CREATE TABLE `nectarcrm_default_record_view` (
  `default_record_viewid` int(11) NOT NULL AUTO_INCREMENT,
  `default_record_view` varchar(200) NOT NULL,
  `sortorderid` int(11) DEFAULT NULL,
  `presence` int(11) NOT NULL DEFAULT '1',
  PRIMARY KEY (`default_record_viewid`)
) ENGINE=InnoDB AUTO_INCREMENT=3 DEFAULT CHARSET=utf8;
/*!40101 SET character_set_client = @saved_cs_client */;

--
-- Dumping data for table `nectarcrm_default_record_view`
--

LOCK TABLES `nectarcrm_default_record_view` WRITE;
/*!40000 ALTER TABLE `nectarcrm_default_record_view` DISABLE KEYS */;
INSERT INTO `nectarcrm_default_record_view` VALUES (1,'Summary',0,1),(2,'Detail',1,1);
/*!40000 ALTER TABLE `nectarcrm_default_record_view` ENABLE KEYS */;
UNLOCK TABLES;

--
-- Table structure for table `nectarcrm_default_record_view_seq`
--

DROP TABLE IF EXISTS `nectarcrm_default_record_view_seq`;
/*!40101 SET @saved_cs_client     = @@character_set_client */;
/*!40101 SET character_set_client = utf8 */;
CREATE TABLE `nectarcrm_default_record_view_seq` (
  `id` int(11) NOT NULL
) ENGINE=InnoDB DEFAULT CHARSET=utf8;
/*!40101 SET character_set_client = @saved_cs_client */;

--
-- Dumping data for table `nectarcrm_default_record_view_seq`
--

LOCK TABLES `nectarcrm_default_record_view_seq` WRITE;
/*!40000 ALTER TABLE `nectarcrm_default_record_view_seq` DISABLE KEYS */;
INSERT INTO `nectarcrm_default_record_view_seq` VALUES (2);
/*!40000 ALTER TABLE `nectarcrm_default_record_view_seq` ENABLE KEYS */;
UNLOCK TABLES;

--
-- Table structure for table `nectarcrm_defaultactivitytype`
--

DROP TABLE IF EXISTS `nectarcrm_defaultactivitytype`;
/*!40101 SET @saved_cs_client     = @@character_set_client */;
/*!40101 SET character_set_client = utf8 */;
CREATE TABLE `nectarcrm_defaultactivitytype` (
  `defaultactivitytypeid` int(11) NOT NULL AUTO_INCREMENT,
  `defaultactivitytype` varchar(200) NOT NULL,
  `presence` int(1) NOT NULL DEFAULT '1',
  `picklist_valueid` int(11) NOT NULL DEFAULT '0',
  `sortorderid` int(11) DEFAULT '0',
  PRIMARY KEY (`defaultactivitytypeid`)
) ENGINE=InnoDB AUTO_INCREMENT=3 DEFAULT CHARSET=utf8;
/*!40101 SET character_set_client = @saved_cs_client */;

--
-- Dumping data for table `nectarcrm_defaultactivitytype`
--

LOCK TABLES `nectarcrm_defaultactivitytype` WRITE;
/*!40000 ALTER TABLE `nectarcrm_defaultactivitytype` DISABLE KEYS */;
INSERT INTO `nectarcrm_defaultactivitytype` VALUES (1,'Call',1,299,1),(2,'Meeting',1,300,2);
/*!40000 ALTER TABLE `nectarcrm_defaultactivitytype` ENABLE KEYS */;
UNLOCK TABLES;

--
-- Table structure for table `nectarcrm_defaultactivitytype_seq`
--

DROP TABLE IF EXISTS `nectarcrm_defaultactivitytype_seq`;
/*!40101 SET @saved_cs_client     = @@character_set_client */;
/*!40101 SET character_set_client = utf8 */;
CREATE TABLE `nectarcrm_defaultactivitytype_seq` (
  `id` int(11) NOT NULL
) ENGINE=InnoDB DEFAULT CHARSET=utf8;
/*!40101 SET character_set_client = @saved_cs_client */;

--
-- Dumping data for table `nectarcrm_defaultactivitytype_seq`
--

LOCK TABLES `nectarcrm_defaultactivitytype_seq` WRITE;
/*!40000 ALTER TABLE `nectarcrm_defaultactivitytype_seq` DISABLE KEYS */;
INSERT INTO `nectarcrm_defaultactivitytype_seq` VALUES (2);
/*!40000 ALTER TABLE `nectarcrm_defaultactivitytype_seq` ENABLE KEYS */;
UNLOCK TABLES;

--
-- Table structure for table `nectarcrm_defaultcalendarview`
--

DROP TABLE IF EXISTS `nectarcrm_defaultcalendarview`;
/*!40101 SET @saved_cs_client     = @@character_set_client */;
/*!40101 SET character_set_client = utf8 */;
CREATE TABLE `nectarcrm_defaultcalendarview` (
  `defaultcalendarviewid` int(11) NOT NULL AUTO_INCREMENT,
  `defaultcalendarview` varchar(200) NOT NULL,
  `sortorderid` int(11) DEFAULT NULL,
  `presence` int(11) NOT NULL DEFAULT '1',
  PRIMARY KEY (`defaultcalendarviewid`)
) ENGINE=InnoDB AUTO_INCREMENT=4 DEFAULT CHARSET=utf8;
/*!40101 SET character_set_client = @saved_cs_client */;

--
-- Dumping data for table `nectarcrm_defaultcalendarview`
--

LOCK TABLES `nectarcrm_defaultcalendarview` WRITE;
/*!40000 ALTER TABLE `nectarcrm_defaultcalendarview` DISABLE KEYS */;
INSERT INTO `nectarcrm_defaultcalendarview` VALUES (1,'ListView',0,1),(2,'MyCalendar',1,1),(3,'SharedCalendar',2,1);
/*!40000 ALTER TABLE `nectarcrm_defaultcalendarview` ENABLE KEYS */;
UNLOCK TABLES;

--
-- Table structure for table `nectarcrm_defaultcalendarview_seq`
--

DROP TABLE IF EXISTS `nectarcrm_defaultcalendarview_seq`;
/*!40101 SET @saved_cs_client     = @@character_set_client */;
/*!40101 SET character_set_client = utf8 */;
CREATE TABLE `nectarcrm_defaultcalendarview_seq` (
  `id` int(11) NOT NULL
) ENGINE=InnoDB DEFAULT CHARSET=utf8;
/*!40101 SET character_set_client = @saved_cs_client */;

--
-- Dumping data for table `nectarcrm_defaultcalendarview_seq`
--

LOCK TABLES `nectarcrm_defaultcalendarview_seq` WRITE;
/*!40000 ALTER TABLE `nectarcrm_defaultcalendarview_seq` DISABLE KEYS */;
INSERT INTO `nectarcrm_defaultcalendarview_seq` VALUES (3);
/*!40000 ALTER TABLE `nectarcrm_defaultcalendarview_seq` ENABLE KEYS */;
UNLOCK TABLES;

--
-- Table structure for table `nectarcrm_defaultcv`
--

DROP TABLE IF EXISTS `nectarcrm_defaultcv`;
/*!40101 SET @saved_cs_client     = @@character_set_client */;
/*!40101 SET character_set_client = utf8 */;
CREATE TABLE `nectarcrm_defaultcv` (
  `tabid` int(19) NOT NULL,
  `defaultviewname` varchar(50) NOT NULL,
  `query` text,
  PRIMARY KEY (`tabid`),
  CONSTRAINT `fk_1_nectarcrm_defaultcv` FOREIGN KEY (`tabid`) REFERENCES `nectarcrm_tab` (`tabid`) ON DELETE CASCADE
) ENGINE=InnoDB DEFAULT CHARSET=utf8;
/*!40101 SET character_set_client = @saved_cs_client */;

--
-- Dumping data for table `nectarcrm_defaultcv`
--

LOCK TABLES `nectarcrm_defaultcv` WRITE;
/*!40000 ALTER TABLE `nectarcrm_defaultcv` DISABLE KEYS */;
/*!40000 ALTER TABLE `nectarcrm_defaultcv` ENABLE KEYS */;
UNLOCK TABLES;

--
-- Table structure for table `nectarcrm_defaulteventstatus`
--

DROP TABLE IF EXISTS `nectarcrm_defaulteventstatus`;
/*!40101 SET @saved_cs_client     = @@character_set_client */;
/*!40101 SET character_set_client = utf8 */;
CREATE TABLE `nectarcrm_defaulteventstatus` (
  `defaulteventstatusid` int(11) NOT NULL AUTO_INCREMENT,
  `defaulteventstatus` varchar(200) NOT NULL,
  `presence` int(1) NOT NULL DEFAULT '1',
  `picklist_valueid` int(11) NOT NULL DEFAULT '0',
  `sortorderid` int(11) DEFAULT '0',
  PRIMARY KEY (`defaulteventstatusid`)
) ENGINE=InnoDB AUTO_INCREMENT=4 DEFAULT CHARSET=utf8;
/*!40101 SET character_set_client = @saved_cs_client */;

--
-- Dumping data for table `nectarcrm_defaulteventstatus`
--

LOCK TABLES `nectarcrm_defaulteventstatus` WRITE;
/*!40000 ALTER TABLE `nectarcrm_defaulteventstatus` DISABLE KEYS */;
INSERT INTO `nectarcrm_defaulteventstatus` VALUES (1,'Planned',1,296,1),(2,'Held',1,297,2),(3,'Not Held',1,298,3);
/*!40000 ALTER TABLE `nectarcrm_defaulteventstatus` ENABLE KEYS */;
UNLOCK TABLES;

--
-- Table structure for table `nectarcrm_defaulteventstatus_seq`
--

DROP TABLE IF EXISTS `nectarcrm_defaulteventstatus_seq`;
/*!40101 SET @saved_cs_client     = @@character_set_client */;
/*!40101 SET character_set_client = utf8 */;
CREATE TABLE `nectarcrm_defaulteventstatus_seq` (
  `id` int(11) NOT NULL
) ENGINE=InnoDB DEFAULT CHARSET=utf8;
/*!40101 SET character_set_client = @saved_cs_client */;

--
-- Dumping data for table `nectarcrm_defaulteventstatus_seq`
--

LOCK TABLES `nectarcrm_defaulteventstatus_seq` WRITE;
/*!40000 ALTER TABLE `nectarcrm_defaulteventstatus_seq` DISABLE KEYS */;
INSERT INTO `nectarcrm_defaulteventstatus_seq` VALUES (3);
/*!40000 ALTER TABLE `nectarcrm_defaulteventstatus_seq` ENABLE KEYS */;
UNLOCK TABLES;

--
-- Table structure for table `nectarcrm_duration_minutes`
--

DROP TABLE IF EXISTS `nectarcrm_duration_minutes`;
/*!40101 SET @saved_cs_client     = @@character_set_client */;
/*!40101 SET character_set_client = utf8 */;
CREATE TABLE `nectarcrm_duration_minutes` (
  `minutesid` int(19) NOT NULL AUTO_INCREMENT,
  `duration_minutes` varchar(200) NOT NULL,
  `sortorderid` int(19) NOT NULL DEFAULT '0',
  `presence` int(1) NOT NULL DEFAULT '1',
  `color` varchar(10) DEFAULT NULL,
  PRIMARY KEY (`minutesid`)
) ENGINE=InnoDB AUTO_INCREMENT=5 DEFAULT CHARSET=utf8;
/*!40101 SET character_set_client = @saved_cs_client */;

--
-- Dumping data for table `nectarcrm_duration_minutes`
--

LOCK TABLES `nectarcrm_duration_minutes` WRITE;
/*!40000 ALTER TABLE `nectarcrm_duration_minutes` DISABLE KEYS */;
INSERT INTO `nectarcrm_duration_minutes` VALUES (1,'00',0,1,NULL),(2,'15',1,1,NULL),(3,'30',2,1,NULL),(4,'45',3,1,NULL);
/*!40000 ALTER TABLE `nectarcrm_duration_minutes` ENABLE KEYS */;
UNLOCK TABLES;

--
-- Table structure for table `nectarcrm_duration_minutes_seq`
--

DROP TABLE IF EXISTS `nectarcrm_duration_minutes_seq`;
/*!40101 SET @saved_cs_client     = @@character_set_client */;
/*!40101 SET character_set_client = utf8 */;
CREATE TABLE `nectarcrm_duration_minutes_seq` (
  `id` int(11) NOT NULL
) ENGINE=InnoDB DEFAULT CHARSET=utf8;
/*!40101 SET character_set_client = @saved_cs_client */;

--
-- Dumping data for table `nectarcrm_duration_minutes_seq`
--

LOCK TABLES `nectarcrm_duration_minutes_seq` WRITE;
/*!40000 ALTER TABLE `nectarcrm_duration_minutes_seq` DISABLE KEYS */;
INSERT INTO `nectarcrm_duration_minutes_seq` VALUES (4);
/*!40000 ALTER TABLE `nectarcrm_duration_minutes_seq` ENABLE KEYS */;
UNLOCK TABLES;

--
-- Table structure for table `nectarcrm_durationhrs`
--

DROP TABLE IF EXISTS `nectarcrm_durationhrs`;
/*!40101 SET @saved_cs_client     = @@character_set_client */;
/*!40101 SET character_set_client = utf8 */;
CREATE TABLE `nectarcrm_durationhrs` (
  `hrsid` int(19) NOT NULL AUTO_INCREMENT,
  `hrs` varchar(50) DEFAULT NULL,
  `sortorderid` int(19) NOT NULL DEFAULT '0',
  `presence` int(1) NOT NULL DEFAULT '1',
  PRIMARY KEY (`hrsid`)
) ENGINE=InnoDB DEFAULT CHARSET=utf8;
/*!40101 SET character_set_client = @saved_cs_client */;

--
-- Dumping data for table `nectarcrm_durationhrs`
--

LOCK TABLES `nectarcrm_durationhrs` WRITE;
/*!40000 ALTER TABLE `nectarcrm_durationhrs` DISABLE KEYS */;
/*!40000 ALTER TABLE `nectarcrm_durationhrs` ENABLE KEYS */;
UNLOCK TABLES;

--
-- Table structure for table `nectarcrm_durationmins`
--

DROP TABLE IF EXISTS `nectarcrm_durationmins`;
/*!40101 SET @saved_cs_client     = @@character_set_client */;
/*!40101 SET character_set_client = utf8 */;
CREATE TABLE `nectarcrm_durationmins` (
  `minsid` int(19) NOT NULL AUTO_INCREMENT,
  `mins` varchar(50) DEFAULT NULL,
  `sortorderid` int(19) NOT NULL DEFAULT '0',
  `presence` int(1) NOT NULL DEFAULT '1',
  PRIMARY KEY (`minsid`)
) ENGINE=InnoDB DEFAULT CHARSET=utf8;
/*!40101 SET character_set_client = @saved_cs_client */;

--
-- Dumping data for table `nectarcrm_durationmins`
--

LOCK TABLES `nectarcrm_durationmins` WRITE;
/*!40000 ALTER TABLE `nectarcrm_durationmins` DISABLE KEYS */;
/*!40000 ALTER TABLE `nectarcrm_durationmins` ENABLE KEYS */;
UNLOCK TABLES;

--
-- Table structure for table `nectarcrm_email_access`
--

DROP TABLE IF EXISTS `nectarcrm_email_access`;
/*!40101 SET @saved_cs_client     = @@character_set_client */;
/*!40101 SET character_set_client = utf8 */;
CREATE TABLE `nectarcrm_email_access` (
  `crmid` int(11) DEFAULT NULL,
  `mailid` int(11) DEFAULT NULL,
  `accessdate` date DEFAULT NULL,
  `accesstime` datetime DEFAULT NULL
) ENGINE=InnoDB DEFAULT CHARSET=utf8;
/*!40101 SET character_set_client = @saved_cs_client */;

--
-- Dumping data for table `nectarcrm_email_access`
--

LOCK TABLES `nectarcrm_email_access` WRITE;
/*!40000 ALTER TABLE `nectarcrm_email_access` DISABLE KEYS */;
/*!40000 ALTER TABLE `nectarcrm_email_access` ENABLE KEYS */;
UNLOCK TABLES;

--
-- Table structure for table `nectarcrm_email_track`
--

DROP TABLE IF EXISTS `nectarcrm_email_track`;
/*!40101 SET @saved_cs_client     = @@character_set_client */;
/*!40101 SET character_set_client = utf8 */;
CREATE TABLE `nectarcrm_email_track` (
  `crmid` int(11) DEFAULT NULL,
  `mailid` int(11) DEFAULT NULL,
  `access_count` int(11) DEFAULT NULL,
  `click_count` int(11) NOT NULL DEFAULT '0',
  UNIQUE KEY `link_tabidtype_idx` (`crmid`,`mailid`)
) ENGINE=InnoDB DEFAULT CHARSET=utf8;
/*!40101 SET character_set_client = @saved_cs_client */;

--
-- Dumping data for table `nectarcrm_email_track`
--

LOCK TABLES `nectarcrm_email_track` WRITE;
/*!40000 ALTER TABLE `nectarcrm_email_track` DISABLE KEYS */;
/*!40000 ALTER TABLE `nectarcrm_email_track` ENABLE KEYS */;
UNLOCK TABLES;

--
-- Table structure for table `nectarcrm_emaildetails`
--

DROP TABLE IF EXISTS `nectarcrm_emaildetails`;
/*!40101 SET @saved_cs_client     = @@character_set_client */;
/*!40101 SET character_set_client = utf8 */;
CREATE TABLE `nectarcrm_emaildetails` (
  `emailid` int(19) NOT NULL,
  `from_email` varchar(50) NOT NULL DEFAULT '',
  `to_email` text,
  `cc_email` text,
  `bcc_email` text,
  `assigned_user_email` varchar(50) NOT NULL DEFAULT '',
  `idlists` text,
  `email_flag` varchar(50) NOT NULL DEFAULT '',
  PRIMARY KEY (`emailid`)
) ENGINE=InnoDB DEFAULT CHARSET=utf8;
/*!40101 SET character_set_client = @saved_cs_client */;

--
-- Dumping data for table `nectarcrm_emaildetails`
--

LOCK TABLES `nectarcrm_emaildetails` WRITE;
/*!40000 ALTER TABLE `nectarcrm_emaildetails` DISABLE KEYS */;
INSERT INTO `nectarcrm_emaildetails` VALUES (10,'contact@nectarinfotel.com','[\"bhaskar.v@nectarinfotel.com\"]','[\"\"]','[\"\"]','','5@-1|','SENT'),(11,'contact@nectarinfotel.com','[\"contact@nectarinfotel.com\"]','[\"\"]','[\"\"]','','1@-1|','SENT'),(12,'contact@nectarinfotel.com','[\"bhaskar.v@nectarinfotel.com\"]','[\"\"]','[\"\"]','','5@-1|','SENT'),(13,'contact@nectarinfotel.com','[\"bhaskar.v@nectarinfotel.com\"]','[\"\"]','[\"\"]','','5@-1|','SENT'),(44,'contact@nectarinfotel.com','[\"rashmi.chaudhari+1@nectarinfotel.com\"]','[\"\"]','[\"\"]','','39@1|','SENT'),(77,'contact@nectarinfotel.com','[\"bean@gmail.com\"]','[\"\"]','[\"\"]','','72@1|','SENT');
/*!40000 ALTER TABLE `nectarcrm_emaildetails` ENABLE KEYS */;
UNLOCK TABLES;

--
-- Table structure for table `nectarcrm_emails_recipientprefs`
--

DROP TABLE IF EXISTS `nectarcrm_emails_recipientprefs`;
/*!40101 SET @saved_cs_client     = @@character_set_client */;
/*!40101 SET character_set_client = utf8 */;
CREATE TABLE `nectarcrm_emails_recipientprefs` (
  `id` int(11) NOT NULL AUTO_INCREMENT,
  `tabid` int(11) NOT NULL,
  `prefs` varchar(255) DEFAULT NULL,
  `userid` int(11) DEFAULT NULL,
  PRIMARY KEY (`id`)
) ENGINE=InnoDB DEFAULT CHARSET=utf8;
/*!40101 SET character_set_client = @saved_cs_client */;

--
-- Dumping data for table `nectarcrm_emails_recipientprefs`
--

LOCK TABLES `nectarcrm_emails_recipientprefs` WRITE;
/*!40000 ALTER TABLE `nectarcrm_emails_recipientprefs` DISABLE KEYS */;
/*!40000 ALTER TABLE `nectarcrm_emails_recipientprefs` ENABLE KEYS */;
UNLOCK TABLES;

--
-- Table structure for table `nectarcrm_emailslookup`
--

DROP TABLE IF EXISTS `nectarcrm_emailslookup`;
/*!40101 SET @saved_cs_client     = @@character_set_client */;
/*!40101 SET character_set_client = utf8 */;
CREATE TABLE `nectarcrm_emailslookup` (
  `crmid` int(20) DEFAULT NULL,
  `setype` varchar(100) DEFAULT NULL,
  `value` varchar(100) DEFAULT NULL,
  `fieldid` int(20) DEFAULT NULL,
  UNIQUE KEY `emailslookup_crmid_setype_fieldname_uk` (`crmid`,`setype`,`fieldid`),
  KEY `emailslookup_fieldid_setype_idx` (`fieldid`,`setype`),
  CONSTRAINT `emailslookup_crmid_fk` FOREIGN KEY (`crmid`) REFERENCES `nectarcrm_crmentity` (`crmid`) ON DELETE CASCADE
) ENGINE=InnoDB DEFAULT CHARSET=utf8;
/*!40101 SET character_set_client = @saved_cs_client */;

--
-- Dumping data for table `nectarcrm_emailslookup`
--

LOCK TABLES `nectarcrm_emailslookup` WRITE;
/*!40000 ALTER TABLE `nectarcrm_emailslookup` DISABLE KEYS */;
INSERT INTO `nectarcrm_emailslookup` VALUES (3,'Leads','rashmi.c@gmail.com',46),(7,'Accounts','rashmi.c@gmail.com',9),(8,'Contacts','rashmi.c@gmail.com',80),(14,'Leads','nick.batty@growthco.uk',46),(39,'Leads','rashmi.chaudhari+1@nectarinfotel.com',46),(39,'Leads','DEMO@gmail.com',55),(56,'Contacts','gavalimayuri718@gmail.com',80),(72,'Contacts','bean@gmail.com',80),(108,'Vendors','bean@gmail.com',292),(119,'Vendors','bean@gmail.com',292),(124,'Contacts','demo@gmail.com',80),(125,'Accounts','bean@gmail.com',9),(125,'Accounts','bean@gmail.com',11),(130,'Contacts','demo@gmail.com',80),(147,'Accounts','demo@gmail.com',9),(147,'Accounts','demo@gmail.com',11);
/*!40000 ALTER TABLE `nectarcrm_emailslookup` ENABLE KEYS */;
UNLOCK TABLES;

--
-- Table structure for table `nectarcrm_emailtemplates`
--

DROP TABLE IF EXISTS `nectarcrm_emailtemplates`;
/*!40101 SET @saved_cs_client     = @@character_set_client */;
/*!40101 SET character_set_client = utf8 */;
CREATE TABLE `nectarcrm_emailtemplates` (
  `foldername` varchar(100) DEFAULT NULL,
  `templatename` varchar(100) DEFAULT NULL,
  `templatepath` varchar(100) DEFAULT NULL,
  `subject` varchar(255) DEFAULT NULL,
  `description` text,
  `body` text,
  `deleted` int(1) NOT NULL DEFAULT '0',
  `templateid` int(19) NOT NULL AUTO_INCREMENT,
  `systemtemplate` int(1) NOT NULL DEFAULT '0',
  `module` varchar(100) DEFAULT NULL,
  PRIMARY KEY (`templateid`),
  KEY `emailtemplates_foldernamd_templatename_subject_idx` (`foldername`,`templatename`,`subject`)
) ENGINE=InnoDB AUTO_INCREMENT=19 DEFAULT CHARSET=utf8;
/*!40101 SET character_set_client = @saved_cs_client */;

--
-- Dumping data for table `nectarcrm_emailtemplates`
--

LOCK TABLES `nectarcrm_emailtemplates` WRITE;
/*!40000 ALTER TABLE `nectarcrm_emailtemplates` DISABLE KEYS */;
INSERT INTO `nectarcrm_emailtemplates` VALUES ('Public','Announcement for Release','','Announcement for Release','Announcement of a release','Hello!   <br />\n	<br />\n	On behalf of the nectarcrm team,  I am pleased to announce the release of nectarcrm crm4.2 . This is a feature packed release including the mass email template handling, custom view feature, nectarcrm_reports feature and a host of other utilities. nectarcrm runs on all platforms.    <br />\n        <br />\n	Notable Features of nectarcrm are :   <br />\n	<br />\n	-Email Client Integration    <br />\n	-Trouble Ticket Integration   <br />\n	-Invoice Management Integration   <br />\n	-Reports Integration   <br />\n	-Portal Integration   <br />\n	-Enhanced Word Plugin Support   <br />\n	-Custom View Integration   <br />\n	<br />\n	Known Issues:   <br />\n	-ABCD   <br />\n	-EFGH   <br />\n	-IJKL   <br />\n	-MNOP   <br />\n	-QRST',0,1,0,''),('Public','Pending Invoices','','Invoices Pending','Payment Due','name <br />\nstreet, <br />\ncity, <br />\nstate, <br />\n zip) <br />\n  <br />\n Dear <br />\n <br />\n Please check the following invoices that are yet to be paid by you: <br />\n <br />\n No. Date      Amount <br />\n 1   1/1/01    $4000 <br />\n 2   2/2//01   $5000 <br />\n 3   3/3/01    $10000 <br />\n 4   7/4/01    $23560 <br />\n <br />\n Kindly let us know if there are any issues that you feel are pending to be discussed. <br />\n We will be more than happy to give you a call. <br />\n We would like to continue our business with you.',0,2,0,''),('Public','Acceptance Proposal','','Acceptance Proposal','Acceptance of Proposal',' Dear <br />\n <br />\nYour proposal on the project XYZW has been reviewed by us <br />\nand is acceptable in its entirety. <br />\n <br />\nWe are eagerly looking forward to this project <br />\nand are pleased about having the opportunity to work <br />\ntogether. We look forward to a long standing relationship <br />\nwith your esteemed firm. <br />\n<br />\nI would like to take this opportunity to invite you <br />\nto a game of golf on Wednesday morning 9am at the <br />\nCuff Links Ground. We will be waiting for you in the <br />\nExecutive Lounge. <br />\n<br />\nLooking forward to seeing you there.',0,3,0,''),('Public','Goods received acknowledgement','','Goods received acknowledgement','Acknowledged Receipt of Goods',' The undersigned hereby acknowledges receipt and delivery of the goods. <br />\nThe undersigned will release the payment subject to the goods being discovered not satisfactory. <br />\n<br />\nSigned under seal this <date>',0,4,0,''),('Public','Accept Order','','Accept Order','Acknowledgement/Acceptance of Order',' Dear <br />\n         We are in receipt of your order as contained in the <br />\n   purchase order form.We consider this to be final and binding on both sides. <br />\nIf there be any exceptions noted, we shall consider them <br />\nonly if the objection is received within ten days of receipt of <br />\nthis notice. <br />\n <br />\nThank you for your patronage.',0,5,0,''),('Public','Address Change','','Change of Address','Address Change','Dear <br />\n <br />\nWe are relocating our office to <br />\n11111,XYZDEF Cross, <br />\nUVWWX Circle <br />\nThe telephone number for this new location is (101) 1212-1328. <br />\n<br />\nOur Manufacturing Division will continue operations <br />\nat 3250 Lovedale Square Avenue, in Frankfurt. <br />\n<br />\nWe hope to keep in touch with you all. <br />\nPlease update your addressbooks.',0,6,0,''),('Public','Follow Up','','Follow Up','Follow Up of meeting','Dear <br />\n<br />\nThank you for extending us the opportunity to meet with <br />\nyou and members of your staff. <br />\n<br />\nI know that John Doe serviced your account <br />\nfor many years and made many friends at your firm. He has personally <br />\ndiscussed with me the deep relationship that he had with your firm. <br />\nWhile his presence will be missed, I can promise that we will <br />\ncontinue to provide the fine service that was accorded by <br />\nJohn to your firm. <br />\n<br />\nI was genuinely touched to receive such fine hospitality. <br />\n<br />\nThank you once again.',0,7,0,''),('Public','Target Crossed!','','Target Crossed!','Fantastic Sales Spree!','Congratulations! <br />\n<br />\nThe numbers are in and I am proud to inform you that our <br />\ntotal sales for the previous quarter <br />\namounts to $100,000,00.00!. This is the first time <br />\nwe have exceeded the target by almost 30%. <br />\nWe have also beat the previous quarter record by a <br />\nwhopping 75%! <br />\n<br />\nLet us meet at Smoking Joe for a drink in the evening! <br />\n\nC you all there guys!',0,8,0,''),('Public','Thanks Note','','Thanks Note','Note of thanks','Dear <br />\n<br />\nThank you for your confidence in our ability to serve you. <br />\nWe are glad to be given the chance to serve you.I look <br />\nforward to establishing a long term partnership with you. <br />\nConsider me as a friend. <br />\nShould any need arise,please do give us a call.',0,9,0,''),('Public','Customer Login Details','','Customer Portal Login Details','Send Portal login details to customer','<table width=\"700\" cellspacing=\"0\" cellpadding=\"0\" border=\"0\" align=\"center\" style=\"font-family: Arial,Helvetica,sans-serif; font-size: 12px; font-weight: normal; text-decoration: none; background-color: rgb(122, 122, 254);\">\n        <tr>\n            <td> </td>\n            <td> </td>\n            <td> </td>\n        </tr>\n        <tr>\n            <td> </td>\n            <td> </td>\n            <td> </td>\n        </tr>\n        <tr>\n            <td> </td>\n            <td> </td>\n            <td> </td>\n        </tr>\n        <tr>\n            <td width=\"50\"> </td>\n            <td>\n            <table width=\"100%\" cellspacing=\"0\" cellpadding=\"0\" border=\"0\">\n                    <tr>\n                        <td>\n                        <table width=\"100%\" cellspacing=\"0\" cellpadding=\"0\" border=\"0\" style=\"background-color: rgb(27, 77, 140); font-family: Arial,Helvetica,sans-serif; font-size: 14px; color: rgb(255, 255, 255); font-weight: normal; line-height: 25px;\">\n                                <tr>\n                                    <td align=\"center\" rowspan=\"4\">$logo$</td>\n                                    <td align=\"center\"> </td>\n                                </tr>\n                                <tr>\n                                    <td align=\"left\" style=\"background-color: rgb(27, 77, 140); font-family: Arial,Helvetica,sans-serif; font-size: 24px; color: rgb(255, 255, 255); font-weight: bolder; line-height: 35px;\">nectarcrm CRM<br /> </td>\n                                </tr>\n                                <tr>\n                                    <td align=\"right\" style=\"padding-right: 100px;\">The honest Open Source CRM </td>\n                                </tr>\n                                <tr>\n                                    <td> </td>\n                                </tr>\n                        </table>\n                        </td>\n                    </tr>\n                    <tr>\n                        <td>\n                        <table width=\"100%\" cellspacing=\"0\" cellpadding=\"0\" border=\"0\" style=\"font-family: Arial,Helvetica,sans-serif; font-size: 12px; font-weight: normal; color: rgb(0, 0, 0); background-color: rgb(255, 255, 255);\">\n                                <tr>\n                                    <td valign=\"top\">\n                                    <table width=\"100%\" cellspacing=\"0\" cellpadding=\"5\" border=\"0\">\n                                            <tr>\n                                                <td align=\"right\" style=\"font-family: Arial,Helvetica,sans-serif; font-size: 12px; font-weight: bolder; text-decoration: none; color: rgb(66, 66, 253);\"> </td>\n                                            </tr>\n                                            <tr>\n                                                <td> </td>\n                                            </tr>\n                                            <tr>\n                                                <td style=\"font-family: Arial,Helvetica,sans-serif; font-size: 14px; color: rgb(22, 72, 134); font-weight: bolder; line-height: 15px;\">Dear $contact_name$, </td>\n                                            </tr>\n                                            <tr>\n                                                <td style=\"font-family: Arial,Helvetica,sans-serif; font-size: 12px; color: rgb(0, 0, 0); font-weight: normal; text-align: justify; line-height: 20px;\"> Thank you very much for subscribing to the nectarcrm CRM - annual support service.<br />Here is your self service portal login details:</td>\n                                            </tr>\n                                            <tr>\n                                                <td align=\"center\">\n                                                <table width=\"75%\" cellspacing=\"0\" cellpadding=\"10\" border=\"0\" style=\"border: 2px solid rgb(180, 180, 179); background-color: rgb(226, 226, 225); font-family: Arial,Helvetica,sans-serif; font-size: 12px; color: rgb(0, 0, 0); font-weight: normal;\">\n                                                        <tr>\n                                                            <td><br />User ID     : <font color=\"#990000\"><strong> $login_name$</strong></font> </td>\n                                                        </tr>\n                                                        <tr>\n                                                            <td>Password: <font color=\"#990000\"><strong> $password$</strong></font> </td>\n                                                        </tr>\n                                                        <tr>\n                                                            <td align=\"center\"> <strong>  $URL$<br /> </strong> </td>\n                                                        </tr>\n                                                </table>\n                                                </td>\n                                            </tr>\n                                            <tr>\n                                                <td style=\"font-family: Arial,Helvetica,sans-serif; font-size: 12px; color: rgb(0, 0, 0); font-weight: normal; text-align: justify; line-height: 20px;\"><strong>NOTE:</strong> We suggest you to change your password after logging in first time. <br /><br /> <strong><u>Help Documentation</u></strong><br />  <br /> After logging in to nectarcrm Self-service Portal first time, you can access the nectarcrm CRM documents from the <strong>Documents</strong> tab. Following documents are available for your reference:<br />\n                                                <ul>\n                                                    <li>Installation Manual (Windows &amp; Linux OS)<br /> </li>\n                                                    <li>User &amp; Administrator Manual<br /> </li>\n                                                    <li>nectarcrm Customer Portal - User Manual<br /> </li>\n                                                    <li>nectarcrm Outlook Plugin - User Manual<br /> </li>\n                                                    <li>nectarcrm Office Plug-in - User Manual<br /> </li>\n                                                    <li>nectarcrm Thunderbird Extension - User Manual<br /> </li>\n                                                    <li>nectarcrm Web Forms - User Manual<br /> </li>\n                                                    <li>nectarcrm Firefox Tool bar - User Manual<br /> </li>\n                                                </ul>\n                                                <br />  <br /> <strong><u>Knowledge Base</u></strong><br /> <br /> Periodically we update frequently asked question based on our customer experiences. You can access the latest articles from the <strong>FAQ</strong> tab.<br /> <br /> <strong><u>nectarcrm CRM - Details</u></strong><br /> <br /> Kindly let us know your current nectarcrm CRM version and system specification so that we can provide you necessary guidelines to enhance your nectarcrm CRM system performance. Based on your system specification we alert you about the latest security &amp; upgrade patches.<br />  <br />			 Thank you once again and wish you a wonderful experience with nectarcrm CRM.<br /> </td>\n                                            </tr>\n                                            <tr>\n                                                <td align=\"right\"><strong style=\"padding: 2px; font-family: Arial,Helvetica,sans-serif; font-size: 12px; color: rgb(0, 0, 0); font-weight: bold;\"><br /><br />Best Regards</strong></td>\n                                            </tr>\n                                            <tr>\n                                                <td align=\"right\" style=\"font-family: Arial,Helvetica,sans-serif; font-size: 12px; color: rgb(0, 0, 0); font-weight: normal; line-height: 20px;\">$support_team$ </td>\n                                            </tr>\n                                            <tr>\n                                                <td align=\"right\"><a style=\"font-family: Arial,Helvetica,sans-serif; font-size: 12px; font-weight: bolder; text-decoration: none; color: rgb(66, 66, 253);\" href=\"http://www.nectarcrm.com\">www.nectarcrm.com</a></td>\n                                            </tr>\n                                            <tr>\n                                                <td> </td>\n                                            </tr>\n                                    </table>\n                                    </td>\n                                    <td width=\"1%\" valign=\"top\"> </td>\n                                </tr>\n                        </table>\n                        </td>\n                    </tr>\n                    <tr>\n                        <td>\n                        <table width=\"100%\" cellspacing=\"0\" cellpadding=\"5\" border=\"0\" style=\"font-family: Arial,Helvetica,sans-serif; font-size: 12px; color: rgb(255, 255, 255); font-weight: normal; line-height: 15px; background-color: rgb(51, 51, 51);\">\n                                <tr>\n                                    <td align=\"center\">Shree Narayana Complex, No 11 Sarathy Nagar, Vijaya Nagar , Velachery, Chennai - 600 042 India </td>\n                                </tr>\n                                <tr>\n                                    <td align=\"center\">Telephone No: +91 - 44 - 4202 - 1990     Toll Free No: +1 877 788 4437</td>\n                                </tr>\n                                <tr>\n                                    <td align=\"center\">Email Id: <a style=\"font-family: Arial,Helvetica,sans-serif; font-size: 12px; font-weight: bolder; text-decoration: none; color: rgb(255, 255, 255);\" href=\"mailto:support@nectarcrm.com\">support@nectarcrm.com</a></td>\n                                </tr>\n                        </table>\n                        </td>\n                    </tr>\n            </table>\n            </td>\n            <td width=\"50\"> </td>\n        </tr>\n        <tr>\n            <td> </td>\n            <td> </td>\n            <td> </td>\n        </tr>\n        <tr>\n            <td> </td>\n            <td> </td>\n            <td> </td>\n        </tr>\n        <tr>\n            <td> </td>\n            <td> </td>\n            <td> </td>\n        </tr>\n</table>',0,10,0,''),('Public','Support end notification before a week','','nectarcrmCRM Support Notification','Send Notification mail to customer before a week of support end date','<table width=\"700\" cellspacing=\"0\" cellpadding=\"0\" border=\"0\" align=\"center\" style=\"font-family: Arial,Helvetica,sans-serif; font-size: 12px; font-weight: normal; text-decoration: none; background-color: rgb(122, 122, 254);\">\n        <tr>\n            <td> </td>\n            <td> </td>\n            <td> </td>\n        </tr>\n        <tr>\n            <td> </td>\n            <td> </td>\n            <td> </td>\n        </tr>\n        <tr>\n            <td> </td>\n            <td> </td>\n            <td> </td>\n        </tr>\n        <tr>\n            <td width=\"50\"> </td>\n            <td>\n            <table width=\"100%\" cellspacing=\"0\" cellpadding=\"0\" border=\"0\">\n                    <tr>\n                        <td>\n                        <table width=\"100%\" cellspacing=\"0\" cellpadding=\"0\" border=\"0\" style=\"background-color: rgb(27, 77, 140); font-family: Arial,Helvetica,sans-serif; font-size: 14px; color: rgb(255, 255, 255); font-weight: normal; line-height: 25px;\">\n                                <tr>\n                                    <td align=\"center\" rowspan=\"4\">$logo$</td>\n                                    <td align=\"center\"> </td>\n                                </tr>\n                                <tr>\n                                    <td align=\"left\" style=\"background-color: rgb(27, 77, 140); font-family: Arial,Helvetica,sans-serif; font-size: 24px; color: rgb(255, 255, 255); font-weight: bolder; line-height: 35px;\">nectarcrm CRM </td>\n                                </tr>\n                                <tr>\n                                    <td align=\"right\" style=\"padding-right: 100px;\">The honest Open Source CRM </td>\n                                </tr>\n                                <tr>\n                                    <td> </td>\n                                </tr>\n                        </table>\n                        </td>\n                    </tr>\n                    <tr>\n                        <td>\n                        <table width=\"100%\" cellspacing=\"0\" cellpadding=\"0\" border=\"0\" style=\"font-family: Arial,Helvetica,sans-serif; font-size: 12px; font-weight: normal; color: rgb(0, 0, 0); background-color: rgb(255, 255, 255);\">\n                                <tr>\n                                    <td valign=\"top\">\n                                    <table width=\"100%\" cellspacing=\"0\" cellpadding=\"5\" border=\"0\">\n                                            <tr>\n                                                <td align=\"right\" style=\"font-family: Arial,Helvetica,sans-serif; font-size: 12px; font-weight: bolder; text-decoration: none; color: rgb(66, 66, 253);\"> </td>\n                                            </tr>\n                                            <tr>\n                                                <td> </td>\n                                            </tr>\n                                            <tr>\n                                                <td style=\"font-family: Arial,Helvetica,sans-serif; font-size: 14px; color: rgb(22, 72, 134); font-weight: bolder; line-height: 15px;\">Dear $contacts-lastname$, </td>\n                                            </tr>\n                                            <tr>\n                                                <td style=\"font-family: Arial,Helvetica,sans-serif; font-size: 12px; color: rgb(0, 0, 0); font-weight: normal; text-align: justify; line-height: 20px;\">This is just a notification mail regarding your support end.<br /><span style=\"font-weight: bold;\">Priority:</span> Urgent<br />Your Support is going to expire on next week<br />Please contact support@nectarcrm.com.<br /><br /><br /></td>\n                                            </tr>\n                                            <tr>\n                                                <td align=\"center\"><br /></td>\n                                            </tr>\n                                            <tr>\n                                                <td align=\"right\"><strong style=\"padding: 2px; font-family: Arial,Helvetica,sans-serif; font-size: 12px; color: rgb(0, 0, 0); font-weight: bold;\"><br /><br />Sincerly</strong></td>\n                                            </tr>\n                                            <tr>\n                                                <td align=\"right\" style=\"font-family: Arial,Helvetica,sans-serif; font-size: 12px; color: rgb(0, 0, 0); font-weight: normal; line-height: 20px;\">Support Team </td>\n                                            </tr>\n                                            <tr>\n                                                <td align=\"right\"><a style=\"font-family: Arial,Helvetica,sans-serif; font-size: 12px; font-weight: bolder; text-decoration: none; color: rgb(66, 66, 253);\" href=\"http://www.nectarcrm.com\">www.nectarcrm.com</a></td>\n                                            </tr>\n                                            <tr>\n                                                <td> </td>\n                                            </tr>\n                                    </table>\n                                    </td>\n                                    <td width=\"1%\" valign=\"top\"> </td>\n                                </tr>\n                        </table>\n                        </td>\n                    </tr>\n                    <tr>\n                        <td>\n                        <table width=\"100%\" cellspacing=\"0\" cellpadding=\"5\" border=\"0\" style=\"font-family: Arial,Helvetica,sans-serif; font-size: 12px; color: rgb(255, 255, 255); font-weight: normal; line-height: 15px; background-color: rgb(51, 51, 51);\">\n                                <tr>\n                                    <td align=\"center\">Shree Narayana Complex, No 11 Sarathy Nagar, Vijaya Nagar , Velachery, Chennai - 600 042 India </td>\n                                </tr>\n                                <tr>\n                                    <td align=\"center\">Telephone No: +91 - 44 - 4202 - 1990     Toll Free No: +1 877 788 4437</td>\n                                </tr>\n                                <tr>\n                                    <td align=\"center\">Email Id: <a style=\"font-family: Arial,Helvetica,sans-serif; font-size: 12px; font-weight: bolder; text-decoration: none; color: rgb(255, 255, 255);\" href=\"mailto:info@nectarcrm.com\">info@nectarcrm.com</a></td>\n                                </tr>\n                        </table>\n                        </td>\n                    </tr>\n            </table>\n            </td>\n            <td width=\"50\"> </td>\n        </tr>\n        <tr>\n            <td> </td>\n            <td> </td>\n            <td> </td>\n        </tr>\n        <tr>\n            <td> </td>\n            <td> </td>\n            <td> </td>\n        </tr>\n        <tr>\n            <td> </td>\n            <td> </td>\n            <td> </td>\n        </tr>\n</table>',0,11,0,''),('Public','Support end notification before a month','','nectarcrmCRM Support Notification','Send Notification mail to customer before a month of support end date','<table width=\"700\" cellspacing=\"0\" cellpadding=\"0\" border=\"0\" align=\"center\" style=\"font-family: Arial,Helvetica,sans-serif; font-size: 12px; font-weight: normal; text-decoration: none; background-color: rgb(122, 122, 254);\">\n        <tr>\n            <td> </td>\n            <td> </td>\n            <td> </td>\n        </tr>\n        <tr>\n            <td> </td>\n            <td> </td>\n            <td> </td>\n        </tr>\n        <tr>\n            <td> </td>\n            <td> </td>\n            <td> </td>\n        </tr>\n        <tr>\n            <td width=\"50\"> </td>\n            <td>\n            <table width=\"100%\" cellspacing=\"0\" cellpadding=\"0\" border=\"0\">\n                    <tr>\n                        <td>\n                        <table width=\"100%\" cellspacing=\"0\" cellpadding=\"0\" border=\"0\" style=\"background-color: rgb(27, 77, 140); font-family: Arial,Helvetica,sans-serif; font-size: 14px; color: rgb(255, 255, 255); font-weight: normal; line-height: 25px;\">\n                                <tr>\n                                    <td align=\"center\" rowspan=\"4\">$logo$</td>\n                                    <td align=\"center\"> </td>\n                                </tr>\n                                <tr>\n                                    <td align=\"left\" style=\"background-color: rgb(27, 77, 140); font-family: Arial,Helvetica,sans-serif; font-size: 24px; color: rgb(255, 255, 255); font-weight: bolder; line-height: 35px;\">nectarcrm CRM </td>\n                                </tr>\n                                <tr>\n                                    <td align=\"right\" style=\"padding-right: 100px;\">The honest Open Source CRM </td>\n                                </tr>\n                                <tr>\n                                    <td> </td>\n                                </tr>\n                        </table>\n                        </td>\n                    </tr>\n                    <tr>\n                        <td>\n                        <table width=\"100%\" cellspacing=\"0\" cellpadding=\"0\" border=\"0\" style=\"font-family: Arial,Helvetica,sans-serif; font-size: 12px; font-weight: normal; color: rgb(0, 0, 0); background-color: rgb(255, 255, 255);\">\n                                <tr>\n                                    <td valign=\"top\">\n                                    <table width=\"100%\" cellspacing=\"0\" cellpadding=\"5\" border=\"0\">\n                                            <tr>\n                                                <td align=\"right\" style=\"font-family: Arial,Helvetica,sans-serif; font-size: 12px; font-weight: bolder; text-decoration: none; color: rgb(66, 66, 253);\"> </td>\n                                            </tr>\n                                            <tr>\n                                                <td> </td>\n                                            </tr>\n                                            <tr>\n                                                <td style=\"font-family: Arial,Helvetica,sans-serif; font-size: 14px; color: rgb(22, 72, 134); font-weight: bolder; line-height: 15px;\">Dear $contacts-lastname$, </td>\n                                            </tr>\n                                            <tr>\n                                                <td style=\"font-family: Arial,Helvetica,sans-serif; font-size: 12px; color: rgb(0, 0, 0); font-weight: normal; text-align: justify; line-height: 20px;\">This is just a notification mail regarding your support end.<br /><span style=\"font-weight: bold;\">Priority:</span> Normal<br />Your Support is going to expire on next month.<br />Please contact support@nectarcrm.com<br /><br /><br /></td>\n                                            </tr>\n                                            <tr>\n                                                <td align=\"center\"><br /></td>\n                                            </tr>\n                                            <tr>\n                                                <td align=\"right\"><strong style=\"padding: 2px; font-family: Arial,Helvetica,sans-serif; font-size: 12px; color: rgb(0, 0, 0); font-weight: bold;\"><br /><br />Sincerly</strong></td>\n                                            </tr>\n                                            <tr>\n                                                <td align=\"right\" style=\"font-family: Arial,Helvetica,sans-serif; font-size: 12px; color: rgb(0, 0, 0); font-weight: normal; line-height: 20px;\">Support Team </td>\n                                            </tr>\n                                            <tr>\n                                                <td align=\"right\"><a href=\"http://www.nectarcrm.com\" style=\"font-family: Arial,Helvetica,sans-serif; font-size: 12px; font-weight: bolder; text-decoration: none; color: rgb(66, 66, 253);\">www.nectarcrm.com</a></td>\n                                            </tr>\n                                            <tr>\n                                                <td> </td>\n                                            </tr>\n                                    </table>\n                                    </td>\n                                    <td width=\"1%\" valign=\"top\"> </td>\n                                </tr>\n                        </table>\n                        </td>\n                    </tr>\n                    <tr>\n                        <td>\n                        <table width=\"100%\" cellspacing=\"0\" cellpadding=\"5\" border=\"0\" style=\"font-family: Arial,Helvetica,sans-serif; font-size: 12px; color: rgb(255, 255, 255); font-weight: normal; line-height: 15px; background-color: rgb(51, 51, 51);\">\n                                <tr>\n                                    <td align=\"center\">Shree Narayana Complex, No 11 Sarathy Nagar, Vijaya Nagar , Velachery, Chennai - 600 042 India </td>\n                                </tr>\n                                <tr>\n                                    <td align=\"center\">Telephone No: +91 - 44 - 4202 - 1990     Toll Free No: +1 877 788 4437</td>\n                                </tr>\n                                <tr>\n                                    <td align=\"center\">Email Id: <a href=\"mailto:info@nectarcrm.com\" style=\"font-family: Arial,Helvetica,sans-serif; font-size: 12px; font-weight: bolder; text-decoration: none; color: rgb(255, 255, 255);\">info@nectarcrm.com</a></td>\n                                </tr>\n                        </table>\n                        </td>\n                    </tr>\n            </table>\n            </td>\n            <td width=\"50\"> </td>\n        </tr>\n        <tr>\n            <td> </td>\n            <td> </td>\n            <td> </td>\n        </tr>\n        <tr>\n            <td> </td>\n            <td> </td>\n            <td> </td>\n        </tr>\n        <tr>\n            <td> </td>\n            <td> </td>\n            <td> </td>\n        </tr>\n</table>',0,12,0,''),('Public','Activity Reminder',NULL,'Reminder','Reminder','<p>This is a reminder notification for the Activity<br/>The details are :<br/> \n							&nbsp; Subject : $events-subject$<br/> \n							&nbsp; Start Date & Time : $events-date_start$<br/>\n							&nbsp; End Date & Time : $events-due_date$<br/> \n							&nbsp; Status : $events-eventstatus$<br/> \n							&nbsp; Location : $events-location$<br/> \n							&nbsp; Description : $events-description$<br/><br/> \n							<p/>',0,14,1,NULL),('Public','ToDo Reminder',NULL,'Activity Reminder','Reminder','<p>This is a reminder notification for the Activity<br/>The details are :<br/>\n								&nbsp; Subject : $calendar-subject$<br/>\n								&nbsp; Start Date & Time : $calendar-date_start$<br/>\n								&nbsp; Due Date : $calendar-due_date$<br/>\n								&nbsp; Status : $calendar-status$<br/>\n								&nbsp; Location : $calendar-location$<br/>\n								&nbsp; Description : $calendar-description$<br/><br/>\n								<p/>',0,15,1,NULL),('Public','Invite Users',NULL,'Invitation','Invite Users','<html>\r\n<head>\r\n	<title></title>\r\n</head>\r\n<body>\r\n<p>$invitee_name$,<br />\r\n<br />\r\nYou have been invited for an activity<br />\r\n<br />\r\nThe details are :<br />\r\n&nbsp; Subject : $events-subject$<br />\r\n&nbsp; Start Date &amp; Time : $events-date_start$<br />\r\n&nbsp; End Date &amp; Time : $events-due_date$<br />\r\n&nbsp; Status : $events-eventstatus$<br />\r\n&nbsp; Priority : $events-priority$<br />\r\n&nbsp; Related To : $events-crmid$<br />\r\n&nbsp; Contact List : $events-contactid$<br />\r\n&nbsp; Location : $events-location$<br />\r\n&nbsp; Description : $events-description$<br />\r\n<br />\r\nThanks &amp; Regards,<br />\r\n$current_user_name$</p>\r\n\r\n<p></p>\r\n</body>\r\n</html>\r\n',0,16,1,'Events'),(NULL,'Invite Users',NULL,'Invitation','Invite Users','<html>\r\n<head>\r\n	<title></title>\r\n</head>\r\n<body>\r\n<p>$invitee_name$,<br />\r\n<br />\r\nYou have been invited for an activity<br />\r\n<br />\r\nThe details are :<br />\r\n&nbsp; Subject : $events-subject$<br />\r\n&nbsp; Start Date &amp; Time : $events-date_start$<br />\r\n&nbsp; End Date &amp; Time : $events-due_date$<br />\r\n&nbsp; Status : $events-eventstatus$<br />\r\n&nbsp; Priority : $events-priority$<br />\r\n&nbsp; Related To : $events-crmid$<br />\r\n&nbsp; Contact List : $events-contactid$<br />\r\n&nbsp; Location : $events-location$<br />\r\n&nbsp; Description : $events-description$<br />\r\n<br />\r\nThanks &amp; Regards,<br />\r\n$current_user_name$</p>\r\n\r\n<p></p>\r\n</body>\r\n</html>\r\n',0,18,0,'Events');
/*!40000 ALTER TABLE `nectarcrm_emailtemplates` ENABLE KEYS */;
UNLOCK TABLES;

--
-- Table structure for table `nectarcrm_emailtemplates_seq`
--

DROP TABLE IF EXISTS `nectarcrm_emailtemplates_seq`;
/*!40101 SET @saved_cs_client     = @@character_set_client */;
/*!40101 SET character_set_client = utf8 */;
CREATE TABLE `nectarcrm_emailtemplates_seq` (
  `id` int(11) NOT NULL
) ENGINE=InnoDB DEFAULT CHARSET=utf8;
/*!40101 SET character_set_client = @saved_cs_client */;

--
-- Dumping data for table `nectarcrm_emailtemplates_seq`
--

LOCK TABLES `nectarcrm_emailtemplates_seq` WRITE;
/*!40000 ALTER TABLE `nectarcrm_emailtemplates_seq` DISABLE KEYS */;
INSERT INTO `nectarcrm_emailtemplates_seq` VALUES (18);
/*!40000 ALTER TABLE `nectarcrm_emailtemplates_seq` ENABLE KEYS */;
UNLOCK TABLES;

--
-- Table structure for table `nectarcrm_entityname`
--

DROP TABLE IF EXISTS `nectarcrm_entityname`;
/*!40101 SET @saved_cs_client     = @@character_set_client */;
/*!40101 SET character_set_client = utf8 */;
CREATE TABLE `nectarcrm_entityname` (
  `tabid` int(19) NOT NULL DEFAULT '0',
  `modulename` varchar(100) DEFAULT NULL,
  `tablename` varchar(100) NOT NULL,
  `fieldname` varchar(150) NOT NULL,
  `entityidfield` varchar(150) NOT NULL,
  `entityidcolumn` varchar(150) NOT NULL,
  PRIMARY KEY (`tabid`),
  KEY `entityname_tabid_idx` (`tabid`),
  CONSTRAINT `fk_1_nectarcrm_entityname` FOREIGN KEY (`tabid`) REFERENCES `nectarcrm_tab` (`tabid`) ON DELETE CASCADE
) ENGINE=InnoDB DEFAULT CHARSET=utf8;
/*!40101 SET character_set_client = @saved_cs_client */;

--
-- Dumping data for table `nectarcrm_entityname`
--

LOCK TABLES `nectarcrm_entityname` WRITE;
/*!40000 ALTER TABLE `nectarcrm_entityname` DISABLE KEYS */;
INSERT INTO `nectarcrm_entityname` VALUES (2,'Potentials','nectarcrm_potential','potentialname','potentialid','potential_id'),(4,'Contacts','nectarcrm_contactdetails','firstname,lastname','contactid','contact_id'),(6,'Accounts','nectarcrm_account','accountname','accountid','account_id'),(7,'Leads','nectarcrm_leaddetails','firstname,lastname','leadid','leadid'),(8,'Documents','nectarcrm_notes','title','notesid','notesid'),(9,'Calendar','nectarcrm_activity','subject','activityid','activityid'),(10,'Emails','nectarcrm_activity','subject','activityid','activityid'),(13,'HelpDesk','nectarcrm_troubletickets','title','ticketid','ticketid'),(14,'Products','nectarcrm_products','productname','productid','product_id'),(15,'Faq','nectarcrm_faq','question','id','id'),(18,'Vendors','nectarcrm_vendor','vendorname','vendorid','vendor_id'),(19,'PriceBooks','nectarcrm_pricebook','bookname','pricebookid','pricebookid'),(20,'Quotes','nectarcrm_quotes','subject','quoteid','quote_id'),(21,'PurchaseOrder','nectarcrm_purchaseorder','subject','purchaseorderid','purchaseorderid'),(22,'SalesOrder','nectarcrm_salesorder','subject','salesorderid','salesorder_id'),(23,'Invoice','nectarcrm_invoice','subject','invoiceid','invoiceid'),(26,'Campaigns','nectarcrm_campaign','campaignname','campaignid','campaignid'),(29,'Users','nectarcrm_users','first_name,last_name','id','id'),(30,'PBXManager','nectarcrm_pbxmanager','customernumber','pbxmanagerid','pbxmanagerid'),(32,'Services','nectarcrm_service','servicename','serviceid','serviceid'),(34,'ServiceContracts','nectarcrm_servicecontracts','subject','servicecontractsid','servicecontractsid'),(40,'Assets','nectarcrm_assets','assetname','assetsid','assetsid'),(41,'ModComments','nectarcrm_modcomments','commentcontent','modcommentsid','modcommentsid'),(44,'ProjectMilestone','nectarcrm_projectmilestone','projectmilestonename','projectmilestoneid','projectmilestoneid'),(45,'ProjectTask','nectarcrm_projecttask','projecttaskname','projecttaskid','projecttaskid'),(46,'Project','nectarcrm_project','projectname','projectid','projectid'),(47,'SMSNotifier','nectarcrm_smsnotifier','message','smsnotifierid','smsnotifierid');
/*!40000 ALTER TABLE `nectarcrm_entityname` ENABLE KEYS */;
UNLOCK TABLES;

--
-- Table structure for table `nectarcrm_eventhandler_module`
--

DROP TABLE IF EXISTS `nectarcrm_eventhandler_module`;
/*!40101 SET @saved_cs_client     = @@character_set_client */;
/*!40101 SET character_set_client = utf8 */;
CREATE TABLE `nectarcrm_eventhandler_module` (
  `eventhandler_module_id` int(11) NOT NULL AUTO_INCREMENT,
  `module_name` varchar(100) DEFAULT NULL,
  `handler_class` varchar(100) DEFAULT NULL,
  PRIMARY KEY (`eventhandler_module_id`)
) ENGINE=InnoDB AUTO_INCREMENT=6 DEFAULT CHARSET=utf8;
/*!40101 SET character_set_client = @saved_cs_client */;

--
-- Dumping data for table `nectarcrm_eventhandler_module`
--

LOCK TABLES `nectarcrm_eventhandler_module` WRITE;
/*!40000 ALTER TABLE `nectarcrm_eventhandler_module` DISABLE KEYS */;
INSERT INTO `nectarcrm_eventhandler_module` VALUES (1,'ServiceContracts','ServiceContractsHandler'),(2,'ModTracker','ModTrackerHandler'),(3,'Home','nectarcrm_RecordLabelUpdater_Handler'),(4,'Invoice','InvoiceHandler'),(5,'PurchaseOrder','PurchaseOrderHandler');
/*!40000 ALTER TABLE `nectarcrm_eventhandler_module` ENABLE KEYS */;
UNLOCK TABLES;

--
-- Table structure for table `nectarcrm_eventhandler_module_seq`
--

DROP TABLE IF EXISTS `nectarcrm_eventhandler_module_seq`;
/*!40101 SET @saved_cs_client     = @@character_set_client */;
/*!40101 SET character_set_client = utf8 */;
CREATE TABLE `nectarcrm_eventhandler_module_seq` (
  `id` int(11) NOT NULL
) ENGINE=InnoDB DEFAULT CHARSET=utf8;
/*!40101 SET character_set_client = @saved_cs_client */;

--
-- Dumping data for table `nectarcrm_eventhandler_module_seq`
--

LOCK TABLES `nectarcrm_eventhandler_module_seq` WRITE;
/*!40000 ALTER TABLE `nectarcrm_eventhandler_module_seq` DISABLE KEYS */;
INSERT INTO `nectarcrm_eventhandler_module_seq` VALUES (5);
/*!40000 ALTER TABLE `nectarcrm_eventhandler_module_seq` ENABLE KEYS */;
UNLOCK TABLES;

--
-- Table structure for table `nectarcrm_eventhandlers`
--

DROP TABLE IF EXISTS `nectarcrm_eventhandlers`;
/*!40101 SET @saved_cs_client     = @@character_set_client */;
/*!40101 SET character_set_client = utf8 */;
CREATE TABLE `nectarcrm_eventhandlers` (
  `eventhandler_id` int(11) NOT NULL AUTO_INCREMENT,
  `event_name` varchar(100) NOT NULL,
  `handler_path` varchar(400) NOT NULL,
  `handler_class` varchar(100) NOT NULL,
  `cond` text,
  `is_active` int(1) NOT NULL,
  `dependent_on` varchar(255) DEFAULT '[]',
  PRIMARY KEY (`eventhandler_id`,`event_name`,`handler_class`),
  UNIQUE KEY `eventhandler_idx` (`eventhandler_id`)
) ENGINE=InnoDB AUTO_INCREMENT=33 DEFAULT CHARSET=utf8;
/*!40101 SET character_set_client = @saved_cs_client */;

--
-- Dumping data for table `nectarcrm_eventhandlers`
--

LOCK TABLES `nectarcrm_eventhandlers` WRITE;
/*!40000 ALTER TABLE `nectarcrm_eventhandlers` DISABLE KEYS */;
INSERT INTO `nectarcrm_eventhandlers` VALUES (1,'nectarcrm.entity.aftersave','modules/SalesOrder/RecurringInvoiceHandler.php','RecurringInvoiceHandler','',1,'[]'),(2,'nectarcrm.entity.beforesave','data/VTEntityDelta.php','VTEntityDelta','',1,'[]'),(3,'nectarcrm.entity.aftersave','data/VTEntityDelta.php','VTEntityDelta','',1,'[]'),(4,'nectarcrm.entity.aftersave','modules/com_nectarcrm_workflow/VTEventHandler.inc','VTWorkflowEventHandler','',1,'[\"VTEntityDelta\"]'),(5,'nectarcrm.entity.afterrestore','modules/com_nectarcrm_workflow/VTEventHandler.inc','VTWorkflowEventHandler','',1,'[]'),(6,'nectarcrm.entity.aftersave.final','modules/HelpDesk/HelpDeskHandler.php','HelpDeskHandler','',1,'[]'),(7,'nectarcrm.entity.aftersave','modules/PBXManager/PBXManagerHandler.php','PBXManagerHandler','',1,'[\"VTEntityDelta\"]'),(8,'nectarcrm.entity.afterdelete','modules/PBXManager/PBXManagerHandler.php','PBXManagerHandler','',1,'[]'),(9,'nectarcrm.entity.afterrestore','modules/PBXManager/PBXManagerHandler.php','PBXManagerHandler','',1,'[]'),(10,'nectarcrm.batchevent.save','modules/PBXManager/PBXManagerHandler.php','PBXManagerBatchHandler','',1,'[]'),(11,'nectarcrm.batchevent.delete','modules/PBXManager/PBXManagerHandler.php','PBXManagerBatchHandler','',1,'[]'),(12,'nectarcrm.lead.convertlead','modules/PBXManager/PBXManagerHandler.php','PBXManagerHandler','',1,'[]'),(13,'nectarcrm.entity.aftersave','modules/WSAPP/WorkFlowHandlers/WSAPPAssignToTracker.php','WSAPPAssignToTracker','',1,'[\"VTEntityDelta\"]'),(14,'nectarcrm.entity.beforesave','modules/ServiceContracts/ServiceContractsHandler.php','ServiceContractsHandler','',1,'[]'),(15,'nectarcrm.entity.aftersave','modules/ServiceContracts/ServiceContractsHandler.php','ServiceContractsHandler','',1,'[]'),(16,'nectarcrm.entity.aftersave.final','modules/ModTracker/ModTrackerHandler.php','ModTrackerHandler','',1,'[]'),(17,'nectarcrm.entity.beforedelete','modules/ModTracker/ModTrackerHandler.php','ModTrackerHandler','',1,'[]'),(18,'nectarcrm.entity.afterrestore','modules/ModTracker/ModTrackerHandler.php','ModTrackerHandler','',1,'[]'),(19,'nectarcrm.entity.aftersave','modules/nectarcrm/handlers/RecordLabelUpdater.php','nectarcrm_RecordLabelUpdater_Handler','',1,'[]'),(20,'nectarcrm.entity.aftersave','modules/Invoice/InvoiceHandler.php','InvoiceHandler','',1,'[]'),(21,'nectarcrm.entity.aftersave','modules/PurchaseOrder/PurchaseOrderHandler.php','PurchaseOrderHandler','',1,'[]'),(22,'nectarcrm.entity.aftersave','modules/ModComments/ModCommentsHandler.php','ModCommentsHandler','',1,'[]'),(23,'nectarcrm.picklist.afterrename','modules/Settings/Picklist/handlers/PickListHandler.php','PickListHandler','',1,'[]'),(24,'nectarcrm.picklist.afterdelete','modules/Settings/Picklist/handlers/PickListHandler.php','PickListHandler','',1,'[]'),(25,'nectarcrm.entity.aftersave','modules/nectarcrm/handlers/EmailLookupHandler.php','EmailLookupHandler','',1,'[\"VTEntityDelta\"]'),(26,'nectarcrm.entity.afterdelete','modules/nectarcrm/handlers/EmailLookupHandler.php','EmailLookupHandler','',1,'[]'),(27,'nectarcrm.entity.afterrestore','modules/nectarcrm/handlers/EmailLookupHandler.php','EmailLookupHandler','',1,'[]'),(28,'nectarcrm.batchevent.save','modules/nectarcrm/handlers/EmailLookupHandler.php','EmailLookupBatchHandler','',1,'[]'),(29,'nectarcrm.lead.convertlead','modules/Leads/handlers/LeadHandler.php','LeadHandler','',1,'[]'),(30,'nectarcrm.entity.beforesave','modules/nectarcrm/handlers/CheckDuplicateHandler.php','CheckDuplicateHandler','',1,'[]'),(31,'nectarcrm.entity.beforerestore','modules/nectarcrm/handlers/CheckDuplicateHandler.php','CheckDuplicateHandler','',1,'[]'),(32,'nectarcrm.entity.aftersave','modules/nectarcrm/handlers/FollowRecordHandler.php','FollowRecordHandler','',1,'[]');
/*!40000 ALTER TABLE `nectarcrm_eventhandlers` ENABLE KEYS */;
UNLOCK TABLES;

--
-- Table structure for table `nectarcrm_eventhandlers_seq`
--

DROP TABLE IF EXISTS `nectarcrm_eventhandlers_seq`;
/*!40101 SET @saved_cs_client     = @@character_set_client */;
/*!40101 SET character_set_client = utf8 */;
CREATE TABLE `nectarcrm_eventhandlers_seq` (
  `id` int(11) NOT NULL
) ENGINE=InnoDB DEFAULT CHARSET=utf8;
/*!40101 SET character_set_client = @saved_cs_client */;

--
-- Dumping data for table `nectarcrm_eventhandlers_seq`
--

LOCK TABLES `nectarcrm_eventhandlers_seq` WRITE;
/*!40000 ALTER TABLE `nectarcrm_eventhandlers_seq` DISABLE KEYS */;
INSERT INTO `nectarcrm_eventhandlers_seq` VALUES (32);
/*!40000 ALTER TABLE `nectarcrm_eventhandlers_seq` ENABLE KEYS */;
UNLOCK TABLES;

--
-- Table structure for table `nectarcrm_eventstatus`
--

DROP TABLE IF EXISTS `nectarcrm_eventstatus`;
/*!40101 SET @saved_cs_client     = @@character_set_client */;
/*!40101 SET character_set_client = utf8 */;
CREATE TABLE `nectarcrm_eventstatus` (
  `eventstatusid` int(19) NOT NULL AUTO_INCREMENT,
  `eventstatus` varchar(200) NOT NULL,
  `presence` int(1) NOT NULL DEFAULT '1',
  `picklist_valueid` int(19) NOT NULL DEFAULT '0',
  `sortorderid` int(11) DEFAULT NULL,
  `color` varchar(10) DEFAULT NULL,
  PRIMARY KEY (`eventstatusid`)
) ENGINE=InnoDB AUTO_INCREMENT=4 DEFAULT CHARSET=utf8;
/*!40101 SET character_set_client = @saved_cs_client */;

--
-- Dumping data for table `nectarcrm_eventstatus`
--

LOCK TABLES `nectarcrm_eventstatus` WRITE;
/*!40000 ALTER TABLE `nectarcrm_eventstatus` DISABLE KEYS */;
INSERT INTO `nectarcrm_eventstatus` VALUES (1,'Planned',0,38,0,NULL),(2,'Held',0,39,1,NULL),(3,'Not Held',0,40,2,NULL);
/*!40000 ALTER TABLE `nectarcrm_eventstatus` ENABLE KEYS */;
UNLOCK TABLES;

--
-- Table structure for table `nectarcrm_eventstatus_seq`
--

DROP TABLE IF EXISTS `nectarcrm_eventstatus_seq`;
/*!40101 SET @saved_cs_client     = @@character_set_client */;
/*!40101 SET character_set_client = utf8 */;
CREATE TABLE `nectarcrm_eventstatus_seq` (
  `id` int(11) NOT NULL
) ENGINE=InnoDB DEFAULT CHARSET=utf8;
/*!40101 SET character_set_client = @saved_cs_client */;

--
-- Dumping data for table `nectarcrm_eventstatus_seq`
--

LOCK TABLES `nectarcrm_eventstatus_seq` WRITE;
/*!40000 ALTER TABLE `nectarcrm_eventstatus_seq` DISABLE KEYS */;
INSERT INTO `nectarcrm_eventstatus_seq` VALUES (3);
/*!40000 ALTER TABLE `nectarcrm_eventstatus_seq` ENABLE KEYS */;
UNLOCK TABLES;

--
-- Table structure for table `nectarcrm_expectedresponse`
--

DROP TABLE IF EXISTS `nectarcrm_expectedresponse`;
/*!40101 SET @saved_cs_client     = @@character_set_client */;
/*!40101 SET character_set_client = utf8 */;
CREATE TABLE `nectarcrm_expectedresponse` (
  `expectedresponseid` int(19) NOT NULL AUTO_INCREMENT,
  `expectedresponse` varchar(200) NOT NULL,
  `presence` int(1) NOT NULL DEFAULT '1',
  `picklist_valueid` int(19) NOT NULL DEFAULT '0',
  `sortorderid` int(11) DEFAULT NULL,
  `color` varchar(10) DEFAULT NULL,
  PRIMARY KEY (`expectedresponseid`),
  UNIQUE KEY `CampaignExpRes_UK01` (`expectedresponse`)
) ENGINE=InnoDB AUTO_INCREMENT=6 DEFAULT CHARSET=utf8;
/*!40101 SET character_set_client = @saved_cs_client */;

--
-- Dumping data for table `nectarcrm_expectedresponse`
--

LOCK TABLES `nectarcrm_expectedresponse` WRITE;
/*!40000 ALTER TABLE `nectarcrm_expectedresponse` DISABLE KEYS */;
INSERT INTO `nectarcrm_expectedresponse` VALUES (2,'Excellent',1,42,1,NULL),(3,'Good',1,43,2,NULL),(4,'Average',1,44,3,NULL),(5,'Poor',1,45,4,NULL);
/*!40000 ALTER TABLE `nectarcrm_expectedresponse` ENABLE KEYS */;
UNLOCK TABLES;

--
-- Table structure for table `nectarcrm_expectedresponse_seq`
--

DROP TABLE IF EXISTS `nectarcrm_expectedresponse_seq`;
/*!40101 SET @saved_cs_client     = @@character_set_client */;
/*!40101 SET character_set_client = utf8 */;
CREATE TABLE `nectarcrm_expectedresponse_seq` (
  `id` int(11) NOT NULL
) ENGINE=InnoDB DEFAULT CHARSET=utf8;
/*!40101 SET character_set_client = @saved_cs_client */;

--
-- Dumping data for table `nectarcrm_expectedresponse_seq`
--

LOCK TABLES `nectarcrm_expectedresponse_seq` WRITE;
/*!40000 ALTER TABLE `nectarcrm_expectedresponse_seq` DISABLE KEYS */;
INSERT INTO `nectarcrm_expectedresponse_seq` VALUES (5);
/*!40000 ALTER TABLE `nectarcrm_expectedresponse_seq` ENABLE KEYS */;
UNLOCK TABLES;

--
-- Table structure for table `nectarcrm_extnstore_users`
--

DROP TABLE IF EXISTS `nectarcrm_extnstore_users`;
/*!40101 SET @saved_cs_client     = @@character_set_client */;
/*!40101 SET character_set_client = utf8 */;
CREATE TABLE `nectarcrm_extnstore_users` (
  `id` int(11) NOT NULL AUTO_INCREMENT,
  `username` varchar(50) DEFAULT NULL,
  `password` varchar(75) DEFAULT NULL,
  `instanceurl` varchar(255) DEFAULT NULL,
  `createdon` datetime DEFAULT NULL,
  `deleted` int(1) NOT NULL DEFAULT '0',
  PRIMARY KEY (`id`)
) ENGINE=InnoDB DEFAULT CHARSET=utf8;
/*!40101 SET character_set_client = @saved_cs_client */;

--
-- Dumping data for table `nectarcrm_extnstore_users`
--

LOCK TABLES `nectarcrm_extnstore_users` WRITE;
/*!40000 ALTER TABLE `nectarcrm_extnstore_users` DISABLE KEYS */;
/*!40000 ALTER TABLE `nectarcrm_extnstore_users` ENABLE KEYS */;
UNLOCK TABLES;

--
-- Table structure for table `nectarcrm_faq`
--

DROP TABLE IF EXISTS `nectarcrm_faq`;
/*!40101 SET @saved_cs_client     = @@character_set_client */;
/*!40101 SET character_set_client = utf8 */;
CREATE TABLE `nectarcrm_faq` (
  `id` int(11) NOT NULL AUTO_INCREMENT,
  `faq_no` varchar(100) NOT NULL,
  `product_id` varchar(100) DEFAULT NULL,
  `question` text,
  `answer` text,
  `category` varchar(200) NOT NULL,
  `status` varchar(200) NOT NULL,
  `tags` varchar(1) DEFAULT NULL,
  PRIMARY KEY (`id`),
  KEY `faq_id_idx` (`id`),
  CONSTRAINT `fk_1_nectarcrm_faq` FOREIGN KEY (`id`) REFERENCES `nectarcrm_crmentity` (`crmid`) ON DELETE CASCADE
) ENGINE=InnoDB AUTO_INCREMENT=122 DEFAULT CHARSET=utf8;
/*!40101 SET character_set_client = @saved_cs_client */;

--
-- Dumping data for table `nectarcrm_faq`
--

LOCK TABLES `nectarcrm_faq` WRITE;
/*!40000 ALTER TABLE `nectarcrm_faq` DISABLE KEYS */;
INSERT INTO `nectarcrm_faq` VALUES (121,'FAQ1','88','n','nn','General','Reviewed','');
/*!40000 ALTER TABLE `nectarcrm_faq` ENABLE KEYS */;
UNLOCK TABLES;

--
-- Table structure for table `nectarcrm_faqcategories`
--

DROP TABLE IF EXISTS `nectarcrm_faqcategories`;
/*!40101 SET @saved_cs_client     = @@character_set_client */;
/*!40101 SET character_set_client = utf8 */;
CREATE TABLE `nectarcrm_faqcategories` (
  `faqcategories_id` int(19) NOT NULL AUTO_INCREMENT,
  `faqcategories` varchar(200) DEFAULT NULL,
  `presence` int(1) NOT NULL DEFAULT '1',
  `picklist_valueid` int(19) NOT NULL DEFAULT '0',
  `sortorderid` int(11) DEFAULT NULL,
  `color` varchar(10) DEFAULT NULL,
  PRIMARY KEY (`faqcategories_id`)
) ENGINE=InnoDB AUTO_INCREMENT=2 DEFAULT CHARSET=utf8;
/*!40101 SET character_set_client = @saved_cs_client */;

--
-- Dumping data for table `nectarcrm_faqcategories`
--

LOCK TABLES `nectarcrm_faqcategories` WRITE;
/*!40000 ALTER TABLE `nectarcrm_faqcategories` DISABLE KEYS */;
INSERT INTO `nectarcrm_faqcategories` VALUES (1,'General',1,46,0,NULL);
/*!40000 ALTER TABLE `nectarcrm_faqcategories` ENABLE KEYS */;
UNLOCK TABLES;

--
-- Table structure for table `nectarcrm_faqcategories_seq`
--

DROP TABLE IF EXISTS `nectarcrm_faqcategories_seq`;
/*!40101 SET @saved_cs_client     = @@character_set_client */;
/*!40101 SET character_set_client = utf8 */;
CREATE TABLE `nectarcrm_faqcategories_seq` (
  `id` int(11) NOT NULL
) ENGINE=InnoDB DEFAULT CHARSET=utf8;
/*!40101 SET character_set_client = @saved_cs_client */;

--
-- Dumping data for table `nectarcrm_faqcategories_seq`
--

LOCK TABLES `nectarcrm_faqcategories_seq` WRITE;
/*!40000 ALTER TABLE `nectarcrm_faqcategories_seq` DISABLE KEYS */;
INSERT INTO `nectarcrm_faqcategories_seq` VALUES (1);
/*!40000 ALTER TABLE `nectarcrm_faqcategories_seq` ENABLE KEYS */;
UNLOCK TABLES;

--
-- Table structure for table `nectarcrm_faqcf`
--

DROP TABLE IF EXISTS `nectarcrm_faqcf`;
/*!40101 SET @saved_cs_client     = @@character_set_client */;
/*!40101 SET character_set_client = utf8 */;
CREATE TABLE `nectarcrm_faqcf` (
  `faqid` int(19) NOT NULL DEFAULT '0',
  PRIMARY KEY (`faqid`),
  CONSTRAINT `fk_1_nectarcrm_faqcf` FOREIGN KEY (`faqid`) REFERENCES `nectarcrm_faq` (`id`) ON DELETE CASCADE
) ENGINE=InnoDB DEFAULT CHARSET=utf8;
/*!40101 SET character_set_client = @saved_cs_client */;

--
-- Dumping data for table `nectarcrm_faqcf`
--

LOCK TABLES `nectarcrm_faqcf` WRITE;
/*!40000 ALTER TABLE `nectarcrm_faqcf` DISABLE KEYS */;
INSERT INTO `nectarcrm_faqcf` VALUES (121);
/*!40000 ALTER TABLE `nectarcrm_faqcf` ENABLE KEYS */;
UNLOCK TABLES;

--
-- Table structure for table `nectarcrm_faqcomments`
--

DROP TABLE IF EXISTS `nectarcrm_faqcomments`;
/*!40101 SET @saved_cs_client     = @@character_set_client */;
/*!40101 SET character_set_client = utf8 */;
CREATE TABLE `nectarcrm_faqcomments` (
  `commentid` int(19) NOT NULL AUTO_INCREMENT,
  `faqid` int(19) DEFAULT NULL,
  `comments` text,
  `createdtime` datetime NOT NULL,
  PRIMARY KEY (`commentid`),
  KEY `faqcomments_faqid_idx` (`faqid`),
  CONSTRAINT `fk_1_nectarcrm_faqcomments` FOREIGN KEY (`faqid`) REFERENCES `nectarcrm_faq` (`id`) ON DELETE CASCADE
) ENGINE=InnoDB DEFAULT CHARSET=utf8;
/*!40101 SET character_set_client = @saved_cs_client */;

--
-- Dumping data for table `nectarcrm_faqcomments`
--

LOCK TABLES `nectarcrm_faqcomments` WRITE;
/*!40000 ALTER TABLE `nectarcrm_faqcomments` DISABLE KEYS */;
/*!40000 ALTER TABLE `nectarcrm_faqcomments` ENABLE KEYS */;
UNLOCK TABLES;

--
-- Table structure for table `nectarcrm_faqstatus`
--

DROP TABLE IF EXISTS `nectarcrm_faqstatus`;
/*!40101 SET @saved_cs_client     = @@character_set_client */;
/*!40101 SET character_set_client = utf8 */;
CREATE TABLE `nectarcrm_faqstatus` (
  `faqstatus_id` int(19) NOT NULL AUTO_INCREMENT,
  `faqstatus` varchar(200) DEFAULT NULL,
  `presence` int(1) NOT NULL DEFAULT '1',
  `picklist_valueid` int(19) NOT NULL DEFAULT '0',
  `sortorderid` int(11) DEFAULT NULL,
  `color` varchar(10) DEFAULT NULL,
  PRIMARY KEY (`faqstatus_id`)
) ENGINE=InnoDB AUTO_INCREMENT=5 DEFAULT CHARSET=utf8;
/*!40101 SET character_set_client = @saved_cs_client */;

--
-- Dumping data for table `nectarcrm_faqstatus`
--

LOCK TABLES `nectarcrm_faqstatus` WRITE;
/*!40000 ALTER TABLE `nectarcrm_faqstatus` DISABLE KEYS */;
INSERT INTO `nectarcrm_faqstatus` VALUES (1,'Draft',0,47,0,NULL),(2,'Reviewed',0,48,1,NULL),(3,'Published',0,49,2,NULL),(4,'Obsolete',0,50,3,NULL);
/*!40000 ALTER TABLE `nectarcrm_faqstatus` ENABLE KEYS */;
UNLOCK TABLES;

--
-- Table structure for table `nectarcrm_faqstatus_seq`
--

DROP TABLE IF EXISTS `nectarcrm_faqstatus_seq`;
/*!40101 SET @saved_cs_client     = @@character_set_client */;
/*!40101 SET character_set_client = utf8 */;
CREATE TABLE `nectarcrm_faqstatus_seq` (
  `id` int(11) NOT NULL
) ENGINE=InnoDB DEFAULT CHARSET=utf8;
/*!40101 SET character_set_client = @saved_cs_client */;

--
-- Dumping data for table `nectarcrm_faqstatus_seq`
--

LOCK TABLES `nectarcrm_faqstatus_seq` WRITE;
/*!40000 ALTER TABLE `nectarcrm_faqstatus_seq` DISABLE KEYS */;
INSERT INTO `nectarcrm_faqstatus_seq` VALUES (4);
/*!40000 ALTER TABLE `nectarcrm_faqstatus_seq` ENABLE KEYS */;
UNLOCK TABLES;

--
-- Table structure for table `nectarcrm_feedback`
--

DROP TABLE IF EXISTS `nectarcrm_feedback`;
/*!40101 SET @saved_cs_client     = @@character_set_client */;
/*!40101 SET character_set_client = utf8 */;
CREATE TABLE `nectarcrm_feedback` (
  `userid` int(19) DEFAULT NULL,
  `dontshow` varchar(19) DEFAULT 'false'
) ENGINE=InnoDB DEFAULT CHARSET=utf8;
/*!40101 SET character_set_client = @saved_cs_client */;

--
-- Dumping data for table `nectarcrm_feedback`
--

LOCK TABLES `nectarcrm_feedback` WRITE;
/*!40000 ALTER TABLE `nectarcrm_feedback` DISABLE KEYS */;
/*!40000 ALTER TABLE `nectarcrm_feedback` ENABLE KEYS */;
UNLOCK TABLES;

--
-- Table structure for table `nectarcrm_field`
--

DROP TABLE IF EXISTS `nectarcrm_field`;
/*!40101 SET @saved_cs_client     = @@character_set_client */;
/*!40101 SET character_set_client = utf8 */;
CREATE TABLE `nectarcrm_field` (
  `tabid` int(19) NOT NULL,
  `fieldid` int(19) NOT NULL AUTO_INCREMENT,
  `columnname` varchar(30) NOT NULL,
  `tablename` varchar(100) DEFAULT NULL,
  `generatedtype` int(19) NOT NULL DEFAULT '0',
  `uitype` varchar(30) NOT NULL,
  `fieldname` varchar(50) NOT NULL,
  `fieldlabel` varchar(50) NOT NULL,
  `readonly` int(1) NOT NULL,
  `presence` int(19) NOT NULL DEFAULT '1',
  `defaultvalue` text,
  `maximumlength` int(19) DEFAULT NULL,
  `sequence` int(19) DEFAULT NULL,
  `block` int(19) DEFAULT NULL,
  `displaytype` int(19) DEFAULT NULL,
  `typeofdata` varchar(100) DEFAULT NULL,
  `quickcreate` int(10) NOT NULL DEFAULT '1',
  `quickcreatesequence` int(19) DEFAULT NULL,
  `info_type` varchar(20) DEFAULT NULL,
  `masseditable` int(10) NOT NULL DEFAULT '1',
  `helpinfo` text,
  `summaryfield` int(10) NOT NULL DEFAULT '0',
  `headerfield` int(1) DEFAULT '0',
  `isunique` tinyint(1) DEFAULT '0',
  PRIMARY KEY (`fieldid`),
  KEY `field_tabid_idx` (`tabid`),
  KEY `field_fieldname_idx` (`fieldname`),
  KEY `field_block_idx` (`block`),
  KEY `field_displaytype_idx` (`displaytype`),
  CONSTRAINT `fk_1_nectarcrm_field` FOREIGN KEY (`tabid`) REFERENCES `nectarcrm_tab` (`tabid`) ON DELETE CASCADE
) ENGINE=InnoDB AUTO_INCREMENT=862 DEFAULT CHARSET=utf8;
/*!40101 SET character_set_client = @saved_cs_client */;

--
-- Dumping data for table `nectarcrm_field`
--

LOCK TABLES `nectarcrm_field` WRITE;
/*!40000 ALTER TABLE `nectarcrm_field` DISABLE KEYS */;
INSERT INTO `nectarcrm_field` VALUES (6,1,'accountname','nectarcrm_account',1,'2','accountname','Account Name',1,0,'',100,1,9,1,'V~M',0,1,'BAS',1,NULL,1,0,1),(6,2,'account_no','nectarcrm_account',1,'4','account_no','Account No',1,0,'',100,2,9,1,'V~O',3,NULL,'BAS',0,NULL,0,0,0),(6,3,'phone','nectarcrm_account',1,'11','phone','Phone',1,2,'',100,4,9,1,'V~O',2,2,'BAS',1,NULL,0,1,0),(6,4,'website','nectarcrm_account',1,'17','website','Website',1,2,'',100,3,9,1,'V~O',2,3,'BAS',1,NULL,0,1,0),(6,5,'fax','nectarcrm_account',1,'11','fax','Fax',1,2,'',100,6,9,1,'V~O',1,NULL,'BAS',1,NULL,0,0,0),(6,6,'tickersymbol','nectarcrm_account',1,'1','tickersymbol','Ticker Symbol',1,2,'',100,5,9,1,'V~O',1,NULL,'BAS',1,NULL,0,0,0),(6,7,'otherphone','nectarcrm_account',1,'11','otherphone','Other Phone',1,2,'',100,8,9,1,'V~O',1,NULL,'ADV',1,NULL,0,0,0),(6,8,'parentid','nectarcrm_account',1,'51','account_id','Member Of',1,2,'',100,7,9,1,'I~O',1,NULL,'BAS',0,NULL,0,0,0),(6,9,'email1','nectarcrm_account',1,'13','email1','Email',1,2,'',100,10,9,1,'E~O',1,NULL,'BAS',1,NULL,0,1,0),(6,10,'employees','nectarcrm_account',1,'7','employees','Employees',1,2,'',100,9,9,1,'I~O',1,NULL,'ADV',1,NULL,0,0,0),(6,11,'email2','nectarcrm_account',1,'13','email2','Other Email',1,2,'',100,11,9,1,'E~O',1,NULL,'ADV',1,NULL,0,0,0),(6,12,'ownership','nectarcrm_account',1,'1','ownership','Ownership',1,2,'',100,12,9,1,'V~O',1,NULL,'ADV',1,NULL,0,0,0),(6,13,'rating','nectarcrm_account',1,'15','rating','Rating',1,2,'',100,14,9,1,'V~O',1,NULL,'ADV',1,NULL,0,0,0),(6,14,'industry','nectarcrm_account',1,'15','industry','industry',1,2,'',100,13,9,1,'V~O',1,NULL,'ADV',1,NULL,0,0,0),(6,15,'siccode','nectarcrm_account',1,'1','siccode','SIC Code',1,2,'',100,16,9,1,'V~O',1,NULL,'ADV',1,NULL,0,0,0),(6,16,'account_type','nectarcrm_account',1,'15','accounttype','Type',1,2,'',100,15,9,1,'V~O',1,NULL,'ADV',1,NULL,0,0,0),(6,17,'annualrevenue','nectarcrm_account',1,'71','annual_revenue','Annual Revenue',1,2,'',100,18,9,1,'N~O',1,NULL,'ADV',1,NULL,0,0,0),(6,18,'emailoptout','nectarcrm_account',1,'56','emailoptout','Email Opt Out',1,0,'',100,17,9,1,'C~O',1,NULL,'ADV',1,NULL,0,0,0),(6,19,'notify_owner','nectarcrm_account',1,'56','notify_owner','Notify Owner',1,2,'',10,20,9,1,'C~O',1,NULL,'ADV',1,NULL,0,0,0),(6,20,'smownerid','nectarcrm_crmentity',1,'53','assigned_user_id','Assigned To',1,0,'',100,19,9,1,'V~M',0,4,'BAS',1,NULL,1,0,0),(6,21,'createdtime','nectarcrm_crmentity',1,'70','createdtime','Created Time',1,0,'',100,22,9,2,'DT~O',3,NULL,'BAS',0,NULL,0,0,0),(6,22,'modifiedtime','nectarcrm_crmentity',1,'70','modifiedtime','Modified Time',1,0,'',100,21,9,2,'DT~O',3,NULL,'BAS',0,NULL,0,0,0),(6,23,'modifiedby','nectarcrm_crmentity',1,'52','modifiedby','Last Modified By',1,0,'',100,23,9,3,'V~O',3,NULL,'BAS',0,NULL,0,0,0),(6,24,'bill_street','nectarcrm_accountbillads',1,'21','bill_street','Billing Address',1,2,'',100,1,11,1,'V~O',1,NULL,'BAS',1,NULL,0,0,0),(6,25,'ship_street','nectarcrm_accountshipads',1,'21','ship_street','Shipping Address',1,2,'',100,2,11,1,'V~O',1,NULL,'BAS',1,NULL,0,0,0),(6,26,'bill_city','nectarcrm_accountbillads',1,'1','bill_city','Billing City',1,2,'',100,5,11,1,'V~O',1,NULL,'BAS',1,NULL,1,0,0),(6,27,'ship_city','nectarcrm_accountshipads',1,'1','ship_city','Shipping City',1,2,'',100,6,11,1,'V~O',1,NULL,'BAS',1,NULL,0,0,0),(6,28,'bill_state','nectarcrm_accountbillads',1,'1','bill_state','Billing State',1,2,'',100,7,11,1,'V~O',1,NULL,'BAS',1,NULL,0,0,0),(6,29,'ship_state','nectarcrm_accountshipads',1,'1','ship_state','Shipping State',1,2,'',100,8,11,1,'V~O',1,NULL,'BAS',1,NULL,0,0,0),(6,30,'bill_code','nectarcrm_accountbillads',1,'1','bill_code','Billing Code',1,2,'',100,9,11,1,'V~O',1,NULL,'BAS',1,NULL,0,0,0),(6,31,'ship_code','nectarcrm_accountshipads',1,'1','ship_code','Shipping Code',1,2,'',100,10,11,1,'V~O',1,NULL,'BAS',1,NULL,0,0,0),(6,32,'bill_country','nectarcrm_accountbillads',1,'1','bill_country','Billing Country',1,2,'',100,11,11,1,'V~O',1,NULL,'BAS',1,NULL,1,0,0),(6,33,'ship_country','nectarcrm_accountshipads',1,'1','ship_country','Shipping Country',1,2,'',100,12,11,1,'V~O',1,NULL,'BAS',1,NULL,0,0,0),(6,34,'bill_pobox','nectarcrm_accountbillads',1,'1','bill_pobox','Billing Po Box',1,2,'',100,3,11,1,'V~O',1,NULL,'BAS',1,NULL,0,0,0),(6,35,'ship_pobox','nectarcrm_accountshipads',1,'1','ship_pobox','Shipping Po Box',1,2,'',100,4,11,1,'V~O',1,NULL,'BAS',1,NULL,0,0,0),(6,36,'description','nectarcrm_crmentity',1,'19','description','Description',1,2,'',100,1,12,1,'V~O',1,NULL,'BAS',1,NULL,0,0,0),(7,37,'salutation','nectarcrm_leaddetails',1,'55','salutationtype','Salutation',1,0,'',100,1,13,3,'V~O',1,NULL,'BAS',1,NULL,0,0,0),(7,38,'firstname','nectarcrm_leaddetails',1,'55','firstname','First Name',1,0,'',100,2,13,1,'V~O',2,1,'BAS',1,NULL,1,0,0),(7,39,'lead_no','nectarcrm_leaddetails',1,'4','lead_no','Lead No',1,0,'',100,3,13,1,'V~O',3,NULL,'BAS',0,NULL,0,0,0),(7,40,'phone','nectarcrm_leadaddress',1,'11','phone','Phone',1,2,'',100,5,13,1,'V~O',2,4,'BAS',1,NULL,0,1,0),(7,41,'lastname','nectarcrm_leaddetails',1,'255','lastname','Last Name',1,0,'',100,4,13,1,'V~M',0,2,'BAS',1,NULL,1,0,0),(7,42,'mobile','nectarcrm_leadaddress',1,'11','mobile','Mobile',1,2,'',100,7,13,1,'V~O',1,NULL,'BAS',1,NULL,0,0,0),(7,43,'company','nectarcrm_leaddetails',1,'2','company','Company',1,2,'',100,6,13,1,'V~O',2,3,'BAS',1,NULL,1,0,0),(7,44,'fax','nectarcrm_leadaddress',1,'11','fax','Fax',1,2,'',100,9,13,1,'V~O',1,NULL,'BAS',1,NULL,0,0,0),(7,45,'designation','nectarcrm_leaddetails',1,'1','designation','Designation',1,2,'',100,8,13,1,'V~O',1,NULL,'BAS',1,NULL,0,0,0),(7,46,'email','nectarcrm_leaddetails',1,'13','email','Email',1,2,'',100,11,13,1,'E~O',2,5,'BAS',1,NULL,0,1,0),(7,47,'leadsource','nectarcrm_leaddetails',1,'15','leadsource','Lead Source',1,2,'',100,10,13,1,'V~O',1,NULL,'BAS',1,NULL,1,0,0),(7,48,'website','nectarcrm_leadsubdetails',1,'17','website','Website',1,2,'',100,13,13,1,'V~O',1,NULL,'ADV',1,NULL,1,0,0),(7,49,'industry','nectarcrm_leaddetails',1,'15','industry','Industry',1,2,'',100,12,13,1,'V~O',1,NULL,'ADV',1,NULL,0,0,0),(7,50,'leadstatus','nectarcrm_leaddetails',1,'15','leadstatus','Lead Status',1,2,'',100,15,13,1,'V~O',1,NULL,'BAS',1,NULL,0,0,0),(7,51,'annualrevenue','nectarcrm_leaddetails',1,'71','annualrevenue','Annual Revenue',1,2,'',100,14,13,1,'N~O',1,NULL,'ADV',1,NULL,0,0,0),(7,52,'rating','nectarcrm_leaddetails',1,'15','rating','Rating',1,2,'',100,17,13,1,'V~O',1,NULL,'ADV',1,NULL,0,0,0),(7,53,'noofemployees','nectarcrm_leaddetails',1,'1','noofemployees','No Of Employees',1,2,'',100,16,13,1,'I~O',1,NULL,'ADV',1,NULL,0,0,0),(7,54,'smownerid','nectarcrm_crmentity',1,'53','assigned_user_id','Assigned To',1,0,'',100,19,13,1,'V~M',0,6,'BAS',1,NULL,1,0,0),(7,55,'secondaryemail','nectarcrm_leaddetails',1,'13','secondaryemail','Secondary Email',1,2,'',100,18,13,1,'E~O',1,NULL,'ADV',1,NULL,0,0,0),(7,56,'createdtime','nectarcrm_crmentity',1,'70','createdtime','Created Time',1,0,'',100,21,13,2,'DT~O',3,NULL,'BAS',0,NULL,0,0,0),(7,57,'modifiedtime','nectarcrm_crmentity',1,'70','modifiedtime','Modified Time',1,0,'',100,20,13,2,'DT~O',3,NULL,'BAS',0,NULL,0,0,0),(7,58,'modifiedby','nectarcrm_crmentity',1,'52','modifiedby','Last Modified By',1,0,'',100,23,13,3,'V~O',3,NULL,'BAS',0,NULL,0,0,0),(7,59,'lane','nectarcrm_leadaddress',1,'21','lane','Street',1,2,'',100,1,15,1,'V~O',1,NULL,'BAS',1,NULL,0,0,0),(7,60,'code','nectarcrm_leadaddress',1,'1','code','Postal Code',1,2,'',100,3,15,1,'V~O',1,NULL,'BAS',1,NULL,0,0,0),(7,61,'city','nectarcrm_leadaddress',1,'1','city','City',1,2,'',100,4,15,1,'V~O',1,NULL,'BAS',1,NULL,1,0,0),(7,62,'country','nectarcrm_leadaddress',1,'1','country','Country',1,2,'',100,5,15,1,'V~O',1,NULL,'BAS',1,NULL,1,0,0),(7,63,'state','nectarcrm_leadaddress',1,'1','state','State',1,2,'',100,6,15,1,'V~O',1,NULL,'BAS',1,NULL,0,0,0),(7,64,'pobox','nectarcrm_leadaddress',1,'1','pobox','Po Box',1,2,'',100,2,15,1,'V~O',1,NULL,'BAS',1,NULL,0,0,0),(7,65,'description','nectarcrm_crmentity',1,'19','description','Description',1,2,'',100,1,16,1,'V~O',1,NULL,'BAS',1,NULL,0,0,0),(4,66,'salutation','nectarcrm_contactdetails',1,'55','salutationtype','Salutation',1,0,'',100,1,4,3,'V~O',1,NULL,'BAS',1,NULL,0,0,0),(4,67,'firstname','nectarcrm_contactdetails',1,'55','firstname','First Name',1,0,'',100,2,4,1,'V~O',2,1,'BAS',1,NULL,1,0,0),(4,68,'contact_no','nectarcrm_contactdetails',1,'4','contact_no','Contact Id',1,0,'',100,3,4,1,'V~O',3,NULL,'BAS',0,NULL,0,0,0),(4,69,'phone','nectarcrm_contactdetails',1,'11','phone','Office Phone',1,2,'',100,5,4,1,'V~O',2,4,'BAS',1,NULL,0,1,0),(4,70,'lastname','nectarcrm_contactdetails',1,'255','lastname','Last Name',1,0,'',100,4,4,1,'V~M',0,2,'BAS',1,NULL,1,0,0),(4,71,'mobile','nectarcrm_contactdetails',1,'11','mobile','Mobile',1,2,'',100,7,4,1,'V~O',1,NULL,'BAS',1,NULL,0,0,0),(4,72,'accountid','nectarcrm_contactdetails',1,'51','account_id','Account Name',1,0,'',100,6,4,1,'I~O',2,3,'BAS',1,NULL,1,0,0),(4,73,'homephone','nectarcrm_contactsubdetails',1,'11','homephone','Home Phone',1,2,'',100,9,4,1,'V~O',1,NULL,'ADV',1,NULL,0,0,0),(4,74,'leadsource','nectarcrm_contactsubdetails',1,'15','leadsource','Lead Source',1,2,'',100,8,4,1,'V~O',1,NULL,'BAS',1,NULL,0,0,0),(4,75,'otherphone','nectarcrm_contactsubdetails',1,'11','otherphone','Other Phone',1,2,'',100,11,4,1,'V~O',1,NULL,'ADV',1,NULL,0,0,0),(4,76,'title','nectarcrm_contactdetails',1,'1','title','Title',1,2,'',100,10,4,1,'V~O',1,NULL,'BAS',1,NULL,1,0,0),(4,77,'fax','nectarcrm_contactdetails',1,'11','fax','Fax',1,2,'',100,13,4,1,'V~O',1,NULL,'BAS',1,NULL,0,0,0),(4,78,'department','nectarcrm_contactdetails',1,'1','department','Department',1,2,'',100,12,4,1,'V~O',1,NULL,'ADV',1,NULL,0,0,0),(4,79,'birthday','nectarcrm_contactsubdetails',1,'5','birthday','Birthdate',1,2,'',100,16,4,1,'D~O',1,NULL,'ADV',1,NULL,0,0,0),(4,80,'email','nectarcrm_contactdetails',1,'13','email','Email',1,2,'',100,15,4,1,'E~O',2,5,'BAS',1,NULL,0,1,0),(4,81,'reportsto','nectarcrm_contactdetails',1,'57','contact_id','Reports To',1,2,'',100,18,4,1,'V~O',1,NULL,'ADV',0,NULL,0,0,0),(4,82,'assistant','nectarcrm_contactsubdetails',1,'1','assistant','Assistant',1,2,'',100,17,4,1,'V~O',1,NULL,'ADV',1,NULL,0,0,0),(4,83,'secondaryemail','nectarcrm_contactdetails',1,'13','secondaryemail','Secondary Email',1,2,'',100,20,4,1,'E~O',1,NULL,'ADV',1,NULL,0,0,0),(4,84,'assistantphone','nectarcrm_contactsubdetails',1,'11','assistantphone','Assistant Phone',1,2,'',100,19,4,1,'V~O',1,NULL,'ADV',1,NULL,0,0,0),(4,85,'donotcall','nectarcrm_contactdetails',1,'56','donotcall','Do Not Call',1,2,'',100,22,4,1,'C~O',1,NULL,'ADV',1,NULL,0,0,0),(4,86,'emailoptout','nectarcrm_contactdetails',1,'56','emailoptout','Email Opt Out',1,0,'',100,21,4,1,'C~O',1,NULL,'ADV',1,NULL,0,0,0),(4,87,'smownerid','nectarcrm_crmentity',1,'53','assigned_user_id','Assigned To',1,0,'',100,24,4,1,'V~M',0,6,'BAS',1,NULL,1,0,0),(4,88,'reference','nectarcrm_contactdetails',1,'56','reference','Reference',1,2,'',10,23,4,1,'C~O',1,NULL,'ADV',1,NULL,0,0,0),(4,89,'notify_owner','nectarcrm_contactdetails',1,'56','notify_owner','Notify Owner',1,2,'',10,26,4,1,'C~O',1,NULL,'ADV',1,NULL,0,0,0),(4,90,'createdtime','nectarcrm_crmentity',1,'70','createdtime','Created Time',1,0,'',100,25,4,2,'DT~O',3,NULL,'BAS',0,NULL,0,0,0),(4,91,'modifiedtime','nectarcrm_crmentity',1,'70','modifiedtime','Modified Time',1,0,'',100,27,4,2,'DT~O',3,NULL,'BAS',0,NULL,0,0,0),(4,92,'modifiedby','nectarcrm_crmentity',1,'52','modifiedby','Last Modified By',1,0,'',100,28,4,3,'V~O',3,NULL,'BAS',0,NULL,0,0,0),(4,93,'portal','nectarcrm_customerdetails',1,'56','portal','Portal User',1,2,'',100,1,6,1,'C~O',1,NULL,'ADV',1,NULL,0,0,0),(4,94,'support_start_date','nectarcrm_customerdetails',1,'5','support_start_date','Support Start Date',1,2,'',100,2,6,1,'D~O',1,NULL,'ADV',1,NULL,0,0,0),(4,95,'support_end_date','nectarcrm_customerdetails',1,'5','support_end_date','Support End Date',1,2,'',100,3,6,1,'D~O~OTH~GE~support_start_date~Support Start Date',1,NULL,'ADV',1,NULL,0,0,0),(4,96,'mailingstreet','nectarcrm_contactaddress',1,'21','mailingstreet','Mailing Street',1,2,'',100,1,7,1,'V~O',1,NULL,'BAS',1,NULL,0,0,0),(4,97,'otherstreet','nectarcrm_contactaddress',1,'21','otherstreet','Other Street',1,2,'',100,2,7,1,'V~O',1,NULL,'BAS',1,NULL,0,0,0),(4,98,'mailingcity','nectarcrm_contactaddress',1,'1','mailingcity','Mailing City',1,2,'',100,5,7,1,'V~O',1,NULL,'BAS',1,NULL,1,0,0),(4,99,'othercity','nectarcrm_contactaddress',1,'1','othercity','Other City',1,2,'',100,6,7,1,'V~O',1,NULL,'BAS',1,NULL,0,0,0),(4,100,'mailingstate','nectarcrm_contactaddress',1,'1','mailingstate','Mailing State',1,2,'',100,7,7,1,'V~O',1,NULL,'BAS',1,NULL,0,0,0),(4,101,'otherstate','nectarcrm_contactaddress',1,'1','otherstate','Other State',1,2,'',100,8,7,1,'V~O',1,NULL,'BAS',1,NULL,0,0,0),(4,102,'mailingzip','nectarcrm_contactaddress',1,'1','mailingzip','Mailing Zip',1,2,'',100,9,7,1,'V~O',1,NULL,'BAS',1,NULL,0,0,0),(4,103,'otherzip','nectarcrm_contactaddress',1,'1','otherzip','Other Zip',1,2,'',100,10,7,1,'V~O',1,NULL,'BAS',1,NULL,0,0,0),(4,104,'mailingcountry','nectarcrm_contactaddress',1,'1','mailingcountry','Mailing Country',1,2,'',100,11,7,1,'V~O',1,NULL,'BAS',1,NULL,1,0,0),(4,105,'othercountry','nectarcrm_contactaddress',1,'1','othercountry','Other Country',1,2,'',100,12,7,1,'V~O',1,NULL,'BAS',1,NULL,0,0,0),(4,106,'mailingpobox','nectarcrm_contactaddress',1,'1','mailingpobox','Mailing Po Box',1,2,'',100,3,7,1,'V~O',1,NULL,'BAS',1,NULL,0,0,0),(4,107,'otherpobox','nectarcrm_contactaddress',1,'1','otherpobox','Other Po Box',1,2,'',100,4,7,1,'V~O',1,NULL,'BAS',1,NULL,0,0,0),(4,108,'imagename','nectarcrm_contactdetails',1,'69','imagename','Contact Image',1,2,'',100,1,73,1,'V~O',3,NULL,'ADV',0,NULL,0,0,0),(4,109,'description','nectarcrm_crmentity',1,'19','description','Description',1,2,'',100,1,8,1,'V~O',1,NULL,'BAS',1,NULL,0,0,0),(2,110,'potentialname','nectarcrm_potential',1,'2','potentialname','Potential Name',1,0,'',100,1,1,1,'V~M',0,1,'BAS',1,NULL,1,0,0),(2,111,'potential_no','nectarcrm_potential',1,'4','potential_no','Potential No',1,0,'',100,2,1,1,'V~O',3,NULL,'BAS',0,NULL,0,0,0),(2,112,'amount','nectarcrm_potential',1,'71','amount','Amount',1,2,'',100,5,1,1,'N~O',2,5,'BAS',1,NULL,0,1,0),(2,113,'related_to','nectarcrm_potential',1,'10','related_to','Related To',1,0,'',100,3,1,1,'V~O',0,2,'BAS',1,NULL,0,1,0),(2,114,'closingdate','nectarcrm_potential',1,'23','closingdate','Expected Close Date',1,2,'',100,8,1,1,'D~M',2,3,'BAS',1,NULL,1,0,0),(2,115,'potentialtype','nectarcrm_potential',1,'15','opportunity_type','Type',1,2,'',100,7,1,1,'V~O',1,NULL,'BAS',1,NULL,0,0,0),(2,116,'nextstep','nectarcrm_potential',1,'1','nextstep','Next Step',1,2,'',100,10,1,1,'V~O',1,NULL,'BAS',1,NULL,0,0,0),(2,117,'leadsource','nectarcrm_potential',1,'15','leadsource','Lead Source',1,2,'',100,9,1,1,'V~O',1,NULL,'BAS',1,NULL,0,0,0),(2,118,'sales_stage','nectarcrm_potential',1,'15','sales_stage','Sales Stage',1,2,'',100,12,1,1,'V~M',2,4,'BAS',1,NULL,0,1,0),(2,119,'smownerid','nectarcrm_crmentity',1,'53','assigned_user_id','Assigned To',1,2,'',100,11,1,1,'V~M',0,6,'BAS',1,NULL,1,0,0),(2,120,'probability','nectarcrm_potential',1,'9','probability','Probability',1,2,'',100,14,1,1,'N~O',1,NULL,'BAS',1,NULL,0,0,0),(2,121,'campaignid','nectarcrm_potential',1,'58','campaignid','Campaign Source',1,2,'',100,13,1,1,'N~O',1,NULL,'BAS',1,NULL,0,0,0),(2,122,'createdtime','nectarcrm_crmentity',1,'70','createdtime','Created Time',1,0,'',100,16,1,2,'DT~O',3,NULL,'BAS',0,NULL,0,0,0),(2,123,'modifiedtime','nectarcrm_crmentity',1,'70','modifiedtime','Modified Time',1,0,'',100,15,1,2,'DT~O',3,NULL,'BAS',0,NULL,0,0,0),(2,124,'modifiedby','nectarcrm_crmentity',1,'52','modifiedby','Last Modified By',1,0,'',100,17,1,3,'V~O',3,NULL,'BAS',0,NULL,0,0,0),(2,125,'description','nectarcrm_crmentity',1,'19','description','Description',1,2,'',100,1,3,1,'V~O',1,NULL,'BAS',1,NULL,0,0,0),(26,126,'campaignname','nectarcrm_campaign',1,'2','campaignname','Campaign Name',1,0,'',100,1,74,1,'V~M',0,1,'BAS',1,NULL,1,0,0),(26,127,'campaign_no','nectarcrm_campaign',1,'4','campaign_no','Campaign No',1,0,'',100,2,74,1,'V~O',3,NULL,'BAS',0,NULL,0,0,0),(26,128,'campaigntype','nectarcrm_campaign',1,'15','campaigntype','Campaign Type',1,2,'',100,5,74,1,'V~O',2,3,'BAS',1,NULL,1,0,0),(26,129,'product_id','nectarcrm_campaign',1,'59','product_id','Product',1,2,'',100,6,74,1,'I~O',2,5,'BAS',1,NULL,0,0,0),(26,130,'campaignstatus','nectarcrm_campaign',1,'15','campaignstatus','Campaign Status',1,2,'',100,4,74,1,'V~O',2,6,'BAS',1,NULL,1,0,0),(26,131,'closingdate','nectarcrm_campaign',1,'23','closingdate','Expected Close Date',1,2,'',100,8,74,1,'D~M',2,2,'BAS',1,NULL,1,0,1),(26,132,'smownerid','nectarcrm_crmentity',1,'53','assigned_user_id','Assigned To',1,0,'',100,3,74,1,'V~M',0,7,'BAS',1,NULL,1,0,0),(26,133,'numsent','nectarcrm_campaign',1,'9','numsent','Num Sent',1,2,'',100,12,74,1,'N~O',1,NULL,'BAS',1,NULL,0,0,0),(26,134,'sponsor','nectarcrm_campaign',1,'1','sponsor','Sponsor',1,2,'',100,9,74,1,'V~O',1,NULL,'BAS',1,NULL,0,0,0),(26,135,'targetaudience','nectarcrm_campaign',1,'1','targetaudience','Target Audience',1,2,'',100,7,74,1,'V~O',1,NULL,'BAS',1,NULL,0,0,0),(26,136,'targetsize','nectarcrm_campaign',1,'1','targetsize','TargetSize',1,2,'',100,10,74,1,'I~O',1,NULL,'BAS',1,NULL,0,0,0),(26,137,'createdtime','nectarcrm_crmentity',1,'70','createdtime','Created Time',1,0,'',100,11,74,2,'DT~O',3,NULL,'BAS',0,NULL,0,0,0),(26,138,'modifiedtime','nectarcrm_crmentity',1,'70','modifiedtime','Modified Time',1,0,'',100,13,74,2,'DT~O',3,NULL,'BAS',0,NULL,0,0,0),(26,139,'modifiedby','nectarcrm_crmentity',1,'52','modifiedby','Last Modified By',1,0,'',100,16,74,3,'V~O',3,NULL,'BAS',0,NULL,0,0,0),(26,140,'expectedresponse','nectarcrm_campaign',1,'15','expectedresponse','Expected Response',1,2,'',100,3,76,1,'V~O',2,4,'BAS',1,NULL,0,0,0),(26,141,'expectedrevenue','nectarcrm_campaign',1,'71','expectedrevenue','Expected Revenue',1,2,'',100,4,76,1,'N~O',1,NULL,'BAS',1,NULL,1,0,0),(26,142,'budgetcost','nectarcrm_campaign',1,'71','budgetcost','Budget Cost',1,2,'',100,1,76,1,'N~O',1,NULL,'BAS',1,NULL,0,0,0),(26,143,'actualcost','nectarcrm_campaign',1,'71','actualcost','Actual Cost',1,2,'',100,2,76,1,'N~O',1,NULL,'BAS',1,NULL,0,0,0),(26,144,'expectedresponsecount','nectarcrm_campaign',1,'1','expectedresponsecount','Expected Response Count',1,2,'',100,7,76,1,'I~O',1,NULL,'BAS',1,NULL,0,0,0),(26,145,'expectedsalescount','nectarcrm_campaign',1,'1','expectedsalescount','Expected Sales Count',1,2,'',100,5,76,1,'I~O',1,NULL,'BAS',1,NULL,0,0,0),(26,146,'expectedroi','nectarcrm_campaign',1,'71','expectedroi','Expected ROI',1,2,'',100,9,76,1,'N~O',1,NULL,'BAS',1,NULL,0,0,0),(26,147,'actualresponsecount','nectarcrm_campaign',1,'1','actualresponsecount','Actual Response Count',1,2,'',100,8,76,1,'I~O',1,NULL,'BAS',1,NULL,0,0,0),(26,148,'actualsalescount','nectarcrm_campaign',1,'1','actualsalescount','Actual Sales Count',1,2,'',100,6,76,1,'I~O',1,NULL,'BAS',1,NULL,0,0,0),(26,149,'actualroi','nectarcrm_campaign',1,'71','actualroi','Actual ROI',1,2,'',100,10,76,1,'N~O',1,NULL,'BAS',1,NULL,0,0,0),(26,150,'description','nectarcrm_crmentity',1,'19','description','Description',1,2,'',100,1,81,1,'V~O',1,NULL,'BAS',1,NULL,0,0,0),(4,151,'campaignrelstatus','nectarcrm_campaignrelstatus',1,'16','campaignrelstatus','Status',1,0,'0',100,1,NULL,1,'V~O',1,NULL,'BAS',0,NULL,0,0,0),(6,152,'campaignrelstatus','nectarcrm_campaignrelstatus',1,'16','campaignrelstatus','Status',1,0,'0',100,1,NULL,1,'V~O',1,NULL,'BAS',0,NULL,0,0,0),(7,153,'campaignrelstatus','nectarcrm_campaignrelstatus',1,'16','campaignrelstatus','Status',1,0,'0',100,1,NULL,1,'V~O',1,NULL,'BAS',0,NULL,0,0,0),(26,154,'campaignrelstatus','nectarcrm_campaignrelstatus',1,'16','campaignrelstatus','Status',1,0,'0',100,1,NULL,1,'V~O',1,NULL,'BAS',0,NULL,0,0,0),(13,155,'ticket_no','nectarcrm_troubletickets',1,'4','ticket_no','Ticket No',1,0,'',100,14,25,1,'V~O',3,NULL,'BAS',0,NULL,1,0,0),(13,156,'smownerid','nectarcrm_crmentity',1,'53','assigned_user_id','Assigned To',1,0,'',100,5,25,1,'V~M',0,4,'BAS',1,NULL,1,0,0),(13,157,'parent_id','nectarcrm_troubletickets',1,'10','parent_id','Related To',1,0,'',100,2,25,1,'I~O',1,NULL,'BAS',1,NULL,1,0,0),(13,158,'priority','nectarcrm_troubletickets',1,'15','ticketpriorities','Priority',1,2,'',100,7,25,1,'V~M',2,3,'BAS',1,NULL,0,1,0),(13,159,'product_id','nectarcrm_troubletickets',1,'59','product_id','Product Name',1,2,'',100,6,25,1,'I~O',1,NULL,'BAS',1,NULL,0,0,0),(13,160,'severity','nectarcrm_troubletickets',1,'15','ticketseverities','Severity',1,2,'',100,9,25,1,'V~O',1,NULL,'BAS',1,NULL,1,0,0),(13,161,'status','nectarcrm_troubletickets',1,'15','ticketstatus','Status',1,2,'',100,8,25,1,'V~M',1,2,'BAS',1,NULL,1,0,0),(13,162,'category','nectarcrm_troubletickets',1,'15','ticketcategories','Category',1,2,'',100,11,25,1,'V~O',1,NULL,'BAS',1,NULL,0,0,0),(13,163,'update_log','nectarcrm_troubletickets',1,'19','update_log','Update History',1,1,'',100,12,25,3,'V~O',1,NULL,'BAS',0,NULL,0,0,0),(13,164,'hours','nectarcrm_troubletickets',1,'1','hours','Hours',1,2,'',100,10,25,1,'N~O',1,NULL,'BAS',1,'This gives the estimated hours for the Ticket.<br>When the same ticket is added to a Service Contract,based on the Tracking Unit of the Service Contract,Used units is updated whenever a ticket is Closed.',0,0,0),(13,165,'days','nectarcrm_troubletickets',1,'1','days','Days',1,2,'',100,11,25,1,'N~O',1,NULL,'BAS',1,'This gives the estimated days for the Ticket.<br>When the same ticket is added to a Service Contract,based on the Tracking Unit of the Service Contract,Used units is updated whenever a ticket is Closed.',0,0,0),(13,166,'createdtime','nectarcrm_crmentity',1,'70','createdtime','Created Time',1,0,'',100,10,25,2,'DT~O',3,NULL,'BAS',0,NULL,0,0,0),(13,167,'modifiedtime','nectarcrm_crmentity',1,'70','modifiedtime','Modified Time',1,0,'',100,13,25,2,'DT~O',3,NULL,'BAS',0,NULL,0,0,0),(13,168,'from_portal','nectarcrm_ticketcf',1,'56','from_portal','From Portal',1,0,'',100,14,25,3,'C~O',3,NULL,'BAS',0,NULL,0,0,0),(13,169,'modifiedby','nectarcrm_crmentity',1,'52','modifiedby','Last Modified By',1,0,'',100,17,25,3,'V~O',3,NULL,'BAS',0,NULL,0,0,0),(13,170,'title','nectarcrm_troubletickets',1,'22','ticket_title','Title',1,0,'',100,1,25,1,'V~M',0,1,'BAS',1,NULL,1,0,0),(13,171,'description','nectarcrm_crmentity',1,'19','description','Description',1,2,'',100,1,28,1,'V~O',2,4,'BAS',1,NULL,1,0,0),(13,172,'solution','nectarcrm_troubletickets',1,'19','solution','Solution',1,0,'',100,1,29,1,'V~O',3,NULL,'BAS',0,NULL,0,0,0),(13,173,'comments','nectarcrm_ticketcomments',1,'19','comments','Add Comment',1,1,'',100,1,30,1,'V~O',3,NULL,'BAS',0,NULL,0,0,0),(14,174,'productname','nectarcrm_products',1,'2','productname','Product Name',1,0,'',100,1,31,1,'V~M',0,1,'BAS',1,NULL,1,0,0),(14,175,'product_no','nectarcrm_products',1,'4','product_no','Product No',1,0,'',100,2,31,1,'V~O',3,NULL,'BAS',0,NULL,0,1,0),(14,176,'productcode','nectarcrm_products',1,'1','productcode','Part Number',1,2,'',100,4,31,1,'V~O',1,NULL,'BAS',1,NULL,1,0,0),(14,177,'discontinued','nectarcrm_products',1,'56','discontinued','Product Active',1,2,'1',100,3,31,1,'V~O',2,2,'BAS',1,NULL,0,1,0),(14,178,'manufacturer','nectarcrm_products',1,'15','manufacturer','Manufacturer',1,2,'',100,6,31,1,'V~O',1,NULL,'BAS',1,NULL,0,0,0),(14,179,'productcategory','nectarcrm_products',1,'15','productcategory','Product Category',1,2,'',100,6,31,1,'V~O',1,NULL,'BAS',1,NULL,0,1,0),(14,180,'sales_start_date','nectarcrm_products',1,'5','sales_start_date','Sales Start Date',1,2,'',100,5,31,1,'D~O',1,NULL,'BAS',1,NULL,0,0,0),(14,181,'sales_end_date','nectarcrm_products',1,'5','sales_end_date','Sales End Date',1,2,'',100,8,31,1,'D~O~OTH~GE~sales_start_date~Sales Start Date',1,NULL,'BAS',1,NULL,0,0,0),(14,182,'start_date','nectarcrm_products',1,'5','start_date','Support Start Date',1,2,'',100,7,31,1,'D~O',1,NULL,'BAS',1,NULL,0,0,0),(14,183,'expiry_date','nectarcrm_products',1,'5','expiry_date','Support Expiry Date',1,2,'',100,10,31,1,'D~O~OTH~GE~start_date~Start Date',1,NULL,'BAS',1,NULL,0,0,0),(14,184,'website','nectarcrm_products',1,'17','website','Website',1,2,'',100,14,31,1,'V~O',1,NULL,'BAS',1,NULL,0,0,0),(14,185,'vendor_id','nectarcrm_products',1,'75','vendor_id','Vendor Name',1,2,'',100,13,31,1,'I~O',1,NULL,'BAS',1,NULL,0,0,0),(14,186,'mfr_part_no','nectarcrm_products',1,'1','mfr_part_no','Mfr PartNo',1,2,'',100,16,31,1,'V~O',1,NULL,'BAS',1,NULL,0,0,0),(14,187,'vendor_part_no','nectarcrm_products',1,'1','vendor_part_no','Vendor PartNo',1,2,'',100,15,31,1,'V~O',1,NULL,'BAS',1,NULL,0,0,0),(14,188,'serialno','nectarcrm_products',1,'1','serial_no','Serial No',1,2,'',100,18,31,1,'V~O',1,NULL,'BAS',1,NULL,0,0,0),(14,189,'productsheet','nectarcrm_products',1,'1','productsheet','Product Sheet',1,2,'',100,17,31,1,'V~O',1,NULL,'BAS',1,NULL,0,0,0),(14,190,'glacct','nectarcrm_products',1,'15','glacct','GL Account',1,2,'',100,20,31,1,'V~O',1,NULL,'BAS',1,NULL,0,0,0),(14,191,'createdtime','nectarcrm_crmentity',1,'70','createdtime','Created Time',1,0,'',100,19,31,2,'DT~O',3,NULL,'BAS',0,NULL,0,0,0),(14,192,'modifiedtime','nectarcrm_crmentity',1,'70','modifiedtime','Modified Time',1,0,'',100,21,31,2,'DT~O',3,NULL,'BAS',0,NULL,0,0,0),(14,193,'modifiedby','nectarcrm_crmentity',1,'52','modifiedby','Last Modified By',1,0,'',100,22,31,3,'V~O',3,NULL,'BAS',0,NULL,0,0,0),(14,194,'unit_price','nectarcrm_products',1,'72','unit_price','Unit Price',1,0,'',100,1,32,1,'N~O',2,3,'BAS',0,NULL,1,0,0),(14,195,'commissionrate','nectarcrm_products',1,'9','commissionrate','Commission Rate',1,2,'',100,2,32,1,'N~O',1,NULL,'BAS',1,NULL,1,0,0),(14,196,'taxclass','nectarcrm_products',1,'83','taxclass','Taxes',1,2,'',100,4,32,1,'V~O',2,NULL,'BAS',1,NULL,0,0,0),(14,197,'usageunit','nectarcrm_products',1,'15','usageunit','Usage Unit',1,2,'',100,1,33,1,'V~O',1,NULL,'ADV',1,NULL,0,0,0),(14,198,'qty_per_unit','nectarcrm_products',1,'1','qty_per_unit','Qty/Unit',1,2,'',100,2,33,1,'N~O',1,NULL,'ADV',1,NULL,1,0,0),(14,199,'qtyinstock','nectarcrm_products',1,'1','qtyinstock','Qty In Stock',1,2,'',100,3,33,1,'NN~O',0,4,'ADV',1,NULL,0,1,0),(14,200,'reorderlevel','nectarcrm_products',1,'1','reorderlevel','Reorder Level',1,2,'',100,4,33,1,'I~O',1,NULL,'ADV',1,NULL,0,0,0),(14,201,'smownerid','nectarcrm_crmentity',1,'53','assigned_user_id','Handler',1,0,'',100,5,33,1,'V~M',0,5,'BAS',1,NULL,0,0,0),(14,202,'qtyindemand','nectarcrm_products',1,'1','qtyindemand','Qty In Demand',1,2,'',100,6,33,1,'I~O',1,NULL,'ADV',1,NULL,0,0,0),(14,203,'imagename','nectarcrm_products',1,'69','imagename','Product Image',1,2,'',100,1,35,1,'V~O',3,NULL,'ADV',0,NULL,0,0,0),(14,204,'description','nectarcrm_crmentity',1,'19','description','Description',1,2,'',100,1,36,1,'V~O',1,NULL,'BAS',1,NULL,0,0,0),(8,205,'title','nectarcrm_notes',1,'2','notes_title','Title',1,0,'',100,1,17,1,'V~M',0,1,'BAS',1,NULL,1,0,0),(8,206,'createdtime','nectarcrm_crmentity',1,'70','createdtime','Created Time',1,0,'',100,5,17,2,'DT~O',3,NULL,'BAS',0,NULL,0,0,0),(8,207,'modifiedtime','nectarcrm_crmentity',1,'70','modifiedtime','Modified Time',1,0,'',100,6,17,2,'DT~O',3,NULL,'BAS',0,NULL,1,0,0),(8,208,'filename','nectarcrm_notes',1,'28','filename','File Name',1,2,'',100,3,18,1,'V~O',0,NULL,'BAS',0,NULL,1,0,0),(8,209,'smownerid','nectarcrm_crmentity',1,'53','assigned_user_id','Assigned To',1,0,'',100,4,17,1,'V~M',0,3,'BAS',1,NULL,1,0,0),(8,210,'notecontent','nectarcrm_notes',1,'19','notecontent','Note',1,2,'',100,1,84,1,'V~O',1,NULL,'BAS',0,NULL,0,0,0),(8,211,'filetype','nectarcrm_notes',1,'1','filetype','File Type',1,2,'',100,5,18,2,'V~O',3,0,'BAS',0,NULL,0,0,0),(8,212,'filesize','nectarcrm_notes',1,'1','filesize','File Size',1,2,'',100,4,18,2,'I~O',3,0,'BAS',0,NULL,0,0,0),(8,213,'filelocationtype','nectarcrm_notes',1,'27','filelocationtype','Download Type',1,0,'',100,1,18,1,'V~O',0,0,'BAS',0,NULL,0,0,0),(8,214,'fileversion','nectarcrm_notes',1,'1','fileversion','Version',1,2,'',100,6,18,1,'V~O',1,0,'BAS',1,NULL,0,0,0),(8,215,'filestatus','nectarcrm_notes',1,'56','filestatus','Active',1,2,'1',100,2,18,1,'V~O',1,0,'BAS',1,NULL,0,0,0),(8,216,'filedownloadcount','nectarcrm_notes',1,'1','filedownloadcount','Download Count',1,2,'',100,7,18,2,'I~O',3,0,'BAS',0,NULL,0,0,0),(8,217,'folderid','nectarcrm_notes',1,'26','folderid','Folder Name',1,2,'',100,2,17,1,'V~O',2,2,'BAS',1,NULL,1,0,0),(8,218,'note_no','nectarcrm_notes',1,'4','note_no','Document No',1,0,'',100,3,17,1,'V~O',3,NULL,'BAS',0,NULL,0,0,0),(8,219,'modifiedby','nectarcrm_crmentity',1,'52','modifiedby','Last Modified By',1,0,'',100,12,17,3,'V~O',3,NULL,'BAS',0,NULL,0,0,0),(10,220,'date_start','nectarcrm_activity',1,'6','date_start','Date & Time Sent',1,0,'',100,1,21,1,'DT~M~time_start~Time Start',1,NULL,'BAS',1,NULL,0,0,0),(10,221,'semodule','nectarcrm_activity',1,'2','parent_type','Sales Enity Module',1,0,'',100,2,21,3,'',1,NULL,'BAS',1,NULL,0,0,0),(10,222,'activitytype','nectarcrm_activity',1,'2','activitytype','Activtiy Type',1,0,'',100,3,21,3,'V~O',1,NULL,'BAS',1,NULL,0,0,0),(10,223,'smownerid','nectarcrm_crmentity',1,'53','assigned_user_id','Assigned To',1,0,'',100,5,21,1,'V~M',1,NULL,'BAS',1,NULL,0,0,0),(10,224,'subject','nectarcrm_activity',1,'2','subject','Subject',1,0,'',100,1,23,1,'V~M',1,NULL,'BAS',1,NULL,0,0,0),(10,225,'name','nectarcrm_attachments',1,'61','filename','Attachment',1,0,'',100,2,23,1,'V~O',1,NULL,'BAS',1,NULL,0,0,0),(10,226,'description','nectarcrm_crmentity',1,'19','description','Description',1,0,'',100,1,24,1,'V~O',1,NULL,'BAS',1,NULL,0,0,0),(10,227,'time_start','nectarcrm_activity',1,'2','time_start','Time Start',1,0,'',100,9,23,1,'T~O',1,NULL,'BAS',1,NULL,0,0,0),(10,228,'createdtime','nectarcrm_crmentity',1,'70','createdtime','Created Time',1,0,'',100,10,22,1,'DT~O',3,NULL,'BAS',0,NULL,0,0,0),(10,229,'modifiedtime','nectarcrm_crmentity',1,'70','modifiedtime','Modified Time',1,0,'',100,11,21,2,'DT~O',3,NULL,'BAS',0,NULL,0,0,0),(10,230,'access_count','nectarcrm_email_track',1,'25','access_count','Access Count',1,0,'0',100,6,21,3,'I~O',1,NULL,'BAS',0,NULL,0,0,0),(10,231,'modifiedby','nectarcrm_crmentity',1,'52','modifiedby','Last Modified By',1,0,'',100,12,21,3,'V~O',3,NULL,'BAS',0,NULL,0,0,0),(9,232,'subject','nectarcrm_activity',1,'2','subject','Subject',1,0,'',100,1,19,1,'V~M',0,1,'BAS',1,NULL,1,0,0),(9,233,'smownerid','nectarcrm_crmentity',1,'53','assigned_user_id','Assigned To',1,0,'',100,2,19,1,'V~M',0,4,'BAS',1,NULL,1,0,0),(9,234,'date_start','nectarcrm_activity',1,'6','date_start','Start Date & Time',1,0,'',100,3,19,1,'DT~M~time_start',0,2,'BAS',1,NULL,1,0,0),(9,235,'time_start','nectarcrm_activity',1,'2','time_start','Time Start',1,0,'',100,4,19,3,'T~M',1,NULL,'BAS',1,NULL,1,0,0),(9,236,'time_end','nectarcrm_activity',1,'2','time_end','End Time',1,0,'',100,4,19,3,'T~O',1,NULL,'BAS',1,NULL,1,0,0),(9,237,'due_date','nectarcrm_activity',1,'23','due_date','Due Date',1,0,'',100,5,19,1,'D~M~OTH~GE~date_start~Start Date & Time',1,NULL,'BAS',1,NULL,1,0,0),(9,238,'crmid','nectarcrm_seactivityrel',1,'66','parent_id','Related To',1,0,'',100,7,19,1,'I~O',1,NULL,'BAS',1,NULL,1,0,0),(9,239,'contactid','nectarcrm_cntactivityrel',1,'57','contact_id','Contact Name',1,0,'',100,8,19,1,'I~O',1,NULL,'BAS',1,NULL,0,0,0),(9,240,'status','nectarcrm_activity',1,'15','taskstatus','Status',1,0,'',100,8,19,1,'V~M',0,3,'BAS',1,NULL,0,0,0),(9,241,'eventstatus','nectarcrm_activity',1,'15','eventstatus','Status',1,0,'',100,9,19,3,'V~O',1,NULL,'BAS',1,NULL,0,0,0),(9,242,'priority','nectarcrm_activity',1,'15','taskpriority','Priority',1,0,'',100,10,19,1,'V~O',1,NULL,'BAS',1,NULL,0,0,0),(9,243,'sendnotification','nectarcrm_activity',1,'56','sendnotification','Send Notification',1,0,'',100,11,19,1,'C~O',1,NULL,'BAS',1,NULL,0,0,0),(9,244,'createdtime','nectarcrm_crmentity',1,'70','createdtime','Created Time',1,0,'',100,14,19,2,'DT~O',3,NULL,'BAS',0,NULL,0,0,0),(9,245,'modifiedtime','nectarcrm_crmentity',1,'70','modifiedtime','Modified Time',1,0,'',100,15,19,2,'DT~O',3,NULL,'BAS',0,NULL,0,0,0),(9,246,'activitytype','nectarcrm_activity',1,'15','activitytype','Activity Type',1,0,'',100,16,19,3,'V~O',1,NULL,'BAS',1,NULL,1,0,0),(9,247,'visibility','nectarcrm_activity',1,'16','visibility','Visibility',1,0,'',100,17,19,3,'V~O',1,NULL,'BAS',1,NULL,0,0,0),(9,248,'description','nectarcrm_crmentity',1,'19','description','Description',1,0,'',100,1,20,1,'V~O',1,NULL,'BAS',1,NULL,0,0,0),(9,249,'duration_hours','nectarcrm_activity',1,'63','duration_hours','Duration',1,0,'',100,17,19,3,'T~O',1,NULL,'BAS',1,NULL,0,0,0),(9,250,'duration_minutes','nectarcrm_activity',1,'16','duration_minutes','Duration Minutes',1,0,'',100,18,19,3,'T~O',1,NULL,'BAS',1,NULL,0,0,0),(9,251,'location','nectarcrm_activity',1,'1','location','Location',1,0,'',100,19,19,1,'V~O',1,NULL,'BAS',1,NULL,0,0,0),(9,252,'reminder_time','nectarcrm_activity_reminder',1,'30','reminder_time','Send Reminder',1,0,'',100,1,120,1,'I~O',1,NULL,'BAS',1,NULL,0,0,0),(9,253,'recurringtype','nectarcrm_activity',1,'16','recurringtype','Recurrence',1,0,'',100,6,19,3,'O~O',1,NULL,'BAS',1,NULL,1,0,0),(9,254,'notime','nectarcrm_activity',1,'56','notime','No Time',1,0,'',100,20,19,3,'C~O',1,NULL,'BAS',1,NULL,0,0,0),(9,255,'modifiedby','nectarcrm_crmentity',1,'52','modifiedby','Last Modified By',1,0,'',100,22,19,3,'V~O',3,NULL,'BAS',0,NULL,0,0,0),(16,256,'subject','nectarcrm_activity',1,'2','subject','Subject',1,0,'',100,1,39,1,'V~M',0,1,'BAS',1,NULL,1,0,0),(16,257,'smownerid','nectarcrm_crmentity',1,'53','assigned_user_id','Assigned To',1,0,'',100,2,39,1,'V~M',0,6,'BAS',1,NULL,1,0,0),(16,258,'date_start','nectarcrm_activity',1,'6','date_start','Start Date & Time',1,0,'',100,3,39,1,'DT~M~time_start',0,2,'BAS',1,NULL,1,0,0),(16,259,'time_start','nectarcrm_activity',1,'2','time_start','Time Start',1,0,'',100,4,39,3,'T~M',1,NULL,'BAS',1,NULL,1,0,0),(16,260,'due_date','nectarcrm_activity',1,'23','due_date','End Date',1,0,'',100,5,39,1,'D~M~OTH~GE~date_start~Start Date & Time',0,5,'BAS',1,NULL,1,0,0),(16,261,'time_end','nectarcrm_activity',1,'2','time_end','End Time',1,0,'',100,5,39,3,'T~M',1,NULL,'BAS',1,NULL,1,0,0),(16,262,'recurringtype','nectarcrm_activity',1,'16','recurringtype','Recurrence',1,0,'',100,6,117,1,'O~O',1,NULL,'BAS',1,NULL,1,0,0),(16,263,'duration_hours','nectarcrm_activity',1,'63','duration_hours','Duration',1,0,'',100,7,39,3,'I~M',1,NULL,'BAS',1,NULL,0,0,0),(16,264,'duration_minutes','nectarcrm_activity',1,'16','duration_minutes','Duration Minutes',1,0,'',100,8,39,3,'O~O',1,NULL,'BAS',1,NULL,0,0,0),(16,265,'crmid','nectarcrm_seactivityrel',1,'66','parent_id','Related To',1,0,'',100,9,119,1,'I~O',1,NULL,'BAS',1,NULL,1,0,0),(16,266,'eventstatus','nectarcrm_activity',1,'15','eventstatus','Status',1,0,'',100,10,39,1,'V~M',0,3,'BAS',1,NULL,0,0,0),(16,267,'sendnotification','nectarcrm_activity',1,'56','sendnotification','Send Notification',1,0,'',100,11,39,1,'C~O',1,NULL,'BAS',1,NULL,0,0,0),(16,268,'activitytype','nectarcrm_activity',1,'15','activitytype','Activity Type',1,0,'',100,12,39,1,'V~M',0,4,'BAS',1,NULL,1,0,0),(16,269,'location','nectarcrm_activity',1,'1','location','Location',1,0,'',100,13,39,1,'V~O',1,NULL,'BAS',1,NULL,0,0,0),(16,270,'createdtime','nectarcrm_crmentity',1,'70','createdtime','Created Time',1,0,'',100,14,39,2,'DT~O',3,NULL,'BAS',0,NULL,0,0,0),(16,271,'modifiedtime','nectarcrm_crmentity',1,'70','modifiedtime','Modified Time',1,0,'',100,15,39,2,'DT~O',3,NULL,'BAS',0,NULL,0,0,0),(16,272,'priority','nectarcrm_activity',1,'15','taskpriority','Priority',1,0,'',100,16,39,1,'V~O',1,NULL,'BAS',1,NULL,0,0,0),(16,273,'notime','nectarcrm_activity',1,'56','notime','No Time',1,0,'',100,17,39,3,'C~O',1,NULL,'BAS',1,NULL,0,0,0),(16,274,'visibility','nectarcrm_activity',1,'16','visibility','Visibility',1,0,'',100,18,39,1,'V~O',1,NULL,'BAS',1,NULL,0,0,0),(16,275,'modifiedby','nectarcrm_crmentity',1,'52','modifiedby','Last Modified By',1,0,'',100,22,39,3,'V~O',3,NULL,'BAS',0,NULL,0,0,0),(16,276,'description','nectarcrm_crmentity',1,'19','description','Description',1,0,'',100,1,41,1,'V~O',1,NULL,'BAS',1,NULL,0,0,0),(16,277,'reminder_time','nectarcrm_activity_reminder',1,'30','reminder_time','Send Reminder',1,0,'',100,1,40,1,'I~O',1,NULL,'BAS',1,NULL,0,0,0),(16,278,'contactid','nectarcrm_cntactivityrel',1,'57','contact_id','Contact Name',1,0,'',100,1,119,1,'I~O',1,NULL,'BAS',1,NULL,0,0,0),(15,279,'product_id','nectarcrm_faq',1,'59','product_id','Product Name',1,2,'',100,1,37,1,'I~O',3,NULL,'BAS',1,NULL,1,0,0),(15,280,'faq_no','nectarcrm_faq',1,'4','faq_no','Faq No',1,0,'',100,2,37,1,'V~O',3,NULL,'BAS',0,NULL,0,0,0),(15,281,'category','nectarcrm_faq',1,'15','faqcategories','Category',1,2,'',100,4,37,1,'V~O',3,NULL,'BAS',1,NULL,1,0,0),(15,282,'status','nectarcrm_faq',1,'15','faqstatus','Status',1,2,'',100,3,37,1,'V~M',3,NULL,'BAS',1,NULL,0,0,0),(15,283,'question','nectarcrm_faq',1,'20','question','Question',1,2,'',100,7,37,1,'V~M',3,NULL,'BAS',1,NULL,1,0,0),(15,284,'answer','nectarcrm_faq',1,'20','faq_answer','Answer',1,2,'',100,8,37,1,'V~M',3,NULL,'BAS',1,NULL,0,0,0),(15,285,'comments','nectarcrm_faqcomments',1,'19','comments','Add Comment',1,1,'',100,1,38,1,'V~O',3,NULL,'BAS',0,NULL,0,0,0),(15,286,'createdtime','nectarcrm_crmentity',1,'70','createdtime','Created Time',1,0,'',100,5,37,2,'DT~O',3,NULL,'BAS',0,NULL,1,0,0),(15,287,'modifiedtime','nectarcrm_crmentity',1,'70','modifiedtime','Modified Time',1,0,'',100,6,37,2,'DT~O',3,NULL,'BAS',0,NULL,1,0,0),(15,288,'modifiedby','nectarcrm_crmentity',1,'52','modifiedby','Last Modified By',1,0,'',100,7,37,3,'V~O',3,NULL,'BAS',0,NULL,0,0,0),(18,289,'vendorname','nectarcrm_vendor',1,'2','vendorname','Vendor Name',1,0,'',100,1,42,1,'V~M',0,1,'BAS',1,NULL,1,0,0),(18,290,'vendor_no','nectarcrm_vendor',1,'4','vendor_no','Vendor No',1,0,'',100,2,42,1,'V~O',3,NULL,'BAS',0,NULL,0,0,0),(18,291,'phone','nectarcrm_vendor',1,'1','phone','Phone',1,2,'',100,4,42,1,'V~O',2,2,'BAS',1,NULL,0,1,0),(18,292,'email','nectarcrm_vendor',1,'13','email','Email',1,2,'',100,3,42,1,'E~O',2,3,'BAS',1,NULL,0,1,0),(18,293,'website','nectarcrm_vendor',1,'17','website','Website',1,2,'',100,6,42,1,'V~O',1,NULL,'BAS',1,NULL,0,1,0),(18,294,'glacct','nectarcrm_vendor',1,'15','glacct','GL Account',1,2,'',100,5,42,1,'V~O',1,NULL,'BAS',1,NULL,0,0,0),(18,295,'category','nectarcrm_vendor',1,'1','category','Category',1,2,'',100,8,42,1,'V~O',1,NULL,'BAS',1,NULL,1,0,0),(18,296,'createdtime','nectarcrm_crmentity',1,'70','createdtime','Created Time',1,0,'',100,7,42,2,'DT~O',3,NULL,'BAS',0,NULL,0,0,0),(18,297,'modifiedtime','nectarcrm_crmentity',1,'70','modifiedtime','Modified Time',1,0,'',100,9,42,2,'DT~O',3,NULL,'BAS',0,NULL,0,0,0),(18,298,'modifiedby','nectarcrm_crmentity',1,'52','modifiedby','Last Modified By',1,0,'',100,12,42,3,'V~O',3,NULL,'BAS',0,NULL,0,0,0),(18,299,'street','nectarcrm_vendor',1,'21','street','Street',1,2,'',100,1,44,1,'V~O',1,NULL,'ADV',1,NULL,0,0,0),(18,300,'pobox','nectarcrm_vendor',1,'1','pobox','Po Box',1,2,'',100,2,44,1,'V~O',1,NULL,'ADV',1,NULL,0,0,0),(18,301,'city','nectarcrm_vendor',1,'1','city','City',1,2,'',100,3,44,1,'V~O',1,NULL,'ADV',1,NULL,0,0,0),(18,302,'state','nectarcrm_vendor',1,'1','state','State',1,2,'',100,4,44,1,'V~O',1,NULL,'ADV',1,NULL,0,0,0),(18,303,'postalcode','nectarcrm_vendor',1,'1','postalcode','Postal Code',1,2,'',100,5,44,1,'V~O',1,NULL,'ADV',1,NULL,0,0,0),(18,304,'country','nectarcrm_vendor',1,'1','country','Country',1,2,'',100,6,44,1,'V~O',1,NULL,'ADV',1,NULL,0,0,0),(18,305,'description','nectarcrm_crmentity',1,'19','description','Description',1,2,'',100,1,45,1,'V~O',1,NULL,'ADV',1,NULL,0,0,0),(19,306,'bookname','nectarcrm_pricebook',1,'2','bookname','Price Book Name',1,0,'',100,1,46,1,'V~M',0,1,'BAS',1,NULL,1,0,0),(19,307,'pricebook_no','nectarcrm_pricebook',1,'4','pricebook_no','PriceBook No',1,0,'',100,3,46,1,'V~O',3,NULL,'BAS',0,NULL,0,0,0),(19,308,'active','nectarcrm_pricebook',1,'56','active','Active',1,2,'1',100,2,46,1,'C~O',2,2,'BAS',1,NULL,1,0,0),(19,309,'createdtime','nectarcrm_crmentity',1,'70','createdtime','Created Time',1,0,'',100,4,46,2,'DT~O',3,NULL,'BAS',0,NULL,0,0,0),(19,310,'modifiedtime','nectarcrm_crmentity',1,'70','modifiedtime','Modified Time',1,0,'',100,5,46,2,'DT~O',3,NULL,'BAS',0,NULL,0,0,0),(19,311,'currency_id','nectarcrm_pricebook',1,'117','currency_id','Currency',1,0,'',100,5,46,1,'I~M',0,3,'BAS',0,NULL,0,0,0),(19,312,'modifiedby','nectarcrm_crmentity',1,'52','modifiedby','Last Modified By',1,0,'',100,7,46,3,'V~O',3,NULL,'BAS',0,NULL,0,0,0),(19,313,'description','nectarcrm_crmentity',1,'19','description','Description',1,2,'',100,1,48,1,'V~O',1,NULL,'BAS',1,NULL,0,0,0),(20,314,'quote_no','nectarcrm_quotes',1,'4','quote_no','Quote No',1,0,'',100,3,49,1,'V~O',3,NULL,'BAS',0,NULL,1,0,0),(20,315,'subject','nectarcrm_quotes',1,'2','subject','Subject',1,0,'',100,1,49,1,'V~M',1,NULL,'BAS',1,NULL,1,0,0),(20,316,'potentialid','nectarcrm_quotes',1,'76','potential_id','Potential Name',1,2,'',100,2,49,1,'I~O',3,NULL,'BAS',1,NULL,1,0,0),(20,317,'quotestage','nectarcrm_quotes',1,'15','quotestage','Quote Stage',1,2,'',100,4,49,1,'V~M',3,NULL,'BAS',1,NULL,0,1,0),(20,318,'validtill','nectarcrm_quotes',1,'5','validtill','Valid Till',1,2,'',100,5,49,1,'D~O',3,NULL,'BAS',1,NULL,0,0,0),(20,319,'contactid','nectarcrm_quotes',1,'57','contact_id','Contact Name',1,2,'',100,6,49,1,'V~O',3,NULL,'BAS',1,NULL,0,1,0),(20,320,'carrier','nectarcrm_quotes',1,'15','carrier','Carrier',1,2,'',100,8,49,1,'V~O',3,NULL,'BAS',1,NULL,0,0,0),(20,321,'subtotal','nectarcrm_quotes',1,'72','hdnSubTotal','Sub Total',1,2,'',100,9,49,3,'N~O',3,NULL,'BAS',1,NULL,0,0,0),(20,322,'shipping','nectarcrm_quotes',1,'1','shipping','Shipping',1,2,'',100,10,49,1,'V~O',3,NULL,'BAS',1,NULL,0,0,0),(20,323,'inventorymanager','nectarcrm_quotes',1,'77','assigned_user_id1','Inventory Manager',1,2,'',100,11,49,1,'I~O',3,NULL,'BAS',1,NULL,0,0,0),(20,324,'adjustment','nectarcrm_quotes',1,'72','txtAdjustment','Adjustment',1,2,'',100,20,49,3,'NN~O',3,NULL,'BAS',1,NULL,0,0,0),(20,325,'total','nectarcrm_quotes',1,'72','hdnGrandTotal','Total',1,2,'',100,14,49,3,'N~O',3,NULL,'BAS',1,NULL,0,1,0),(20,326,'taxtype','nectarcrm_quotes',1,'16','hdnTaxType','Tax Type',1,2,'',100,14,49,3,'V~O',3,NULL,'BAS',1,NULL,0,0,0),(20,327,'discount_percent','nectarcrm_quotes',1,'1','hdnDiscountPercent','Discount Percent',1,2,'',100,14,116,5,'N~O',3,NULL,'BAS',1,NULL,0,0,0),(20,328,'discount_amount','nectarcrm_quotes',1,'72','hdnDiscountAmount','Discount Amount',1,2,'',100,14,116,5,'N~O',3,NULL,'BAS',1,NULL,0,0,0),(20,329,'s_h_amount','nectarcrm_quotes',1,'72','hdnS_H_Amount','S&H Amount',1,2,'',100,14,49,3,'N~O',3,NULL,'BAS',1,NULL,0,0,0),(20,330,'accountid','nectarcrm_quotes',1,'73','account_id','Account Name',1,2,'',100,16,49,1,'I~M',3,NULL,'BAS',1,NULL,0,1,0),(20,331,'smownerid','nectarcrm_crmentity',1,'53','assigned_user_id','Assigned To',1,0,'',100,17,49,1,'V~M',3,NULL,'BAS',1,NULL,1,0,0),(20,332,'createdtime','nectarcrm_crmentity',1,'70','createdtime','Created Time',1,0,'',100,18,49,2,'DT~O',3,NULL,'BAS',0,NULL,0,0,0),(20,333,'modifiedtime','nectarcrm_crmentity',1,'70','modifiedtime','Modified Time',1,0,'',100,19,49,2,'DT~O',3,NULL,'BAS',0,NULL,0,0,0),(20,334,'modifiedby','nectarcrm_crmentity',1,'52','modifiedby','Last Modified By',1,0,'',100,22,49,3,'V~O',3,NULL,'BAS',0,NULL,0,0,0),(20,335,'currency_id','nectarcrm_quotes',1,'117','currency_id','Currency',1,2,'1',100,20,49,3,'I~O',3,NULL,'BAS',1,NULL,0,0,0),(20,336,'conversion_rate','nectarcrm_quotes',1,'1','conversion_rate','Conversion Rate',1,2,'1',100,21,49,3,'N~O',3,NULL,'BAS',1,NULL,0,0,0),(20,337,'bill_street','nectarcrm_quotesbillads',1,'24','bill_street','Billing Address',1,2,'',100,1,51,1,'V~M',3,NULL,'BAS',1,NULL,0,0,0),(20,338,'ship_street','nectarcrm_quotesshipads',1,'24','ship_street','Shipping Address',1,2,'',100,2,51,1,'V~M',3,NULL,'BAS',1,NULL,0,0,0),(20,339,'bill_city','nectarcrm_quotesbillads',1,'1','bill_city','Billing City',1,2,'',100,5,51,1,'V~O',3,NULL,'BAS',1,NULL,0,0,0),(20,340,'ship_city','nectarcrm_quotesshipads',1,'1','ship_city','Shipping City',1,2,'',100,6,51,1,'V~O',3,NULL,'BAS',1,NULL,0,0,0),(20,341,'bill_state','nectarcrm_quotesbillads',1,'1','bill_state','Billing State',1,2,'',100,7,51,1,'V~O',3,NULL,'BAS',1,NULL,0,0,0),(20,342,'ship_state','nectarcrm_quotesshipads',1,'1','ship_state','Shipping State',1,2,'',100,8,51,1,'V~O',3,NULL,'BAS',1,NULL,0,0,0),(20,343,'bill_code','nectarcrm_quotesbillads',1,'1','bill_code','Billing Code',1,2,'',100,9,51,1,'V~O',3,NULL,'BAS',1,NULL,0,0,0),(20,344,'ship_code','nectarcrm_quotesshipads',1,'1','ship_code','Shipping Code',1,2,'',100,10,51,1,'V~O',3,NULL,'BAS',1,NULL,0,0,0),(20,345,'bill_country','nectarcrm_quotesbillads',1,'1','bill_country','Billing Country',1,2,'',100,11,51,1,'V~O',3,NULL,'BAS',1,NULL,0,0,0),(20,346,'ship_country','nectarcrm_quotesshipads',1,'1','ship_country','Shipping Country',1,2,'',100,12,51,1,'V~O',3,NULL,'BAS',1,NULL,0,0,0),(20,347,'bill_pobox','nectarcrm_quotesbillads',1,'1','bill_pobox','Billing Po Box',1,2,'',100,3,51,1,'V~O',3,NULL,'BAS',1,NULL,0,0,0),(20,348,'ship_pobox','nectarcrm_quotesshipads',1,'1','ship_pobox','Shipping Po Box',1,2,'',100,4,51,1,'V~O',3,NULL,'BAS',1,NULL,0,0,0),(20,349,'description','nectarcrm_crmentity',1,'19','description','Description',1,2,'',100,1,54,1,'V~O',3,NULL,'ADV',1,NULL,0,0,0),(20,350,'terms_conditions','nectarcrm_quotes',1,'19','terms_conditions','Terms & Conditions',1,2,'',100,1,53,1,'V~O',3,NULL,'ADV',1,NULL,0,0,0),(21,351,'purchaseorder_no','nectarcrm_purchaseorder',1,'4','purchaseorder_no','PurchaseOrder No',1,0,'',100,2,55,1,'V~O',3,NULL,'BAS',0,NULL,1,0,0),(21,352,'subject','nectarcrm_purchaseorder',1,'2','subject','Subject',1,0,'',100,1,55,1,'V~M',3,NULL,'BAS',1,NULL,1,0,0),(21,353,'vendorid','nectarcrm_purchaseorder',1,'81','vendor_id','Vendor Name',1,0,'',100,3,55,1,'I~M',3,NULL,'BAS',1,NULL,1,0,0),(21,354,'requisition_no','nectarcrm_purchaseorder',1,'1','requisition_no','Requisition No',1,2,'',100,4,55,1,'V~O',3,NULL,'BAS',1,NULL,0,0,0),(21,355,'tracking_no','nectarcrm_purchaseorder',1,'1','tracking_no','Tracking Number',1,2,'',100,5,55,1,'V~O',3,NULL,'BAS',1,NULL,1,0,0),(21,356,'contactid','nectarcrm_purchaseorder',1,'57','contact_id','Contact Name',1,2,'',100,6,55,1,'I~O',3,NULL,'BAS',1,NULL,0,1,0),(21,357,'duedate','nectarcrm_purchaseorder',1,'5','duedate','Due Date',1,2,'',100,7,55,1,'D~O',3,NULL,'BAS',1,NULL,0,0,0),(21,358,'carrier','nectarcrm_purchaseorder',1,'15','carrier','Carrier',1,2,'',100,8,55,1,'V~O',3,NULL,'BAS',1,NULL,0,0,0),(21,359,'adjustment','nectarcrm_purchaseorder',1,'72','txtAdjustment','Adjustment',1,2,'',100,10,55,3,'NN~O',3,NULL,'BAS',1,NULL,0,0,0),(21,360,'salescommission','nectarcrm_purchaseorder',1,'1','salescommission','Sales Commission',1,2,'',100,11,55,1,'N~O',3,NULL,'BAS',1,NULL,0,0,0),(21,361,'exciseduty','nectarcrm_purchaseorder',1,'1','exciseduty','Excise Duty',1,2,'',100,12,55,1,'N~O',3,NULL,'BAS',1,NULL,0,0,0),(21,362,'total','nectarcrm_purchaseorder',1,'72','hdnGrandTotal','Total',1,2,'',100,13,55,3,'N~O',3,NULL,'BAS',1,NULL,1,0,0),(21,363,'subtotal','nectarcrm_purchaseorder',1,'72','hdnSubTotal','Sub Total',1,2,'',100,14,55,3,'N~O',3,NULL,'BAS',1,NULL,0,0,0),(21,364,'taxtype','nectarcrm_purchaseorder',1,'16','hdnTaxType','Tax Type',1,2,'',100,14,55,3,'V~O',3,NULL,'BAS',1,NULL,0,0,0),(21,365,'discount_percent','nectarcrm_purchaseorder',1,'1','hdnDiscountPercent','Discount Percent',1,2,'',100,14,115,5,'N~O',3,NULL,'BAS',1,NULL,0,0,0),(21,366,'discount_amount','nectarcrm_purchaseorder',1,'72','hdnDiscountAmount','Discount Amount',1,0,'',100,14,115,5,'N~O',3,NULL,'BAS',1,NULL,0,0,0),(21,367,'s_h_amount','nectarcrm_purchaseorder',1,'72','hdnS_H_Amount','S&H Amount',1,2,'',100,14,55,3,'N~O',3,NULL,'BAS',1,NULL,0,0,0),(21,368,'postatus','nectarcrm_purchaseorder',1,'15','postatus','Status',1,2,'',100,15,55,1,'V~M',3,NULL,'BAS',1,NULL,0,1,0),(21,369,'smownerid','nectarcrm_crmentity',1,'53','assigned_user_id','Assigned To',1,0,'',100,16,55,1,'V~M',3,NULL,'BAS',1,NULL,0,1,0),(21,370,'createdtime','nectarcrm_crmentity',1,'70','createdtime','Created Time',1,0,'',100,17,55,2,'DT~O',3,NULL,'BAS',0,NULL,0,0,0),(21,371,'modifiedtime','nectarcrm_crmentity',1,'70','modifiedtime','Modified Time',1,0,'',100,18,55,2,'DT~O',3,NULL,'BAS',0,NULL,0,0,0),(21,372,'modifiedby','nectarcrm_crmentity',1,'52','modifiedby','Last Modified By',1,0,'',100,22,55,3,'V~O',3,NULL,'BAS',0,NULL,0,0,0),(21,373,'currency_id','nectarcrm_purchaseorder',1,'117','currency_id','Currency',1,2,'1',100,19,55,3,'I~O',3,NULL,'BAS',1,NULL,0,0,0),(21,374,'conversion_rate','nectarcrm_purchaseorder',1,'1','conversion_rate','Conversion Rate',1,2,'1',100,20,55,3,'N~O',3,NULL,'BAS',1,NULL,0,0,0),(21,375,'bill_street','nectarcrm_pobillads',1,'24','bill_street','Billing Address',1,2,'',100,1,57,1,'V~M',3,NULL,'BAS',1,NULL,0,0,0),(21,376,'ship_street','nectarcrm_poshipads',1,'24','ship_street','Shipping Address',1,2,'',100,2,57,1,'V~M',3,NULL,'BAS',1,NULL,0,0,0),(21,377,'bill_city','nectarcrm_pobillads',1,'1','bill_city','Billing City',1,2,'',100,5,57,1,'V~O',3,NULL,'BAS',1,NULL,0,0,0),(21,378,'ship_city','nectarcrm_poshipads',1,'1','ship_city','Shipping City',1,2,'',100,6,57,1,'V~O',3,NULL,'BAS',1,NULL,0,0,0),(21,379,'bill_state','nectarcrm_pobillads',1,'1','bill_state','Billing State',1,2,'',100,7,57,1,'V~O',3,NULL,'BAS',1,NULL,0,0,0),(21,380,'ship_state','nectarcrm_poshipads',1,'1','ship_state','Shipping State',1,2,'',100,8,57,1,'V~O',3,NULL,'BAS',1,NULL,0,0,0),(21,381,'bill_code','nectarcrm_pobillads',1,'1','bill_code','Billing Code',1,2,'',100,9,57,1,'V~O',3,NULL,'BAS',1,NULL,0,0,0),(21,382,'ship_code','nectarcrm_poshipads',1,'1','ship_code','Shipping Code',1,2,'',100,10,57,1,'V~O',3,NULL,'BAS',1,NULL,0,0,0),(21,383,'bill_country','nectarcrm_pobillads',1,'1','bill_country','Billing Country',1,2,'',100,11,57,1,'V~O',3,NULL,'BAS',1,NULL,0,0,0),(21,384,'ship_country','nectarcrm_poshipads',1,'1','ship_country','Shipping Country',1,2,'',100,12,57,1,'V~O',3,NULL,'BAS',1,NULL,0,0,0),(21,385,'bill_pobox','nectarcrm_pobillads',1,'1','bill_pobox','Billing Po Box',1,2,'',100,3,57,1,'V~O',3,NULL,'BAS',1,NULL,0,0,0),(21,386,'ship_pobox','nectarcrm_poshipads',1,'1','ship_pobox','Shipping Po Box',1,2,'',100,4,57,1,'V~O',3,NULL,'BAS',1,NULL,0,0,0),(21,387,'description','nectarcrm_crmentity',1,'19','description','Description',1,2,'',100,1,60,1,'V~O',3,NULL,'ADV',1,NULL,0,0,0),(21,388,'terms_conditions','nectarcrm_purchaseorder',1,'19','terms_conditions','Terms & Conditions',1,2,'',100,1,59,1,'V~O',3,NULL,'ADV',1,NULL,0,0,0),(22,389,'salesorder_no','nectarcrm_salesorder',1,'4','salesorder_no','SalesOrder No',1,0,'',100,4,61,1,'V~O',3,NULL,'BAS',0,NULL,1,0,0),(22,390,'subject','nectarcrm_salesorder',1,'2','subject','Subject',1,0,'',100,1,61,1,'V~M',3,NULL,'BAS',1,NULL,1,0,0),(22,391,'potentialid','nectarcrm_salesorder',1,'76','potential_id','Potential Name',1,2,'',100,2,61,1,'I~O',3,NULL,'BAS',1,NULL,0,0,0),(22,392,'customerno','nectarcrm_salesorder',1,'1','customerno','Customer No',1,2,'',100,3,61,1,'V~O',3,NULL,'BAS',1,NULL,0,0,0),(22,393,'quoteid','nectarcrm_salesorder',1,'78','quote_id','Quote Name',1,2,'',100,5,61,1,'I~O',3,NULL,'BAS',0,NULL,1,0,0),(22,394,'purchaseorder','nectarcrm_salesorder',1,'1','nectarcrm_purchaseorder','Purchase Order',1,2,'',100,5,61,1,'V~O',3,NULL,'BAS',1,NULL,0,0,0),(22,395,'contactid','nectarcrm_salesorder',1,'57','contact_id','Contact Name',1,2,'',100,6,61,1,'I~O',3,NULL,'BAS',1,NULL,0,1,0),(22,396,'duedate','nectarcrm_salesorder',1,'5','duedate','Due Date',1,2,'',100,8,61,1,'D~O',3,NULL,'BAS',1,NULL,0,0,0),(22,397,'carrier','nectarcrm_salesorder',1,'15','carrier','Carrier',1,2,'',100,9,61,1,'V~O',3,NULL,'BAS',1,NULL,0,0,0),(22,398,'pending','nectarcrm_salesorder',1,'1','pending','Pending',1,2,'',100,10,61,1,'V~O',3,NULL,'BAS',1,NULL,0,0,0),(22,399,'sostatus','nectarcrm_salesorder',1,'15','sostatus','Status',1,2,'',100,11,61,1,'V~M',3,NULL,'BAS',1,NULL,0,1,0),(22,400,'adjustment','nectarcrm_salesorder',1,'72','txtAdjustment','Adjustment',1,2,'',100,12,61,3,'NN~O',3,NULL,'BAS',1,NULL,0,0,0),(22,401,'salescommission','nectarcrm_salesorder',1,'1','salescommission','Sales Commission',1,2,'',100,13,61,1,'N~O',3,NULL,'BAS',1,NULL,0,0,0),(22,402,'exciseduty','nectarcrm_salesorder',1,'1','exciseduty','Excise Duty',1,2,'',100,13,61,1,'N~O',3,NULL,'BAS',1,NULL,0,0,0),(22,403,'total','nectarcrm_salesorder',1,'72','hdnGrandTotal','Total',1,2,'',100,14,61,3,'N~O',3,NULL,'BAS',1,NULL,1,0,0),(22,404,'subtotal','nectarcrm_salesorder',1,'72','hdnSubTotal','Sub Total',1,2,'',100,15,61,3,'N~O',3,NULL,'BAS',1,NULL,0,0,0),(22,405,'taxtype','nectarcrm_salesorder',1,'16','hdnTaxType','Tax Type',1,2,'',100,15,61,3,'V~O',3,NULL,'BAS',1,NULL,0,0,0),(22,406,'discount_percent','nectarcrm_salesorder',1,'1','hdnDiscountPercent','Discount Percent',1,2,'',100,15,114,5,'N~O',3,NULL,'BAS',1,NULL,0,0,0),(22,407,'discount_amount','nectarcrm_salesorder',1,'72','hdnDiscountAmount','Discount Amount',1,0,'',100,15,114,5,'N~O',3,NULL,'BAS',1,NULL,0,0,0),(22,408,'s_h_amount','nectarcrm_salesorder',1,'72','hdnS_H_Amount','S&H Amount',1,2,'',100,15,61,3,'N~O',3,NULL,'BAS',1,NULL,0,0,0),(22,409,'accountid','nectarcrm_salesorder',1,'73','account_id','Account Name',1,2,'',100,16,61,1,'I~M',3,NULL,'BAS',1,NULL,0,1,0),(22,410,'smownerid','nectarcrm_crmentity',1,'53','assigned_user_id','Assigned To',1,0,'',100,17,61,1,'V~M',3,NULL,'BAS',1,NULL,0,1,0),(22,411,'createdtime','nectarcrm_crmentity',1,'70','createdtime','Created Time',1,0,'',100,18,61,2,'DT~O',3,NULL,'BAS',0,NULL,0,0,0),(22,412,'modifiedtime','nectarcrm_crmentity',1,'70','modifiedtime','Modified Time',1,0,'',100,19,61,2,'DT~O',3,NULL,'BAS',0,NULL,0,0,0),(22,413,'modifiedby','nectarcrm_crmentity',1,'52','modifiedby','Last Modified By',1,0,'',100,22,61,3,'V~O',3,NULL,'BAS',0,NULL,0,0,0),(22,414,'currency_id','nectarcrm_salesorder',1,'117','currency_id','Currency',1,2,'1',100,20,61,3,'I~O',3,NULL,'BAS',1,NULL,0,0,0),(22,415,'conversion_rate','nectarcrm_salesorder',1,'1','conversion_rate','Conversion Rate',1,2,'1',100,21,61,3,'N~O',3,NULL,'BAS',1,NULL,0,0,0),(22,416,'bill_street','nectarcrm_sobillads',1,'24','bill_street','Billing Address',1,2,'',100,1,63,1,'V~M',3,NULL,'BAS',1,NULL,0,0,0),(22,417,'ship_street','nectarcrm_soshipads',1,'24','ship_street','Shipping Address',1,2,'',100,2,63,1,'V~M',3,NULL,'BAS',1,NULL,0,0,0),(22,418,'bill_city','nectarcrm_sobillads',1,'1','bill_city','Billing City',1,2,'',100,5,63,1,'V~O',3,NULL,'BAS',1,NULL,0,0,0),(22,419,'ship_city','nectarcrm_soshipads',1,'1','ship_city','Shipping City',1,2,'',100,6,63,1,'V~O',3,NULL,'BAS',1,NULL,0,0,0),(22,420,'bill_state','nectarcrm_sobillads',1,'1','bill_state','Billing State',1,2,'',100,7,63,1,'V~O',3,NULL,'BAS',1,NULL,0,0,0),(22,421,'ship_state','nectarcrm_soshipads',1,'1','ship_state','Shipping State',1,2,'',100,8,63,1,'V~O',3,NULL,'BAS',1,NULL,0,0,0),(22,422,'bill_code','nectarcrm_sobillads',1,'1','bill_code','Billing Code',1,2,'',100,9,63,1,'V~O',3,NULL,'BAS',1,NULL,0,0,0),(22,423,'ship_code','nectarcrm_soshipads',1,'1','ship_code','Shipping Code',1,2,'',100,10,63,1,'V~O',3,NULL,'BAS',1,NULL,0,0,0),(22,424,'bill_country','nectarcrm_sobillads',1,'1','bill_country','Billing Country',1,2,'',100,11,63,1,'V~O',3,NULL,'BAS',1,NULL,0,0,0),(22,425,'ship_country','nectarcrm_soshipads',1,'1','ship_country','Shipping Country',1,2,'',100,12,63,1,'V~O',3,NULL,'BAS',1,NULL,0,0,0),(22,426,'bill_pobox','nectarcrm_sobillads',1,'1','bill_pobox','Billing Po Box',1,2,'',100,3,63,1,'V~O',3,NULL,'BAS',1,NULL,0,0,0),(22,427,'ship_pobox','nectarcrm_soshipads',1,'1','ship_pobox','Shipping Po Box',1,2,'',100,4,63,1,'V~O',3,NULL,'BAS',1,NULL,0,0,0),(22,428,'description','nectarcrm_crmentity',1,'19','description','Description',1,2,'',100,1,66,1,'V~O',3,NULL,'ADV',1,NULL,0,0,0),(22,429,'terms_conditions','nectarcrm_salesorder',1,'19','terms_conditions','Terms & Conditions',1,2,'',100,1,65,1,'V~O',3,NULL,'ADV',1,NULL,0,0,0),(22,430,'enable_recurring','nectarcrm_salesorder',1,'56','enable_recurring','Enable Recurring',1,0,'',100,1,85,1,'C~O',3,NULL,'BAS',0,NULL,0,0,0),(22,431,'recurring_frequency','nectarcrm_invoice_recurring_info',1,'16','recurring_frequency','Frequency',1,0,'',100,2,85,1,'V~O',3,NULL,'BAS',0,NULL,0,0,0),(22,432,'start_period','nectarcrm_invoice_recurring_info',1,'5','start_period','Start Period',1,0,'',100,3,85,1,'D~O',3,NULL,'BAS',0,NULL,0,0,0),(22,433,'end_period','nectarcrm_invoice_recurring_info',1,'5','end_period','End Period',1,0,'',100,4,85,1,'D~O~OTH~G~start_period~Start Period',3,NULL,'BAS',0,NULL,0,0,0),(22,434,'payment_duration','nectarcrm_invoice_recurring_info',1,'16','payment_duration','Payment Duration',1,0,'',100,5,85,1,'V~O',3,NULL,'BAS',0,NULL,0,0,0),(22,435,'invoice_status','nectarcrm_invoice_recurring_info',1,'15','invoicestatus','Invoice Status',1,0,'',100,6,85,1,'V~M',3,NULL,'BAS',0,NULL,0,0,0),(23,436,'subject','nectarcrm_invoice',1,'2','subject','Subject',1,0,'',100,1,67,1,'V~M',3,NULL,'BAS',1,NULL,1,0,0),(23,437,'salesorderid','nectarcrm_invoice',1,'80','salesorder_id','Sales Order',1,2,'',100,2,67,1,'I~O',3,NULL,'BAS',0,NULL,1,0,0),(23,438,'customerno','nectarcrm_invoice',1,'1','customerno','Customer No',1,2,'',100,3,67,1,'V~O',3,NULL,'BAS',1,NULL,0,0,0),(23,439,'contactid','nectarcrm_invoice',1,'57','contact_id','Contact Name',1,2,'',100,4,67,1,'I~O',3,NULL,'BAS',1,NULL,0,1,0),(23,440,'invoicedate','nectarcrm_invoice',1,'5','invoicedate','Invoice Date',1,2,'',100,5,67,1,'D~O',3,NULL,'BAS',1,NULL,0,0,0),(23,441,'duedate','nectarcrm_invoice',1,'5','duedate','Due Date',1,2,'',100,6,67,1,'D~O',3,NULL,'BAS',1,NULL,0,0,0),(23,442,'purchaseorder','nectarcrm_invoice',1,'1','nectarcrm_purchaseorder','Purchase Order',1,2,'',100,8,67,1,'V~O',3,NULL,'BAS',1,NULL,0,0,0),(23,443,'adjustment','nectarcrm_invoice',1,'72','txtAdjustment','Adjustment',1,2,'',100,9,67,3,'NN~O',3,NULL,'BAS',1,NULL,0,0,0),(23,444,'salescommission','nectarcrm_invoice',1,'1','salescommission','Sales Commission',1,2,'',10,13,67,1,'N~O',3,NULL,'BAS',1,NULL,0,0,0),(23,445,'exciseduty','nectarcrm_invoice',1,'1','exciseduty','Excise Duty',1,2,'',100,11,67,1,'N~O',3,NULL,'BAS',1,NULL,0,0,0),(23,446,'subtotal','nectarcrm_invoice',1,'72','hdnSubTotal','Sub Total',1,2,'',100,12,67,3,'N~O',3,NULL,'BAS',1,NULL,0,0,0),(23,447,'total','nectarcrm_invoice',1,'72','hdnGrandTotal','Total',1,2,'',100,13,67,3,'N~O',3,NULL,'BAS',1,NULL,1,0,0),(23,448,'taxtype','nectarcrm_invoice',1,'16','hdnTaxType','Tax Type',1,2,'',100,13,67,3,'V~O',3,NULL,'BAS',1,NULL,0,0,0),(23,449,'discount_percent','nectarcrm_invoice',1,'1','hdnDiscountPercent','Discount Percent',1,2,'',100,13,113,5,'N~O',3,NULL,'BAS',1,NULL,0,0,0),(23,450,'discount_amount','nectarcrm_invoice',1,'72','hdnDiscountAmount','Discount Amount',1,2,'',100,13,113,5,'N~O',3,NULL,'BAS',1,NULL,0,0,0),(23,451,'s_h_amount','nectarcrm_invoice',1,'72','hdnS_H_Amount','S&H Amount',1,2,'',100,14,69,3,'N~O',3,NULL,'BAS',1,NULL,0,0,0),(23,452,'accountid','nectarcrm_invoice',1,'73','account_id','Account Name',1,2,'',100,14,67,1,'I~M',3,NULL,'BAS',1,NULL,0,1,0),(23,453,'invoicestatus','nectarcrm_invoice',1,'15','invoicestatus','Status',1,2,'',100,15,67,1,'V~O',3,NULL,'BAS',1,NULL,0,1,0),(23,454,'smownerid','nectarcrm_crmentity',1,'53','assigned_user_id','Assigned To',1,0,'',100,16,67,1,'V~M',3,NULL,'BAS',1,NULL,0,1,0),(23,455,'createdtime','nectarcrm_crmentity',1,'70','createdtime','Created Time',1,0,'',100,17,67,2,'DT~O',3,NULL,'BAS',0,NULL,0,0,0),(23,456,'modifiedtime','nectarcrm_crmentity',1,'70','modifiedtime','Modified Time',1,0,'',100,18,67,2,'DT~O',3,NULL,'BAS',0,NULL,0,0,0),(23,457,'modifiedby','nectarcrm_crmentity',1,'52','modifiedby','Last Modified By',1,0,'',100,22,67,3,'V~O',3,NULL,'BAS',0,NULL,0,0,0),(23,458,'currency_id','nectarcrm_invoice',1,'117','currency_id','Currency',1,2,'1',100,19,67,3,'I~O',3,NULL,'BAS',1,NULL,0,0,0),(23,459,'conversion_rate','nectarcrm_invoice',1,'1','conversion_rate','Conversion Rate',1,2,'1',100,20,67,3,'N~O',3,NULL,'BAS',1,NULL,0,0,0),(23,460,'bill_street','nectarcrm_invoicebillads',1,'24','bill_street','Billing Address',1,2,'',100,1,69,1,'V~M',3,NULL,'BAS',1,NULL,0,0,0),(23,461,'ship_street','nectarcrm_invoiceshipads',1,'24','ship_street','Shipping Address',1,2,'',100,2,69,1,'V~M',3,NULL,'BAS',1,NULL,0,0,0),(23,462,'bill_city','nectarcrm_invoicebillads',1,'1','bill_city','Billing City',1,2,'',100,5,69,1,'V~O',3,NULL,'BAS',1,NULL,0,0,0),(23,463,'ship_city','nectarcrm_invoiceshipads',1,'1','ship_city','Shipping City',1,2,'',100,6,69,1,'V~O',3,NULL,'BAS',1,NULL,0,0,0),(23,464,'bill_state','nectarcrm_invoicebillads',1,'1','bill_state','Billing State',1,2,'',100,7,69,1,'V~O',3,NULL,'BAS',1,NULL,0,0,0),(23,465,'ship_state','nectarcrm_invoiceshipads',1,'1','ship_state','Shipping State',1,2,'',100,8,69,1,'V~O',3,NULL,'BAS',1,NULL,0,0,0),(23,466,'bill_code','nectarcrm_invoicebillads',1,'1','bill_code','Billing Code',1,2,'',100,9,69,1,'V~O',3,NULL,'BAS',1,NULL,0,0,0),(23,467,'ship_code','nectarcrm_invoiceshipads',1,'1','ship_code','Shipping Code',1,2,'',100,10,69,1,'V~O',3,NULL,'BAS',1,NULL,0,0,0),(23,468,'bill_country','nectarcrm_invoicebillads',1,'1','bill_country','Billing Country',1,2,'',100,11,69,1,'V~O',3,NULL,'BAS',1,NULL,0,0,0),(23,469,'ship_country','nectarcrm_invoiceshipads',1,'1','ship_country','Shipping Country',1,2,'',100,12,69,1,'V~O',3,NULL,'BAS',1,NULL,0,0,0),(23,470,'bill_pobox','nectarcrm_invoicebillads',1,'1','bill_pobox','Billing Po Box',1,2,'',100,3,69,1,'V~O',3,NULL,'BAS',1,NULL,0,0,0),(23,471,'ship_pobox','nectarcrm_invoiceshipads',1,'1','ship_pobox','Shipping Po Box',1,2,'',100,4,69,1,'V~O',3,NULL,'BAS',1,NULL,0,0,0),(23,472,'description','nectarcrm_crmentity',1,'19','description','Description',1,2,'',100,1,72,1,'V~O',3,NULL,'ADV',1,NULL,0,0,0),(23,473,'terms_conditions','nectarcrm_invoice',1,'19','terms_conditions','Terms & Conditions',1,2,'',100,1,71,1,'V~O',3,NULL,'ADV',1,NULL,0,0,0),(23,474,'invoice_no','nectarcrm_invoice',1,'4','invoice_no','Invoice No',1,0,'',100,3,67,1,'V~O',3,NULL,'BAS',0,NULL,1,0,0),(29,475,'user_name','nectarcrm_users',1,'106','user_name','User Name',1,0,'',11,1,77,1,'V~M',1,NULL,'BAS',1,NULL,0,0,0),(29,476,'is_admin','nectarcrm_users',1,'156','is_admin','Admin',1,0,'',3,7,77,1,'V~O',1,NULL,'BAS',1,NULL,0,0,0),(29,477,'user_password','nectarcrm_users',1,'99','user_password','Password',1,0,'',30,5,77,4,'P~M',1,NULL,'BAS',1,NULL,0,0,0),(29,478,'confirm_password','nectarcrm_users',1,'99','confirm_password','Confirm Password',1,0,'',30,6,77,4,'P~M',1,NULL,'BAS',1,NULL,0,0,0),(29,479,'first_name','nectarcrm_users',1,'1','first_name','First Name',1,0,'',30,3,77,1,'V~O',1,NULL,'BAS',1,NULL,0,0,0),(29,480,'last_name','nectarcrm_users',1,'2','last_name','Last Name',1,0,'',30,4,77,1,'V~M',1,NULL,'BAS',1,NULL,0,0,0),(29,481,'roleid','nectarcrm_user2role',1,'98','roleid','Role',1,0,'',200,8,77,1,'V~M',1,NULL,'BAS',1,NULL,0,0,0),(29,482,'email1','nectarcrm_users',1,'104','email1','Email',1,0,'',100,2,77,1,'E~M',1,NULL,'BAS',1,NULL,0,0,0),(29,483,'status','nectarcrm_users',1,'115','status','Status',1,0,'Active',100,10,77,1,'V~O',1,NULL,'BAS',1,NULL,0,0,0),(29,484,'activity_view','nectarcrm_users',1,'16','activity_view','Default Activity View',1,0,'',100,6,118,1,'V~O',1,NULL,'BAS',1,NULL,0,0,0),(29,485,'lead_view','nectarcrm_users',1,'16','lead_view','Default Lead View',1,0,'',100,9,77,1,'V~O',1,NULL,'BAS',1,NULL,0,0,0),(29,486,'hour_format','nectarcrm_users',1,'16','hour_format','Calendar Hour Format',1,0,'12',100,4,118,1,'V~O',1,NULL,'BAS',1,NULL,0,0,0),(29,487,'end_hour','nectarcrm_users',1,'116','end_hour','Day ends at',1,0,'',100,11,77,3,'V~O',1,NULL,'BAS',1,NULL,0,0,0),(29,488,'start_hour','nectarcrm_users',1,'16','start_hour','Day starts at',1,0,'',100,2,118,1,'V~O',1,NULL,'BAS',1,NULL,0,0,0),(29,489,'is_owner','nectarcrm_users',1,'1','is_owner','Account Owner',0,2,'0',100,12,77,5,'V~O',0,1,'BAS',0,NULL,0,0,0),(29,490,'title','nectarcrm_users',1,'1','title','Title',1,0,'',50,1,79,1,'V~O',1,NULL,'BAS',1,NULL,0,0,0),(29,491,'phone_work','nectarcrm_users',1,'11','phone_work','Office Phone',1,0,'',50,5,79,1,'V~O',1,NULL,'BAS',1,NULL,0,0,0),(29,492,'department','nectarcrm_users',1,'1','department','Department',1,0,'',50,3,79,1,'V~O',1,NULL,'BAS',1,NULL,0,0,0),(29,493,'phone_mobile','nectarcrm_users',1,'11','phone_mobile','Mobile',1,0,'',50,7,79,1,'V~O',1,NULL,'BAS',1,NULL,0,0,0),(29,494,'reports_to_id','nectarcrm_users',1,'101','reports_to_id','Reports To',1,0,'',50,8,79,1,'V~O',1,NULL,'BAS',1,NULL,0,0,0),(29,495,'phone_other','nectarcrm_users',1,'11','phone_other','Other Phone',1,0,'',50,11,79,1,'V~O',1,NULL,'BAS',1,NULL,0,0,0),(29,496,'email2','nectarcrm_users',1,'13','email2','Other Email',1,0,'',100,4,79,1,'E~O',1,NULL,'BAS',1,NULL,0,0,0),(29,497,'phone_fax','nectarcrm_users',1,'11','phone_fax','Fax',1,0,'',50,2,79,1,'V~O',1,NULL,'BAS',1,NULL,0,0,0),(29,498,'secondaryemail','nectarcrm_users',1,'13','secondaryemail','Secondary Email',1,0,'',100,6,79,1,'E~O',1,NULL,'BAS',1,NULL,0,0,0),(29,499,'phone_home','nectarcrm_users',1,'11','phone_home','Home Phone',1,0,'',50,9,79,1,'V~O',1,NULL,'BAS',1,NULL,0,0,0),(29,500,'date_format','nectarcrm_users',1,'16','date_format','Date Format',1,0,'',30,3,118,1,'V~O',1,NULL,'BAS',1,NULL,0,0,0),(29,501,'signature','nectarcrm_users',1,'21','signature','Signature',1,0,'',250,13,79,1,'V~O',1,NULL,'BAS',1,NULL,0,0,0),(29,502,'description','nectarcrm_users',1,'21','description','Documents',1,0,'',250,14,79,1,'V~O',1,NULL,'BAS',1,NULL,0,0,0),(29,503,'address_street','nectarcrm_users',1,'21','address_street','Street Address',1,0,'',250,1,80,1,'V~O',1,NULL,'BAS',1,NULL,0,0,0),(29,504,'address_city','nectarcrm_users',1,'1','address_city','City',1,0,'',100,3,80,1,'V~O',1,NULL,'BAS',1,NULL,0,0,0),(29,505,'address_state','nectarcrm_users',1,'1','address_state','State',1,0,'',100,5,80,1,'V~O',1,NULL,'BAS',1,NULL,0,0,0),(29,506,'address_postalcode','nectarcrm_users',1,'1','address_postalcode','Postal Code',1,0,'',100,4,80,1,'V~O',1,NULL,'BAS',1,NULL,0,0,0),(29,507,'address_country','nectarcrm_users',1,'1','address_country','Country',1,0,'',100,2,80,1,'V~O',1,NULL,'BAS',1,NULL,0,0,0),(29,508,'accesskey','nectarcrm_users',1,'3','accesskey','Webservice Access Key',1,0,'',100,2,83,2,'V~O',1,NULL,'BAS',1,NULL,0,0,0),(29,509,'time_zone','nectarcrm_users',1,'16','time_zone','Time Zone',1,0,'',200,5,118,1,'V~O',1,NULL,'BAS',1,NULL,0,0,0),(29,510,'currency_id','nectarcrm_users',1,'117','currency_id','Currency',1,0,'',100,1,78,1,'I~O',1,NULL,'BAS',1,NULL,0,0,0),(29,511,'currency_grouping_pattern','nectarcrm_users',1,'16','currency_grouping_pattern','Digit Grouping Pattern',1,0,'',100,2,78,1,'V~O',1,NULL,'BAS',1,'<b>Currency - Digit Grouping Pattern</b> <br/><br/>This pattern specifies the format in which the currency separator will be placed.',0,0,0),(29,512,'currency_decimal_separator','nectarcrm_users',1,'16','currency_decimal_separator','Decimal Separator',1,0,'.',2,3,78,1,'V~O',1,NULL,'BAS',1,'<b>Currency - Decimal Separator</b> <br/><br/>Decimal separator specifies the separator to be used to separate the fractional values from the whole number part. <br/><b>Eg:</b> <br/>. => 123.45 <br/>, => 123,45 <br/>\' => 123\'45 <br/>  => 123 45 <br/>$ => 123$45 <br/>',0,0,0),(29,513,'currency_grouping_separator','nectarcrm_users',1,'16','currency_grouping_separator','Digit Grouping Separator',1,0,',',2,4,78,1,'V~O',1,NULL,'BAS',1,'<b>Currency - Grouping Separator</b> <br/><br/>Grouping separator specifies the separator to be used to group the whole number part into hundreds, thousands etc. <br/><b>Eg:</b> <br/>. => 123.456.789 <br/>, => 123,456,789 <br/>\' => 123\'456\'789 <br/>  => 123 456 789 <br/>$ => 123$456$789 <br/>',0,0,0),(29,514,'currency_symbol_placement','nectarcrm_users',1,'16','currency_symbol_placement','Symbol Placement',1,0,'',20,5,78,1,'V~O',1,NULL,'BAS',1,'<b>Currency - Symbol Placement</b> <br/><br/>Symbol Placement allows you to configure the position of the currency symbol with respect to the currency value.<br/><b>Eg:</b> <br/>$1.0 => $123,456,789.50 <br/>1.0$ => 123,456,789.50$ <br/>',0,0,0),(29,515,'imagename','nectarcrm_users',1,'105','imagename','User Image',1,0,'',250,10,82,1,'V~O',1,NULL,'BAS',1,NULL,0,0,0),(29,516,'internal_mailer','nectarcrm_users',1,'56','internal_mailer','INTERNAL_MAIL_COMPOSER',1,0,'',50,15,79,1,'V~O',1,NULL,'BAS',1,NULL,0,0,0),(29,517,'theme','nectarcrm_users',1,'31','theme','Theme',1,0,'softed',100,16,79,1,'V~O',1,NULL,'BAS',1,NULL,0,0,0),(29,518,'language','nectarcrm_users',1,'32','language','Language',1,0,'en_us',100,17,79,1,'V~O',1,NULL,'BAS',1,NULL,0,0,0),(29,519,'reminder_interval','nectarcrm_users',1,'16','reminder_interval','Reminder Interval',1,0,'',100,11,118,1,'V~O',1,NULL,'BAS',1,NULL,0,0,0),(10,520,'from_email','nectarcrm_emaildetails',1,'12','from_email','From',1,2,'',100,1,21,3,'V~M',3,NULL,'BAS',0,NULL,0,0,0),(10,521,'to_email','nectarcrm_emaildetails',1,'8','saved_toid','To',1,2,'',100,2,21,1,'V~M',3,NULL,'BAS',0,NULL,0,0,0),(10,522,'cc_email','nectarcrm_emaildetails',1,'8','ccmail','CC',1,2,'',1000,3,21,1,'V~O',3,NULL,'BAS',0,NULL,0,0,0),(10,523,'bcc_email','nectarcrm_emaildetails',1,'8','bccmail','BCC',1,2,'',1000,4,21,1,'V~O',3,NULL,'BAS',0,NULL,0,0,0),(10,524,'idlists','nectarcrm_emaildetails',1,'357','parent_id','Parent ID',1,2,'',1000,5,21,1,'V~O',3,NULL,'BAS',0,NULL,0,0,0),(10,525,'email_flag','nectarcrm_emaildetails',1,'16','email_flag','Email Flag',1,2,'',1000,6,21,3,'V~O',3,NULL,'BAS',0,NULL,0,0,0),(30,526,'direction','nectarcrm_pbxmanager',1,'1','direction','Direction',1,2,'',100,1,88,1,'V~O',1,0,'BAS',1,'',0,NULL,0),(30,527,'callstatus','nectarcrm_pbxmanager',1,'1','callstatus','Call Status',1,2,'',100,2,88,1,'V~O',1,0,'BAS',1,'',1,NULL,0),(30,528,'starttime','nectarcrm_pbxmanager',1,'70','starttime','Start Time',1,2,'',100,7,88,1,'DT~O',1,0,'BAS',1,'',1,NULL,0),(30,529,'endtime','nectarcrm_pbxmanager',1,'70','endtime','End Time',1,2,'',100,8,88,1,'DT~O',1,0,'BAS',1,'',0,NULL,0),(30,530,'totalduration','nectarcrm_pbxmanager',1,'7','totalduration','Total Duration',1,2,'',100,10,88,1,'I~O',1,0,'BAS',1,'',0,NULL,0),(30,531,'billduration','nectarcrm_pbxmanager',1,'7','billduration','Bill Duration',1,2,'',100,11,88,1,'I~O',1,0,'BAS',1,'',0,NULL,0),(30,532,'recordingurl','nectarcrm_pbxmanager',1,'17','recordingurl','Recording URL',1,2,'',100,9,88,1,'V~O',1,0,'BAS',1,'',1,NULL,0),(30,533,'sourceuuid','nectarcrm_pbxmanager',1,'1','sourceuuid','Source UUID',1,2,'',100,12,88,1,'V~O',1,0,'BAS',1,'',0,NULL,0),(30,534,'gateway','nectarcrm_pbxmanager',1,'1','gateway','Gateway',1,2,'',100,13,88,1,'V~O',1,0,'BAS',1,'',0,NULL,0),(30,535,'customer','nectarcrm_pbxmanager',1,'10','customer','Customer',1,2,'',100,3,88,1,'V~O',1,0,'BAS',1,'',1,NULL,0),(30,536,'user','nectarcrm_pbxmanager',1,'52','user','User',1,2,'',100,4,88,1,'V~O',1,0,'BAS',1,'',1,NULL,0),(30,537,'customernumber','nectarcrm_pbxmanager',1,'11','customernumber','Customer Number',1,2,'',100,5,88,1,'V~M',1,0,'BAS',1,'',0,NULL,0),(30,538,'customertype','nectarcrm_pbxmanager',1,'1','customertype','Customer Type',1,2,'',100,6,88,1,'V~O',1,0,'BAS',1,'',0,NULL,0),(30,539,'smownerid','nectarcrm_crmentity',1,'53','assigned_user_id','Assigned To',1,2,'',100,14,88,1,'V~M',1,0,'BAS',1,'',0,NULL,0),(30,540,'createdtime','nectarcrm_crmentity',1,'70','CreatedTime','Created Time',1,2,'',100,15,88,2,'DT~O',1,0,'BAS',0,'',0,NULL,0),(30,541,'modifiedtime','nectarcrm_crmentity',1,'70','ModifiedTime','Modified Time',1,2,'',100,16,88,2,'DT~O',1,0,'BAS',0,'',0,NULL,0),(30,542,'source','nectarcrm_crmentity',1,'1','source','Source',1,2,'',100,17,88,2,'V~O',3,1,'BAS',0,'',0,NULL,0),(29,543,'phone_crm_extension','nectarcrm_users',1,'11','phone_crm_extension','CRM Phone Extension',1,2,'',100,18,79,1,'V~O',1,0,'BAS',1,'',0,NULL,0),(32,544,'servicename','nectarcrm_service',1,'2','servicename','Service Name',1,0,'',100,1,89,1,'V~M',0,1,'BAS',1,'',1,NULL,0),(32,545,'service_no','nectarcrm_service',1,'4','service_no','Service No',1,0,'',100,2,89,1,'V~O',3,0,'BAS',0,'',1,NULL,0),(32,546,'discontinued','nectarcrm_service',1,'56','discontinued','Service Active',1,2,'1',100,4,89,1,'V~O',2,3,'BAS',1,'',0,NULL,0),(32,547,'sales_start_date','nectarcrm_service',1,'5','sales_start_date','Sales Start Date',1,2,'',100,9,89,1,'D~O',1,0,'BAS',1,'',0,NULL,0),(32,548,'sales_end_date','nectarcrm_service',1,'5','sales_end_date','Sales End Date',1,2,'',100,10,89,1,'D~O~OTH~GE~sales_start_date~Sales Start Date',1,0,'BAS',1,'',0,NULL,0),(32,549,'start_date','nectarcrm_service',1,'5','start_date','Support Start Date',1,2,'',100,11,89,1,'D~O',1,0,'BAS',1,'',0,NULL,0),(32,550,'expiry_date','nectarcrm_service',1,'5','expiry_date','Support Expiry Date',1,2,'',100,12,89,1,'D~O~OTH~GE~start_date~Start Date',1,0,'BAS',1,'',0,NULL,0),(32,551,'website','nectarcrm_service',1,'17','website','Website',1,2,'',100,6,89,1,'V~O',1,0,'BAS',1,'',0,NULL,0),(32,552,'createdtime','nectarcrm_crmentity',1,'70','createdtime','Created Time',1,0,'',100,13,89,2,'DT~O',3,0,'BAS',0,'',0,NULL,0),(32,553,'modifiedtime','nectarcrm_crmentity',1,'70','modifiedtime','Modified Time',1,0,'',100,14,89,2,'DT~O',3,0,'BAS',0,'',0,NULL,0),(32,554,'modifiedby','nectarcrm_crmentity',1,'52','modifiedby','Last Modified By',1,0,'',100,16,89,3,'V~O',3,0,'BAS',0,'',0,NULL,0),(32,555,'service_usageunit','nectarcrm_service',1,'15','service_usageunit','Usage Unit',1,2,'',100,3,89,1,'V~O',1,0,'BAS',1,'',0,NULL,0),(32,556,'qty_per_unit','nectarcrm_service',1,'1','qty_per_unit','No of Units',1,2,'',100,5,89,1,'N~O',1,0,'BAS',1,'',1,NULL,0),(32,557,'smownerid','nectarcrm_crmentity',1,'53','assigned_user_id','Owner',1,0,'',100,8,89,1,'I~O',1,0,'BAS',1,'',0,NULL,0),(32,558,'servicecategory','nectarcrm_service',1,'15','servicecategory','Service Category',1,2,'',100,7,89,1,'V~O',1,0,'BAS',1,'',0,NULL,0),(32,559,'unit_price','nectarcrm_service',1,'72','unit_price','Price',1,0,'',100,1,90,1,'N~O',2,2,'BAS',0,'',1,NULL,0),(32,560,'taxclass','nectarcrm_service',1,'83','taxclass','Taxes',1,2,'',100,4,90,1,'V~O',2,0,'BAS',1,'',0,NULL,0),(32,561,'commissionrate','nectarcrm_service',1,'9','commissionrate','Commission Rate',1,2,'',100,2,90,1,'N~O',1,0,'BAS',1,'',1,NULL,0),(32,562,'description','nectarcrm_crmentity',1,'19','description','Description',1,2,'',100,1,92,1,'V~O',1,0,'BAS',1,'',0,NULL,0),(32,563,'source','nectarcrm_crmentity',1,'1','source','Source',1,2,'',100,17,89,2,'V~O',3,4,'BAS',0,'',0,NULL,0),(32,564,'starred','nectarcrm_crmentity_user_field',1,'56','starred','starred',1,2,'',100,18,89,6,'C~O',3,5,'BAS',0,'',0,NULL,0),(32,565,'tags','nectarcrm_service',1,'1','tags','tags',1,2,'',100,19,89,6,'V~O',3,6,'BAS',0,'',0,NULL,0),(34,566,'smownerid','nectarcrm_crmentity',1,'53','assigned_user_id','Assigned To',1,2,'',100,4,93,1,'V~M',2,2,'BAS',1,'',1,NULL,0),(34,567,'createdtime','nectarcrm_crmentity',1,'70','createdtime','Created Time',1,0,'',100,17,93,2,'DT~O',3,0,'BAS',0,'',0,NULL,0),(34,568,'modifiedtime','nectarcrm_crmentity',1,'70','modifiedtime','Modified Time',1,0,'',100,18,93,2,'DT~O',3,0,'BAS',0,'',0,NULL,0),(34,569,'start_date','nectarcrm_servicecontracts',1,'5','start_date','Start Date',1,2,'',100,7,93,1,'D~O',2,4,'BAS',1,'',0,NULL,0),(34,570,'end_date','nectarcrm_servicecontracts',1,'5','end_date','End Date',1,2,'',100,11,93,2,'D~O',3,0,'BAS',0,'',0,NULL,0),(34,571,'sc_related_to','nectarcrm_servicecontracts',1,'10','sc_related_to','Related to',1,2,'',100,3,93,1,'V~O',2,6,'BAS',1,'',0,NULL,0),(34,572,'tracking_unit','nectarcrm_servicecontracts',1,'15','tracking_unit','Tracking Unit',1,2,'',100,6,93,1,'V~O',2,7,'BAS',1,'',0,NULL,0),(34,573,'total_units','nectarcrm_servicecontracts',1,'7','total_units','Total Units',1,2,'',100,8,93,1,'NN~O',2,8,'BAS',1,'',1,NULL,0),(34,574,'used_units','nectarcrm_servicecontracts',1,'7','used_units','Used Units',1,2,'',100,10,93,1,'NN~O',2,9,'BAS',1,'',1,NULL,0),(34,575,'subject','nectarcrm_servicecontracts',1,'1','subject','Subject',1,0,'',100,1,93,1,'V~M',0,1,'BAS',1,'',1,NULL,0),(34,576,'due_date','nectarcrm_servicecontracts',1,'23','due_date','Due date',1,2,'',100,9,93,1,'D~O',2,5,'BAS',1,'',0,NULL,0),(34,577,'planned_duration','nectarcrm_servicecontracts',1,'1','planned_duration','Planned Duration',1,2,'',100,13,93,2,'V~O',3,0,'BAS',0,'',0,NULL,0),(34,578,'actual_duration','nectarcrm_servicecontracts',1,'1','actual_duration','Actual Duration',1,2,'',100,15,93,2,'V~O',3,0,'BAS',0,'',0,NULL,0),(34,579,'contract_status','nectarcrm_servicecontracts',1,'15','contract_status','Status',1,2,'',100,12,93,1,'V~O',1,0,'BAS',1,'',0,NULL,0),(34,580,'priority','nectarcrm_servicecontracts',1,'15','contract_priority','Priority',1,2,'',100,14,93,1,'V~O',1,0,'BAS',1,'',0,NULL,0),(34,581,'contract_type','nectarcrm_servicecontracts',1,'15','contract_type','Type',1,2,'',100,5,93,1,'V~O',1,0,'BAS',1,'',0,NULL,0),(34,582,'progress','nectarcrm_servicecontracts',1,'9','progress','Progress',1,2,'',100,16,93,2,'N~O~2~2',3,3,'BAS',0,'',0,NULL,0),(34,583,'contract_no','nectarcrm_servicecontracts',1,'4','contract_no','Contract No',1,0,'',100,2,93,1,'V~O',3,0,'BAS',0,'',1,NULL,0),(34,584,'modifiedby','nectarcrm_crmentity',1,'52','modifiedby','Last Modified By',1,0,'',100,17,93,3,'V~O',3,0,'BAS',0,'',0,NULL,0),(34,585,'source','nectarcrm_crmentity',1,'1','source','Source',1,2,'',100,19,93,2,'V~O',3,10,'BAS',0,'',0,NULL,0),(34,586,'starred','nectarcrm_crmentity_user_field',1,'56','starred','starred',1,2,'',100,20,93,6,'C~O',3,11,'BAS',0,'',0,NULL,0),(34,587,'tags','nectarcrm_servicecontracts',1,'1','tags','tags',1,2,'',100,21,93,6,'V~O',3,12,'BAS',0,'',0,NULL,0),(40,588,'asset_no','nectarcrm_assets',1,'4','asset_no','Asset No',1,0,'',100,1,95,1,'V~O',3,0,'BAS',0,'\n					',1,NULL,0),(40,589,'product','nectarcrm_assets',1,'10','product','Product Name',1,2,'',100,2,95,1,'V~M',0,3,'BAS',1,'\n					',1,NULL,0),(40,590,'serialnumber','nectarcrm_assets',1,'2','serialnumber','Serial Number',1,2,'',100,3,95,1,'V~O',2,5,'BAS',1,'\n					',0,NULL,1),(40,591,'datesold','nectarcrm_assets',1,'5','datesold','Date Sold',1,2,'',100,5,95,1,'D~M~OTH~GE~datesold~Date Sold',0,0,'BAS',1,'\n					',0,NULL,0),(40,592,'dateinservice','nectarcrm_assets',1,'5','dateinservice','Date in Service',1,2,'',100,6,95,1,'D~M~OTH~GE~dateinservice~Date in Service',0,4,'BAS',1,'\n					',0,NULL,0),(40,593,'assetstatus','nectarcrm_assets',1,'15','assetstatus','Status',1,2,'',100,7,95,1,'V~M',0,0,'BAS',1,'\n					',0,NULL,0),(40,594,'tagnumber','nectarcrm_assets',1,'2','tagnumber','Tag Number',1,2,'',100,8,95,1,'V~O',1,0,'BAS',1,'\n					',0,NULL,1),(40,595,'invoiceid','nectarcrm_assets',1,'10','invoiceid','Invoice Name',1,2,'',100,9,95,1,'V~O',1,0,'BAS',1,'\n					',0,NULL,0),(40,596,'shippingmethod','nectarcrm_assets',1,'2','shippingmethod','Shipping Method',1,2,'',100,10,95,1,'V~O',1,0,'BAS',1,'\n					',0,NULL,1),(40,597,'shippingtrackingnumber','nectarcrm_assets',1,'2','shippingtrackingnumber','Shipping Tracking Number',1,2,'',100,11,95,1,'V~O',1,0,'BAS',1,'\n					',0,NULL,0),(40,598,'smownerid','nectarcrm_crmentity',1,'53','assigned_user_id','Assigned To',1,2,'',100,4,95,1,'V~M',0,2,'BAS',1,'\n					',0,NULL,0),(40,599,'assetname','nectarcrm_assets',1,'1','assetname','Asset Name',1,0,'',100,12,95,1,'V~M',0,6,'BAS',1,'\n					',1,NULL,0),(40,600,'account','nectarcrm_assets',1,'10','account','Customer Name',1,2,'',100,13,95,1,'V~M',0,0,'BAS',1,'\n					',1,NULL,0),(40,601,'contact','nectarcrm_assets',1,'10','contact','Contact Name',1,2,'',100,14,95,1,'V~O',0,0,'BAS',1,'\n					',0,NULL,0),(40,602,'createdtime','nectarcrm_crmentity',1,'70','createdtime','Created Time',1,0,'',100,15,95,2,'DT~O',3,0,'BAS',0,'\n					',0,NULL,0),(40,603,'modifiedtime','nectarcrm_crmentity',1,'70','modifiedtime','Modified Time',1,0,'',100,16,95,2,'DT~O',3,0,'BAS',0,'\n					',0,NULL,0),(40,604,'modifiedby','nectarcrm_crmentity',1,'52','modifiedby','Last Modified By',1,0,'',100,16,95,3,'V~O',3,0,'BAS',0,'\n					',0,NULL,0),(40,605,'description','nectarcrm_crmentity',1,'19','description','Notes',1,2,'',100,1,97,1,'V~O',1,0,'BAS',1,'\n					',0,NULL,0),(40,606,'source','nectarcrm_crmentity',1,'1','source','Source',1,2,'',100,18,95,2,'V~O',3,7,'BAS',0,'',0,NULL,0),(40,607,'starred','nectarcrm_crmentity_user_field',1,'56','starred','starred',1,2,'',100,18,95,6,'C~O',3,8,'BAS',0,'',0,NULL,0),(40,608,'tags','nectarcrm_assets',1,'1','tags','tags',1,2,'',100,19,95,6,'V~O',3,9,'BAS',0,'',0,NULL,0),(41,609,'commentcontent','nectarcrm_modcomments',1,'19','commentcontent','Comment',1,0,'',100,4,98,1,'V~M',0,4,'BAS',2,'',1,NULL,0),(41,610,'smownerid','nectarcrm_crmentity',1,'53','assigned_user_id','Assigned To',1,0,'',100,1,99,1,'V~M',0,1,'BAS',2,'',1,NULL,0),(41,611,'createdtime','nectarcrm_crmentity',1,'70','createdtime','Created Time',1,0,'',100,5,99,2,'DT~O',0,2,'BAS',0,'',0,NULL,0),(41,612,'modifiedtime','nectarcrm_crmentity',1,'70','modifiedtime','Modified Time',1,0,'',100,6,99,2,'DT~O',0,3,'BAS',0,'',0,NULL,0),(41,613,'related_to','nectarcrm_modcomments',1,'10','related_to','Related To',1,2,'',100,2,99,1,'V~M',2,5,'BAS',2,'',0,NULL,0),(41,614,'smcreatorid','nectarcrm_crmentity',1,'52','creator','Creator',1,2,'',100,4,99,2,'V~O',1,0,'BAS',1,'',0,NULL,0),(41,615,'parent_comments','nectarcrm_modcomments',1,'10','parent_comments','Related To Comments',1,2,'',100,7,99,1,'V~O',1,0,'BAS',1,'',0,NULL,0),(41,616,'source','nectarcrm_crmentity',1,'1','source','Source',1,2,'',100,5,98,2,'V~O',3,6,'BAS',0,'',0,NULL,0),(44,617,'projectmilestonename','nectarcrm_projectmilestone',1,'2','projectmilestonename','Project Milestone Name',1,2,'',100,1,101,1,'V~M',0,1,'BAS',1,'',1,NULL,0),(44,618,'projectmilestonedate','nectarcrm_projectmilestone',1,'5','projectmilestonedate','Milestone Date',1,2,'',100,5,101,1,'D~O',0,3,'BAS',1,'',1,NULL,0),(44,619,'projectid','nectarcrm_projectmilestone',1,'10','projectid','Related to',1,0,'',100,4,101,1,'V~M',0,4,'BAS',1,'',0,NULL,0),(44,620,'projectmilestonetype','nectarcrm_projectmilestone',1,'15','projectmilestonetype','Type',1,2,'',100,7,101,1,'V~O',1,0,'BAS',1,'',1,NULL,0),(44,621,'smownerid','nectarcrm_crmentity',1,'53','assigned_user_id','Assigned To',1,2,'',100,6,101,1,'V~M',0,2,'BAS',1,'',0,NULL,0),(44,622,'projectmilestone_no','nectarcrm_projectmilestone',2,'4','projectmilestone_no','Project Milestone No',1,0,'',100,2,101,1,'V~O',3,4,'BAS',0,'',0,NULL,0),(44,623,'createdtime','nectarcrm_crmentity',1,'70','createdtime','Created Time',1,2,'',100,1,102,2,'DT~O',1,0,'BAS',0,'',0,NULL,0),(44,624,'modifiedtime','nectarcrm_crmentity',1,'70','modifiedtime','Modified Time',1,2,'',100,2,102,2,'DT~O',1,0,'BAS',0,'',0,NULL,0),(44,625,'modifiedby','nectarcrm_crmentity',1,'52','modifiedby','Last Modified By',1,0,'',100,3,102,3,'V~O',3,0,'BAS',0,'',0,NULL,0),(44,626,'description','nectarcrm_crmentity',1,'19','description','Description',1,2,'',100,1,103,1,'V~O',1,0,'BAS',1,'',0,NULL,0),(44,627,'source','nectarcrm_crmentity',1,'1','source','Source',1,2,'',100,8,101,2,'V~O',3,5,'BAS',0,'',0,NULL,0),(44,628,'starred','nectarcrm_crmentity_user_field',1,'56','starred','starred',1,2,'',100,9,101,6,'C~O',3,6,'BAS',0,'',0,NULL,0),(44,629,'tags','nectarcrm_projectmilestone',1,'1','tags','tags',1,2,'',100,10,101,6,'V~O',3,7,'BAS',0,'',0,NULL,0),(45,630,'projecttaskname','nectarcrm_projecttask',1,'2','projecttaskname','Project Task Name',1,2,'',100,1,104,1,'V~M',0,1,'BAS',1,'',1,NULL,0),(45,631,'projecttasktype','nectarcrm_projecttask',1,'15','projecttasktype','Type',1,2,'',100,4,104,1,'V~O',1,0,'BAS',1,'',1,NULL,0),(45,632,'projecttaskpriority','nectarcrm_projecttask',1,'15','projecttaskpriority','Priority',1,2,'',100,3,104,1,'V~O',1,0,'BAS',1,'',0,NULL,0),(45,633,'projectid','nectarcrm_projecttask',1,'10','projectid','Related to',1,0,'',100,6,104,1,'V~M',0,5,'BAS',1,'',0,NULL,0),(45,634,'smownerid','nectarcrm_crmentity',1,'53','assigned_user_id','Assigned To',1,2,'',100,7,104,1,'V~M',0,2,'BAS',1,'',1,NULL,0),(45,635,'projecttasknumber','nectarcrm_projecttask',1,'7','projecttasknumber','Project Task Number',1,2,'',100,5,104,1,'I~O',1,0,'BAS',1,'',0,NULL,0),(45,636,'projecttask_no','nectarcrm_projecttask',2,'4','projecttask_no','Project Task No',1,0,'',100,2,104,1,'V~O',3,4,'BAS',0,'',0,NULL,0),(45,637,'projecttaskprogress','nectarcrm_projecttask',1,'15','projecttaskprogress','Progress',1,2,'',100,1,105,1,'V~O',1,0,'BAS',1,'',1,NULL,0),(45,638,'projecttaskhours','nectarcrm_projecttask',1,'7','projecttaskhours','Worked Hours',1,2,'',100,2,105,1,'V~O',1,0,'BAS',1,'',0,NULL,0),(45,639,'startdate','nectarcrm_projecttask',1,'5','startdate','Start Date',1,2,'',100,3,105,1,'D~O',0,3,'BAS',1,'',1,NULL,0),(45,640,'enddate','nectarcrm_projecttask',1,'5','enddate','End Date',1,2,'',100,4,105,1,'D~O~OTH~GE~startdate~Start Date',1,0,'BAS',1,'',1,NULL,0),(45,641,'createdtime','nectarcrm_crmentity',1,'70','createdtime','Created Time',1,2,'',100,5,105,2,'DT~O',1,0,'BAS',0,'',0,NULL,0),(45,642,'modifiedtime','nectarcrm_crmentity',1,'70','modifiedtime','Modified Time',1,2,'',100,6,105,2,'DT~O',1,0,'BAS',0,'',0,NULL,0),(45,643,'modifiedby','nectarcrm_crmentity',1,'52','modifiedby','Last Modified By',1,0,'',100,7,105,3,'V~O',3,0,'BAS',0,'',0,NULL,0),(45,644,'description','nectarcrm_crmentity',1,'19','description','description',1,2,'',100,1,106,1,'V~O',1,0,'BAS',1,'',0,NULL,0),(45,645,'source','nectarcrm_crmentity',1,'1','source','Source',1,2,'',100,8,104,2,'V~O',3,6,'BAS',0,'',0,NULL,0),(45,646,'starred','nectarcrm_crmentity_user_field',1,'56','starred','starred',1,2,'',100,9,104,6,'C~O',3,7,'BAS',0,'',0,NULL,0),(45,647,'tags','nectarcrm_projecttask',1,'1','tags','tags',1,2,'',100,10,104,6,'V~O',3,8,'BAS',0,'',0,NULL,0),(46,648,'projectname','nectarcrm_project',1,'2','projectname','Project Name',1,2,'',100,1,107,1,'V~M',0,1,'BAS',1,'',1,NULL,0),(46,649,'startdate','nectarcrm_project',1,'23','startdate','Start Date',1,2,'',100,3,107,1,'D~O',0,3,'BAS',1,'',1,NULL,0),(46,650,'targetenddate','nectarcrm_project',1,'23','targetenddate','Target End Date',1,2,'',100,5,107,1,'D~O~OTH~GE~startdate~Start Date',0,4,'BAS',1,'',1,NULL,0),(46,651,'actualenddate','nectarcrm_project',1,'23','actualenddate','Actual End Date',1,2,'',100,6,107,1,'D~O~OTH~GE~startdate~Start Date',1,0,'BAS',1,'',0,NULL,0),(46,652,'projectstatus','nectarcrm_project',1,'15','projectstatus','Status',1,2,'',100,7,107,1,'V~O',1,0,'BAS',1,'',1,NULL,0),(46,653,'projecttype','nectarcrm_project',1,'15','projecttype','Type',1,2,'',100,8,107,1,'V~O',1,0,'BAS',1,'',1,NULL,0),(46,654,'linktoaccountscontacts','nectarcrm_project',1,'10','linktoaccountscontacts','Related to',1,2,'',100,9,107,1,'V~O',1,0,'BAS',1,'',0,1,0),(46,655,'smownerid','nectarcrm_crmentity',1,'53','assigned_user_id','Assigned To',1,2,'',100,4,107,1,'V~M',0,2,'BAS',1,'',1,NULL,0),(46,656,'project_no','nectarcrm_project',2,'4','project_no','Project No',1,0,'',100,2,107,1,'V~O',3,0,'BAS',0,'',0,NULL,0),(46,657,'targetbudget','nectarcrm_project',1,'7','targetbudget','Target Budget',1,2,'',100,1,108,1,'V~O',1,0,'BAS',1,'',0,NULL,0),(46,658,'projecturl','nectarcrm_project',1,'17','projecturl','Project Url',1,2,'',100,2,108,1,'V~O',1,0,'BAS',1,'',0,NULL,0),(46,659,'projectpriority','nectarcrm_project',1,'15','projectpriority','Priority',1,2,'',100,3,108,1,'V~O',1,0,'BAS',1,'',0,NULL,0),(46,660,'progress','nectarcrm_project',1,'15','progress','Progress',1,2,'',100,4,108,1,'V~O',1,0,'BAS',1,'',0,NULL,0),(46,661,'createdtime','nectarcrm_crmentity',1,'70','createdtime','Created Time',1,2,'',100,5,108,2,'DT~O',1,0,'BAS',0,'',0,NULL,0),(46,662,'modifiedtime','nectarcrm_crmentity',1,'70','modifiedtime','Modified Time',1,2,'',100,6,108,2,'DT~O',1,0,'BAS',0,'',0,NULL,0),(46,663,'modifiedby','nectarcrm_crmentity',1,'52','modifiedby','Last Modified By',1,0,'',100,7,108,3,'V~O',3,0,'BAS',0,'',0,NULL,0),(46,664,'description','nectarcrm_crmentity',1,'19','description','Description',1,2,'',100,1,109,1,'V~O',1,0,'BAS',1,'',0,NULL,0),(46,665,'source','nectarcrm_crmentity',1,'1','source','Source',1,2,'',100,10,107,2,'V~O',3,5,'BAS',0,'',0,NULL,0),(46,666,'starred','nectarcrm_crmentity_user_field',1,'56','starred','starred',1,2,'',100,11,107,6,'C~O',3,6,'BAS',0,'',0,NULL,0),(46,667,'tags','nectarcrm_project',1,'1','tags','tags',1,2,'',100,12,107,6,'V~O',3,7,'BAS',0,'',0,NULL,0),(47,668,'smownerid','nectarcrm_crmentity',1,'53','assigned_user_id','Assigned To',1,0,'',100,2,110,1,'V~M',1,0,'BAS',1,'',1,NULL,0),(47,669,'createdtime','nectarcrm_crmentity',1,'70','createdtime','Created Time',1,0,'',100,5,110,2,'DT~O',1,0,'BAS',0,'',0,NULL,0),(47,670,'modifiedtime','nectarcrm_crmentity',1,'70','modifiedtime','Modified Time',1,0,'',100,6,110,2,'DT~O',1,0,'BAS',0,'',0,NULL,0),(47,671,'message','nectarcrm_smsnotifier',1,'21','message','message',1,0,'',100,1,110,1,'V~M',1,0,'BAS',1,'',1,NULL,0),(47,672,'modifiedby','nectarcrm_crmentity',1,'52','modifiedby','Last Modified By',1,0,'',100,7,110,3,'V~O',1,0,'BAS',0,'',0,NULL,0),(47,673,'source','nectarcrm_crmentity',1,'1','source','Source',1,2,'',100,8,110,2,'V~O',3,1,'BAS',0,'',0,NULL,0),(2,674,'forecast_amount','nectarcrm_potential',1,'71','forecast_amount','Forecast Amount',1,2,'',100,18,1,1,'N~O',1,0,'BAS',0,'',0,NULL,0),(29,675,'no_of_currency_decimals','nectarcrm_users',1,'16','no_of_currency_decimals','Number Of Currency Decimals',1,2,'2',100,6,78,1,'V~O',1,0,'BAS',1,'<b>Currency - Number of Decimal places</b> <br/><br/>Number of decimal places specifies how many number of decimals will be shown after decimal separator.<br/><b>Eg:</b> 123.00',0,NULL,0),(23,676,'productid','nectarcrm_inventoryproductrel',1,'10','productid','Item Name',0,2,'',100,1,113,5,'V~M',1,0,'BAS',0,'',0,NULL,0),(23,677,'quantity','nectarcrm_inventoryproductrel',1,'7','quantity','Quantity',0,2,'',100,2,113,5,'N~O',1,0,'BAS',0,'',0,NULL,0),(23,678,'listprice','nectarcrm_inventoryproductrel',1,'71','listprice','List Price',0,2,'',100,3,113,5,'N~O',1,0,'BAS',0,'',0,NULL,0),(23,679,'comment','nectarcrm_inventoryproductrel',1,'19','comment','Item Comment',0,2,'',100,4,113,5,'V~O',1,0,'BAS',0,'',0,NULL,0),(23,680,'discount_amount','nectarcrm_inventoryproductrel',1,'71','discount_amount','Item Discount Amount',0,2,'',100,5,113,5,'N~O',1,0,'BAS',0,'',0,NULL,0),(23,681,'discount_percent','nectarcrm_inventoryproductrel',1,'7','discount_percent','Item Discount Percent',0,2,'',100,6,113,5,'V~O',1,0,'BAS',0,'',0,NULL,0),(23,682,'tax1','nectarcrm_inventoryproductrel',1,'83','tax1','VAT',0,2,'',100,7,113,5,'V~O',1,0,'BAS',0,'',0,NULL,0),(23,683,'tax2','nectarcrm_inventoryproductrel',1,'83','tax2','Sales',0,2,'',100,8,113,5,'V~O',1,0,'BAS',0,'',0,NULL,0),(23,684,'tax3','nectarcrm_inventoryproductrel',1,'83','tax3','Service',0,2,'',100,9,113,5,'V~O',1,0,'BAS',0,'',0,NULL,0),(22,685,'productid','nectarcrm_inventoryproductrel',1,'10','productid','Item Name',0,2,'',100,1,114,5,'V~M',1,0,'BAS',0,'',0,NULL,0),(22,686,'quantity','nectarcrm_inventoryproductrel',1,'7','quantity','Quantity',0,2,'',100,2,114,5,'N~O',1,0,'BAS',0,'',0,NULL,0),(22,687,'listprice','nectarcrm_inventoryproductrel',1,'71','listprice','List Price',0,2,'',100,3,114,5,'N~O',1,0,'BAS',0,'',0,NULL,0),(22,688,'comment','nectarcrm_inventoryproductrel',1,'19','comment','Item Comment',0,2,'',100,4,114,5,'V~O',1,0,'BAS',0,'',0,NULL,0),(22,689,'discount_amount','nectarcrm_inventoryproductrel',1,'71','discount_amount','Item Discount Amount',0,2,'',100,5,114,5,'N~O',1,0,'BAS',0,'',0,NULL,0),(22,690,'discount_percent','nectarcrm_inventoryproductrel',1,'7','discount_percent','Item Discount Percent',0,2,'',100,6,114,5,'V~O',1,0,'BAS',0,'',0,NULL,0),(22,691,'tax1','nectarcrm_inventoryproductrel',1,'83','tax1','VAT',0,2,'',100,7,114,5,'V~O',1,0,'BAS',0,'',0,NULL,0),(22,692,'tax2','nectarcrm_inventoryproductrel',1,'83','tax2','Sales',0,2,'',100,8,114,5,'V~O',1,0,'BAS',0,'',0,NULL,0),(22,693,'tax3','nectarcrm_inventoryproductrel',1,'83','tax3','Service',0,2,'',100,9,114,5,'V~O',1,0,'BAS',0,'',0,NULL,0),(21,694,'productid','nectarcrm_inventoryproductrel',1,'10','productid','Item Name',0,2,'',100,1,115,5,'V~M',1,0,'BAS',0,'',0,NULL,0),(21,695,'quantity','nectarcrm_inventoryproductrel',1,'7','quantity','Quantity',0,2,'',100,2,115,5,'N~O',1,0,'BAS',0,'',0,NULL,0),(21,696,'listprice','nectarcrm_inventoryproductrel',1,'71','listprice','List Price',0,2,'',100,3,115,5,'N~O',1,0,'BAS',0,'',0,NULL,0),(21,697,'comment','nectarcrm_inventoryproductrel',1,'19','comment','Item Comment',0,2,'',100,4,115,5,'V~O',1,0,'BAS',0,'',0,NULL,0),(21,698,'discount_amount','nectarcrm_inventoryproductrel',1,'71','discount_amount','Item Discount Amount',0,2,'',100,5,115,5,'N~O',1,0,'BAS',0,'',0,NULL,0),(21,699,'discount_percent','nectarcrm_inventoryproductrel',1,'7','discount_percent','Item Discount Percent',0,2,'',100,6,115,5,'V~O',1,0,'BAS',0,'',0,NULL,0),(21,700,'tax1','nectarcrm_inventoryproductrel',1,'83','tax1','VAT',0,2,'',100,7,115,5,'V~O',1,0,'BAS',0,'',0,NULL,0),(21,701,'tax2','nectarcrm_inventoryproductrel',1,'83','tax2','Sales',0,2,'',100,8,115,5,'V~O',1,0,'BAS',0,'',0,NULL,0),(21,702,'tax3','nectarcrm_inventoryproductrel',1,'83','tax3','Service',0,2,'',100,9,115,5,'V~O',1,0,'BAS',0,'',0,NULL,0),(20,703,'productid','nectarcrm_inventoryproductrel',1,'10','productid','Item Name',0,2,'',100,1,116,5,'V~M',1,0,'BAS',0,'',0,NULL,0),(20,704,'quantity','nectarcrm_inventoryproductrel',1,'7','quantity','Quantity',0,2,'',100,2,116,5,'N~O',1,0,'BAS',0,'',0,NULL,0),(20,705,'listprice','nectarcrm_inventoryproductrel',1,'71','listprice','List Price',0,2,'',100,3,116,5,'N~O',1,0,'BAS',0,'',0,NULL,0),(20,706,'comment','nectarcrm_inventoryproductrel',1,'19','comment','Item Comment',0,2,'',100,4,116,5,'V~O',1,0,'BAS',0,'',0,NULL,0),(20,707,'discount_amount','nectarcrm_inventoryproductrel',1,'71','discount_amount','Item Discount Amount',0,2,'',100,5,116,5,'N~O',1,0,'BAS',0,'',0,NULL,0),(20,708,'discount_percent','nectarcrm_inventoryproductrel',1,'7','discount_percent','Item Discount Percent',0,2,'',100,6,116,5,'V~O',1,0,'BAS',0,'',0,NULL,0),(20,709,'tax1','nectarcrm_inventoryproductrel',1,'83','tax1','VAT',0,2,'',100,7,116,5,'V~O',1,0,'BAS',0,'',0,NULL,0),(20,710,'tax2','nectarcrm_inventoryproductrel',1,'83','tax2','Sales',0,2,'',100,8,116,5,'V~O',1,0,'BAS',0,'',0,NULL,0),(20,711,'tax3','nectarcrm_inventoryproductrel',1,'83','tax3','Service',0,2,'',100,9,116,5,'V~O',1,0,'BAS',0,'',0,NULL,0),(29,712,'truncate_trailing_zeros','nectarcrm_users',1,'56','truncate_trailing_zeros','Truncate Trailing Zeros',1,2,'0',100,7,78,1,'V~O',1,0,'BAS',1,'<b> Truncate Trailing Zeros </b> <br/><br/>It truncated trailing 0s in any of Currency, Decimal and Percentage Field types<br/><br/><b>Ex:</b><br/>If value is 89.00000 then <br/>decimal and Percentage fields were shows 89<br/>currency field type - shows 89.00<br/>',0,NULL,0),(45,713,'projecttaskstatus','nectarcrm_projecttask',1,'15','projecttaskstatus','Status',1,2,'',100,11,104,1,'V~O',0,9,'BAS',1,'',0,NULL,0),(41,714,'customer','nectarcrm_modcomments',1,'10','customer','Customer',1,2,'',100,6,98,3,'V~O',1,0,'BAS',1,'',0,NULL,0),(29,715,'dayoftheweek','nectarcrm_users',1,'16','dayoftheweek','Starting Day of the week',1,2,'Monday',100,1,118,1,'V~O',1,0,'BAS',1,'',0,NULL,0),(29,716,'callduration','nectarcrm_users',1,'16','callduration','Default Call Duration',1,2,'5',100,7,118,1,'V~O',1,0,'BAS',1,'',0,NULL,0),(29,717,'othereventduration','nectarcrm_users',1,'16','othereventduration','Other Event Duration',1,2,'5',100,8,118,1,'V~O',1,0,'BAS',1,'',0,NULL,0),(23,718,'pre_tax_total','nectarcrm_invoice',1,'72','pre_tax_total','Pre Tax Total',1,2,'',100,23,67,3,'N~O',1,0,'BAS',1,'',0,NULL,0),(22,719,'pre_tax_total','nectarcrm_salesorder',1,'72','pre_tax_total','Pre Tax Total',1,2,'',100,23,61,3,'N~O',1,0,'BAS',1,'',0,NULL,0),(21,720,'pre_tax_total','nectarcrm_purchaseorder',1,'72','pre_tax_total','Pre Tax Total',1,2,'',100,23,55,3,'N~O',1,0,'BAS',1,'',0,NULL,0),(20,721,'pre_tax_total','nectarcrm_quotes',1,'72','pre_tax_total','Pre Tax Total',1,2,'',100,23,49,3,'N~O',1,0,'BAS',1,'',0,NULL,0),(29,722,'calendarsharedtype','nectarcrm_users',1,'16','calendarsharedtype','Calendar Shared Type',1,2,'Public',100,12,118,3,'V~O',1,0,'BAS',1,'',0,NULL,0),(6,723,'isconvertedfromlead','nectarcrm_account',1,'56','isconvertedfromlead','Is Converted From Lead',1,2,'no',100,24,9,1,'C~O',1,0,'BAS',1,'',0,NULL,0),(4,724,'isconvertedfromlead','nectarcrm_contactdetails',1,'56','isconvertedfromlead','Is Converted From Lead',1,2,'no',100,29,4,1,'C~O',1,0,'BAS',1,'',0,NULL,0),(2,725,'isconvertedfromlead','nectarcrm_potential',1,'56','isconvertedfromlead','Is Converted From Lead',1,2,'no',100,19,1,1,'C~O',1,0,'BAS',1,'',0,NULL,0),(29,726,'default_record_view','nectarcrm_users',1,'16','default_record_view','Default Record View',1,2,'Summary',100,19,79,1,'V~O',1,0,'BAS',1,'',0,NULL,0),(23,727,'received','nectarcrm_invoice',1,'72','received','Received',1,2,'0',100,24,67,3,'N~O',1,0,'BAS',1,'',0,NULL,0),(23,728,'balance','nectarcrm_invoice',1,'72','balance','Balance',1,2,'0',100,25,67,3,'N~O',1,0,'BAS',1,'',0,NULL,0),(21,729,'paid','nectarcrm_purchaseorder',1,'72','paid','Paid',1,2,'0',100,24,55,3,'N~O',1,0,'BAS',1,'',0,NULL,0),(21,730,'balance','nectarcrm_purchaseorder',1,'72','balance','Balance',1,2,'0',100,25,55,3,'N~O',1,0,'BAS',1,'',0,NULL,0),(18,731,'smownerid','nectarcrm_crmentity',1,'53','assigned_user_id','Assigned To',1,2,'',100,13,42,1,'V~M',1,0,'BAS',1,'',0,NULL,0),(7,732,'emailoptout','nectarcrm_leaddetails',1,'56','emailoptout','Email Opt Out',1,0,'',100,24,13,1,'C~O',1,0,'BAS',1,'',0,NULL,0),(41,733,'userid','nectarcrm_modcomments',1,'10','userid','UserId',1,2,'',100,7,98,3,'V~O',1,0,'BAS',1,'',0,NULL,0),(41,734,'reasontoedit','nectarcrm_modcomments',1,'19','reasontoedit','ReasonToEdit',1,2,'',100,8,98,1,'V~O',1,0,'BAS',1,'',0,NULL,0),(23,735,'s_h_percent','nectarcrm_invoice',1,'1','hdnS_H_Percent','S&H Percent',0,2,'',100,10,113,5,'N~O',0,1,'BAS',0,'',0,NULL,0),(20,736,'s_h_percent','nectarcrm_quotes',1,'1','hdnS_H_Percent','S&H Percent',0,2,'',100,10,116,5,'N~O',0,1,'BAS',0,'',0,NULL,0),(21,737,'s_h_percent','nectarcrm_purchaseorder',1,'1','hdnS_H_Percent','S&H Percent',0,2,'',100,10,115,5,'N~O',0,1,'BAS',0,'',0,NULL,0),(22,738,'s_h_percent','nectarcrm_salesorder',1,'1','hdnS_H_Percent','S&H Percent',0,2,'',100,10,114,5,'N~O',0,1,'BAS',0,'',0,NULL,0),(29,739,'leftpanelhide','nectarcrm_users',1,'56','leftpanelhide','Left Panel Hide',1,2,'0',100,20,79,1,'V~O',1,0,'BAS',1,'',0,NULL,0),(2,740,'contact_id','nectarcrm_potential',1,'10','contact_id','Contact Name',1,2,'',100,4,1,1,'V~O',1,0,'BAS',1,'',1,NULL,0),(13,741,'contact_id','nectarcrm_troubletickets',1,'10','contact_id','Contact Name',1,2,'',100,3,25,1,'V~O',1,0,'BAS',1,'',1,NULL,0),(29,742,'rowheight','nectarcrm_users',1,'16','rowheight','Row Height',1,2,'medium',100,21,79,1,'V~O',1,0,'BAS',1,'',0,NULL,0),(29,743,'defaulteventstatus','nectarcrm_users',1,'15','defaulteventstatus','Default Event Status',1,2,'Planned',100,9,118,1,'V~O',1,0,'BAS',1,'',0,NULL,0),(29,744,'defaultactivitytype','nectarcrm_users',1,'15','defaultactivitytype','Default Activity Type',1,2,'Call',100,10,118,1,'V~O',1,0,'BAS',1,'',0,NULL,0),(29,745,'hidecompletedevents','nectarcrm_users',1,'56','hidecompletedevents','LBL_HIDE_COMPLETED_EVENTS',1,2,'0',100,13,118,1,'C~O',1,0,'BAS',1,'',0,NULL,0),(14,772,'purchase_cost','nectarcrm_products',1,'71','purchase_cost','Purchase Cost',1,0,'',100,5,32,1,'N~O',1,0,'BAS',1,'',0,NULL,0),(32,773,'purchase_cost','nectarcrm_service',1,'71','purchase_cost','Purchase Cost',1,0,'',100,5,90,1,'N~O',1,0,'BAS',1,'',0,NULL,0),(23,774,'potential_id','nectarcrm_invoice',1,'10','potential_id','Potential Name',1,2,'',100,26,67,1,'I~O',1,0,'BAS',1,'',0,NULL,0),(29,775,'defaultcalendarview','nectarcrm_users',1,'16','defaultcalendarview','Default Calendar View',1,0,'MyCalendar',100,14,118,1,'V~O',1,0,'BAS',1,'',0,NULL,0),(23,776,'image','nectarcrm_inventoryproductrel',1,'56','image','Image',0,1,'',100,14,113,5,'V~O',1,0,'BAS',0,'',0,NULL,0),(23,777,'purchase_cost','nectarcrm_inventoryproductrel',1,'71','purchase_cost','Purchase Cost',0,1,'',100,15,113,5,'N~O',1,0,'BAS',0,'',0,NULL,0),(23,778,'margin','nectarcrm_inventoryproductrel',1,'71','margin','Margin',0,1,'',100,16,113,5,'N~O',1,0,'BAS',0,'',0,NULL,0),(20,779,'image','nectarcrm_inventoryproductrel',1,'56','image','Image',0,1,'',100,15,116,5,'V~O',1,0,'BAS',0,'',0,NULL,0),(20,780,'purchase_cost','nectarcrm_inventoryproductrel',1,'71','purchase_cost','Purchase Cost',0,1,'',100,16,116,5,'N~O',1,0,'BAS',0,'',0,NULL,0),(20,781,'margin','nectarcrm_inventoryproductrel',1,'71','margin','Margin',0,1,'',100,17,116,5,'N~O',1,0,'BAS',0,'',0,NULL,0),(21,782,'image','nectarcrm_inventoryproductrel',1,'56','image','Image',0,1,'',100,15,115,5,'V~O',1,0,'BAS',0,'',0,NULL,0),(22,783,'image','nectarcrm_inventoryproductrel',1,'56','image','Image',0,1,'',100,16,114,5,'V~O',1,0,'BAS',0,'',0,NULL,0),(22,784,'purchase_cost','nectarcrm_inventoryproductrel',1,'71','purchase_cost','Purchase Cost',0,1,'',100,17,114,5,'N~O',1,0,'BAS',0,'',0,NULL,0),(22,785,'margin','nectarcrm_inventoryproductrel',1,'71','margin','Margin',0,1,'',100,18,114,5,'N~O',1,0,'BAS',0,'',0,NULL,0),(41,786,'is_private','nectarcrm_modcomments',1,'7','is_private','Is Private',1,2,'',100,9,98,1,'I~O',1,0,'BAS',1,'',0,NULL,0),(41,787,'filename','nectarcrm_modcomments',1,'61','filename','Attachment',1,0,'',100,10,98,1,'V~O',1,0,'BAS',1,'',0,NULL,0),(41,788,'related_email_id','nectarcrm_modcomments',1,'1','related_email_id','Related Email Id',1,2,'0',100,11,98,1,'I~O',1,0,'BAS',1,'',0,NULL,0),(2,789,'source','nectarcrm_crmentity',1,'1','source','Source',1,2,'',100,20,1,2,'V~O',3,7,'BAS',0,'',0,NULL,0),(4,790,'source','nectarcrm_crmentity',1,'1','source','Source',1,2,'',100,30,4,2,'V~O',3,7,'BAS',0,'',0,NULL,0),(6,791,'source','nectarcrm_crmentity',1,'1','source','Source',1,2,'',100,25,9,2,'V~O',3,5,'BAS',0,'',0,NULL,0),(7,792,'source','nectarcrm_crmentity',1,'1','source','Source',1,2,'',100,25,13,2,'V~O',3,7,'BAS',0,'',0,NULL,0),(8,793,'source','nectarcrm_crmentity',1,'1','source','Source',1,2,'',100,13,17,2,'V~O',3,4,'BAS',0,'',0,NULL,0),(9,794,'source','nectarcrm_crmentity',1,'1','source','Source',1,2,'',100,23,19,2,'V~O',3,5,'BAS',0,'',0,NULL,0),(10,795,'source','nectarcrm_crmentity',1,'1','source','Source',1,2,'',100,13,21,2,'V~O',3,1,'BAS',0,'',0,NULL,0),(13,796,'source','nectarcrm_crmentity',1,'1','source','Source',1,2,'',100,18,25,2,'V~O',3,5,'BAS',0,'',0,NULL,0),(14,797,'source','nectarcrm_crmentity',1,'1','source','Source',1,2,'',100,23,31,2,'V~O',3,6,'BAS',0,'',0,NULL,0),(15,798,'source','nectarcrm_crmentity',1,'1','source','Source',1,2,'',100,9,37,2,'V~O',3,1,'BAS',0,'',0,NULL,0),(16,799,'source','nectarcrm_crmentity',1,'1','source','Source',1,2,'',100,23,39,2,'V~O',3,7,'BAS',0,'',0,NULL,0),(18,800,'source','nectarcrm_crmentity',1,'1','source','Source',1,2,'',100,14,42,2,'V~O',3,4,'BAS',0,'',0,NULL,0),(19,801,'source','nectarcrm_crmentity',1,'1','source','Source',1,2,'',100,8,46,2,'V~O',3,4,'BAS',0,'',0,NULL,0),(20,802,'source','nectarcrm_crmentity',1,'1','source','Source',1,2,'',100,24,49,2,'V~O',3,2,'BAS',0,'',0,NULL,0),(21,803,'source','nectarcrm_crmentity',1,'1','source','Source',1,2,'',100,26,55,2,'V~O',3,2,'BAS',0,'',0,NULL,0),(22,804,'source','nectarcrm_crmentity',1,'1','source','Source',1,2,'',100,24,61,2,'V~O',3,2,'BAS',0,'',0,NULL,0),(23,805,'source','nectarcrm_crmentity',1,'1','source','Source',1,2,'',100,27,67,2,'V~O',3,2,'BAS',0,'',0,NULL,0),(26,806,'source','nectarcrm_crmentity',1,'1','source','Source',1,2,'',100,17,74,2,'V~O',3,8,'BAS',0,'',0,NULL,0),(10,807,'click_count','nectarcrm_email_track',1,'25','click_count','Click Count',1,2,'0',100,14,21,3,'I~O',0,2,'BAS',0,'',0,NULL,0),(2,808,'starred','nectarcrm_crmentity_user_field',1,'56','starred','starred',1,2,'',100,21,1,6,'C~O',3,8,'BAS',0,'',0,NULL,0),(4,809,'starred','nectarcrm_crmentity_user_field',1,'56','starred','starred',1,2,'',100,31,4,6,'C~O',3,8,'BAS',0,'',0,NULL,0),(6,810,'starred','nectarcrm_crmentity_user_field',1,'56','starred','starred',1,2,'',100,26,9,6,'C~O',3,6,'BAS',0,'',0,NULL,0),(7,811,'starred','nectarcrm_crmentity_user_field',1,'56','starred','starred',1,2,'',100,26,13,6,'C~O',3,8,'BAS',0,'',0,NULL,0),(8,812,'starred','nectarcrm_crmentity_user_field',1,'56','starred','starred',1,2,'',100,14,17,6,'C~O',3,5,'BAS',0,'',0,NULL,0),(9,813,'starred','nectarcrm_crmentity_user_field',1,'56','starred','starred',1,2,'',100,24,19,6,'C~O',3,6,'BAS',0,'',0,NULL,0),(10,814,'starred','nectarcrm_crmentity_user_field',1,'56','starred','starred',1,2,'',100,15,21,6,'C~O',3,3,'BAS',0,'',0,NULL,0),(13,815,'starred','nectarcrm_crmentity_user_field',1,'56','starred','starred',1,2,'',100,19,25,6,'C~O',3,6,'BAS',0,'',0,NULL,0),(14,816,'starred','nectarcrm_crmentity_user_field',1,'56','starred','starred',1,2,'',100,24,31,6,'C~O',3,7,'BAS',0,'',0,NULL,0),(15,817,'starred','nectarcrm_crmentity_user_field',1,'56','starred','starred',1,2,'',100,10,37,6,'C~O',3,2,'BAS',0,'',0,NULL,0),(16,818,'starred','nectarcrm_crmentity_user_field',1,'56','starred','starred',1,2,'',100,24,39,6,'C~O',3,8,'BAS',0,'',0,NULL,0),(18,819,'starred','nectarcrm_crmentity_user_field',1,'56','starred','starred',1,2,'',100,15,42,6,'C~O',3,5,'BAS',0,'',0,NULL,0),(19,820,'starred','nectarcrm_crmentity_user_field',1,'56','starred','starred',1,2,'',100,9,46,6,'C~O',3,5,'BAS',0,'',0,NULL,0),(20,821,'starred','nectarcrm_crmentity_user_field',1,'56','starred','starred',1,2,'',100,25,49,6,'C~O',3,3,'BAS',0,'',0,NULL,0),(21,822,'starred','nectarcrm_crmentity_user_field',1,'56','starred','starred',1,2,'',100,27,55,6,'C~O',3,3,'BAS',0,'',0,NULL,0),(22,823,'starred','nectarcrm_crmentity_user_field',1,'56','starred','starred',1,2,'',100,25,61,6,'C~O',3,3,'BAS',0,'',0,NULL,0),(23,824,'starred','nectarcrm_crmentity_user_field',1,'56','starred','starred',1,2,'',100,28,67,6,'C~O',3,3,'BAS',0,'',0,NULL,0),(26,825,'starred','nectarcrm_crmentity_user_field',1,'56','starred','starred',1,2,'',100,18,74,6,'C~O',3,9,'BAS',0,'',0,NULL,0),(30,826,'starred','nectarcrm_crmentity_user_field',1,'56','starred','starred',1,2,'',100,18,88,6,'C~O',3,2,'BAS',0,'',0,NULL,0),(2,827,'tags','nectarcrm_potential',1,'1','tags','tags',1,2,'',100,22,1,6,'V~O',3,9,'BAS',0,'',0,NULL,0),(4,828,'tags','nectarcrm_contactdetails',1,'1','tags','tags',1,2,'',100,32,4,6,'V~O',3,9,'BAS',0,'',0,NULL,0),(6,829,'tags','nectarcrm_account',1,'1','tags','tags',1,2,'',100,27,9,6,'V~O',3,7,'BAS',0,'',0,NULL,0),(7,830,'tags','nectarcrm_leaddetails',1,'1','tags','tags',1,2,'',100,27,13,6,'V~O',3,9,'BAS',0,'',0,NULL,0),(8,831,'tags','nectarcrm_notes',1,'1','tags','tags',1,2,'',100,15,17,6,'V~O',3,6,'BAS',0,'',0,NULL,0),(9,832,'tags','nectarcrm_activity',1,'1','tags','tags',1,2,'',100,25,19,6,'V~O',3,7,'BAS',0,'',0,NULL,0),(10,833,'tags','nectarcrm_activity',1,'1','tags','tags',1,2,'',100,16,21,6,'V~O',3,4,'BAS',0,'',0,NULL,0),(13,834,'tags','nectarcrm_troubletickets',1,'1','tags','tags',1,2,'',100,20,25,6,'V~O',3,7,'BAS',0,'',0,NULL,0),(14,835,'tags','nectarcrm_products',1,'1','tags','tags',1,2,'',100,25,31,6,'V~O',3,8,'BAS',0,'',0,NULL,0),(15,836,'tags','nectarcrm_faq',1,'1','tags','tags',1,2,'',100,11,37,6,'V~O',3,3,'BAS',0,'',0,NULL,0),(16,837,'tags','nectarcrm_activity',1,'1','tags','tags',1,2,'',100,25,39,6,'V~O',3,9,'BAS',0,'',0,NULL,0),(18,838,'tags','nectarcrm_vendor',1,'1','tags','tags',1,2,'',100,16,42,6,'V~O',3,6,'BAS',0,'',0,NULL,0),(19,839,'tags','nectarcrm_pricebook',1,'1','tags','tags',1,2,'',100,10,46,6,'V~O',3,6,'BAS',0,'',0,NULL,0),(20,840,'tags','nectarcrm_quotes',1,'1','tags','tags',1,2,'',100,26,49,6,'V~O',3,4,'BAS',0,'',0,NULL,0),(21,841,'tags','nectarcrm_purchaseorder',1,'1','tags','tags',1,2,'',100,28,55,6,'V~O',3,4,'BAS',0,'',0,NULL,0),(22,842,'tags','nectarcrm_salesorder',1,'1','tags','tags',1,2,'',100,26,61,6,'V~O',3,4,'BAS',0,'',0,NULL,0),(23,843,'tags','nectarcrm_invoice',1,'1','tags','tags',1,2,'',100,29,67,6,'V~O',3,4,'BAS',0,'',0,NULL,0),(26,844,'tags','nectarcrm_campaign',1,'1','tags','tags',1,2,'',100,19,74,6,'V~O',3,10,'BAS',0,'',0,NULL,0),(30,845,'tags','nectarcrm_pbxmanager',1,'1','tags','tags',1,2,'',100,19,88,6,'V~O',3,3,'BAS',0,'',0,NULL,0),(20,846,'region_id','nectarcrm_quotes',1,'16','region_id','Tax Region',0,2,'',100,18,116,5,'N~O',1,0,'BAS',0,'',0,NULL,0),(21,847,'region_id','nectarcrm_purchaseorder',1,'16','region_id','Tax Region',0,2,'',100,16,115,5,'N~O',1,0,'BAS',0,'',0,NULL,0),(22,848,'region_id','nectarcrm_salesorder',1,'16','region_id','Tax Region',0,2,'',100,19,114,5,'N~O',1,0,'BAS',0,'',0,NULL,0),(23,849,'region_id','nectarcrm_invoice',1,'16','region_id','Tax Region',0,2,'',100,17,113,5,'N~O',1,0,'BAS',0,'',0,NULL,0),(46,850,'isconvertedfrompotential','nectarcrm_project',1,'56','isconvertedfrompotential','Is Converted From Opportunity',1,2,'',100,13,107,1,'C~O',1,0,'BAS',1,'',0,NULL,0),(46,851,'potentialid','nectarcrm_project',1,'10','potentialid','Potential Name',1,2,'',100,14,107,1,'I~O',1,0,'BAS',1,'',0,NULL,0),(26,853,'cf_852','nectarcrm_campaignscf',2,'1','cf_852','N',1,2,'',100,20,74,1,'V~M~LE~9',2,11,'BAS',1,'',1,0,0),(4,855,'cf_854','nectarcrm_contactscf',2,'1','cf_854','Nn',1,2,'',100,2,73,1,'V~M~LE~9',2,10,'BAS',1,'',0,1,0),(40,857,'cf_856','nectarcrm_assetscf',2,'7','cf_856','Nnn',1,2,'',100,17,95,1,'NN~O',2,0,'BAS',2,'',0,1,0),(23,858,'tax4','nectarcrm_inventoryproductrel',1,'83','tax4','GST',0,2,'',100,18,113,5,'V~O',1,0,'BAS',0,'',0,NULL,0),(20,859,'tax4','nectarcrm_inventoryproductrel',1,'83','tax4','GST',0,2,'',100,19,116,5,'V~O',1,0,'BAS',0,'',0,NULL,0),(21,860,'tax4','nectarcrm_inventoryproductrel',1,'83','tax4','GST',0,2,'',100,17,115,5,'V~O',1,0,'BAS',0,'',0,NULL,0),(22,861,'tax4','nectarcrm_inventoryproductrel',1,'83','tax4','GST',0,2,'',100,20,114,5,'V~O',1,0,'BAS',0,'',0,NULL,0);
/*!40000 ALTER TABLE `nectarcrm_field` ENABLE KEYS */;
UNLOCK TABLES;

--
-- Table structure for table `nectarcrm_field_seq`
--

DROP TABLE IF EXISTS `nectarcrm_field_seq`;
/*!40101 SET @saved_cs_client     = @@character_set_client */;
/*!40101 SET character_set_client = utf8 */;
CREATE TABLE `nectarcrm_field_seq` (
  `id` int(11) NOT NULL
) ENGINE=InnoDB DEFAULT CHARSET=utf8;
/*!40101 SET character_set_client = @saved_cs_client */;

--
-- Dumping data for table `nectarcrm_field_seq`
--

LOCK TABLES `nectarcrm_field_seq` WRITE;
/*!40000 ALTER TABLE `nectarcrm_field_seq` DISABLE KEYS */;
INSERT INTO `nectarcrm_field_seq` VALUES (861);
/*!40000 ALTER TABLE `nectarcrm_field_seq` ENABLE KEYS */;
UNLOCK TABLES;

--
-- Table structure for table `nectarcrm_fieldmodulerel`
--

DROP TABLE IF EXISTS `nectarcrm_fieldmodulerel`;
/*!40101 SET @saved_cs_client     = @@character_set_client */;
/*!40101 SET character_set_client = utf8 */;
CREATE TABLE `nectarcrm_fieldmodulerel` (
  `fieldid` int(11) NOT NULL,
  `module` varchar(100) NOT NULL,
  `relmodule` varchar(100) NOT NULL,
  `status` varchar(10) DEFAULT NULL,
  `sequence` int(11) DEFAULT NULL
) ENGINE=InnoDB DEFAULT CHARSET=utf8;
/*!40101 SET character_set_client = @saved_cs_client */;

--
-- Dumping data for table `nectarcrm_fieldmodulerel`
--

LOCK TABLES `nectarcrm_fieldmodulerel` WRITE;
/*!40000 ALTER TABLE `nectarcrm_fieldmodulerel` DISABLE KEYS */;
INSERT INTO `nectarcrm_fieldmodulerel` VALUES (113,'Potentials','Accounts',NULL,0),(535,'PBXManager','Leads',NULL,NULL),(535,'PBXManager','Contacts',NULL,NULL),(535,'PBXManager','Accounts',NULL,NULL),(571,'ServiceContracts','Contacts',NULL,NULL),(571,'ServiceContracts','Accounts',NULL,NULL),(589,'Assets','Products',NULL,NULL),(595,'Assets','Invoice',NULL,NULL),(600,'Assets','Accounts',NULL,NULL),(601,'Assets','Contacts',NULL,NULL),(613,'ModComments','Leads',NULL,NULL),(613,'ModComments','Contacts',NULL,NULL),(613,'ModComments','Accounts',NULL,NULL),(615,'ModComments','ModComments',NULL,NULL),(613,'ModComments','Potentials',NULL,NULL),(619,'ProjectMilestone','Project',NULL,NULL),(633,'ProjectTask','Project',NULL,NULL),(613,'ModComments','ProjectTask',NULL,NULL),(654,'Project','Accounts',NULL,NULL),(654,'Project','Contacts',NULL,NULL),(613,'ModComments','Project',NULL,NULL),(676,'Invoice','Products',NULL,NULL),(676,'Invoice','Services',NULL,NULL),(685,'SalesOrder','Products',NULL,NULL),(685,'SalesOrder','Services',NULL,NULL),(694,'PurchaseOrder','Products',NULL,NULL),(694,'PurchaseOrder','Services',NULL,NULL),(703,'Quotes','Products',NULL,NULL),(703,'Quotes','Services',NULL,NULL),(714,'ModComments','Contacts',NULL,NULL),(613,'ModComments','HelpDesk',NULL,NULL),(613,'ModComments','Faq',NULL,NULL),(740,'Potentials','Contacts',NULL,NULL),(157,'HelpDesk','Accounts',NULL,NULL),(741,'HelpDesk','Contacts',NULL,NULL),(238,'Accounts','Calendar',NULL,NULL),(238,'Leads','Calendar',NULL,NULL),(238,'HelpDesk','Calendar',NULL,NULL),(238,'Campaigns','Calendar',NULL,NULL),(238,'Potentials','Calendar',NULL,NULL),(238,'PurchaseOrder','Calendar',NULL,NULL),(238,'SalesOrder','Calendar',NULL,NULL),(238,'Quotes','Calendar',NULL,NULL),(238,'Invoice','Calendar',NULL,NULL),(239,'Contacts','Calendar',NULL,NULL),(774,'Invoice','Potentials',NULL,NULL),(613,'ModComments','Invoice',NULL,NULL),(613,'ModComments','Quotes',NULL,NULL),(613,'ModComments','PurchaseOrder',NULL,NULL),(613,'ModComments','SalesOrder',NULL,NULL),(851,'Project','Potentials',NULL,NULL);
/*!40000 ALTER TABLE `nectarcrm_fieldmodulerel` ENABLE KEYS */;
UNLOCK TABLES;

--
-- Table structure for table `nectarcrm_freetagged_objects`
--

DROP TABLE IF EXISTS `nectarcrm_freetagged_objects`;
/*!40101 SET @saved_cs_client     = @@character_set_client */;
/*!40101 SET character_set_client = utf8 */;
CREATE TABLE `nectarcrm_freetagged_objects` (
  `tag_id` int(20) NOT NULL DEFAULT '0',
  `tagger_id` int(20) NOT NULL DEFAULT '0',
  `object_id` int(20) NOT NULL DEFAULT '0',
  `tagged_on` timestamp NOT NULL DEFAULT CURRENT_TIMESTAMP,
  `module` varchar(100) DEFAULT NULL,
  PRIMARY KEY (`tag_id`,`tagger_id`,`object_id`),
  KEY `freetagged_objects_tag_id_tagger_id_object_id_idx` (`tag_id`,`tagger_id`,`object_id`)
) ENGINE=InnoDB DEFAULT CHARSET=utf8;
/*!40101 SET character_set_client = @saved_cs_client */;

--
-- Dumping data for table `nectarcrm_freetagged_objects`
--

LOCK TABLES `nectarcrm_freetagged_objects` WRITE;
/*!40000 ALTER TABLE `nectarcrm_freetagged_objects` DISABLE KEYS */;
/*!40000 ALTER TABLE `nectarcrm_freetagged_objects` ENABLE KEYS */;
UNLOCK TABLES;

--
-- Table structure for table `nectarcrm_freetags`
--

DROP TABLE IF EXISTS `nectarcrm_freetags`;
/*!40101 SET @saved_cs_client     = @@character_set_client */;
/*!40101 SET character_set_client = utf8 */;
CREATE TABLE `nectarcrm_freetags` (
  `id` int(19) NOT NULL,
  `tag` varchar(50) NOT NULL DEFAULT '',
  `raw_tag` varchar(50) NOT NULL DEFAULT '',
  `visibility` varchar(100) NOT NULL DEFAULT 'PRIVATE',
  `owner` int(19) NOT NULL,
  PRIMARY KEY (`id`)
) ENGINE=InnoDB DEFAULT CHARSET=utf8;
/*!40101 SET character_set_client = @saved_cs_client */;

--
-- Dumping data for table `nectarcrm_freetags`
--

LOCK TABLES `nectarcrm_freetags` WRITE;
/*!40000 ALTER TABLE `nectarcrm_freetags` DISABLE KEYS */;
INSERT INTO `nectarcrm_freetags` VALUES (2,'dmeo','dmeo','public',1);
/*!40000 ALTER TABLE `nectarcrm_freetags` ENABLE KEYS */;
UNLOCK TABLES;

--
-- Table structure for table `nectarcrm_freetags_seq`
--

DROP TABLE IF EXISTS `nectarcrm_freetags_seq`;
/*!40101 SET @saved_cs_client     = @@character_set_client */;
/*!40101 SET character_set_client = utf8 */;
CREATE TABLE `nectarcrm_freetags_seq` (
  `id` int(11) NOT NULL
) ENGINE=InnoDB DEFAULT CHARSET=utf8;
/*!40101 SET character_set_client = @saved_cs_client */;

--
-- Dumping data for table `nectarcrm_freetags_seq`
--

LOCK TABLES `nectarcrm_freetags_seq` WRITE;
/*!40000 ALTER TABLE `nectarcrm_freetags_seq` DISABLE KEYS */;
INSERT INTO `nectarcrm_freetags_seq` VALUES (2);
/*!40000 ALTER TABLE `nectarcrm_freetags_seq` ENABLE KEYS */;
UNLOCK TABLES;

--
-- Table structure for table `nectarcrm_glacct`
--

DROP TABLE IF EXISTS `nectarcrm_glacct`;
/*!40101 SET @saved_cs_client     = @@character_set_client */;
/*!40101 SET character_set_client = utf8 */;
CREATE TABLE `nectarcrm_glacct` (
  `glacctid` int(19) NOT NULL AUTO_INCREMENT,
  `glacct` varchar(200) NOT NULL,
  `presence` int(1) NOT NULL DEFAULT '1',
  `picklist_valueid` int(19) NOT NULL DEFAULT '0',
  `sortorderid` int(11) DEFAULT NULL,
  `color` varchar(10) DEFAULT NULL,
  PRIMARY KEY (`glacctid`),
  UNIQUE KEY `glacct_glacct_idx` (`glacct`)
) ENGINE=InnoDB AUTO_INCREMENT=10 DEFAULT CHARSET=utf8;
/*!40101 SET character_set_client = @saved_cs_client */;

--
-- Dumping data for table `nectarcrm_glacct`
--

LOCK TABLES `nectarcrm_glacct` WRITE;
/*!40000 ALTER TABLE `nectarcrm_glacct` DISABLE KEYS */;
INSERT INTO `nectarcrm_glacct` VALUES (1,'300-Sales-Software',1,51,0,NULL),(2,'301-Sales-Hardware',1,52,1,NULL),(3,'302-Rental-Income',1,53,2,NULL),(4,'303-Interest-Income',1,54,3,NULL),(5,'304-Sales-Software-Support',1,55,4,NULL),(6,'305-Sales Other',1,56,5,NULL),(7,'306-Internet Sales',1,57,6,NULL),(8,'307-Service-Hardware Labor',1,58,7,NULL),(9,'308-Sales-Books',1,59,8,NULL);
/*!40000 ALTER TABLE `nectarcrm_glacct` ENABLE KEYS */;
UNLOCK TABLES;

--
-- Table structure for table `nectarcrm_glacct_seq`
--

DROP TABLE IF EXISTS `nectarcrm_glacct_seq`;
/*!40101 SET @saved_cs_client     = @@character_set_client */;
/*!40101 SET character_set_client = utf8 */;
CREATE TABLE `nectarcrm_glacct_seq` (
  `id` int(11) NOT NULL
) ENGINE=InnoDB DEFAULT CHARSET=utf8;
/*!40101 SET character_set_client = @saved_cs_client */;

--
-- Dumping data for table `nectarcrm_glacct_seq`
--

LOCK TABLES `nectarcrm_glacct_seq` WRITE;
/*!40000 ALTER TABLE `nectarcrm_glacct_seq` DISABLE KEYS */;
INSERT INTO `nectarcrm_glacct_seq` VALUES (9);
/*!40000 ALTER TABLE `nectarcrm_glacct_seq` ENABLE KEYS */;
UNLOCK TABLES;

--
-- Table structure for table `nectarcrm_google_event_calendar_mapping`
--

DROP TABLE IF EXISTS `nectarcrm_google_event_calendar_mapping`;
/*!40101 SET @saved_cs_client     = @@character_set_client */;
/*!40101 SET character_set_client = utf8 */;
CREATE TABLE `nectarcrm_google_event_calendar_mapping` (
  `event_id` varchar(255) DEFAULT NULL,
  `calendar_id` varchar(255) DEFAULT NULL,
  `user_id` int(11) NOT NULL
) ENGINE=InnoDB DEFAULT CHARSET=utf8;
/*!40101 SET character_set_client = @saved_cs_client */;

--
-- Dumping data for table `nectarcrm_google_event_calendar_mapping`
--

LOCK TABLES `nectarcrm_google_event_calendar_mapping` WRITE;
/*!40000 ALTER TABLE `nectarcrm_google_event_calendar_mapping` DISABLE KEYS */;
/*!40000 ALTER TABLE `nectarcrm_google_event_calendar_mapping` ENABLE KEYS */;
UNLOCK TABLES;

--
-- Table structure for table `nectarcrm_google_oauth2`
--

DROP TABLE IF EXISTS `nectarcrm_google_oauth2`;
/*!40101 SET @saved_cs_client     = @@character_set_client */;
/*!40101 SET character_set_client = utf8 */;
CREATE TABLE `nectarcrm_google_oauth2` (
  `service` varchar(20) DEFAULT NULL,
  `access_token` varchar(500) DEFAULT NULL,
  `refresh_token` varchar(500) DEFAULT NULL,
  `userid` int(19) DEFAULT NULL
) ENGINE=InnoDB DEFAULT CHARSET=utf8;
/*!40101 SET character_set_client = @saved_cs_client */;

--
-- Dumping data for table `nectarcrm_google_oauth2`
--

LOCK TABLES `nectarcrm_google_oauth2` WRITE;
/*!40000 ALTER TABLE `nectarcrm_google_oauth2` DISABLE KEYS */;
/*!40000 ALTER TABLE `nectarcrm_google_oauth2` ENABLE KEYS */;
UNLOCK TABLES;

--
-- Table structure for table `nectarcrm_google_sync_fieldmapping`
--

DROP TABLE IF EXISTS `nectarcrm_google_sync_fieldmapping`;
/*!40101 SET @saved_cs_client     = @@character_set_client */;
/*!40101 SET character_set_client = utf8 */;
CREATE TABLE `nectarcrm_google_sync_fieldmapping` (
  `nectarcrm_field` varchar(255) DEFAULT NULL,
  `google_field` varchar(255) DEFAULT NULL,
  `google_field_type` varchar(255) DEFAULT NULL,
  `google_custom_label` varchar(255) DEFAULT NULL,
  `user` int(11) DEFAULT NULL
) ENGINE=InnoDB DEFAULT CHARSET=utf8;
/*!40101 SET character_set_client = @saved_cs_client */;

--
-- Dumping data for table `nectarcrm_google_sync_fieldmapping`
--

LOCK TABLES `nectarcrm_google_sync_fieldmapping` WRITE;
/*!40000 ALTER TABLE `nectarcrm_google_sync_fieldmapping` DISABLE KEYS */;
/*!40000 ALTER TABLE `nectarcrm_google_sync_fieldmapping` ENABLE KEYS */;
UNLOCK TABLES;

--
-- Table structure for table `nectarcrm_google_sync_settings`
--

DROP TABLE IF EXISTS `nectarcrm_google_sync_settings`;
/*!40101 SET @saved_cs_client     = @@character_set_client */;
/*!40101 SET character_set_client = utf8 */;
CREATE TABLE `nectarcrm_google_sync_settings` (
  `user` int(11) DEFAULT NULL,
  `module` varchar(50) DEFAULT NULL,
  `clientgroup` varchar(255) DEFAULT NULL,
  `direction` varchar(50) DEFAULT NULL,
  `enabled` tinyint(3) DEFAULT '1'
) ENGINE=InnoDB DEFAULT CHARSET=utf8;
/*!40101 SET character_set_client = @saved_cs_client */;

--
-- Dumping data for table `nectarcrm_google_sync_settings`
--

LOCK TABLES `nectarcrm_google_sync_settings` WRITE;
/*!40000 ALTER TABLE `nectarcrm_google_sync_settings` DISABLE KEYS */;
/*!40000 ALTER TABLE `nectarcrm_google_sync_settings` ENABLE KEYS */;
UNLOCK TABLES;

--
-- Table structure for table `nectarcrm_group2grouprel`
--

DROP TABLE IF EXISTS `nectarcrm_group2grouprel`;
/*!40101 SET @saved_cs_client     = @@character_set_client */;
/*!40101 SET character_set_client = utf8 */;
CREATE TABLE `nectarcrm_group2grouprel` (
  `groupid` int(19) NOT NULL,
  `containsgroupid` int(19) NOT NULL,
  PRIMARY KEY (`groupid`,`containsgroupid`),
  CONSTRAINT `fk_2_nectarcrm_group2grouprel` FOREIGN KEY (`groupid`) REFERENCES `nectarcrm_groups` (`groupid`) ON DELETE CASCADE ON UPDATE CASCADE
) ENGINE=InnoDB DEFAULT CHARSET=utf8;
/*!40101 SET character_set_client = @saved_cs_client */;

--
-- Dumping data for table `nectarcrm_group2grouprel`
--

LOCK TABLES `nectarcrm_group2grouprel` WRITE;
/*!40000 ALTER TABLE `nectarcrm_group2grouprel` DISABLE KEYS */;
INSERT INTO `nectarcrm_group2grouprel` VALUES (7,3),(7,4),(14,2),(14,4);
/*!40000 ALTER TABLE `nectarcrm_group2grouprel` ENABLE KEYS */;
UNLOCK TABLES;

--
-- Table structure for table `nectarcrm_group2role`
--

DROP TABLE IF EXISTS `nectarcrm_group2role`;
/*!40101 SET @saved_cs_client     = @@character_set_client */;
/*!40101 SET character_set_client = utf8 */;
CREATE TABLE `nectarcrm_group2role` (
  `groupid` int(19) NOT NULL,
  `roleid` varchar(255) NOT NULL,
  PRIMARY KEY (`groupid`,`roleid`),
  KEY `fk_2_nectarcrm_group2role` (`roleid`),
  CONSTRAINT `fk_2_nectarcrm_group2role` FOREIGN KEY (`roleid`) REFERENCES `nectarcrm_role` (`roleid`) ON DELETE CASCADE
) ENGINE=InnoDB DEFAULT CHARSET=utf8;
/*!40101 SET character_set_client = @saved_cs_client */;

--
-- Dumping data for table `nectarcrm_group2role`
--

LOCK TABLES `nectarcrm_group2role` WRITE;
/*!40000 ALTER TABLE `nectarcrm_group2role` DISABLE KEYS */;
INSERT INTO `nectarcrm_group2role` VALUES (3,'H2'),(7,'H2'),(4,'H3'),(2,'H4');
/*!40000 ALTER TABLE `nectarcrm_group2role` ENABLE KEYS */;
UNLOCK TABLES;

--
-- Table structure for table `nectarcrm_group2rs`
--

DROP TABLE IF EXISTS `nectarcrm_group2rs`;
/*!40101 SET @saved_cs_client     = @@character_set_client */;
/*!40101 SET character_set_client = utf8 */;
CREATE TABLE `nectarcrm_group2rs` (
  `groupid` int(19) NOT NULL,
  `roleandsubid` varchar(255) NOT NULL,
  PRIMARY KEY (`groupid`,`roleandsubid`),
  KEY `fk_2_nectarcrm_group2rs` (`roleandsubid`),
  CONSTRAINT `fk_2_nectarcrm_group2rs` FOREIGN KEY (`roleandsubid`) REFERENCES `nectarcrm_role` (`roleid`) ON DELETE CASCADE
) ENGINE=InnoDB DEFAULT CHARSET=utf8;
/*!40101 SET character_set_client = @saved_cs_client */;

--
-- Dumping data for table `nectarcrm_group2rs`
--

LOCK TABLES `nectarcrm_group2rs` WRITE;
/*!40000 ALTER TABLE `nectarcrm_group2rs` DISABLE KEYS */;
INSERT INTO `nectarcrm_group2rs` VALUES (3,'H3'),(4,'H3');
/*!40000 ALTER TABLE `nectarcrm_group2rs` ENABLE KEYS */;
UNLOCK TABLES;

--
-- Table structure for table `nectarcrm_groups`
--

DROP TABLE IF EXISTS `nectarcrm_groups`;
/*!40101 SET @saved_cs_client     = @@character_set_client */;
/*!40101 SET character_set_client = utf8 */;
CREATE TABLE `nectarcrm_groups` (
  `groupid` int(19) NOT NULL,
  `groupname` varchar(100) DEFAULT NULL,
  `description` text,
  PRIMARY KEY (`groupid`),
  UNIQUE KEY `groups_groupname_idx` (`groupname`)
) ENGINE=InnoDB DEFAULT CHARSET=utf8;
/*!40101 SET character_set_client = @saved_cs_client */;

--
-- Dumping data for table `nectarcrm_groups`
--

LOCK TABLES `nectarcrm_groups` WRITE;
/*!40000 ALTER TABLE `nectarcrm_groups` DISABLE KEYS */;
INSERT INTO `nectarcrm_groups` VALUES (2,'Team Selling','Group Related to Sales'),(3,'Marketing Group','Group Related to Marketing Activities'),(4,'Support Group','Group Related to providing Support to Customers'),(7,'Nectar',''),(14,'Sales ','sales');
/*!40000 ALTER TABLE `nectarcrm_groups` ENABLE KEYS */;
UNLOCK TABLES;

--
-- Table structure for table `nectarcrm_home_layout`
--

DROP TABLE IF EXISTS `nectarcrm_home_layout`;
/*!40101 SET @saved_cs_client     = @@character_set_client */;
/*!40101 SET character_set_client = utf8 */;
CREATE TABLE `nectarcrm_home_layout` (
  `userid` int(19) NOT NULL,
  `layout` int(19) NOT NULL DEFAULT '4',
  PRIMARY KEY (`userid`)
) ENGINE=InnoDB DEFAULT CHARSET=utf8;
/*!40101 SET character_set_client = @saved_cs_client */;

--
-- Dumping data for table `nectarcrm_home_layout`
--

LOCK TABLES `nectarcrm_home_layout` WRITE;
/*!40000 ALTER TABLE `nectarcrm_home_layout` DISABLE KEYS */;
/*!40000 ALTER TABLE `nectarcrm_home_layout` ENABLE KEYS */;
UNLOCK TABLES;

--
-- Table structure for table `nectarcrm_homedashbd`
--

DROP TABLE IF EXISTS `nectarcrm_homedashbd`;
/*!40101 SET @saved_cs_client     = @@character_set_client */;
/*!40101 SET character_set_client = utf8 */;
CREATE TABLE `nectarcrm_homedashbd` (
  `stuffid` int(19) NOT NULL DEFAULT '0',
  `dashbdname` varchar(100) DEFAULT NULL,
  `dashbdtype` varchar(100) DEFAULT NULL,
  PRIMARY KEY (`stuffid`),
  KEY `stuff_stuffid_idx` (`stuffid`),
  CONSTRAINT `fk_1_nectarcrm_homedashbd` FOREIGN KEY (`stuffid`) REFERENCES `nectarcrm_homestuff` (`stuffid`) ON DELETE CASCADE
) ENGINE=InnoDB DEFAULT CHARSET=utf8;
/*!40101 SET character_set_client = @saved_cs_client */;

--
-- Dumping data for table `nectarcrm_homedashbd`
--

LOCK TABLES `nectarcrm_homedashbd` WRITE;
/*!40000 ALTER TABLE `nectarcrm_homedashbd` DISABLE KEYS */;
/*!40000 ALTER TABLE `nectarcrm_homedashbd` ENABLE KEYS */;
UNLOCK TABLES;

--
-- Table structure for table `nectarcrm_homedefault`
--

DROP TABLE IF EXISTS `nectarcrm_homedefault`;
/*!40101 SET @saved_cs_client     = @@character_set_client */;
/*!40101 SET character_set_client = utf8 */;
CREATE TABLE `nectarcrm_homedefault` (
  `stuffid` int(19) NOT NULL DEFAULT '0',
  `hometype` varchar(30) NOT NULL,
  `maxentries` int(19) DEFAULT NULL,
  `setype` varchar(30) DEFAULT NULL,
  PRIMARY KEY (`stuffid`),
  KEY `stuff_stuffid_idx` (`stuffid`),
  CONSTRAINT `fk_1_nectarcrm_homedefault` FOREIGN KEY (`stuffid`) REFERENCES `nectarcrm_homestuff` (`stuffid`) ON DELETE CASCADE
) ENGINE=InnoDB DEFAULT CHARSET=utf8;
/*!40101 SET character_set_client = @saved_cs_client */;

--
-- Dumping data for table `nectarcrm_homedefault`
--

LOCK TABLES `nectarcrm_homedefault` WRITE;
/*!40000 ALTER TABLE `nectarcrm_homedefault` DISABLE KEYS */;
INSERT INTO `nectarcrm_homedefault` VALUES (1,'ALVT',5,'Accounts'),(2,'HDB',5,'Dashboard'),(3,'PLVT',5,'Potentials'),(4,'QLTQ',5,'Quotes'),(5,'CVLVT',5,'NULL'),(6,'HLT',5,'HelpDesk'),(7,'UA',5,'Calendar'),(8,'GRT',5,'NULL'),(9,'OLTSO',5,'SalesOrder'),(10,'ILTI',5,'Invoice'),(11,'MNL',5,'Leads'),(12,'OLTPO',5,'PurchaseOrder'),(13,'PA',5,'Calendar'),(14,'LTFAQ',5,'Faq'),(16,'ALVT',5,'Accounts'),(17,'HDB',5,'Dashboard'),(18,'PLVT',5,'Potentials'),(19,'QLTQ',5,'Quotes'),(20,'CVLVT',5,'NULL'),(21,'HLT',5,'HelpDesk'),(22,'UA',5,'Calendar'),(23,'GRT',5,'NULL'),(24,'OLTSO',5,'SalesOrder'),(25,'ILTI',5,'Invoice'),(26,'MNL',5,'Leads'),(27,'OLTPO',5,'PurchaseOrder'),(28,'PA',5,'Calendar'),(29,'LTFAQ',5,'Faq'),(31,'ALVT',5,'Accounts'),(32,'HDB',5,'Dashboard'),(33,'PLVT',5,'Potentials'),(34,'QLTQ',5,'Quotes'),(35,'CVLVT',5,'NULL'),(36,'HLT',5,'HelpDesk'),(37,'UA',5,'Calendar'),(38,'GRT',5,'NULL'),(39,'OLTSO',5,'SalesOrder'),(40,'ILTI',5,'Invoice'),(41,'MNL',5,'Leads'),(42,'OLTPO',5,'PurchaseOrder'),(43,'PA',5,'Calendar'),(44,'LTFAQ',5,'Faq'),(46,'ALVT',5,'Accounts'),(47,'HDB',5,'Dashboard'),(48,'PLVT',5,'Potentials'),(49,'QLTQ',5,'Quotes'),(50,'CVLVT',5,'NULL'),(51,'HLT',5,'HelpDesk'),(52,'UA',5,'Calendar'),(53,'GRT',5,'NULL'),(54,'OLTSO',5,'SalesOrder'),(55,'ILTI',5,'Invoice'),(56,'MNL',5,'Leads'),(57,'OLTPO',5,'PurchaseOrder'),(58,'PA',5,'Calendar'),(59,'LTFAQ',5,'Faq'),(61,'ALVT',5,'Accounts'),(62,'HDB',5,'Dashboard'),(63,'PLVT',5,'Potentials'),(64,'QLTQ',5,'Quotes'),(65,'CVLVT',5,'NULL'),(66,'HLT',5,'HelpDesk'),(67,'UA',5,'Calendar'),(68,'GRT',5,'NULL'),(69,'OLTSO',5,'SalesOrder'),(70,'ILTI',5,'Invoice'),(71,'MNL',5,'Leads'),(72,'OLTPO',5,'PurchaseOrder'),(73,'PA',5,'Calendar'),(74,'LTFAQ',5,'Faq'),(76,'ALVT',5,'Accounts'),(77,'HDB',5,'Dashboard'),(78,'PLVT',5,'Potentials'),(79,'QLTQ',5,'Quotes'),(80,'CVLVT',5,'NULL'),(81,'HLT',5,'HelpDesk'),(82,'UA',5,'Calendar'),(83,'GRT',5,'NULL'),(84,'OLTSO',5,'SalesOrder'),(85,'ILTI',5,'Invoice'),(86,'MNL',5,'Leads'),(87,'OLTPO',5,'PurchaseOrder'),(88,'PA',5,'Calendar'),(89,'LTFAQ',5,'Faq'),(91,'ALVT',5,'Accounts'),(92,'HDB',5,'Dashboard'),(93,'PLVT',5,'Potentials'),(94,'QLTQ',5,'Quotes'),(95,'CVLVT',5,'NULL'),(96,'HLT',5,'HelpDesk'),(97,'UA',5,'Calendar'),(98,'GRT',5,'NULL'),(99,'OLTSO',5,'SalesOrder'),(100,'ILTI',5,'Invoice'),(101,'MNL',5,'Leads'),(102,'OLTPO',5,'PurchaseOrder'),(103,'PA',5,'Calendar'),(104,'LTFAQ',5,'Faq'),(106,'ALVT',5,'Accounts'),(107,'HDB',5,'Dashboard'),(108,'PLVT',5,'Potentials'),(109,'QLTQ',5,'Quotes'),(110,'CVLVT',5,'NULL'),(111,'HLT',5,'HelpDesk'),(112,'UA',5,'Calendar'),(113,'GRT',5,'NULL'),(114,'OLTSO',5,'SalesOrder'),(115,'ILTI',5,'Invoice'),(116,'MNL',5,'Leads'),(117,'OLTPO',5,'PurchaseOrder'),(118,'PA',5,'Calendar'),(119,'LTFAQ',5,'Faq'),(121,'ALVT',5,'Accounts'),(122,'HDB',5,'Dashboard'),(123,'PLVT',5,'Potentials'),(124,'QLTQ',5,'Quotes'),(125,'CVLVT',5,'NULL'),(126,'HLT',5,'HelpDesk'),(127,'UA',5,'Calendar'),(128,'GRT',5,'NULL'),(129,'OLTSO',5,'SalesOrder'),(130,'ILTI',5,'Invoice'),(131,'MNL',5,'Leads'),(132,'OLTPO',5,'PurchaseOrder'),(133,'PA',5,'Calendar'),(134,'LTFAQ',5,'Faq');
/*!40000 ALTER TABLE `nectarcrm_homedefault` ENABLE KEYS */;
UNLOCK TABLES;

--
-- Table structure for table `nectarcrm_homemodule`
--

DROP TABLE IF EXISTS `nectarcrm_homemodule`;
/*!40101 SET @saved_cs_client     = @@character_set_client */;
/*!40101 SET character_set_client = utf8 */;
CREATE TABLE `nectarcrm_homemodule` (
  `stuffid` int(19) NOT NULL,
  `modulename` varchar(100) DEFAULT NULL,
  `maxentries` int(19) NOT NULL,
  `customviewid` int(19) NOT NULL,
  `setype` varchar(30) NOT NULL,
  PRIMARY KEY (`stuffid`),
  KEY `stuff_stuffid_idx` (`stuffid`),
  CONSTRAINT `fk_1_nectarcrm_homemodule` FOREIGN KEY (`stuffid`) REFERENCES `nectarcrm_homestuff` (`stuffid`) ON DELETE CASCADE
) ENGINE=InnoDB DEFAULT CHARSET=utf8;
/*!40101 SET character_set_client = @saved_cs_client */;

--
-- Dumping data for table `nectarcrm_homemodule`
--

LOCK TABLES `nectarcrm_homemodule` WRITE;
/*!40000 ALTER TABLE `nectarcrm_homemodule` DISABLE KEYS */;
/*!40000 ALTER TABLE `nectarcrm_homemodule` ENABLE KEYS */;
UNLOCK TABLES;

--
-- Table structure for table `nectarcrm_homemoduleflds`
--

DROP TABLE IF EXISTS `nectarcrm_homemoduleflds`;
/*!40101 SET @saved_cs_client     = @@character_set_client */;
/*!40101 SET character_set_client = utf8 */;
CREATE TABLE `nectarcrm_homemoduleflds` (
  `stuffid` int(19) DEFAULT NULL,
  `fieldname` varchar(100) DEFAULT NULL,
  KEY `stuff_stuffid_idx` (`stuffid`),
  CONSTRAINT `fk_1_nectarcrm_homemoduleflds` FOREIGN KEY (`stuffid`) REFERENCES `nectarcrm_homemodule` (`stuffid`) ON DELETE CASCADE
) ENGINE=InnoDB DEFAULT CHARSET=utf8;
/*!40101 SET character_set_client = @saved_cs_client */;

--
-- Dumping data for table `nectarcrm_homemoduleflds`
--

LOCK TABLES `nectarcrm_homemoduleflds` WRITE;
/*!40000 ALTER TABLE `nectarcrm_homemoduleflds` DISABLE KEYS */;
/*!40000 ALTER TABLE `nectarcrm_homemoduleflds` ENABLE KEYS */;
UNLOCK TABLES;

--
-- Table structure for table `nectarcrm_homereportchart`
--

DROP TABLE IF EXISTS `nectarcrm_homereportchart`;
/*!40101 SET @saved_cs_client     = @@character_set_client */;
/*!40101 SET character_set_client = utf8 */;
CREATE TABLE `nectarcrm_homereportchart` (
  `stuffid` int(11) NOT NULL,
  `reportid` int(19) DEFAULT NULL,
  `reportcharttype` varchar(100) DEFAULT NULL,
  PRIMARY KEY (`stuffid`)
) ENGINE=InnoDB DEFAULT CHARSET=utf8;
/*!40101 SET character_set_client = @saved_cs_client */;

--
-- Dumping data for table `nectarcrm_homereportchart`
--

LOCK TABLES `nectarcrm_homereportchart` WRITE;
/*!40000 ALTER TABLE `nectarcrm_homereportchart` DISABLE KEYS */;
/*!40000 ALTER TABLE `nectarcrm_homereportchart` ENABLE KEYS */;
UNLOCK TABLES;

--
-- Table structure for table `nectarcrm_homerss`
--

DROP TABLE IF EXISTS `nectarcrm_homerss`;
/*!40101 SET @saved_cs_client     = @@character_set_client */;
/*!40101 SET character_set_client = utf8 */;
CREATE TABLE `nectarcrm_homerss` (
  `stuffid` int(19) NOT NULL DEFAULT '0',
  `url` varchar(100) DEFAULT NULL,
  `maxentries` int(19) NOT NULL,
  PRIMARY KEY (`stuffid`),
  KEY `stuff_stuffid_idx` (`stuffid`),
  CONSTRAINT `fk_1_nectarcrm_homerss` FOREIGN KEY (`stuffid`) REFERENCES `nectarcrm_homestuff` (`stuffid`) ON DELETE CASCADE
) ENGINE=InnoDB DEFAULT CHARSET=utf8;
/*!40101 SET character_set_client = @saved_cs_client */;

--
-- Dumping data for table `nectarcrm_homerss`
--

LOCK TABLES `nectarcrm_homerss` WRITE;
/*!40000 ALTER TABLE `nectarcrm_homerss` DISABLE KEYS */;
/*!40000 ALTER TABLE `nectarcrm_homerss` ENABLE KEYS */;
UNLOCK TABLES;

--
-- Table structure for table `nectarcrm_homestuff`
--

DROP TABLE IF EXISTS `nectarcrm_homestuff`;
/*!40101 SET @saved_cs_client     = @@character_set_client */;
/*!40101 SET character_set_client = utf8 */;
CREATE TABLE `nectarcrm_homestuff` (
  `stuffid` int(19) NOT NULL DEFAULT '0',
  `stuffsequence` int(19) NOT NULL DEFAULT '0',
  `stufftype` varchar(100) DEFAULT NULL,
  `userid` int(19) NOT NULL,
  `visible` int(10) NOT NULL DEFAULT '0',
  `stufftitle` varchar(100) DEFAULT NULL,
  PRIMARY KEY (`stuffid`),
  KEY `stuff_stuffid_idx` (`stuffid`),
  KEY `fk_1_nectarcrm_homestuff` (`userid`),
  CONSTRAINT `fk_1_nectarcrm_homestuff` FOREIGN KEY (`userid`) REFERENCES `nectarcrm_users` (`id`) ON DELETE CASCADE
) ENGINE=InnoDB DEFAULT CHARSET=utf8;
/*!40101 SET character_set_client = @saved_cs_client */;

--
-- Dumping data for table `nectarcrm_homestuff`
--

LOCK TABLES `nectarcrm_homestuff` WRITE;
/*!40000 ALTER TABLE `nectarcrm_homestuff` DISABLE KEYS */;
INSERT INTO `nectarcrm_homestuff` VALUES (1,1,'Default',1,1,'Top Accounts'),(2,2,'Default',1,1,'Home Page Dashboard'),(3,3,'Default',1,1,'Top Potentials'),(4,4,'Default',1,1,'Top Quotes'),(5,5,'Default',1,1,'Key Metrics'),(6,6,'Default',1,1,'Top Trouble Tickets'),(7,7,'Default',1,1,'Upcoming Activities'),(8,8,'Default',1,1,'My Group Allocation'),(9,9,'Default',1,1,'Top Sales Orders'),(10,10,'Default',1,1,'Top Invoices'),(11,11,'Default',1,1,'My New Leads'),(12,12,'Default',1,1,'Top Purchase Orders'),(13,13,'Default',1,1,'Pending Activities'),(14,14,'Default',1,1,'My Recent FAQs'),(15,15,'Tag Cloud',1,0,'Tag Cloud'),(16,1,'Default',5,1,'Top Accounts'),(17,2,'Default',5,1,'Home Page Dashboard'),(18,3,'Default',5,1,'Top Potentials'),(19,4,'Default',5,1,'Top Quotes'),(20,5,'Default',5,1,'Key Metrics'),(21,6,'Default',5,1,'Top Trouble Tickets'),(22,7,'Default',5,1,'Upcoming Activities'),(23,8,'Default',5,1,'My Group Allocation'),(24,9,'Default',5,1,'Top Sales Orders'),(25,10,'Default',5,1,'Top Invoices'),(26,11,'Default',5,1,'My New Leads'),(27,12,'Default',5,1,'Top Purchase Orders'),(28,13,'Default',5,1,'Pending Activities'),(29,14,'Default',5,1,'My Recent FAQs'),(30,15,'Tag Cloud',5,0,'Tag Cloud'),(31,1,'Default',6,1,'Top Accounts'),(32,2,'Default',6,1,'Home Page Dashboard'),(33,3,'Default',6,0,'Top Potentials'),(34,4,'Default',6,1,'Top Quotes'),(35,5,'Default',6,0,'Key Metrics'),(36,6,'Default',6,1,'Top Trouble Tickets'),(37,7,'Default',6,0,'Upcoming Activities'),(38,8,'Default',6,1,'My Group Allocation'),(39,9,'Default',6,1,'Top Sales Orders'),(40,10,'Default',6,1,'Top Invoices'),(41,11,'Default',6,1,'My New Leads'),(42,12,'Default',6,1,'Top Purchase Orders'),(43,13,'Default',6,1,'Pending Activities'),(44,14,'Default',6,1,'My Recent FAQs'),(45,15,'Tag Cloud',6,0,'Tag Cloud'),(46,1,'Default',8,1,'Top Accounts'),(47,2,'Default',8,1,'Home Page Dashboard'),(48,3,'Default',8,1,'Top Potentials'),(49,4,'Default',8,1,'Top Quotes'),(50,5,'Default',8,1,'Key Metrics'),(51,6,'Default',8,1,'Top Trouble Tickets'),(52,7,'Default',8,1,'Upcoming Activities'),(53,8,'Default',8,1,'My Group Allocation'),(54,9,'Default',8,1,'Top Sales Orders'),(55,10,'Default',8,1,'Top Invoices'),(56,11,'Default',8,1,'My New Leads'),(57,12,'Default',8,1,'Top Purchase Orders'),(58,13,'Default',8,1,'Pending Activities'),(59,14,'Default',8,1,'My Recent FAQs'),(60,15,'Tag Cloud',8,0,'Tag Cloud'),(61,1,'Default',9,1,'Top Accounts'),(62,2,'Default',9,1,'Home Page Dashboard'),(63,3,'Default',9,1,'Top Potentials'),(64,4,'Default',9,1,'Top Quotes'),(65,5,'Default',9,1,'Key Metrics'),(66,6,'Default',9,1,'Top Trouble Tickets'),(67,7,'Default',9,1,'Upcoming Activities'),(68,8,'Default',9,1,'My Group Allocation'),(69,9,'Default',9,1,'Top Sales Orders'),(70,10,'Default',9,1,'Top Invoices'),(71,11,'Default',9,1,'My New Leads'),(72,12,'Default',9,1,'Top Purchase Orders'),(73,13,'Default',9,1,'Pending Activities'),(74,14,'Default',9,1,'My Recent FAQs'),(75,15,'Tag Cloud',9,0,'Tag Cloud'),(76,1,'Default',10,1,'Top Accounts'),(77,2,'Default',10,1,'Home Page Dashboard'),(78,3,'Default',10,1,'Top Potentials'),(79,4,'Default',10,1,'Top Quotes'),(80,5,'Default',10,1,'Key Metrics'),(81,6,'Default',10,1,'Top Trouble Tickets'),(82,7,'Default',10,1,'Upcoming Activities'),(83,8,'Default',10,1,'My Group Allocation'),(84,9,'Default',10,1,'Top Sales Orders'),(85,10,'Default',10,1,'Top Invoices'),(86,11,'Default',10,1,'My New Leads'),(87,12,'Default',10,1,'Top Purchase Orders'),(88,13,'Default',10,1,'Pending Activities'),(89,14,'Default',10,1,'My Recent FAQs'),(90,15,'Tag Cloud',10,0,'Tag Cloud'),(91,1,'Default',11,1,'Top Accounts'),(92,2,'Default',11,1,'Home Page Dashboard'),(93,3,'Default',11,1,'Top Potentials'),(94,4,'Default',11,1,'Top Quotes'),(95,5,'Default',11,1,'Key Metrics'),(96,6,'Default',11,1,'Top Trouble Tickets'),(97,7,'Default',11,1,'Upcoming Activities'),(98,8,'Default',11,1,'My Group Allocation'),(99,9,'Default',11,1,'Top Sales Orders'),(100,10,'Default',11,1,'Top Invoices'),(101,11,'Default',11,1,'My New Leads'),(102,12,'Default',11,1,'Top Purchase Orders'),(103,13,'Default',11,1,'Pending Activities'),(104,14,'Default',11,1,'My Recent FAQs'),(105,15,'Tag Cloud',11,0,'Tag Cloud'),(106,1,'Default',12,1,'Top Accounts'),(107,2,'Default',12,1,'Home Page Dashboard'),(108,3,'Default',12,1,'Top Potentials'),(109,4,'Default',12,1,'Top Quotes'),(110,5,'Default',12,1,'Key Metrics'),(111,6,'Default',12,1,'Top Trouble Tickets'),(112,7,'Default',12,1,'Upcoming Activities'),(113,8,'Default',12,1,'My Group Allocation'),(114,9,'Default',12,1,'Top Sales Orders'),(115,10,'Default',12,1,'Top Invoices'),(116,11,'Default',12,1,'My New Leads'),(117,12,'Default',12,1,'Top Purchase Orders'),(118,13,'Default',12,1,'Pending Activities'),(119,14,'Default',12,1,'My Recent FAQs'),(120,15,'Tag Cloud',12,0,'Tag Cloud'),(121,1,'Default',13,1,'Top Accounts'),(122,2,'Default',13,1,'Home Page Dashboard'),(123,3,'Default',13,1,'Top Potentials'),(124,4,'Default',13,1,'Top Quotes'),(125,5,'Default',13,1,'Key Metrics'),(126,6,'Default',13,1,'Top Trouble Tickets'),(127,7,'Default',13,1,'Upcoming Activities'),(128,8,'Default',13,1,'My Group Allocation'),(129,9,'Default',13,1,'Top Sales Orders'),(130,10,'Default',13,1,'Top Invoices'),(131,11,'Default',13,1,'My New Leads'),(132,12,'Default',13,1,'Top Purchase Orders'),(133,13,'Default',13,1,'Pending Activities'),(134,14,'Default',13,1,'My Recent FAQs'),(135,15,'Tag Cloud',13,0,'Tag Cloud');
/*!40000 ALTER TABLE `nectarcrm_homestuff` ENABLE KEYS */;
UNLOCK TABLES;

--
-- Table structure for table `nectarcrm_homestuff_seq`
--

DROP TABLE IF EXISTS `nectarcrm_homestuff_seq`;
/*!40101 SET @saved_cs_client     = @@character_set_client */;
/*!40101 SET character_set_client = utf8 */;
CREATE TABLE `nectarcrm_homestuff_seq` (
  `id` int(11) NOT NULL
) ENGINE=InnoDB DEFAULT CHARSET=utf8;
/*!40101 SET character_set_client = @saved_cs_client */;

--
-- Dumping data for table `nectarcrm_homestuff_seq`
--

LOCK TABLES `nectarcrm_homestuff_seq` WRITE;
/*!40000 ALTER TABLE `nectarcrm_homestuff_seq` DISABLE KEYS */;
INSERT INTO `nectarcrm_homestuff_seq` VALUES (135);
/*!40000 ALTER TABLE `nectarcrm_homestuff_seq` ENABLE KEYS */;
UNLOCK TABLES;

--
-- Table structure for table `nectarcrm_hour_format`
--

DROP TABLE IF EXISTS `nectarcrm_hour_format`;
/*!40101 SET @saved_cs_client     = @@character_set_client */;
/*!40101 SET character_set_client = utf8 */;
CREATE TABLE `nectarcrm_hour_format` (
  `hour_formatid` int(11) NOT NULL AUTO_INCREMENT,
  `hour_format` varchar(200) NOT NULL,
  `sortorderid` int(11) DEFAULT NULL,
  `presence` int(11) NOT NULL DEFAULT '1',
  PRIMARY KEY (`hour_formatid`)
) ENGINE=InnoDB AUTO_INCREMENT=3 DEFAULT CHARSET=utf8;
/*!40101 SET character_set_client = @saved_cs_client */;

--
-- Dumping data for table `nectarcrm_hour_format`
--

LOCK TABLES `nectarcrm_hour_format` WRITE;
/*!40000 ALTER TABLE `nectarcrm_hour_format` DISABLE KEYS */;
INSERT INTO `nectarcrm_hour_format` VALUES (1,'12',0,1),(2,'24',1,1);
/*!40000 ALTER TABLE `nectarcrm_hour_format` ENABLE KEYS */;
UNLOCK TABLES;

--
-- Table structure for table `nectarcrm_hour_format_seq`
--

DROP TABLE IF EXISTS `nectarcrm_hour_format_seq`;
/*!40101 SET @saved_cs_client     = @@character_set_client */;
/*!40101 SET character_set_client = utf8 */;
CREATE TABLE `nectarcrm_hour_format_seq` (
  `id` int(11) NOT NULL
) ENGINE=InnoDB DEFAULT CHARSET=utf8;
/*!40101 SET character_set_client = @saved_cs_client */;

--
-- Dumping data for table `nectarcrm_hour_format_seq`
--

LOCK TABLES `nectarcrm_hour_format_seq` WRITE;
/*!40000 ALTER TABLE `nectarcrm_hour_format_seq` DISABLE KEYS */;
INSERT INTO `nectarcrm_hour_format_seq` VALUES (2);
/*!40000 ALTER TABLE `nectarcrm_hour_format_seq` ENABLE KEYS */;
UNLOCK TABLES;

--
-- Table structure for table `nectarcrm_import_locks`
--

DROP TABLE IF EXISTS `nectarcrm_import_locks`;
/*!40101 SET @saved_cs_client     = @@character_set_client */;
/*!40101 SET character_set_client = utf8 */;
CREATE TABLE `nectarcrm_import_locks` (
  `nectarcrm_import_lock_id` int(11) NOT NULL,
  `userid` int(11) NOT NULL,
  `tabid` int(11) NOT NULL,
  `importid` int(11) NOT NULL,
  `locked_since` datetime DEFAULT NULL,
  PRIMARY KEY (`nectarcrm_import_lock_id`)
) ENGINE=InnoDB DEFAULT CHARSET=utf8;
/*!40101 SET character_set_client = @saved_cs_client */;

--
-- Dumping data for table `nectarcrm_import_locks`
--

LOCK TABLES `nectarcrm_import_locks` WRITE;
/*!40000 ALTER TABLE `nectarcrm_import_locks` DISABLE KEYS */;
/*!40000 ALTER TABLE `nectarcrm_import_locks` ENABLE KEYS */;
UNLOCK TABLES;

--
-- Table structure for table `nectarcrm_import_locks_seq`
--

DROP TABLE IF EXISTS `nectarcrm_import_locks_seq`;
/*!40101 SET @saved_cs_client     = @@character_set_client */;
/*!40101 SET character_set_client = utf8 */;
CREATE TABLE `nectarcrm_import_locks_seq` (
  `id` int(11) NOT NULL
) ENGINE=InnoDB DEFAULT CHARSET=latin1;
/*!40101 SET character_set_client = @saved_cs_client */;

--
-- Dumping data for table `nectarcrm_import_locks_seq`
--

LOCK TABLES `nectarcrm_import_locks_seq` WRITE;
/*!40000 ALTER TABLE `nectarcrm_import_locks_seq` DISABLE KEYS */;
INSERT INTO `nectarcrm_import_locks_seq` VALUES (3);
/*!40000 ALTER TABLE `nectarcrm_import_locks_seq` ENABLE KEYS */;
UNLOCK TABLES;

--
-- Table structure for table `nectarcrm_import_maps`
--

DROP TABLE IF EXISTS `nectarcrm_import_maps`;
/*!40101 SET @saved_cs_client     = @@character_set_client */;
/*!40101 SET character_set_client = utf8 */;
CREATE TABLE `nectarcrm_import_maps` (
  `id` int(19) NOT NULL AUTO_INCREMENT,
  `name` varchar(36) NOT NULL,
  `module` varchar(36) NOT NULL,
  `content` longblob,
  `has_header` int(1) NOT NULL DEFAULT '1',
  `deleted` int(1) NOT NULL DEFAULT '0',
  `date_entered` timestamp NOT NULL DEFAULT CURRENT_TIMESTAMP ON UPDATE CURRENT_TIMESTAMP,
  `date_modified` datetime DEFAULT NULL,
  `assigned_user_id` varchar(36) DEFAULT NULL,
  `is_published` varchar(3) NOT NULL DEFAULT 'no',
  PRIMARY KEY (`id`),
  KEY `import_maps_assigned_user_id_module_name_deleted_idx` (`assigned_user_id`,`module`,`name`,`deleted`)
) ENGINE=InnoDB AUTO_INCREMENT=2 DEFAULT CHARSET=utf8;
/*!40101 SET character_set_client = @saved_cs_client */;

--
-- Dumping data for table `nectarcrm_import_maps`
--

LOCK TABLES `nectarcrm_import_maps` WRITE;
/*!40000 ALTER TABLE `nectarcrm_import_maps` DISABLE KEYS */;
INSERT INTO `nectarcrm_import_maps` VALUES (1,'N','Campaigns',_binary 'Opportunity Name=sponsor&Opportunity Number=numsent&Organization Name=product_id&Contact Name=campaignname&Amount=actualresponsecount&Type=starred&Expected Close Date=tags&Lead Source=campaigntype&Next Step=createdtime&Assigned To=assigned_user_id&Sales Stage=expectedroi&Campaign Source=actualcost&Probability=closingdate&Modified Time=expectedrevenue&Created Time=targetsize&Last Modified By=targetaudience&Weighted Revenue=budgetcost&Is Converted From Lead=actualroi&Source=campaignstatus&Description=actualsalescount',1,0,'2019-11-15 10:59:26',NULL,'1','no');
/*!40000 ALTER TABLE `nectarcrm_import_maps` ENABLE KEYS */;
UNLOCK TABLES;

--
-- Table structure for table `nectarcrm_import_queue`
--

DROP TABLE IF EXISTS `nectarcrm_import_queue`;
/*!40101 SET @saved_cs_client     = @@character_set_client */;
/*!40101 SET character_set_client = utf8 */;
CREATE TABLE `nectarcrm_import_queue` (
  `importid` int(11) NOT NULL,
  `userid` int(11) NOT NULL,
  `tabid` int(11) NOT NULL,
  `field_mapping` text,
  `default_values` text,
  `merge_type` int(11) DEFAULT NULL,
  `merge_fields` text,
  `status` int(11) DEFAULT '0',
  `lineitem_currency_id` int(5) DEFAULT NULL,
  `paging` int(1) DEFAULT '0',
  PRIMARY KEY (`importid`)
) ENGINE=InnoDB DEFAULT CHARSET=utf8;
/*!40101 SET character_set_client = @saved_cs_client */;

--
-- Dumping data for table `nectarcrm_import_queue`
--

LOCK TABLES `nectarcrm_import_queue` WRITE;
/*!40000 ALTER TABLE `nectarcrm_import_queue` DISABLE KEYS */;
/*!40000 ALTER TABLE `nectarcrm_import_queue` ENABLE KEYS */;
UNLOCK TABLES;

--
-- Table structure for table `nectarcrm_import_queue_seq`
--

DROP TABLE IF EXISTS `nectarcrm_import_queue_seq`;
/*!40101 SET @saved_cs_client     = @@character_set_client */;
/*!40101 SET character_set_client = utf8 */;
CREATE TABLE `nectarcrm_import_queue_seq` (
  `id` int(11) NOT NULL
) ENGINE=InnoDB DEFAULT CHARSET=latin1;
/*!40101 SET character_set_client = @saved_cs_client */;

--
-- Dumping data for table `nectarcrm_import_queue_seq`
--

LOCK TABLES `nectarcrm_import_queue_seq` WRITE;
/*!40000 ALTER TABLE `nectarcrm_import_queue_seq` DISABLE KEYS */;
INSERT INTO `nectarcrm_import_queue_seq` VALUES (3);
/*!40000 ALTER TABLE `nectarcrm_import_queue_seq` ENABLE KEYS */;
UNLOCK TABLES;

--
-- Table structure for table `nectarcrm_industry`
--

DROP TABLE IF EXISTS `nectarcrm_industry`;
/*!40101 SET @saved_cs_client     = @@character_set_client */;
/*!40101 SET character_set_client = utf8 */;
CREATE TABLE `nectarcrm_industry` (
  `industryid` int(19) NOT NULL AUTO_INCREMENT,
  `industry` varchar(200) NOT NULL,
  `presence` int(1) NOT NULL DEFAULT '1',
  `picklist_valueid` int(19) NOT NULL DEFAULT '0',
  `sortorderid` int(11) DEFAULT NULL,
  `color` varchar(10) DEFAULT NULL,
  PRIMARY KEY (`industryid`),
  UNIQUE KEY `industry_industry_idx` (`industry`)
) ENGINE=InnoDB AUTO_INCREMENT=36 DEFAULT CHARSET=utf8;
/*!40101 SET character_set_client = @saved_cs_client */;

--
-- Dumping data for table `nectarcrm_industry`
--

LOCK TABLES `nectarcrm_industry` WRITE;
/*!40000 ALTER TABLE `nectarcrm_industry` DISABLE KEYS */;
INSERT INTO `nectarcrm_industry` VALUES (2,'Apparel',1,61,1,NULL),(3,'Banking',1,62,2,NULL),(4,'Biotechnology',1,63,3,NULL),(5,'Chemicals',1,64,4,NULL),(6,'Communications',1,65,5,NULL),(7,'Construction',1,66,6,NULL),(8,'Consulting',1,67,7,NULL),(9,'Education',1,68,8,NULL),(10,'Electronics',1,69,9,NULL),(11,'Energy',1,70,10,NULL),(12,'Engineering',1,71,11,NULL),(13,'Entertainment',1,72,12,NULL),(14,'Environmental',1,73,13,NULL),(15,'Finance',1,74,14,NULL),(16,'Food & Beverage',1,75,15,NULL),(17,'Government',1,76,16,NULL),(18,'Healthcare',1,77,17,NULL),(19,'Hospitality',1,78,18,NULL),(20,'Insurance',1,79,19,NULL),(21,'Machinery',1,80,20,NULL),(22,'Manufacturing',1,81,21,NULL),(23,'Media',1,82,22,NULL),(24,'Not For Profit',1,83,23,NULL),(25,'Recreation',1,84,24,NULL),(26,'Retail',1,85,25,NULL),(27,'Shipping',1,86,26,NULL),(28,'Technology',1,87,27,NULL),(29,'Telecommunications',1,88,28,NULL),(30,'Transportation',1,89,29,NULL),(31,'Utilities',1,90,30,NULL),(32,'Other',1,91,31,NULL),(33,'90',1,310,1,NULL),(34,'67',1,317,1,NULL),(35,'10',1,319,1,NULL);
/*!40000 ALTER TABLE `nectarcrm_industry` ENABLE KEYS */;
UNLOCK TABLES;

--
-- Table structure for table `nectarcrm_industry_seq`
--

DROP TABLE IF EXISTS `nectarcrm_industry_seq`;
/*!40101 SET @saved_cs_client     = @@character_set_client */;
/*!40101 SET character_set_client = utf8 */;
CREATE TABLE `nectarcrm_industry_seq` (
  `id` int(11) NOT NULL
) ENGINE=InnoDB DEFAULT CHARSET=utf8;
/*!40101 SET character_set_client = @saved_cs_client */;

--
-- Dumping data for table `nectarcrm_industry_seq`
--

LOCK TABLES `nectarcrm_industry_seq` WRITE;
/*!40000 ALTER TABLE `nectarcrm_industry_seq` DISABLE KEYS */;
INSERT INTO `nectarcrm_industry_seq` VALUES (35);
/*!40000 ALTER TABLE `nectarcrm_industry_seq` ENABLE KEYS */;
UNLOCK TABLES;

--
-- Table structure for table `nectarcrm_inventory_tandc`
--

DROP TABLE IF EXISTS `nectarcrm_inventory_tandc`;
/*!40101 SET @saved_cs_client     = @@character_set_client */;
/*!40101 SET character_set_client = utf8 */;
CREATE TABLE `nectarcrm_inventory_tandc` (
  `id` int(19) NOT NULL,
  `type` varchar(30) NOT NULL,
  `tandc` text,
  PRIMARY KEY (`id`)
) ENGINE=InnoDB DEFAULT CHARSET=utf8;
/*!40101 SET character_set_client = @saved_cs_client */;

--
-- Dumping data for table `nectarcrm_inventory_tandc`
--

LOCK TABLES `nectarcrm_inventory_tandc` WRITE;
/*!40000 ALTER TABLE `nectarcrm_inventory_tandc` DISABLE KEYS */;
INSERT INTO `nectarcrm_inventory_tandc` VALUES (2,'Invoice','\n - Unless otherwise agreed in writing by the supplier all invoices are payable within thirty (30) days of the date of invoice, in the currency of the invoice, drawn on a bank based in India or by such other method as is agreed in advance by the Supplier.\n\n - All prices are not inclusive of VAT which shall be payable in addition by the Customer at the applicable rate.'),(3,'Quotes','\n - Unless otherwise agreed in writing by the supplier all invoices are payable within thirty (30) days of the date of invoice, in the currency of the invoice, drawn on a bank based in India or by such other method as is agreed in advance by the Supplier.\n\n - All prices are not inclusive of VAT which shall be payable in addition by the Customer at the applicable rate.'),(4,'PurchaseOrder','\n - Unless otherwise agreed in writing by the supplier all invoices are payable within thirty (30) days of the date of invoice, in the currency of the invoice, drawn on a bank based in India or by such other method as is agreed in advance by the Supplier.\n\n - All prices are not inclusive of VAT which shall be payable in addition by the Customer at the applicable rate.'),(5,'SalesOrder','\n - Unless otherwise agreed in writing by the supplier all invoices are payable within thirty (30) days of the date of invoice, in the currency of the invoice, drawn on a bank based in India or by such other method as is agreed in advance by the Supplier.\n\n - All prices are not inclusive of VAT which shall be payable in addition by the Customer at the applicable rate.');
/*!40000 ALTER TABLE `nectarcrm_inventory_tandc` ENABLE KEYS */;
UNLOCK TABLES;

--
-- Table structure for table `nectarcrm_inventory_tandc_seq`
--

DROP TABLE IF EXISTS `nectarcrm_inventory_tandc_seq`;
/*!40101 SET @saved_cs_client     = @@character_set_client */;
/*!40101 SET character_set_client = utf8 */;
CREATE TABLE `nectarcrm_inventory_tandc_seq` (
  `id` int(11) NOT NULL
) ENGINE=InnoDB DEFAULT CHARSET=utf8;
/*!40101 SET character_set_client = @saved_cs_client */;

--
-- Dumping data for table `nectarcrm_inventory_tandc_seq`
--

LOCK TABLES `nectarcrm_inventory_tandc_seq` WRITE;
/*!40000 ALTER TABLE `nectarcrm_inventory_tandc_seq` DISABLE KEYS */;
INSERT INTO `nectarcrm_inventory_tandc_seq` VALUES (5);
/*!40000 ALTER TABLE `nectarcrm_inventory_tandc_seq` ENABLE KEYS */;
UNLOCK TABLES;

--
-- Table structure for table `nectarcrm_inventorycharges`
--

DROP TABLE IF EXISTS `nectarcrm_inventorycharges`;
/*!40101 SET @saved_cs_client     = @@character_set_client */;
/*!40101 SET character_set_client = utf8 */;
CREATE TABLE `nectarcrm_inventorycharges` (
  `chargeid` int(5) NOT NULL AUTO_INCREMENT,
  `name` varchar(100) NOT NULL,
  `format` varchar(10) DEFAULT NULL,
  `type` varchar(10) DEFAULT NULL,
  `value` decimal(12,5) DEFAULT NULL,
  `regions` text,
  `istaxable` int(1) NOT NULL DEFAULT '1',
  `taxes` varchar(1024) DEFAULT NULL,
  `deleted` int(1) NOT NULL DEFAULT '0',
  PRIMARY KEY (`chargeid`)
) ENGINE=InnoDB AUTO_INCREMENT=3 DEFAULT CHARSET=utf8;
/*!40101 SET character_set_client = @saved_cs_client */;

--
-- Dumping data for table `nectarcrm_inventorycharges`
--

LOCK TABLES `nectarcrm_inventorycharges` WRITE;
/*!40000 ALTER TABLE `nectarcrm_inventorycharges` DISABLE KEYS */;
INSERT INTO `nectarcrm_inventorycharges` VALUES (1,'Shipping & Handling','Flat','Fixed',0.00000,'[]',1,'[\"1\",\"2\",\"3\"]',0),(2,'Account Software','Flat','Fixed',90.00000,'[]',1,'[\"1\"]',0);
/*!40000 ALTER TABLE `nectarcrm_inventorycharges` ENABLE KEYS */;
UNLOCK TABLES;

--
-- Table structure for table `nectarcrm_inventorychargesrel`
--

DROP TABLE IF EXISTS `nectarcrm_inventorychargesrel`;
/*!40101 SET @saved_cs_client     = @@character_set_client */;
/*!40101 SET character_set_client = utf8 */;
CREATE TABLE `nectarcrm_inventorychargesrel` (
  `recordid` int(19) NOT NULL,
  `charges` text
) ENGINE=InnoDB DEFAULT CHARSET=utf8;
/*!40101 SET character_set_client = @saved_cs_client */;

--
-- Dumping data for table `nectarcrm_inventorychargesrel`
--

LOCK TABLES `nectarcrm_inventorychargesrel` WRITE;
/*!40000 ALTER TABLE `nectarcrm_inventorychargesrel` DISABLE KEYS */;
INSERT INTO `nectarcrm_inventorychargesrel` VALUES (67,'{\"1\":{\"value\":\"0\",\"taxes\":{\"1\":\"4.500\",\"2\":\"10.000\",\"3\":\"12.500\"}},\"2\":{\"value\":\"90\",\"taxes\":{\"1\":\"4.500\"}}}'),(74,'{\"1\":{\"value\":\"0\",\"taxes\":{\"1\":\"4.500\",\"2\":\"10.000\",\"3\":\"12.500\"}},\"2\":{\"value\":\"90\",\"taxes\":{\"1\":\"4.500\"}}}'),(76,'{\"1\":{\"value\":\"0\",\"taxes\":{\"1\":\"4.500\",\"2\":\"10.000\",\"3\":\"12.500\"}},\"2\":{\"value\":\"90\",\"taxes\":{\"1\":\"4.500\"}}}'),(80,'{\"1\":{\"value\":\"0\",\"taxes\":{\"1\":\"4.500\",\"2\":\"10.000\",\"3\":\"12.500\"}},\"2\":{\"value\":\"90\",\"taxes\":{\"1\":\"4.500\"}}}'),(82,'{\"1\":{\"value\":\"0\",\"taxes\":{\"1\":\"4.500\",\"2\":\"10.000\",\"3\":\"12.500\"}},\"2\":{\"value\":\"90\",\"taxes\":{\"1\":\"4.500\"}}}'),(84,'{\"1\":{\"value\":\"0\",\"taxes\":{\"1\":\"4.500\",\"2\":\"10.000\",\"3\":\"12.500\"}},\"2\":{\"value\":\"90\",\"taxes\":{\"1\":\"4.500\"}}}'),(87,'{\"1\":{\"value\":\"0\",\"taxes\":{\"1\":\"4.500\",\"2\":\"10.000\",\"3\":\"12.500\"}},\"2\":{\"value\":\"90\",\"taxes\":{\"1\":\"4.500\"}}}'),(91,'{\"1\":{\"value\":\"0\",\"taxes\":{\"1\":\"4.500\",\"2\":\"10.000\",\"3\":\"12.500\"}},\"2\":{\"value\":\"90\",\"taxes\":{\"1\":\"4.500\"}}}'),(92,'{\"1\":{\"value\":\"0\",\"taxes\":{\"1\":\"4.500\",\"2\":\"10.000\",\"3\":\"12.500\"}},\"2\":{\"value\":\"90\",\"taxes\":{\"1\":\"4.500\"}}}'),(93,'{\"1\":{\"value\":\"0\",\"taxes\":{\"1\":\"4.500\",\"2\":\"10.000\",\"3\":\"12.500\"}},\"2\":{\"value\":\"90\",\"taxes\":{\"1\":\"4.500\"}}}'),(94,'{\"1\":{\"value\":\"0\",\"taxes\":{\"1\":\"4.500\",\"2\":\"10.000\",\"3\":\"12.500\"}},\"2\":{\"value\":\"90\",\"taxes\":{\"1\":\"4.500\"}}}'),(101,'{\"1\":{\"value\":\"0\",\"taxes\":{\"1\":\"4.500\",\"2\":\"10.000\",\"3\":\"12.500\"}},\"2\":{\"value\":\"90\",\"taxes\":{\"1\":\"4.500\"}}}'),(102,'{\"1\":{\"value\":\"0\",\"taxes\":{\"1\":\"4.500\",\"2\":\"10.000\",\"3\":\"12.500\"}},\"2\":{\"value\":\"90\",\"taxes\":{\"1\":\"4.500\"}}}'),(103,'{\"1\":{\"value\":\"0\",\"taxes\":{\"1\":\"4.500\",\"2\":\"10.000\",\"3\":\"12.500\"}},\"2\":{\"value\":\"90\",\"taxes\":{\"1\":\"4.500\"}}}'),(107,'{\"1\":{\"value\":\"0\",\"taxes\":{\"1\":\"4.500\",\"2\":\"10.000\",\"3\":\"12.500\"}},\"2\":{\"value\":\"90\",\"taxes\":{\"1\":\"4.500\"}}}'),(111,'{\"1\":{\"value\":\"0\",\"taxes\":{\"1\":\"4.500\",\"2\":\"10.000\",\"3\":\"12.500\"}},\"2\":{\"value\":\"90\",\"taxes\":{\"1\":\"4.500\"}}}'),(112,'{\"1\":{\"value\":\"0\",\"taxes\":{\"1\":\"4.500\",\"2\":\"10.000\",\"3\":\"12.500\"}},\"2\":{\"value\":\"90\",\"taxes\":{\"1\":\"4.500\"}}}'),(113,'{\"1\":{\"value\":\"0\",\"taxes\":{\"1\":\"4.500\",\"2\":\"10.000\",\"3\":\"12.500\"}},\"2\":{\"value\":\"90\",\"taxes\":{\"1\":\"4.500\"}}}'),(114,'{\"1\":{\"value\":\"0\",\"taxes\":{\"1\":\"4.500\",\"2\":\"10.000\",\"3\":\"12.500\"}},\"2\":{\"value\":\"90\",\"taxes\":{\"1\":\"4.500\"}}}'),(118,'{\"1\":{\"value\":\"0\",\"taxes\":{\"1\":\"4.500\",\"2\":\"10.000\",\"3\":\"12.500\"}},\"2\":{\"value\":\"90\",\"taxes\":{\"1\":\"4.500\"}}}');
/*!40000 ALTER TABLE `nectarcrm_inventorychargesrel` ENABLE KEYS */;
UNLOCK TABLES;

--
-- Table structure for table `nectarcrm_inventorynotification`
--

DROP TABLE IF EXISTS `nectarcrm_inventorynotification`;
/*!40101 SET @saved_cs_client     = @@character_set_client */;
/*!40101 SET character_set_client = utf8 */;
CREATE TABLE `nectarcrm_inventorynotification` (
  `notificationid` int(19) NOT NULL AUTO_INCREMENT,
  `notificationname` varchar(200) DEFAULT NULL,
  `notificationsubject` varchar(200) DEFAULT NULL,
  `notificationbody` text,
  `label` varchar(50) DEFAULT NULL,
  `status` varchar(30) DEFAULT NULL,
  PRIMARY KEY (`notificationid`)
) ENGINE=InnoDB AUTO_INCREMENT=4 DEFAULT CHARSET=utf8;
/*!40101 SET character_set_client = @saved_cs_client */;

--
-- Dumping data for table `nectarcrm_inventorynotification`
--

LOCK TABLES `nectarcrm_inventorynotification` WRITE;
/*!40000 ALTER TABLE `nectarcrm_inventorynotification` DISABLE KEYS */;
INSERT INTO `nectarcrm_inventorynotification` VALUES (1,'InvoiceNotification','{PRODUCTNAME} Stock Level is Low','Dear {HANDLER},\n\nThe current stock of {PRODUCTNAME} in our warehouse is {CURRENTSTOCK}. Kindly procure required number of units as the stock level is below reorder level {REORDERLEVELVALUE}.\n\nPlease treat this information as Urgent as the invoice is already sent  to the customer.\n\nSeverity: Critical\n\nThanks,\n{CURRENTUSER} ','InvoiceNotificationDescription',NULL),(2,'QuoteNotification','Quote given for {PRODUCTNAME}','Dear {HANDLER},\n\nQuote is generated for {QUOTEQUANTITY} units of {PRODUCTNAME}. The current stock of {PRODUCTNAME} in our warehouse is {CURRENTSTOCK}.\n\nSeverity: Minor\n\nThanks,\n{CURRENTUSER} ','QuoteNotificationDescription',NULL),(3,'SalesOrderNotification','Sales Order generated for {PRODUCTNAME}','Dear {HANDLER},\n\nSalesOrder is generated for {SOQUANTITY} units of {PRODUCTNAME}. The current stock of {PRODUCTNAME} in our warehouse is {CURRENTSTOCK}.\n\nPlease treat this information  with priority as the sales order is already generated.\n\nSeverity: Major\n\nThanks,\n{CURRENTUSER} ','SalesOrderNotificationDescription',NULL);
/*!40000 ALTER TABLE `nectarcrm_inventorynotification` ENABLE KEYS */;
UNLOCK TABLES;

--
-- Table structure for table `nectarcrm_inventorynotification_seq`
--

DROP TABLE IF EXISTS `nectarcrm_inventorynotification_seq`;
/*!40101 SET @saved_cs_client     = @@character_set_client */;
/*!40101 SET character_set_client = utf8 */;
CREATE TABLE `nectarcrm_inventorynotification_seq` (
  `id` int(11) NOT NULL
) ENGINE=InnoDB DEFAULT CHARSET=utf8;
/*!40101 SET character_set_client = @saved_cs_client */;

--
-- Dumping data for table `nectarcrm_inventorynotification_seq`
--

LOCK TABLES `nectarcrm_inventorynotification_seq` WRITE;
/*!40000 ALTER TABLE `nectarcrm_inventorynotification_seq` DISABLE KEYS */;
INSERT INTO `nectarcrm_inventorynotification_seq` VALUES (3);
/*!40000 ALTER TABLE `nectarcrm_inventorynotification_seq` ENABLE KEYS */;
UNLOCK TABLES;

--
-- Table structure for table `nectarcrm_inventoryproductrel`
--

DROP TABLE IF EXISTS `nectarcrm_inventoryproductrel`;
/*!40101 SET @saved_cs_client     = @@character_set_client */;
/*!40101 SET character_set_client = utf8 */;
CREATE TABLE `nectarcrm_inventoryproductrel` (
  `id` int(19) DEFAULT NULL,
  `productid` int(19) DEFAULT NULL,
  `sequence_no` int(4) DEFAULT NULL,
  `quantity` decimal(25,3) DEFAULT NULL,
  `listprice` decimal(27,8) DEFAULT NULL,
  `discount_percent` decimal(7,3) DEFAULT NULL,
  `discount_amount` decimal(27,8) DEFAULT NULL,
  `comment` text,
  `description` text,
  `incrementondel` int(11) NOT NULL DEFAULT '0',
  `lineitem_id` int(11) NOT NULL AUTO_INCREMENT,
  `tax1` decimal(7,3) DEFAULT NULL,
  `tax2` decimal(7,3) DEFAULT NULL,
  `tax3` decimal(7,3) DEFAULT NULL,
  `image` varchar(2) DEFAULT NULL,
  `purchase_cost` decimal(27,8) DEFAULT NULL,
  `margin` decimal(27,8) DEFAULT NULL,
  `tax4` decimal(7,3) DEFAULT NULL,
  PRIMARY KEY (`lineitem_id`),
  KEY `inventoryproductrel_id_idx` (`id`),
  KEY `inventoryproductrel_productid_idx` (`productid`),
  CONSTRAINT `fk_crmid_nectarcrm_inventoryproductrel` FOREIGN KEY (`id`) REFERENCES `nectarcrm_crmentity` (`crmid`) ON DELETE CASCADE
) ENGINE=InnoDB AUTO_INCREMENT=26 DEFAULT CHARSET=utf8;
/*!40101 SET character_set_client = @saved_cs_client */;

--
-- Dumping data for table `nectarcrm_inventoryproductrel`
--

LOCK TABLES `nectarcrm_inventoryproductrel` WRITE;
/*!40000 ALTER TABLE `nectarcrm_inventoryproductrel` DISABLE KEYS */;
INSERT INTO `nectarcrm_inventoryproductrel` VALUES (67,65,1,1.000,0.00000000,NULL,NULL,'',NULL,1,1,4.500,10.000,12.500,NULL,0.00000000,0.00000000,5.000),(74,20,1,1.000,9090.00000000,NULL,NULL,'',NULL,0,2,4.500,10.000,12.500,NULL,0.00000000,9090.00000000,5.000),(76,20,1,1.000,9090.00000000,NULL,NULL,'',NULL,0,3,4.500,10.000,12.500,NULL,0.00000000,9090.00000000,5.000),(80,20,1,1.000,9090.00000000,NULL,NULL,'',NULL,1,4,4.500,10.000,12.500,NULL,0.00000000,9090.00000000,5.000),(82,20,1,5.000,0.00000000,NULL,NULL,'',NULL,0,5,4.500,10.000,12.500,NULL,0.00000000,0.00000000,5.000),(84,20,1,1.000,0.00000000,NULL,NULL,'',NULL,0,6,4.500,10.000,12.500,NULL,0.00000000,0.00000000,5.000),(87,20,1,1.000,0.00000000,NULL,NULL,'',NULL,0,7,4.500,10.000,12.500,NULL,0.00000000,0.00000000,5.000),(91,88,1,1.000,20000.00000000,NULL,NULL,'',NULL,0,8,4.500,10.000,12.500,NULL,9000.00000000,11000.00000000,5.000),(92,88,1,1.000,9000.00000000,NULL,NULL,'',NULL,0,9,4.500,10.000,12.500,NULL,0.00000000,0.00000000,5.000),(92,88,2,1.000,9000.00000000,NULL,NULL,'',NULL,0,10,4.500,10.000,12.500,NULL,0.00000000,0.00000000,5.000),(93,88,1,1.000,20000.00000000,NULL,NULL,'',NULL,0,11,4.500,10.000,12.500,NULL,9000.00000000,11000.00000000,5.000),(93,88,2,1.000,20000.00000000,NULL,NULL,'',NULL,0,12,4.500,10.000,12.500,NULL,9000.00000000,11000.00000000,5.000),(94,88,1,1.000,20000.00000000,NULL,NULL,'',NULL,1,13,4.500,10.000,12.500,NULL,9000.00000000,11000.00000000,5.000),(94,88,2,1.000,20000.00000000,NULL,NULL,'',NULL,1,14,4.500,10.000,12.500,NULL,9000.00000000,11000.00000000,5.000),(101,98,1,1.000,20000.00000000,NULL,NULL,'Demo',NULL,0,15,4.500,10.000,12.500,NULL,0.00000000,20000.00000000,5.000),(102,98,1,1.000,0.00000000,NULL,NULL,'Demo',NULL,0,16,4.500,10.000,12.500,NULL,0.00000000,0.00000000,5.000),(103,98,1,1.000,20000.00000000,NULL,NULL,'Demo',NULL,1,17,4.500,10.000,12.500,NULL,0.00000000,20000.00000000,5.000),(107,98,1,1.000,20000.00000000,NULL,NULL,'Demo',NULL,0,19,4.500,10.000,12.500,NULL,0.00000000,20000.00000000,5.000),(107,98,2,1.000,20000.00000000,NULL,NULL,'Demo',NULL,0,20,4.500,10.000,12.500,NULL,0.00000000,20000.00000000,5.000),(111,109,1,10.000,20000.00000000,NULL,NULL,'',NULL,0,21,4.500,10.000,12.500,NULL,90.00000000,199910.00000000,5.000),(112,109,1,1.000,9.00000000,NULL,NULL,'',NULL,0,22,4.500,10.000,12.500,NULL,0.00000000,0.00000000,5.000),(113,109,1,1.000,20000.00000000,NULL,NULL,'',NULL,0,23,4.500,10.000,12.500,NULL,9.00000000,19991.00000000,5.000),(114,109,1,1.000,20000.00000000,NULL,NULL,'',NULL,1,24,4.500,10.000,12.500,NULL,9.00000000,19991.00000000,5.000),(118,88,1,1.000,20000.00000000,NULL,NULL,'',NULL,0,25,4.500,10.000,12.500,NULL,9000.00000000,11000.00000000,5.000);
/*!40000 ALTER TABLE `nectarcrm_inventoryproductrel` ENABLE KEYS */;
UNLOCK TABLES;

--
-- Table structure for table `nectarcrm_inventoryproductrel_seq`
--

DROP TABLE IF EXISTS `nectarcrm_inventoryproductrel_seq`;
/*!40101 SET @saved_cs_client     = @@character_set_client */;
/*!40101 SET character_set_client = utf8 */;
CREATE TABLE `nectarcrm_inventoryproductrel_seq` (
  `id` int(11) NOT NULL
) ENGINE=InnoDB DEFAULT CHARSET=utf8;
/*!40101 SET character_set_client = @saved_cs_client */;

--
-- Dumping data for table `nectarcrm_inventoryproductrel_seq`
--

LOCK TABLES `nectarcrm_inventoryproductrel_seq` WRITE;
/*!40000 ALTER TABLE `nectarcrm_inventoryproductrel_seq` DISABLE KEYS */;
INSERT INTO `nectarcrm_inventoryproductrel_seq` VALUES (0);
/*!40000 ALTER TABLE `nectarcrm_inventoryproductrel_seq` ENABLE KEYS */;
UNLOCK TABLES;

--
-- Table structure for table `nectarcrm_inventoryshippingrel`
--

DROP TABLE IF EXISTS `nectarcrm_inventoryshippingrel`;
/*!40101 SET @saved_cs_client     = @@character_set_client */;
/*!40101 SET character_set_client = utf8 */;
CREATE TABLE `nectarcrm_inventoryshippingrel` (
  `id` int(19) DEFAULT NULL,
  `shtax1` decimal(7,3) DEFAULT NULL,
  `shtax2` decimal(7,3) DEFAULT NULL,
  `shtax3` decimal(7,3) DEFAULT NULL,
  `shtax4` decimal(7,3) DEFAULT NULL,
  KEY `inventoryishippingrel_id_idx` (`id`)
) ENGINE=InnoDB DEFAULT CHARSET=utf8;
/*!40101 SET character_set_client = @saved_cs_client */;

--
-- Dumping data for table `nectarcrm_inventoryshippingrel`
--

LOCK TABLES `nectarcrm_inventoryshippingrel` WRITE;
/*!40000 ALTER TABLE `nectarcrm_inventoryshippingrel` DISABLE KEYS */;
/*!40000 ALTER TABLE `nectarcrm_inventoryshippingrel` ENABLE KEYS */;
UNLOCK TABLES;

--
-- Table structure for table `nectarcrm_inventorysubproductrel`
--

DROP TABLE IF EXISTS `nectarcrm_inventorysubproductrel`;
/*!40101 SET @saved_cs_client     = @@character_set_client */;
/*!40101 SET character_set_client = utf8 */;
CREATE TABLE `nectarcrm_inventorysubproductrel` (
  `id` int(19) NOT NULL,
  `sequence_no` int(10) NOT NULL,
  `productid` int(19) NOT NULL,
  `quantity` int(19) DEFAULT '1'
) ENGINE=InnoDB DEFAULT CHARSET=utf8;
/*!40101 SET character_set_client = @saved_cs_client */;

--
-- Dumping data for table `nectarcrm_inventorysubproductrel`
--

LOCK TABLES `nectarcrm_inventorysubproductrel` WRITE;
/*!40000 ALTER TABLE `nectarcrm_inventorysubproductrel` DISABLE KEYS */;
INSERT INTO `nectarcrm_inventorysubproductrel` VALUES (118,1,97,1);
/*!40000 ALTER TABLE `nectarcrm_inventorysubproductrel` ENABLE KEYS */;
UNLOCK TABLES;

--
-- Table structure for table `nectarcrm_inventorytaxinfo`
--

DROP TABLE IF EXISTS `nectarcrm_inventorytaxinfo`;
/*!40101 SET @saved_cs_client     = @@character_set_client */;
/*!40101 SET character_set_client = utf8 */;
CREATE TABLE `nectarcrm_inventorytaxinfo` (
  `taxid` int(3) NOT NULL,
  `taxname` varchar(50) DEFAULT NULL,
  `taxlabel` varchar(50) DEFAULT NULL,
  `percentage` decimal(7,3) DEFAULT NULL,
  `deleted` int(1) DEFAULT NULL,
  `method` varchar(10) DEFAULT NULL,
  `type` varchar(10) DEFAULT NULL,
  `compoundon` varchar(400) DEFAULT NULL,
  `regions` text,
  PRIMARY KEY (`taxid`),
  KEY `inventorytaxinfo_taxname_idx` (`taxname`)
) ENGINE=InnoDB DEFAULT CHARSET=utf8;
/*!40101 SET character_set_client = @saved_cs_client */;

--
-- Dumping data for table `nectarcrm_inventorytaxinfo`
--

LOCK TABLES `nectarcrm_inventorytaxinfo` WRITE;
/*!40000 ALTER TABLE `nectarcrm_inventorytaxinfo` DISABLE KEYS */;
INSERT INTO `nectarcrm_inventorytaxinfo` VALUES (1,'tax1','VAT',4.500,0,'Simple','Fixed','[]','[]'),(2,'tax2','Sales',10.000,0,'Simple','Fixed','[]','[]'),(3,'tax3','Service',12.500,0,'Simple','Fixed','[]','[]'),(4,'tax4','GST',5.000,0,'Compound','Fixed','[\"2\"]','[]');
/*!40000 ALTER TABLE `nectarcrm_inventorytaxinfo` ENABLE KEYS */;
UNLOCK TABLES;

--
-- Table structure for table `nectarcrm_inventorytaxinfo_seq`
--

DROP TABLE IF EXISTS `nectarcrm_inventorytaxinfo_seq`;
/*!40101 SET @saved_cs_client     = @@character_set_client */;
/*!40101 SET character_set_client = utf8 */;
CREATE TABLE `nectarcrm_inventorytaxinfo_seq` (
  `id` int(11) NOT NULL
) ENGINE=InnoDB DEFAULT CHARSET=utf8;
/*!40101 SET character_set_client = @saved_cs_client */;

--
-- Dumping data for table `nectarcrm_inventorytaxinfo_seq`
--

LOCK TABLES `nectarcrm_inventorytaxinfo_seq` WRITE;
/*!40000 ALTER TABLE `nectarcrm_inventorytaxinfo_seq` DISABLE KEYS */;
INSERT INTO `nectarcrm_inventorytaxinfo_seq` VALUES (4);
/*!40000 ALTER TABLE `nectarcrm_inventorytaxinfo_seq` ENABLE KEYS */;
UNLOCK TABLES;

--
-- Table structure for table `nectarcrm_invitees`
--

DROP TABLE IF EXISTS `nectarcrm_invitees`;
/*!40101 SET @saved_cs_client     = @@character_set_client */;
/*!40101 SET character_set_client = utf8 */;
CREATE TABLE `nectarcrm_invitees` (
  `activityid` int(19) NOT NULL,
  `inviteeid` int(19) NOT NULL,
  `status` varchar(50) DEFAULT NULL,
  PRIMARY KEY (`activityid`,`inviteeid`)
) ENGINE=InnoDB DEFAULT CHARSET=utf8;
/*!40101 SET character_set_client = @saved_cs_client */;

--
-- Dumping data for table `nectarcrm_invitees`
--

LOCK TABLES `nectarcrm_invitees` WRITE;
/*!40000 ALTER TABLE `nectarcrm_invitees` DISABLE KEYS */;
/*!40000 ALTER TABLE `nectarcrm_invitees` ENABLE KEYS */;
UNLOCK TABLES;

--
-- Table structure for table `nectarcrm_invoice`
--

DROP TABLE IF EXISTS `nectarcrm_invoice`;
/*!40101 SET @saved_cs_client     = @@character_set_client */;
/*!40101 SET character_set_client = utf8 */;
CREATE TABLE `nectarcrm_invoice` (
  `invoiceid` int(19) NOT NULL DEFAULT '0',
  `subject` varchar(100) DEFAULT NULL,
  `salesorderid` int(19) DEFAULT NULL,
  `customerno` varchar(100) DEFAULT NULL,
  `contactid` int(19) DEFAULT NULL,
  `notes` varchar(100) DEFAULT NULL,
  `invoicedate` date DEFAULT NULL,
  `duedate` date DEFAULT NULL,
  `invoiceterms` varchar(100) DEFAULT NULL,
  `type` varchar(100) DEFAULT NULL,
  `adjustment` decimal(25,8) DEFAULT NULL,
  `salescommission` decimal(25,3) DEFAULT NULL,
  `exciseduty` decimal(25,3) DEFAULT NULL,
  `subtotal` decimal(25,8) DEFAULT NULL,
  `total` decimal(25,8) DEFAULT NULL,
  `taxtype` varchar(25) DEFAULT NULL,
  `discount_percent` decimal(25,3) DEFAULT NULL,
  `discount_amount` decimal(25,8) DEFAULT NULL,
  `s_h_amount` decimal(25,8) DEFAULT NULL,
  `shipping` varchar(100) DEFAULT NULL,
  `accountid` int(19) DEFAULT NULL,
  `terms_conditions` text,
  `purchaseorder` varchar(200) DEFAULT NULL,
  `invoicestatus` varchar(200) DEFAULT NULL,
  `invoice_no` varchar(100) DEFAULT NULL,
  `currency_id` int(19) NOT NULL DEFAULT '1',
  `conversion_rate` decimal(10,3) NOT NULL DEFAULT '1.000',
  `compound_taxes_info` text,
  `pre_tax_total` decimal(25,8) DEFAULT NULL,
  `received` decimal(25,8) DEFAULT NULL,
  `balance` decimal(25,8) DEFAULT NULL,
  `s_h_percent` decimal(25,8) DEFAULT NULL,
  `potential_id` varchar(100) DEFAULT NULL,
  `tags` varchar(1) DEFAULT NULL,
  `region_id` int(19) DEFAULT NULL,
  PRIMARY KEY (`invoiceid`),
  KEY `invoice_purchaseorderid_idx` (`invoiceid`),
  KEY `fk_2_nectarcrm_invoice` (`salesorderid`),
  CONSTRAINT `fk_2_nectarcrm_invoice` FOREIGN KEY (`salesorderid`) REFERENCES `nectarcrm_salesorder` (`salesorderid`) ON DELETE CASCADE,
  CONSTRAINT `fk_crmid_nectarcrm_invoice` FOREIGN KEY (`invoiceid`) REFERENCES `nectarcrm_crmentity` (`crmid`) ON DELETE CASCADE
) ENGINE=InnoDB DEFAULT CHARSET=utf8;
/*!40101 SET character_set_client = @saved_cs_client */;

--
-- Dumping data for table `nectarcrm_invoice`
--

LOCK TABLES `nectarcrm_invoice` WRITE;
/*!40000 ALTER TABLE `nectarcrm_invoice` DISABLE KEYS */;
INSERT INTO `nectarcrm_invoice` VALUES (67,'Hrms',NULL,'',62,NULL,NULL,NULL,NULL,NULL,0.00000000,0.000,0.000,0.00000000,94.05000000,'group',NULL,NULL,90.00000000,NULL,7,'- Unless otherwise agreed in writing by the supplier all invoices are payable within thirty (30) days of the date of invoice, in the currency of the invoice, drawn on a bank based in India or by such other method as is agreed in advance by the Supplier.\n\n - All prices are not inclusive of VAT which shall be payable in addition by the Customer at the applicable rate.','','','INV1',1,1.000,'{\"4\":[\"2\"]}',90.00000000,0.00000000,94.05000000,90.00000000,'64','',0),(80,'Hrms',NULL,'90',72,NULL,'2019-11-30','2019-11-30',NULL,NULL,0.00000000,90.000,0.000,9090.00000000,12138.30000000,'group',NULL,NULL,90.00000000,NULL,73,'- Unless otherwise agreed in writing by the supplier all invoices are payable within thirty (30) days of the date of invoice, in the currency of the invoice, drawn on a bank based in India or by such other method as is agreed in advance by the Supplier.\n\n - All prices are not inclusive of VAT which shall be payable in addition by the Customer at the applicable rate.','9090','','INV2',1,1.000,'{\"4\":[\"2\"]}',9180.00000000,0.00000000,12138.30000000,90.00000000,'0','',0),(94,'Hrms',93,'90',72,NULL,'2019-11-30','2019-11-30',NULL,NULL,0.00000000,90.000,0.000,40000.00000000,53094.05000000,'group',NULL,NULL,90.00000000,NULL,73,'- Unless otherwise agreed in writing by the supplier all invoices are payable within thirty (30) days of the date of invoice, in the currency of the invoice, drawn on a bank based in India or by such other method as is agreed in advance by the Supplier.\n\n - All prices are not inclusive of VAT which shall be payable in addition by the Customer at the applicable rate.','9090','Sent','INV3',1,1.000,'{\"4\":[\"2\"]}',40090.00000000,0.00000000,53094.05000000,90.00000000,'19','',0),(103,'CRM',NULL,'',0,NULL,NULL,NULL,NULL,NULL,0.00000000,0.000,0.000,20000.00000000,26594.05000000,'group',NULL,NULL,90.00000000,NULL,73,'- Unless otherwise agreed in writing by the supplier all invoices are payable within thirty (30) days of the date of invoice, in the currency of the invoice, drawn on a bank based in India or by such other method as is agreed in advance by the Supplier.\n\n - All prices are not inclusive of VAT which shall be payable in addition by the Customer at the applicable rate.','','','INV4',1,1.000,'{\"4\":[\"2\"]}',20090.00000000,0.00000000,26594.05000000,90.00000000,'0','',0),(114,'Hrms',107,'90',72,NULL,'2019-11-30','2019-11-30',NULL,NULL,0.00000000,90.000,0.000,20000.00000000,26594.05000000,'group',NULL,NULL,90.00000000,NULL,73,'- Unless otherwise agreed in writing by the supplier all invoices are payable within thirty (30) days of the date of invoice, in the currency of the invoice, drawn on a bank based in India or by such other method as is agreed in advance by the Supplier.\n\n - All prices are not inclusive of VAT which shall be payable in addition by the Customer at the applicable rate.','9090','Created','INV5',1,1.000,'{\"4\":[\"2\"]}',20090.00000000,0.00000000,26594.05000000,90.00000000,'64','',0);
/*!40000 ALTER TABLE `nectarcrm_invoice` ENABLE KEYS */;
UNLOCK TABLES;

--
-- Table structure for table `nectarcrm_invoice_recurring_info`
--

DROP TABLE IF EXISTS `nectarcrm_invoice_recurring_info`;
/*!40101 SET @saved_cs_client     = @@character_set_client */;
/*!40101 SET character_set_client = utf8 */;
CREATE TABLE `nectarcrm_invoice_recurring_info` (
  `salesorderid` int(11) NOT NULL,
  `recurring_frequency` varchar(200) DEFAULT NULL,
  `start_period` date DEFAULT NULL,
  `end_period` date DEFAULT NULL,
  `last_recurring_date` date DEFAULT NULL,
  `payment_duration` varchar(200) DEFAULT NULL,
  `invoice_status` varchar(200) DEFAULT NULL,
  PRIMARY KEY (`salesorderid`),
  CONSTRAINT `fk_salesorderid_nectarcrm_invoice_recurring_info` FOREIGN KEY (`salesorderid`) REFERENCES `nectarcrm_salesorder` (`salesorderid`) ON DELETE CASCADE
) ENGINE=InnoDB DEFAULT CHARSET=utf8;
/*!40101 SET character_set_client = @saved_cs_client */;

--
-- Dumping data for table `nectarcrm_invoice_recurring_info`
--

LOCK TABLES `nectarcrm_invoice_recurring_info` WRITE;
/*!40000 ALTER TABLE `nectarcrm_invoice_recurring_info` DISABLE KEYS */;
INSERT INTO `nectarcrm_invoice_recurring_info` VALUES (93,'Weekly','2019-11-30','2019-11-30',NULL,'Net 45 days','Created'),(113,'Daily','2019-11-30','2019-11-30',NULL,'Net 45 days','Sent');
/*!40000 ALTER TABLE `nectarcrm_invoice_recurring_info` ENABLE KEYS */;
UNLOCK TABLES;

--
-- Table structure for table `nectarcrm_invoicebillads`
--

DROP TABLE IF EXISTS `nectarcrm_invoicebillads`;
/*!40101 SET @saved_cs_client     = @@character_set_client */;
/*!40101 SET character_set_client = utf8 */;
CREATE TABLE `nectarcrm_invoicebillads` (
  `invoicebilladdressid` int(19) NOT NULL DEFAULT '0',
  `bill_city` varchar(30) DEFAULT NULL,
  `bill_code` varchar(30) DEFAULT NULL,
  `bill_country` varchar(30) DEFAULT NULL,
  `bill_state` varchar(30) DEFAULT NULL,
  `bill_street` varchar(250) DEFAULT NULL,
  `bill_pobox` varchar(30) DEFAULT NULL,
  PRIMARY KEY (`invoicebilladdressid`),
  CONSTRAINT `fk_1_nectarcrm_invoicebillads` FOREIGN KEY (`invoicebilladdressid`) REFERENCES `nectarcrm_invoice` (`invoiceid`) ON DELETE CASCADE
) ENGINE=InnoDB DEFAULT CHARSET=utf8;
/*!40101 SET character_set_client = @saved_cs_client */;

--
-- Dumping data for table `nectarcrm_invoicebillads`
--

LOCK TABLES `nectarcrm_invoicebillads` WRITE;
/*!40000 ALTER TABLE `nectarcrm_invoicebillads` DISABLE KEYS */;
INSERT INTO `nectarcrm_invoicebillads` VALUES (67,'Tirana','412308','Albania','Tirana','Dubai',''),(80,'Pune','','','India  Maharashtra','SP Infocity',''),(94,'Pune','','','India  Maharashtra','SP Infocity',''),(103,'Pune','','','India  Maharashtra','SP Infocity',''),(114,'Pune','','','India  Maharashtra','SP Infocity','');
/*!40000 ALTER TABLE `nectarcrm_invoicebillads` ENABLE KEYS */;
UNLOCK TABLES;

--
-- Table structure for table `nectarcrm_invoicecf`
--

DROP TABLE IF EXISTS `nectarcrm_invoicecf`;
/*!40101 SET @saved_cs_client     = @@character_set_client */;
/*!40101 SET character_set_client = utf8 */;
CREATE TABLE `nectarcrm_invoicecf` (
  `invoiceid` int(19) NOT NULL DEFAULT '0',
  PRIMARY KEY (`invoiceid`),
  CONSTRAINT `fk_1_nectarcrm_invoicecf` FOREIGN KEY (`invoiceid`) REFERENCES `nectarcrm_invoice` (`invoiceid`) ON DELETE CASCADE
) ENGINE=InnoDB DEFAULT CHARSET=utf8;
/*!40101 SET character_set_client = @saved_cs_client */;

--
-- Dumping data for table `nectarcrm_invoicecf`
--

LOCK TABLES `nectarcrm_invoicecf` WRITE;
/*!40000 ALTER TABLE `nectarcrm_invoicecf` DISABLE KEYS */;
INSERT INTO `nectarcrm_invoicecf` VALUES (67),(80),(94),(103),(114);
/*!40000 ALTER TABLE `nectarcrm_invoicecf` ENABLE KEYS */;
UNLOCK TABLES;

--
-- Table structure for table `nectarcrm_invoiceshipads`
--

DROP TABLE IF EXISTS `nectarcrm_invoiceshipads`;
/*!40101 SET @saved_cs_client     = @@character_set_client */;
/*!40101 SET character_set_client = utf8 */;
CREATE TABLE `nectarcrm_invoiceshipads` (
  `invoiceshipaddressid` int(19) NOT NULL DEFAULT '0',
  `ship_city` varchar(30) DEFAULT NULL,
  `ship_code` varchar(30) DEFAULT NULL,
  `ship_country` varchar(30) DEFAULT NULL,
  `ship_state` varchar(30) DEFAULT NULL,
  `ship_street` varchar(250) DEFAULT NULL,
  `ship_pobox` varchar(30) DEFAULT NULL,
  PRIMARY KEY (`invoiceshipaddressid`),
  CONSTRAINT `fk_1_nectarcrm_invoiceshipads` FOREIGN KEY (`invoiceshipaddressid`) REFERENCES `nectarcrm_invoice` (`invoiceid`) ON DELETE CASCADE
) ENGINE=InnoDB DEFAULT CHARSET=utf8;
/*!40101 SET character_set_client = @saved_cs_client */;

--
-- Dumping data for table `nectarcrm_invoiceshipads`
--

LOCK TABLES `nectarcrm_invoiceshipads` WRITE;
/*!40000 ALTER TABLE `nectarcrm_invoiceshipads` DISABLE KEYS */;
INSERT INTO `nectarcrm_invoiceshipads` VALUES (67,'Tirana','412308','Albania','Tirana','Dubai','412308'),(80,'Pune','','','India  Maharashtra','SP Infocity','412308'),(94,'Pune','','','India  Maharashtra','SP Infocity','412308'),(103,'Pune','','','India  Maharashtra','SP Infocity','412308'),(114,'Pune','','','India  Maharashtra','SP Infocity','412308');
/*!40000 ALTER TABLE `nectarcrm_invoiceshipads` ENABLE KEYS */;
UNLOCK TABLES;

--
-- Table structure for table `nectarcrm_invoicestatus`
--

DROP TABLE IF EXISTS `nectarcrm_invoicestatus`;
/*!40101 SET @saved_cs_client     = @@character_set_client */;
/*!40101 SET character_set_client = utf8 */;
CREATE TABLE `nectarcrm_invoicestatus` (
  `invoicestatusid` int(19) NOT NULL AUTO_INCREMENT,
  `invoicestatus` varchar(200) NOT NULL,
  `presence` int(1) NOT NULL DEFAULT '1',
  `picklist_valueid` int(19) NOT NULL DEFAULT '0',
  `sortorderid` int(11) DEFAULT NULL,
  `color` varchar(10) DEFAULT NULL,
  PRIMARY KEY (`invoicestatusid`),
  UNIQUE KEY `invoicestatus_invoiestatus_idx` (`invoicestatus`)
) ENGINE=InnoDB AUTO_INCREMENT=8 DEFAULT CHARSET=utf8;
/*!40101 SET character_set_client = @saved_cs_client */;

--
-- Dumping data for table `nectarcrm_invoicestatus`
--

LOCK TABLES `nectarcrm_invoicestatus` WRITE;
/*!40000 ALTER TABLE `nectarcrm_invoicestatus` DISABLE KEYS */;
INSERT INTO `nectarcrm_invoicestatus` VALUES (1,'AutoCreated',0,92,0,NULL),(2,'Created',0,93,1,NULL),(3,'Approved',0,94,2,NULL),(4,'Sent',0,95,3,NULL),(5,'Credit Invoice',0,96,4,NULL),(6,'Paid',0,97,5,NULL),(7,'Cancel',1,288,1,NULL);
/*!40000 ALTER TABLE `nectarcrm_invoicestatus` ENABLE KEYS */;
UNLOCK TABLES;

--
-- Table structure for table `nectarcrm_invoicestatus_seq`
--

DROP TABLE IF EXISTS `nectarcrm_invoicestatus_seq`;
/*!40101 SET @saved_cs_client     = @@character_set_client */;
/*!40101 SET character_set_client = utf8 */;
CREATE TABLE `nectarcrm_invoicestatus_seq` (
  `id` int(11) NOT NULL
) ENGINE=InnoDB DEFAULT CHARSET=utf8;
/*!40101 SET character_set_client = @saved_cs_client */;

--
-- Dumping data for table `nectarcrm_invoicestatus_seq`
--

LOCK TABLES `nectarcrm_invoicestatus_seq` WRITE;
/*!40000 ALTER TABLE `nectarcrm_invoicestatus_seq` DISABLE KEYS */;
INSERT INTO `nectarcrm_invoicestatus_seq` VALUES (7);
/*!40000 ALTER TABLE `nectarcrm_invoicestatus_seq` ENABLE KEYS */;
UNLOCK TABLES;

--
-- Table structure for table `nectarcrm_invoicestatushistory`
--

DROP TABLE IF EXISTS `nectarcrm_invoicestatushistory`;
/*!40101 SET @saved_cs_client     = @@character_set_client */;
/*!40101 SET character_set_client = utf8 */;
CREATE TABLE `nectarcrm_invoicestatushistory` (
  `historyid` int(19) NOT NULL AUTO_INCREMENT,
  `invoiceid` int(19) NOT NULL,
  `accountname` varchar(100) DEFAULT NULL,
  `total` decimal(10,0) DEFAULT NULL,
  `invoicestatus` varchar(200) DEFAULT NULL,
  `lastmodified` datetime DEFAULT NULL,
  PRIMARY KEY (`historyid`),
  KEY `invoicestatushistory_invoiceid_idx` (`invoiceid`),
  CONSTRAINT `fk_1_nectarcrm_invoicestatushistory` FOREIGN KEY (`invoiceid`) REFERENCES `nectarcrm_invoice` (`invoiceid`) ON DELETE CASCADE
) ENGINE=InnoDB DEFAULT CHARSET=utf8;
/*!40101 SET character_set_client = @saved_cs_client */;

--
-- Dumping data for table `nectarcrm_invoicestatushistory`
--

LOCK TABLES `nectarcrm_invoicestatushistory` WRITE;
/*!40000 ALTER TABLE `nectarcrm_invoicestatushistory` DISABLE KEYS */;
/*!40000 ALTER TABLE `nectarcrm_invoicestatushistory` ENABLE KEYS */;
UNLOCK TABLES;

--
-- Table structure for table `nectarcrm_language`
--

DROP TABLE IF EXISTS `nectarcrm_language`;
/*!40101 SET @saved_cs_client     = @@character_set_client */;
/*!40101 SET character_set_client = utf8 */;
CREATE TABLE `nectarcrm_language` (
  `id` int(11) NOT NULL AUTO_INCREMENT,
  `name` varchar(50) DEFAULT NULL,
  `prefix` varchar(10) DEFAULT NULL,
  `label` varchar(30) DEFAULT NULL,
  `lastupdated` datetime DEFAULT NULL,
  `sequence` int(11) DEFAULT NULL,
  `isdefault` int(1) DEFAULT NULL,
  `active` int(1) DEFAULT NULL,
  PRIMARY KEY (`id`)
) ENGINE=InnoDB AUTO_INCREMENT=17 DEFAULT CHARSET=utf8;
/*!40101 SET character_set_client = @saved_cs_client */;

--
-- Dumping data for table `nectarcrm_language`
--

LOCK TABLES `nectarcrm_language` WRITE;
/*!40000 ALTER TABLE `nectarcrm_language` DISABLE KEYS */;
INSERT INTO `nectarcrm_language` VALUES (1,'English','en_us','US English','2018-07-21 07:01:32',NULL,1,1),(2,'Romana','ro_ro','Romana','2018-07-21 07:05:28',NULL,0,1),(3,'Russian','ru_ru','Russian','2018-07-21 07:03:58',NULL,0,1),(4,'Mexican Spanish','es_mx','ES Mexico','2018-07-21 07:04:18',NULL,0,1),(5,'British English','en_gb','British English','2018-07-21 07:04:19',NULL,0,1),(6,'Deutsch','de_de','DE Deutsch','2018-07-21 07:04:29',NULL,0,1),(7,'Jzyk Polski','pl_pl','Jzyk Polski','2018-07-21 07:05:28',NULL,0,1),(8,'Italian','it_it','IT Italian','2018-07-21 07:04:30',NULL,0,1),(9,'Spanish','es_es','ES Spanish','2018-07-21 07:04:33',NULL,0,1),(10,'Turkce','tr_tr','Turkce Dil Paketi','2018-07-21 07:04:34',NULL,0,1),(11,'Pack de langue franais','fr_fr','Pack de langue franais','2018-07-21 07:05:27',NULL,0,1),(12,'Dutch','nl_nl','NL-Dutch','2018-07-21 07:05:18',NULL,0,1),(13,'Brazilian','pt_br','PT Brasil','2018-07-21 07:05:26',NULL,0,1),(14,'Swedish','sv_se','Swedish','2018-07-21 07:06:28',NULL,0,1),(15,'Arabic','ar_ae','Arabic','2018-07-21 07:06:28',NULL,0,1),(16,'Hungarian','hu_hu','HU Magyar','2018-07-21 07:05:23',NULL,0,1);
/*!40000 ALTER TABLE `nectarcrm_language` ENABLE KEYS */;
UNLOCK TABLES;

--
-- Table structure for table `nectarcrm_language_seq`
--

DROP TABLE IF EXISTS `nectarcrm_language_seq`;
/*!40101 SET @saved_cs_client     = @@character_set_client */;
/*!40101 SET character_set_client = utf8 */;
CREATE TABLE `nectarcrm_language_seq` (
  `id` int(11) NOT NULL
) ENGINE=InnoDB DEFAULT CHARSET=utf8;
/*!40101 SET character_set_client = @saved_cs_client */;

--
-- Dumping data for table `nectarcrm_language_seq`
--

LOCK TABLES `nectarcrm_language_seq` WRITE;
/*!40000 ALTER TABLE `nectarcrm_language_seq` DISABLE KEYS */;
INSERT INTO `nectarcrm_language_seq` VALUES (16);
/*!40000 ALTER TABLE `nectarcrm_language_seq` ENABLE KEYS */;
UNLOCK TABLES;

--
-- Table structure for table `nectarcrm_lead_view`
--

DROP TABLE IF EXISTS `nectarcrm_lead_view`;
/*!40101 SET @saved_cs_client     = @@character_set_client */;
/*!40101 SET character_set_client = utf8 */;
CREATE TABLE `nectarcrm_lead_view` (
  `lead_viewid` int(19) NOT NULL AUTO_INCREMENT,
  `lead_view` varchar(200) NOT NULL,
  `sortorderid` int(19) NOT NULL DEFAULT '0',
  `presence` int(1) NOT NULL DEFAULT '1',
  PRIMARY KEY (`lead_viewid`)
) ENGINE=InnoDB AUTO_INCREMENT=4 DEFAULT CHARSET=utf8;
/*!40101 SET character_set_client = @saved_cs_client */;

--
-- Dumping data for table `nectarcrm_lead_view`
--

LOCK TABLES `nectarcrm_lead_view` WRITE;
/*!40000 ALTER TABLE `nectarcrm_lead_view` DISABLE KEYS */;
INSERT INTO `nectarcrm_lead_view` VALUES (1,'Today',0,1),(2,'Last 2 Days',1,1),(3,'Last Week',2,1);
/*!40000 ALTER TABLE `nectarcrm_lead_view` ENABLE KEYS */;
UNLOCK TABLES;

--
-- Table structure for table `nectarcrm_lead_view_seq`
--

DROP TABLE IF EXISTS `nectarcrm_lead_view_seq`;
/*!40101 SET @saved_cs_client     = @@character_set_client */;
/*!40101 SET character_set_client = utf8 */;
CREATE TABLE `nectarcrm_lead_view_seq` (
  `id` int(11) NOT NULL
) ENGINE=InnoDB DEFAULT CHARSET=utf8;
/*!40101 SET character_set_client = @saved_cs_client */;

--
-- Dumping data for table `nectarcrm_lead_view_seq`
--

LOCK TABLES `nectarcrm_lead_view_seq` WRITE;
/*!40000 ALTER TABLE `nectarcrm_lead_view_seq` DISABLE KEYS */;
INSERT INTO `nectarcrm_lead_view_seq` VALUES (3);
/*!40000 ALTER TABLE `nectarcrm_lead_view_seq` ENABLE KEYS */;
UNLOCK TABLES;

--
-- Table structure for table `nectarcrm_leadaddress`
--

DROP TABLE IF EXISTS `nectarcrm_leadaddress`;
/*!40101 SET @saved_cs_client     = @@character_set_client */;
/*!40101 SET character_set_client = utf8 */;
CREATE TABLE `nectarcrm_leadaddress` (
  `leadaddressid` int(19) NOT NULL DEFAULT '0',
  `city` varchar(30) DEFAULT NULL,
  `code` varchar(30) DEFAULT NULL,
  `state` varchar(30) DEFAULT NULL,
  `pobox` varchar(30) DEFAULT NULL,
  `country` varchar(30) DEFAULT NULL,
  `phone` varchar(50) DEFAULT NULL,
  `mobile` varchar(50) DEFAULT NULL,
  `fax` varchar(50) DEFAULT NULL,
  `lane` varchar(250) DEFAULT NULL,
  `leadaddresstype` varchar(30) DEFAULT 'Billing',
  PRIMARY KEY (`leadaddressid`),
  CONSTRAINT `fk_1_nectarcrm_leadaddress` FOREIGN KEY (`leadaddressid`) REFERENCES `nectarcrm_leaddetails` (`leadid`) ON DELETE CASCADE
) ENGINE=InnoDB DEFAULT CHARSET=utf8;
/*!40101 SET character_set_client = @saved_cs_client */;

--
-- Dumping data for table `nectarcrm_leadaddress`
--

LOCK TABLES `nectarcrm_leadaddress` WRITE;
/*!40000 ALTER TABLE `nectarcrm_leadaddress` DISABLE KEYS */;
INSERT INTO `nectarcrm_leadaddress` VALUES (2,'','','','','','9028546153','','','','Billing'),(3,'','','','','','950366528','','','','Billing'),(14,'Manchester','M1 5JW','','','UK','0044-1612374044','','','Lee House, 90 Great Bridge water St,','Billing'),(17,'NAGPUR','440016','','440016','','89678y86y8','','','balaji nagar hingna road nagpur\nBalaji nagar','Billing'),(39,'','','','','','9087986786786','09990909090','','','Billing'),(48,'','','','','','Accounts::::Nectar Infotel Solutions','0','2019-04-30','CRM','Billing'),(49,'','','','','','','0','2019-04-30','CRM','Billing'),(50,'','','','','','Accounts::::harpale','50000','2019-04-30','CRM','Billing'),(51,'','','','','','Accounts::::Nectardemo','70000','2019-04-25','CRM','Billing'),(52,'','','','','','Accounts::::Nectardemo','0','2019-04-30','CRM','Billing'),(53,'','','','','','Accounts::::Movicel','50000','2019-04-30','CRM','Billing'),(54,'','','','','','Accounts::::Movicel','25000','2019-04-30','CRM','Billing');
/*!40000 ALTER TABLE `nectarcrm_leadaddress` ENABLE KEYS */;
UNLOCK TABLES;

--
-- Table structure for table `nectarcrm_leaddetails`
--

DROP TABLE IF EXISTS `nectarcrm_leaddetails`;
/*!40101 SET @saved_cs_client     = @@character_set_client */;
/*!40101 SET character_set_client = utf8 */;
CREATE TABLE `nectarcrm_leaddetails` (
  `leadid` int(19) NOT NULL,
  `lead_no` varchar(100) NOT NULL,
  `email` varchar(100) DEFAULT NULL,
  `interest` varchar(50) DEFAULT NULL,
  `firstname` varchar(40) DEFAULT NULL,
  `salutation` varchar(200) DEFAULT NULL,
  `lastname` varchar(80) NOT NULL,
  `company` varchar(100) NOT NULL,
  `annualrevenue` decimal(25,8) DEFAULT NULL,
  `industry` varchar(200) DEFAULT NULL,
  `campaign` varchar(30) DEFAULT NULL,
  `rating` varchar(200) DEFAULT NULL,
  `leadstatus` varchar(200) DEFAULT NULL,
  `leadsource` varchar(200) DEFAULT NULL,
  `converted` int(1) DEFAULT '0',
  `designation` varchar(50) DEFAULT 'SalesMan',
  `licencekeystatus` varchar(50) DEFAULT NULL,
  `space` varchar(250) DEFAULT NULL,
  `comments` text,
  `priority` varchar(50) DEFAULT NULL,
  `demorequest` varchar(50) DEFAULT NULL,
  `partnercontact` varchar(50) DEFAULT NULL,
  `productversion` varchar(20) DEFAULT NULL,
  `product` varchar(50) DEFAULT NULL,
  `maildate` date DEFAULT NULL,
  `nextstepdate` date DEFAULT NULL,
  `fundingsituation` varchar(50) DEFAULT NULL,
  `purpose` varchar(50) DEFAULT NULL,
  `evaluationstatus` varchar(50) DEFAULT NULL,
  `transferdate` date DEFAULT NULL,
  `revenuetype` varchar(50) DEFAULT NULL,
  `noofemployees` int(50) DEFAULT NULL,
  `secondaryemail` varchar(100) DEFAULT NULL,
  `assignleadchk` int(1) DEFAULT '0',
  `emailoptout` varchar(3) DEFAULT NULL,
  `tags` varchar(1) DEFAULT NULL,
  PRIMARY KEY (`leadid`),
  KEY `leaddetails_converted_leadstatus_idx` (`converted`,`leadstatus`),
  KEY `email_idx` (`email`),
  CONSTRAINT `fk_1_nectarcrm_leaddetails` FOREIGN KEY (`leadid`) REFERENCES `nectarcrm_crmentity` (`crmid`) ON DELETE CASCADE
) ENGINE=InnoDB DEFAULT CHARSET=utf8;
/*!40101 SET character_set_client = @saved_cs_client */;

--
-- Dumping data for table `nectarcrm_leaddetails`
--

LOCK TABLES `nectarcrm_leaddetails` WRITE;
/*!40000 ALTER TABLE `nectarcrm_leaddetails` DISABLE KEYS */;
INSERT INTO `nectarcrm_leaddetails` VALUES (2,'LEA1','',NULL,'Dhiraj','Mr.','Disale','',0.00000000,'',NULL,'','','',0,'',NULL,NULL,NULL,NULL,NULL,NULL,NULL,NULL,NULL,NULL,NULL,NULL,NULL,NULL,NULL,0,'',0,'0',''),(3,'LEA2','rashmi.c@gmail.com',NULL,'Rashmi','Ms.','C','Nectar Infotel Solutions',0.00000000,'',NULL,'Market Failed','Lost Lead','',1,'',NULL,NULL,NULL,NULL,NULL,NULL,NULL,NULL,NULL,NULL,NULL,NULL,NULL,NULL,NULL,0,'',0,'0',''),(14,'LEA3','nick.batty@growthco.uk',NULL,'Nick','Mr.','Batty','GM Business Support Ltd.',1000000.00000000,'Not For Profit',NULL,'','Contacted','Web Site',0,'Tender Manager',NULL,NULL,NULL,NULL,NULL,NULL,NULL,NULL,NULL,NULL,NULL,NULL,NULL,NULL,NULL,0,'',0,'1',''),(17,'LEA4','',NULL,'Nil','Mr.','Kamal','Company',87875764.00000000,'',NULL,'Acquired','Contact in Future','Self Generated',0,'',NULL,NULL,NULL,NULL,NULL,NULL,NULL,NULL,NULL,NULL,NULL,NULL,NULL,NULL,NULL,985,'',0,'0',''),(39,'LEA5','rashmi.chaudhari+1@nectarinfotel.com',NULL,'Ben','Mr.','Ten','Nectar Infotel',90909099.00000000,'Biotechnology',NULL,'Shutdown','Junk Lead','Cold Call',0,'ST',NULL,NULL,NULL,NULL,NULL,NULL,NULL,NULL,NULL,NULL,NULL,NULL,NULL,NULL,NULL,10000,'DEMO@gmail.com',0,'0',''),(48,'LEA7','',NULL,'POT4','demo','Contacts::::Rajat Sharma','',2019.00000000,'Education',NULL,'Project Cancelled','','Value Proposition',0,'',NULL,NULL,NULL,NULL,NULL,NULL,NULL,NULL,NULL,NULL,NULL,NULL,NULL,NULL,NULL,0,'',0,'0',''),(49,'LEA8','',NULL,'POT5','demo','n','',2019.00000000,'Education',NULL,'Project Cancelled','','Value Proposition',0,'',NULL,NULL,NULL,NULL,NULL,NULL,NULL,NULL,NULL,NULL,NULL,NULL,NULL,NULL,NULL,0,'',0,'0',''),(50,'LEA9','next1',NULL,'POT6','Best','Contacts::::Frozen James','New Business',2019.00000000,'90',NULL,'Project Cancelled','','Needs Analysis',0,'',NULL,NULL,NULL,NULL,NULL,NULL,NULL,NULL,NULL,NULL,NULL,NULL,NULL,NULL,NULL,0,'',0,'0',''),(51,'LEA10','',NULL,'POT7','Nectardemo','Contacts::::Rekha Lokhande','',2019.00000000,'Education',NULL,'1','','Qualification',0,'',NULL,NULL,NULL,NULL,NULL,NULL,NULL,NULL,NULL,NULL,NULL,NULL,NULL,NULL,NULL,0,'',0,'0',''),(52,'LEA11','',NULL,'POT8','nectar','Contacts::::John Shetty','',2019.00000000,'Education',NULL,'Project Cancelled','','Qualification',0,'',NULL,NULL,NULL,NULL,NULL,NULL,NULL,NULL,NULL,NULL,NULL,NULL,NULL,NULL,NULL,0,'',0,'0',''),(53,'LEA12','meeting',NULL,'POT9','Movicel','Contacts::::Alexa alexa','Existing Business',2019.00000000,'67',NULL,'Project Cancelled','','Negotiation or Review',0,'Employee',NULL,NULL,NULL,NULL,NULL,NULL,NULL,NULL,NULL,NULL,NULL,NULL,NULL,NULL,NULL,0,'',0,'0',''),(54,'LEA13','Meeting',NULL,'POT10','Traccar_Movicel','Contacts::::Alexa alexa','Existing Business',2019.00000000,'10',NULL,'Project Cancelled','','Value Proposition',0,'Existing Customer',NULL,NULL,NULL,NULL,NULL,NULL,NULL,NULL,NULL,NULL,NULL,NULL,NULL,NULL,NULL,0,'',0,'0','');
/*!40000 ALTER TABLE `nectarcrm_leaddetails` ENABLE KEYS */;
UNLOCK TABLES;

--
-- Table structure for table `nectarcrm_leadscf`
--

DROP TABLE IF EXISTS `nectarcrm_leadscf`;
/*!40101 SET @saved_cs_client     = @@character_set_client */;
/*!40101 SET character_set_client = utf8 */;
CREATE TABLE `nectarcrm_leadscf` (
  `leadid` int(19) NOT NULL DEFAULT '0',
  PRIMARY KEY (`leadid`),
  CONSTRAINT `fk_1_nectarcrm_leadscf` FOREIGN KEY (`leadid`) REFERENCES `nectarcrm_leaddetails` (`leadid`) ON DELETE CASCADE
) ENGINE=InnoDB DEFAULT CHARSET=utf8;
/*!40101 SET character_set_client = @saved_cs_client */;

--
-- Dumping data for table `nectarcrm_leadscf`
--

LOCK TABLES `nectarcrm_leadscf` WRITE;
/*!40000 ALTER TABLE `nectarcrm_leadscf` DISABLE KEYS */;
INSERT INTO `nectarcrm_leadscf` VALUES (2),(3),(14),(17),(39),(48),(49),(50),(51),(52),(53),(54);
/*!40000 ALTER TABLE `nectarcrm_leadscf` ENABLE KEYS */;
UNLOCK TABLES;

--
-- Table structure for table `nectarcrm_leadsource`
--

DROP TABLE IF EXISTS `nectarcrm_leadsource`;
/*!40101 SET @saved_cs_client     = @@character_set_client */;
/*!40101 SET character_set_client = utf8 */;
CREATE TABLE `nectarcrm_leadsource` (
  `leadsourceid` int(19) NOT NULL AUTO_INCREMENT,
  `leadsource` varchar(200) NOT NULL,
  `presence` int(1) NOT NULL DEFAULT '1',
  `picklist_valueid` int(19) NOT NULL DEFAULT '0',
  `sortorderid` int(11) DEFAULT NULL,
  `color` varchar(10) DEFAULT NULL,
  PRIMARY KEY (`leadsourceid`)
) ENGINE=InnoDB AUTO_INCREMENT=18 DEFAULT CHARSET=utf8;
/*!40101 SET character_set_client = @saved_cs_client */;

--
-- Dumping data for table `nectarcrm_leadsource`
--

LOCK TABLES `nectarcrm_leadsource` WRITE;
/*!40000 ALTER TABLE `nectarcrm_leadsource` DISABLE KEYS */;
INSERT INTO `nectarcrm_leadsource` VALUES (2,'Cold Call',1,99,1,NULL),(3,'Existing Customer',1,100,2,NULL),(4,'Self Generated',1,101,3,NULL),(5,'Employee',1,102,4,NULL),(6,'Partner',1,103,5,NULL),(7,'Public Relations',1,104,6,NULL),(8,'Direct Mail',1,105,7,NULL),(9,'Conference',1,106,8,NULL),(10,'Trade Show',1,107,9,NULL),(11,'Web Site',1,108,10,NULL),(12,'Word of mouth',1,109,11,NULL),(13,'Other',1,110,12,NULL),(14,'Value Proposition',1,307,1,NULL),(15,'Needs Analysis',1,309,1,NULL),(16,'Qualification',1,312,1,NULL),(17,'Negotiation or Review',1,316,1,NULL);
/*!40000 ALTER TABLE `nectarcrm_leadsource` ENABLE KEYS */;
UNLOCK TABLES;

--
-- Table structure for table `nectarcrm_leadsource_seq`
--

DROP TABLE IF EXISTS `nectarcrm_leadsource_seq`;
/*!40101 SET @saved_cs_client     = @@character_set_client */;
/*!40101 SET character_set_client = utf8 */;
CREATE TABLE `nectarcrm_leadsource_seq` (
  `id` int(11) NOT NULL
) ENGINE=InnoDB DEFAULT CHARSET=utf8;
/*!40101 SET character_set_client = @saved_cs_client */;

--
-- Dumping data for table `nectarcrm_leadsource_seq`
--

LOCK TABLES `nectarcrm_leadsource_seq` WRITE;
/*!40000 ALTER TABLE `nectarcrm_leadsource_seq` DISABLE KEYS */;
INSERT INTO `nectarcrm_leadsource_seq` VALUES (17);
/*!40000 ALTER TABLE `nectarcrm_leadsource_seq` ENABLE KEYS */;
UNLOCK TABLES;

--
-- Table structure for table `nectarcrm_leadstage`
--

DROP TABLE IF EXISTS `nectarcrm_leadstage`;
/*!40101 SET @saved_cs_client     = @@character_set_client */;
/*!40101 SET character_set_client = utf8 */;
CREATE TABLE `nectarcrm_leadstage` (
  `leadstageid` int(19) NOT NULL AUTO_INCREMENT,
  `stage` varchar(200) NOT NULL,
  `sortorderid` int(19) NOT NULL DEFAULT '0',
  `presence` int(1) NOT NULL DEFAULT '1',
  PRIMARY KEY (`leadstageid`),
  UNIQUE KEY `leadstage_stage_idx` (`stage`)
) ENGINE=InnoDB DEFAULT CHARSET=utf8;
/*!40101 SET character_set_client = @saved_cs_client */;

--
-- Dumping data for table `nectarcrm_leadstage`
--

LOCK TABLES `nectarcrm_leadstage` WRITE;
/*!40000 ALTER TABLE `nectarcrm_leadstage` DISABLE KEYS */;
/*!40000 ALTER TABLE `nectarcrm_leadstage` ENABLE KEYS */;
UNLOCK TABLES;

--
-- Table structure for table `nectarcrm_leadstatus`
--

DROP TABLE IF EXISTS `nectarcrm_leadstatus`;
/*!40101 SET @saved_cs_client     = @@character_set_client */;
/*!40101 SET character_set_client = utf8 */;
CREATE TABLE `nectarcrm_leadstatus` (
  `leadstatusid` int(19) NOT NULL AUTO_INCREMENT,
  `leadstatus` varchar(200) NOT NULL,
  `presence` int(1) NOT NULL DEFAULT '1',
  `picklist_valueid` int(19) NOT NULL DEFAULT '0',
  `sortorderid` int(11) DEFAULT NULL,
  `color` varchar(10) DEFAULT NULL,
  PRIMARY KEY (`leadstatusid`)
) ENGINE=InnoDB AUTO_INCREMENT=13 DEFAULT CHARSET=utf8;
/*!40101 SET character_set_client = @saved_cs_client */;

--
-- Dumping data for table `nectarcrm_leadstatus`
--

LOCK TABLES `nectarcrm_leadstatus` WRITE;
/*!40000 ALTER TABLE `nectarcrm_leadstatus` DISABLE KEYS */;
INSERT INTO `nectarcrm_leadstatus` VALUES (2,'Attempted to Contact',1,112,1,NULL),(3,'Cold',1,113,2,NULL),(4,'Contact in Future',1,114,3,NULL),(5,'Contacted',1,115,4,NULL),(6,'Hot',1,116,5,NULL),(7,'Junk Lead',1,117,6,NULL),(8,'Lost Lead',1,118,7,NULL),(9,'Not Contacted',1,119,8,NULL),(10,'Pre Qualified',1,120,9,NULL),(11,'Qualified',1,121,10,NULL),(12,'Warm',1,122,11,NULL);
/*!40000 ALTER TABLE `nectarcrm_leadstatus` ENABLE KEYS */;
UNLOCK TABLES;

--
-- Table structure for table `nectarcrm_leadstatus_seq`
--

DROP TABLE IF EXISTS `nectarcrm_leadstatus_seq`;
/*!40101 SET @saved_cs_client     = @@character_set_client */;
/*!40101 SET character_set_client = utf8 */;
CREATE TABLE `nectarcrm_leadstatus_seq` (
  `id` int(11) NOT NULL
) ENGINE=InnoDB DEFAULT CHARSET=utf8;
/*!40101 SET character_set_client = @saved_cs_client */;

--
-- Dumping data for table `nectarcrm_leadstatus_seq`
--

LOCK TABLES `nectarcrm_leadstatus_seq` WRITE;
/*!40000 ALTER TABLE `nectarcrm_leadstatus_seq` DISABLE KEYS */;
INSERT INTO `nectarcrm_leadstatus_seq` VALUES (12);
/*!40000 ALTER TABLE `nectarcrm_leadstatus_seq` ENABLE KEYS */;
UNLOCK TABLES;

--
-- Table structure for table `nectarcrm_leadsubdetails`
--

DROP TABLE IF EXISTS `nectarcrm_leadsubdetails`;
/*!40101 SET @saved_cs_client     = @@character_set_client */;
/*!40101 SET character_set_client = utf8 */;
CREATE TABLE `nectarcrm_leadsubdetails` (
  `leadsubscriptionid` int(19) NOT NULL DEFAULT '0',
  `website` varchar(255) DEFAULT NULL,
  `callornot` int(1) DEFAULT '0',
  `readornot` int(1) DEFAULT '0',
  `empct` int(10) DEFAULT '0',
  PRIMARY KEY (`leadsubscriptionid`),
  CONSTRAINT `fk_1_nectarcrm_leadsubdetails` FOREIGN KEY (`leadsubscriptionid`) REFERENCES `nectarcrm_leaddetails` (`leadid`) ON DELETE CASCADE
) ENGINE=InnoDB DEFAULT CHARSET=utf8;
/*!40101 SET character_set_client = @saved_cs_client */;

--
-- Dumping data for table `nectarcrm_leadsubdetails`
--

LOCK TABLES `nectarcrm_leadsubdetails` WRITE;
/*!40000 ALTER TABLE `nectarcrm_leadsubdetails` DISABLE KEYS */;
INSERT INTO `nectarcrm_leadsubdetails` VALUES (2,'',0,0,0),(3,'',0,0,0),(14,'http://www.businessgrowthhub.com/',0,0,0),(17,'',0,0,0),(39,'',0,0,0),(48,'nectar.com',0,0,0),(49,'Campaigns::::Name',0,0,0),(50,'nectar.com',0,0,0),(51,'nectar.com',0,0,0),(52,'nectar.com',0,0,0),(53,'Campaigns::::Amit',0,0,0),(54,'nectar.com',0,0,0);
/*!40000 ALTER TABLE `nectarcrm_leadsubdetails` ENABLE KEYS */;
UNLOCK TABLES;

--
-- Table structure for table `nectarcrm_links`
--

DROP TABLE IF EXISTS `nectarcrm_links`;
/*!40101 SET @saved_cs_client     = @@character_set_client */;
/*!40101 SET character_set_client = utf8 */;
CREATE TABLE `nectarcrm_links` (
  `linkid` int(11) NOT NULL,
  `tabid` int(11) DEFAULT NULL,
  `linktype` varchar(50) DEFAULT NULL,
  `linklabel` varchar(50) DEFAULT NULL,
  `linkurl` varchar(255) DEFAULT NULL,
  `linkicon` varchar(100) DEFAULT NULL,
  `sequence` int(11) DEFAULT NULL,
  `handler_path` varchar(128) DEFAULT NULL,
  `handler_class` varchar(50) DEFAULT NULL,
  `handler` varchar(50) DEFAULT NULL,
  `parent_link` int(19) DEFAULT NULL,
  PRIMARY KEY (`linkid`),
  KEY `link_tabidtype_idx` (`tabid`,`linktype`)
) ENGINE=InnoDB DEFAULT CHARSET=utf8;
/*!40101 SET character_set_client = @saved_cs_client */;

--
-- Dumping data for table `nectarcrm_links`
--

LOCK TABLES `nectarcrm_links` WRITE;
/*!40000 ALTER TABLE `nectarcrm_links` DISABLE KEYS */;
INSERT INTO `nectarcrm_links` VALUES (2,6,'DETAILVIEW','LBL_SHOW_ACCOUNT_HIERARCHY','index.php?module=Accounts&action=AccountHierarchy&accountid=$RECORD$','',0,NULL,NULL,NULL,NULL),(5,0,'HEADERSCRIPT','Incoming Calls','modules/PBXManager/resources/PBXManagerJS.js','',0,'modules/PBXManager/PBXManager.php','PBXManager','checkLinkPermission',NULL),(6,7,'DETAILVIEWWIDGET','DetailViewBlockCommentWidget','block://ModComments:modules/ModComments/ModComments.php','',0,NULL,NULL,NULL,NULL),(7,4,'DETAILVIEWWIDGET','DetailViewBlockCommentWidget','block://ModComments:modules/ModComments/ModComments.php','',0,NULL,NULL,NULL,NULL),(8,6,'DETAILVIEWWIDGET','DetailViewBlockCommentWidget','block://ModComments:modules/ModComments/ModComments.php','',0,NULL,NULL,NULL,NULL),(9,2,'DETAILVIEWWIDGET','DetailViewBlockCommentWidget','block://ModComments:modules/ModComments/ModComments.php','',0,NULL,NULL,NULL,NULL),(10,41,'HEADERSCRIPT','ModCommentsCommonHeaderScript','modules/ModComments/ModCommentsCommon.js','',0,NULL,NULL,NULL,NULL),(16,47,'HEADERSCRIPT','SMSNotifierCommonJS','modules/SMSNotifier/SMSNotifierCommon.js','',0,NULL,NULL,NULL,NULL),(17,7,'LISTVIEWBASIC','Send SMS','SMSNotifierCommon.displaySelectWizard(this, \'$MODULE$\');','',0,NULL,NULL,NULL,NULL),(18,7,'DETAILVIEW','Send SMS','javascript:SMSNotifierCommon.displaySelectWizard_DetailView(\'$MODULE$\', \'$RECORD$\');','',0,NULL,NULL,NULL,NULL),(19,4,'LISTVIEWBASIC','Send SMS','SMSNotifierCommon.displaySelectWizard(this, \'$MODULE$\');','',0,NULL,NULL,NULL,NULL),(20,4,'DETAILVIEW','Send SMS','javascript:SMSNotifierCommon.displaySelectWizard_DetailView(\'$MODULE$\', \'$RECORD$\');','',0,NULL,NULL,NULL,NULL),(21,6,'LISTVIEWBASIC','Send SMS','SMSNotifierCommon.displaySelectWizard(this, \'$MODULE$\');','',0,NULL,NULL,NULL,NULL),(22,6,'DETAILVIEW','Send SMS','javascript:SMSNotifierCommon.displaySelectWizard_DetailView(\'$MODULE$\', \'$RECORD$\');','',0,NULL,NULL,NULL,NULL),(23,4,'DETAILVIEWSIDEBARWIDGET','Google Map','module=Google&view=Map&mode=showMap&viewtype=detail','',0,NULL,NULL,NULL,NULL),(24,7,'DETAILVIEWSIDEBARWIDGET','Google Map','module=Google&view=Map&mode=showMap&viewtype=detail','',0,NULL,NULL,NULL,NULL),(25,6,'DETAILVIEWSIDEBARWIDGET','Google Map','module=Google&view=Map&mode=showMap&viewtype=detail','',0,NULL,NULL,NULL,NULL),(26,4,'LISTVIEWSIDEBARWIDGET','Google Contacts','module=Google&view=List&sourcemodule=Contacts','',0,NULL,NULL,NULL,NULL),(27,9,'LISTVIEWSIDEBARWIDGET','Google Calendar','module=Google&view=List&sourcemodule=Calendar','',0,NULL,NULL,NULL,NULL),(28,49,'HEADERSCRIPT','ExtensionStoreCommonHeaderScript','modules/ExtensionStore/ExtensionStore.js','',0,NULL,NULL,NULL,NULL),(30,45,'DETAILVIEWWIDGET','DetailViewBlockCommentWidget','block://ModComments:modules/ModComments/ModComments.php','',0,NULL,NULL,NULL,NULL),(31,46,'DETAILVIEWBASIC','Add Project Task','index.php?module=ProjectTask&action=EditView&projectid=$RECORD$&return_module=Project&return_action=DetailView&return_id=$RECORD$','',0,'modules/ProjectTask/ProjectTask.php','ProjectTask','isLinkPermitted',NULL),(33,46,'DETAILVIEWWIDGET','DetailViewBlockCommentWidget','block://ModComments:modules/ModComments/ModComments.php','',0,NULL,NULL,NULL,NULL),(34,2,'DASHBOARDWIDGET','History','index.php?module=Potentials&view=ShowWidget&name=History','',1,NULL,NULL,NULL,NULL),(35,2,'DASHBOARDWIDGET','Upcoming Activities','index.php?module=Potentials&view=ShowWidget&name=CalendarActivities','',2,NULL,NULL,NULL,NULL),(36,2,'DASHBOARDWIDGET','Funnel','index.php?module=Potentials&view=ShowWidget&name=GroupedBySalesStage','',3,NULL,NULL,NULL,NULL),(37,2,'DASHBOARDWIDGET','Potentials by Stage','index.php?module=Potentials&view=ShowWidget&name=GroupedBySalesPerson','',4,NULL,NULL,NULL,NULL),(38,2,'DASHBOARDWIDGET','Pipelined Amount','index.php?module=Potentials&view=ShowWidget&name=PipelinedAmountPerSalesPerson','',5,NULL,NULL,NULL,NULL),(39,2,'DASHBOARDWIDGET','Total Revenue','index.php?module=Potentials&view=ShowWidget&name=TotalRevenuePerSalesPerson','',6,NULL,NULL,NULL,NULL),(40,2,'DASHBOARDWIDGET','Top Potentials','index.php?module=Potentials&view=ShowWidget&name=TopPotentials','',7,NULL,NULL,NULL,NULL),(41,2,'DASHBOARDWIDGET','Overdue Activities','index.php?module=Potentials&view=ShowWidget&name=OverdueActivities','',9,NULL,NULL,NULL,NULL),(42,6,'DASHBOARDWIDGET','History','index.php?module=Accounts&view=ShowWidget&name=History','',1,NULL,NULL,NULL,NULL),(43,6,'DASHBOARDWIDGET','Upcoming Activities','index.php?module=Accounts&view=ShowWidget&name=CalendarActivities','',2,NULL,NULL,NULL,NULL),(44,6,'DASHBOARDWIDGET','Overdue Activities','index.php?module=Accounts&view=ShowWidget&name=OverdueActivities','',3,NULL,NULL,NULL,NULL),(45,4,'DASHBOARDWIDGET','History','index.php?module=Contacts&view=ShowWidget&name=History','',1,NULL,NULL,NULL,NULL),(46,4,'DASHBOARDWIDGET','Upcoming Activities','index.php?module=Contacts&view=ShowWidget&name=CalendarActivities','',2,NULL,NULL,NULL,NULL),(47,4,'DASHBOARDWIDGET','Overdue Activities','index.php?module=Contacts&view=ShowWidget&name=OverdueActivities','',3,NULL,NULL,NULL,NULL),(48,7,'DASHBOARDWIDGET','History','index.php?module=Leads&view=ShowWidget&name=History','',1,NULL,NULL,NULL,NULL),(49,7,'DASHBOARDWIDGET','Upcoming Activities','index.php?module=Leads&view=ShowWidget&name=CalendarActivities','',2,NULL,NULL,NULL,NULL),(50,7,'DASHBOARDWIDGET','Leads by Status','index.php?module=Leads&view=ShowWidget&name=LeadsByStatus','',4,NULL,NULL,NULL,NULL),(51,7,'DASHBOARDWIDGET','Leads by Source','index.php?module=Leads&view=ShowWidget&name=LeadsBySource','',5,NULL,NULL,NULL,NULL),(52,7,'DASHBOARDWIDGET','Leads by Industry','index.php?module=Leads&view=ShowWidget&name=LeadsByIndustry','',6,NULL,NULL,NULL,NULL),(53,7,'DASHBOARDWIDGET','Overdue Activities','index.php?module=Leads&view=ShowWidget&name=OverdueActivities','',7,NULL,NULL,NULL,NULL),(54,13,'DASHBOARDWIDGET','Tickets by Status','index.php?module=HelpDesk&view=ShowWidget&name=TicketsByStatus','',1,NULL,NULL,NULL,NULL),(55,13,'DASHBOARDWIDGET','Open Tickets','index.php?module=HelpDesk&view=ShowWidget&name=OpenTickets','',2,NULL,NULL,NULL,NULL),(56,3,'DASHBOARDWIDGET','History','index.php?module=Home&view=ShowWidget&name=History','',1,NULL,NULL,NULL,NULL),(57,3,'DASHBOARDWIDGET','Upcoming Activities','index.php?module=Home&view=ShowWidget&name=CalendarActivities','',2,NULL,NULL,NULL,NULL),(58,3,'DASHBOARDWIDGET','Funnel','index.php?module=Potentials&view=ShowWidget&name=GroupedBySalesStage','',3,NULL,NULL,NULL,NULL),(59,3,'DASHBOARDWIDGET','Potentials by Stage','index.php?module=Potentials&view=ShowWidget&name=GroupedBySalesPerson','',4,NULL,NULL,NULL,NULL),(60,3,'DASHBOARDWIDGET','Pipelined Amount','index.php?module=Potentials&view=ShowWidget&name=PipelinedAmountPerSalesPerson','',5,NULL,NULL,NULL,NULL),(61,3,'DASHBOARDWIDGET','Total Revenue','index.php?module=Potentials&view=ShowWidget&name=TotalRevenuePerSalesPerson','',6,NULL,NULL,NULL,NULL),(62,3,'DASHBOARDWIDGET','Top Potentials','index.php?module=Potentials&view=ShowWidget&name=TopPotentials','',7,NULL,NULL,NULL,NULL),(63,3,'DASHBOARDWIDGET','Leads by Status','index.php?module=Leads&view=ShowWidget&name=LeadsByStatus','',10,NULL,NULL,NULL,NULL),(64,3,'DASHBOARDWIDGET','Leads by Source','index.php?module=Leads&view=ShowWidget&name=LeadsBySource','',11,NULL,NULL,NULL,NULL),(65,3,'DASHBOARDWIDGET','Leads by Industry','index.php?module=Leads&view=ShowWidget&name=LeadsByIndustry','',12,NULL,NULL,NULL,NULL),(66,3,'DASHBOARDWIDGET','Overdue Activities','index.php?module=Home&view=ShowWidget&name=OverdueActivities','',13,NULL,NULL,NULL,NULL),(67,3,'DASHBOARDWIDGET','Tickets by Status','index.php?module=HelpDesk&view=ShowWidget&name=TicketsByStatus','',13,NULL,NULL,NULL,NULL),(68,3,'DASHBOARDWIDGET','Open Tickets','index.php?module=HelpDesk&view=ShowWidget&name=OpenTickets','',14,NULL,NULL,NULL,NULL),(69,13,'DETAILVIEWWIDGET','DetailViewBlockCommentWidget','block://ModComments:modules/ModComments/ModComments.php','',0,NULL,NULL,NULL,NULL),(70,15,'DETAILVIEWWIDGET','DetailViewBlockCommentWidget','block://ModComments:modules/ModComments/ModComments.php','',0,NULL,NULL,NULL,NULL),(99,3,'DASHBOARDWIDGET','Key Metrics','index.php?module=Home&view=ShowWidget&name=KeyMetrics','',0,NULL,NULL,NULL,NULL),(100,3,'DASHBOARDWIDGET','Mini List','index.php?module=Home&view=ShowWidget&name=MiniList','',0,NULL,NULL,NULL,NULL),(101,3,'DASHBOARDWIDGET','Tag Cloud','index.php?module=Home&view=ShowWidget&name=TagCloud','',0,NULL,NULL,NULL,NULL),(102,2,'DASHBOARDWIDGET','Funnel Amount','index.php?module=Potentials&view=ShowWidget&name=FunnelAmount','',10,NULL,NULL,NULL,NULL),(103,3,'DASHBOARDWIDGET','Funnel Amount','index.php?module=Potentials&view=ShowWidget&name=FunnelAmount','',10,NULL,NULL,NULL,NULL),(104,3,'DASHBOARDWIDGET','Notebook','index.php?module=Home&view=ShowWidget&name=Notebook','',0,NULL,NULL,NULL,NULL),(105,25,'LISTVIEWBASIC','LBL_ADD_RECORD','','',0,NULL,NULL,NULL,NULL),(106,25,'LISTVIEWBASIC','LBL_DETAIL_REPORT','javascript:Reports_List_Js.addReport(\"index.php?module=Reports&view=Edit\")','',0,'modules/Reports/models/Module.php','Reports_Module_Model','checkLinkAccess',105),(107,25,'LISTVIEWBASIC','LBL_CHARTS','javascript:Reports_List_Js.addReport(\"index.php?module=Reports&view=ChartEdit\")','',0,'modules/Reports/models/Module.php','Reports_Module_Model','checkLinkAccess',105),(108,25,'LISTVIEWBASIC','LBL_ADD_FOLDER','javascript:Reports_List_Js.triggerAddFolder(\"index.php?module=Reports&view=EditFolder\")','',0,'modules/Reports/models/Module.php','Reports_Module_Model','checkLinkAccess',NULL),(109,4,'EXTENSIONLINK','Google','index.php?module=Contacts&view=Extension&extensionModule=Google&extensionView=Index','',0,NULL,NULL,NULL,NULL),(110,9,'EXTENSIONLINK','Google','index.php?module=Calendar&view=Extension&extensionModule=Google&extensionView=Index','',0,NULL,NULL,NULL,NULL);
/*!40000 ALTER TABLE `nectarcrm_links` ENABLE KEYS */;
UNLOCK TABLES;

--
-- Table structure for table `nectarcrm_links_seq`
--

DROP TABLE IF EXISTS `nectarcrm_links_seq`;
/*!40101 SET @saved_cs_client     = @@character_set_client */;
/*!40101 SET character_set_client = utf8 */;
CREATE TABLE `nectarcrm_links_seq` (
  `id` int(11) NOT NULL
) ENGINE=InnoDB DEFAULT CHARSET=utf8;
/*!40101 SET character_set_client = @saved_cs_client */;

--
-- Dumping data for table `nectarcrm_links_seq`
--

LOCK TABLES `nectarcrm_links_seq` WRITE;
/*!40000 ALTER TABLE `nectarcrm_links_seq` DISABLE KEYS */;
INSERT INTO `nectarcrm_links_seq` VALUES (110);
/*!40000 ALTER TABLE `nectarcrm_links_seq` ENABLE KEYS */;
UNLOCK TABLES;

--
-- Table structure for table `nectarcrm_loginhistory`
--

DROP TABLE IF EXISTS `nectarcrm_loginhistory`;
/*!40101 SET @saved_cs_client     = @@character_set_client */;
/*!40101 SET character_set_client = utf8 */;
CREATE TABLE `nectarcrm_loginhistory` (
  `login_id` int(11) NOT NULL AUTO_INCREMENT,
  `user_name` varchar(255) DEFAULT NULL,
  `user_ip` varchar(25) NOT NULL,
  `logout_time` timestamp NOT NULL DEFAULT CURRENT_TIMESTAMP ON UPDATE CURRENT_TIMESTAMP,
  `login_time` datetime DEFAULT NULL,
  `status` varchar(25) DEFAULT NULL,
  PRIMARY KEY (`login_id`)
) ENGINE=InnoDB AUTO_INCREMENT=71 DEFAULT CHARSET=utf8;
/*!40101 SET character_set_client = @saved_cs_client */;

--
-- Dumping data for table `nectarcrm_loginhistory`
--

LOCK TABLES `nectarcrm_loginhistory` WRITE;
/*!40000 ALTER TABLE `nectarcrm_loginhistory` DISABLE KEYS */;
INSERT INTO `nectarcrm_loginhistory` VALUES (1,'admin','49.35.111.3','2018-07-21 00:45:02','2018-07-21 06:08:42','Signed off'),(2,'admin','49.35.111.3','2018-07-21 00:45:20','2018-07-21 06:15:14','Signed off'),(3,'admin','49.35.111.3','2018-07-21 00:56:07','2018-07-21 06:26:07','Signed in'),(4,'admin','49.35.111.3','2018-07-21 01:10:41','2018-07-21 06:36:03','Signed off'),(5,'admin','49.35.111.3','2018-07-21 01:21:40','2018-07-21 06:51:32','Signed off'),(6,'admin','223.229.232.160','2018-07-21 06:34:06','2018-07-21 12:04:06','Signed in'),(7,'admin','114.143.109.66','2018-08-23 00:54:53','2018-08-23 06:22:25','Signed off'),(8,'Bhaskar','114.143.109.66','2018-08-23 00:58:09','2018-08-23 06:25:30','Signed off'),(9,'Bhaskar','114.143.109.66','2018-08-23 01:34:26','2018-08-23 06:28:49','Signed off'),(10,'admin','114.143.109.66','2018-08-24 01:02:10','2018-08-24 06:32:10','Signed in'),(11,'admin','114.143.109.66','2018-08-24 04:24:32','2018-08-24 09:39:07','Signed off'),(12,'admin','114.143.109.66','2018-08-24 06:47:52','2018-08-24 12:17:52','Signed in'),(13,'admin','114.143.109.66','2018-08-26 22:58:47','2018-08-27 04:28:47','Signed in'),(14,'admin','114.143.109.66','2018-08-26 23:22:18','2018-08-27 04:52:18','Signed in'),(15,'admin','114.143.109.66','2018-08-27 00:42:27','2018-08-27 06:10:38','Signed off'),(16,'admin','114.143.109.66','2018-08-27 00:58:08','2018-08-27 06:12:58','Signed off'),(17,'admin','114.143.109.66','2018-08-27 01:13:42','2018-08-27 06:31:35','Signed off'),(18,'admin','114.143.109.66','2018-08-27 01:20:30','2018-08-27 06:48:42','Signed off'),(19,'admin','114.143.109.66','2018-08-27 01:38:25','2018-08-27 06:58:07','Signed off'),(20,'Bhaskar','157.33.243.155','2018-08-27 01:35:50','2018-08-27 07:05:50','Signed in'),(21,'admin','114.143.109.66','2018-08-27 01:52:18','2018-08-27 07:22:18','Signed in'),(22,'admin','49.248.9.154','0000-00-00 00:00:00','2019-11-12 12:00:14','Signed in'),(23,'admin','49.248.9.154','2019-11-12 06:31:15','2019-11-12 12:00:28','Signed off'),(24,'admin','49.248.9.154','0000-00-00 00:00:00','2019-11-12 12:02:51','Signed in'),(25,'admin','49.248.9.154','2019-11-12 06:47:44','2019-11-12 12:04:10','Signed off'),(26,'admin','49.248.9.154','2019-11-12 06:52:36','2019-11-12 12:17:50','Signed off'),(27,'admin','49.248.9.154','2019-11-12 06:58:25','2019-11-12 12:22:42','Signed off'),(28,'admin','49.248.9.154','2019-11-12 07:09:14','2019-11-12 12:28:31','Signed off'),(29,'admin','49.248.9.154','2019-11-13 06:21:54','2019-11-13 11:51:54','Signed in'),(30,'admin','49.248.9.154','2019-11-14 01:06:47','2019-11-14 06:36:47','Signed in'),(31,'admin','49.248.9.154','2019-11-14 03:22:34','2019-11-14 06:37:10','Signed off'),(32,'admin','49.248.9.154','2019-11-14 03:24:33','2019-11-14 08:52:52','Signed off'),(33,'Ali','49.248.9.154','2019-11-14 03:24:39','2019-11-14 08:54:39','Signed in'),(34,'admin','49.248.9.154','2019-11-14 05:01:13','2019-11-14 10:30:42','Signed off'),(35,'admin','49.248.9.154','2019-11-14 05:02:27','2019-11-14 10:32:27','Signed in'),(36,'admin','49.248.9.154','2019-11-15 06:45:51','2019-11-15 06:38:05','Signed off'),(37,'admin','49.248.9.154','2019-11-15 06:45:57','2019-11-15 12:15:57','Signed in'),(38,'admin','49.248.9.154','2019-11-17 23:34:59','2019-11-18 05:04:59','Signed in'),(39,'admin','49.248.9.154','2019-11-18 03:35:13','2019-11-18 09:05:13','Signed in'),(40,'admin','49.248.9.154','2019-11-18 04:00:49','2019-11-18 09:30:49','Signed in'),(41,'admin','49.248.9.154','2019-11-18 04:17:50','2019-11-18 09:47:50','Signed in'),(42,'admin','49.248.9.154','2019-11-18 04:19:25','2019-11-18 09:49:25','Signed in'),(43,'admin','49.248.9.154','2019-11-18 06:29:49','2019-11-18 11:59:49','Signed in'),(44,'admin','49.248.9.154','2019-11-18 22:39:13','2019-11-19 04:09:13','Signed in'),(45,'admin','49.248.9.154','2019-11-18 23:37:16','2019-11-19 05:07:16','Signed in'),(46,'admin','49.248.9.154','2019-11-18 23:37:16','2019-11-19 05:07:16','Signed in'),(47,'admin','49.248.9.154','2019-11-18 23:37:16','2019-11-19 05:07:16','Signed in'),(48,'admin','49.248.9.154','2019-11-18 23:37:16','2019-11-19 05:07:16','Signed in'),(49,'admin','49.248.9.154','2019-11-18 23:37:16','2019-11-19 05:07:16','Signed in'),(50,'admin','49.248.9.154','2019-11-18 23:37:16','2019-11-19 05:07:16','Signed in'),(51,'admin','49.248.9.154','2019-11-18 23:37:17','2019-11-19 05:07:17','Signed in'),(52,'admin','49.248.9.154','2019-11-18 23:56:46','2019-11-19 05:07:17','Signed off'),(53,'sales','49.248.9.154','2019-11-18 23:51:05','2019-11-19 05:21:05','Signed in'),(54,'sales','49.248.9.154','2019-11-19 00:00:42','2019-11-19 05:26:51','Signed off'),(55,'admin','49.248.9.154','2019-11-18 23:58:31','2019-11-19 05:28:31','Signed in'),(56,'user','49.248.9.154','2019-11-19 00:05:22','2019-11-19 05:32:06','Signed off'),(57,'viceuser','49.248.9.154','2019-11-19 00:11:58','2019-11-19 05:36:18','Signed off'),(58,'salesmanager','49.248.9.154','2019-11-19 00:16:22','2019-11-19 05:42:19','Signed off'),(59,'ceo','49.248.9.154','2019-11-19 00:17:35','2019-11-19 05:46:40','Signed off'),(60,'ceo','49.248.9.154','2019-11-19 00:18:57','2019-11-19 05:47:43','Signed off'),(61,'user','49.248.9.154','2019-11-19 00:47:21','2019-11-19 05:49:04','Signed off'),(62,'admin','49.248.9.154','2019-11-19 01:37:43','2019-11-19 06:17:29','Signed off'),(63,'admin','49.248.9.154','2019-11-19 01:39:14','2019-11-19 07:07:53','Signed off'),(64,'admin','49.248.9.154','2019-11-19 01:39:23','2019-11-19 07:09:23','Signed in'),(65,'admin','49.248.9.154','2019-11-19 06:19:16','2019-11-19 11:49:16','Signed in'),(66,'admin','49.248.9.154','2019-11-19 06:21:36','2019-11-19 11:51:36','Signed in'),(67,'admin','49.248.9.154','2019-11-20 03:19:56','2019-11-20 08:49:56','Signed in'),(68,'admin','49.248.9.154','2019-11-20 04:56:38','2019-11-20 10:26:38','Signed in'),(69,'admin','49.248.9.154','2019-11-20 22:05:19','2019-11-21 03:35:19','Signed in'),(70,'admin','49.248.9.154','2019-11-27 04:10:26','2019-11-27 09:39:41','Signed off');
/*!40000 ALTER TABLE `nectarcrm_loginhistory` ENABLE KEYS */;
UNLOCK TABLES;

--
-- Table structure for table `nectarcrm_mail_accounts`
--

DROP TABLE IF EXISTS `nectarcrm_mail_accounts`;
/*!40101 SET @saved_cs_client     = @@character_set_client */;
/*!40101 SET character_set_client = utf8 */;
CREATE TABLE `nectarcrm_mail_accounts` (
  `account_id` int(11) NOT NULL,
  `user_id` int(11) NOT NULL,
  `display_name` varchar(50) DEFAULT NULL,
  `mail_id` varchar(50) DEFAULT NULL,
  `account_name` varchar(50) DEFAULT NULL,
  `mail_protocol` varchar(20) DEFAULT NULL,
  `mail_username` varchar(50) NOT NULL,
  `mail_password` text,
  `mail_servername` varchar(50) DEFAULT NULL,
  `box_refresh` int(10) DEFAULT NULL,
  `mails_per_page` int(10) DEFAULT NULL,
  `ssltype` varchar(50) DEFAULT NULL,
  `sslmeth` varchar(50) DEFAULT NULL,
  `int_mailer` int(1) DEFAULT '0',
  `status` varchar(10) DEFAULT NULL,
  `set_default` int(2) DEFAULT NULL,
  `sent_folder` varchar(50) DEFAULT NULL,
  PRIMARY KEY (`account_id`)
) ENGINE=InnoDB DEFAULT CHARSET=utf8;
/*!40101 SET character_set_client = @saved_cs_client */;

--
-- Dumping data for table `nectarcrm_mail_accounts`
--

LOCK TABLES `nectarcrm_mail_accounts` WRITE;
/*!40000 ALTER TABLE `nectarcrm_mail_accounts` DISABLE KEYS */;
/*!40000 ALTER TABLE `nectarcrm_mail_accounts` ENABLE KEYS */;
UNLOCK TABLES;

--
-- Table structure for table `nectarcrm_mailer_queue`
--

DROP TABLE IF EXISTS `nectarcrm_mailer_queue`;
/*!40101 SET @saved_cs_client     = @@character_set_client */;
/*!40101 SET character_set_client = utf8 */;
CREATE TABLE `nectarcrm_mailer_queue` (
  `id` int(11) NOT NULL,
  `fromname` varchar(100) DEFAULT NULL,
  `fromemail` varchar(100) DEFAULT NULL,
  `mailer` varchar(10) DEFAULT NULL,
  `content_type` varchar(15) DEFAULT NULL,
  `subject` varchar(999) DEFAULT NULL,
  `body` text,
  `relcrmid` int(11) DEFAULT NULL,
  `failed` int(1) NOT NULL DEFAULT '0',
  `failreason` varchar(255) DEFAULT NULL,
  PRIMARY KEY (`id`)
) ENGINE=InnoDB DEFAULT CHARSET=utf8;
/*!40101 SET character_set_client = @saved_cs_client */;

--
-- Dumping data for table `nectarcrm_mailer_queue`
--

LOCK TABLES `nectarcrm_mailer_queue` WRITE;
/*!40000 ALTER TABLE `nectarcrm_mailer_queue` DISABLE KEYS */;
/*!40000 ALTER TABLE `nectarcrm_mailer_queue` ENABLE KEYS */;
UNLOCK TABLES;

--
-- Table structure for table `nectarcrm_mailer_queueattachments`
--

DROP TABLE IF EXISTS `nectarcrm_mailer_queueattachments`;
/*!40101 SET @saved_cs_client     = @@character_set_client */;
/*!40101 SET character_set_client = utf8 */;
CREATE TABLE `nectarcrm_mailer_queueattachments` (
  `id` int(11) DEFAULT NULL,
  `path` text,
  `name` varchar(100) DEFAULT NULL,
  `encoding` varchar(50) DEFAULT NULL,
  `type` varchar(100) DEFAULT NULL
) ENGINE=InnoDB DEFAULT CHARSET=utf8;
/*!40101 SET character_set_client = @saved_cs_client */;

--
-- Dumping data for table `nectarcrm_mailer_queueattachments`
--

LOCK TABLES `nectarcrm_mailer_queueattachments` WRITE;
/*!40000 ALTER TABLE `nectarcrm_mailer_queueattachments` DISABLE KEYS */;
/*!40000 ALTER TABLE `nectarcrm_mailer_queueattachments` ENABLE KEYS */;
UNLOCK TABLES;

--
-- Table structure for table `nectarcrm_mailer_queueinfo`
--

DROP TABLE IF EXISTS `nectarcrm_mailer_queueinfo`;
/*!40101 SET @saved_cs_client     = @@character_set_client */;
/*!40101 SET character_set_client = utf8 */;
CREATE TABLE `nectarcrm_mailer_queueinfo` (
  `id` int(11) DEFAULT NULL,
  `name` varchar(100) DEFAULT NULL,
  `email` varchar(100) DEFAULT NULL,
  `type` varchar(7) DEFAULT NULL
) ENGINE=InnoDB DEFAULT CHARSET=utf8;
/*!40101 SET character_set_client = @saved_cs_client */;

--
-- Dumping data for table `nectarcrm_mailer_queueinfo`
--

LOCK TABLES `nectarcrm_mailer_queueinfo` WRITE;
/*!40000 ALTER TABLE `nectarcrm_mailer_queueinfo` DISABLE KEYS */;
/*!40000 ALTER TABLE `nectarcrm_mailer_queueinfo` ENABLE KEYS */;
UNLOCK TABLES;

--
-- Table structure for table `nectarcrm_mailmanager_mailattachments`
--

DROP TABLE IF EXISTS `nectarcrm_mailmanager_mailattachments`;
/*!40101 SET @saved_cs_client     = @@character_set_client */;
/*!40101 SET character_set_client = utf8 */;
CREATE TABLE `nectarcrm_mailmanager_mailattachments` (
  `userid` int(11) DEFAULT NULL,
  `muid` int(11) DEFAULT NULL,
  `aname` varchar(100) DEFAULT NULL,
  `lastsavedtime` int(11) DEFAULT NULL,
  `attachid` int(19) NOT NULL,
  `path` varchar(200) NOT NULL,
  `cid` varchar(50) DEFAULT NULL,
  KEY `userid_muid_idx` (`userid`,`muid`)
) ENGINE=InnoDB DEFAULT CHARSET=utf8;
/*!40101 SET character_set_client = @saved_cs_client */;

--
-- Dumping data for table `nectarcrm_mailmanager_mailattachments`
--

LOCK TABLES `nectarcrm_mailmanager_mailattachments` WRITE;
/*!40000 ALTER TABLE `nectarcrm_mailmanager_mailattachments` DISABLE KEYS */;
/*!40000 ALTER TABLE `nectarcrm_mailmanager_mailattachments` ENABLE KEYS */;
UNLOCK TABLES;

--
-- Table structure for table `nectarcrm_mailmanager_mailrecord`
--

DROP TABLE IF EXISTS `nectarcrm_mailmanager_mailrecord`;
/*!40101 SET @saved_cs_client     = @@character_set_client */;
/*!40101 SET character_set_client = utf8 */;
CREATE TABLE `nectarcrm_mailmanager_mailrecord` (
  `userid` int(11) DEFAULT NULL,
  `mfrom` varchar(255) DEFAULT NULL,
  `mto` varchar(255) DEFAULT NULL,
  `mcc` varchar(500) DEFAULT NULL,
  `mbcc` varchar(500) DEFAULT NULL,
  `mdate` varchar(20) DEFAULT NULL,
  `msubject` varchar(500) DEFAULT NULL,
  `mbody` text,
  `mcharset` varchar(10) DEFAULT NULL,
  `misbodyhtml` int(1) DEFAULT NULL,
  `mplainmessage` int(1) DEFAULT NULL,
  `mhtmlmessage` int(1) DEFAULT NULL,
  `muniqueid` varchar(500) DEFAULT NULL,
  `mbodyparsed` int(1) DEFAULT NULL,
  `muid` int(11) DEFAULT NULL,
  `lastsavedtime` int(11) DEFAULT NULL,
  `mfolder` varchar(250) DEFAULT NULL,
  KEY `userid_lastsavedtime_idx` (`userid`,`lastsavedtime`),
  KEY `userid_muid_idx` (`userid`,`muid`)
) ENGINE=InnoDB DEFAULT CHARSET=utf8;
/*!40101 SET character_set_client = @saved_cs_client */;

--
-- Dumping data for table `nectarcrm_mailmanager_mailrecord`
--

LOCK TABLES `nectarcrm_mailmanager_mailrecord` WRITE;
/*!40000 ALTER TABLE `nectarcrm_mailmanager_mailrecord` DISABLE KEYS */;
/*!40000 ALTER TABLE `nectarcrm_mailmanager_mailrecord` ENABLE KEYS */;
UNLOCK TABLES;

--
-- Table structure for table `nectarcrm_mailmanager_mailrel`
--

DROP TABLE IF EXISTS `nectarcrm_mailmanager_mailrel`;
/*!40101 SET @saved_cs_client     = @@character_set_client */;
/*!40101 SET character_set_client = utf8 */;
CREATE TABLE `nectarcrm_mailmanager_mailrel` (
  `mailuid` varchar(999) DEFAULT NULL,
  `crmid` int(11) DEFAULT NULL,
  `emailid` int(11) DEFAULT NULL
) ENGINE=InnoDB DEFAULT CHARSET=utf8;
/*!40101 SET character_set_client = @saved_cs_client */;

--
-- Dumping data for table `nectarcrm_mailmanager_mailrel`
--

LOCK TABLES `nectarcrm_mailmanager_mailrel` WRITE;
/*!40000 ALTER TABLE `nectarcrm_mailmanager_mailrel` DISABLE KEYS */;
/*!40000 ALTER TABLE `nectarcrm_mailmanager_mailrel` ENABLE KEYS */;
UNLOCK TABLES;

--
-- Table structure for table `nectarcrm_mailscanner`
--

DROP TABLE IF EXISTS `nectarcrm_mailscanner`;
/*!40101 SET @saved_cs_client     = @@character_set_client */;
/*!40101 SET character_set_client = utf8 */;
CREATE TABLE `nectarcrm_mailscanner` (
  `scannerid` int(11) NOT NULL AUTO_INCREMENT,
  `scannername` varchar(30) DEFAULT NULL,
  `server` varchar(100) DEFAULT NULL,
  `protocol` varchar(10) DEFAULT NULL,
  `username` varchar(255) DEFAULT NULL,
  `password` varchar(255) DEFAULT NULL,
  `ssltype` varchar(10) DEFAULT NULL,
  `sslmethod` varchar(30) DEFAULT NULL,
  `connecturl` varchar(255) DEFAULT NULL,
  `searchfor` varchar(10) DEFAULT NULL,
  `markas` varchar(10) DEFAULT NULL,
  `isvalid` int(1) DEFAULT NULL,
  `scanfrom` varchar(10) DEFAULT 'ALL',
  `time_zone` varchar(10) DEFAULT NULL,
  PRIMARY KEY (`scannerid`)
) ENGINE=InnoDB DEFAULT CHARSET=utf8;
/*!40101 SET character_set_client = @saved_cs_client */;

--
-- Dumping data for table `nectarcrm_mailscanner`
--

LOCK TABLES `nectarcrm_mailscanner` WRITE;
/*!40000 ALTER TABLE `nectarcrm_mailscanner` DISABLE KEYS */;
/*!40000 ALTER TABLE `nectarcrm_mailscanner` ENABLE KEYS */;
UNLOCK TABLES;

--
-- Table structure for table `nectarcrm_mailscanner_actions`
--

DROP TABLE IF EXISTS `nectarcrm_mailscanner_actions`;
/*!40101 SET @saved_cs_client     = @@character_set_client */;
/*!40101 SET character_set_client = utf8 */;
CREATE TABLE `nectarcrm_mailscanner_actions` (
  `actionid` int(11) NOT NULL AUTO_INCREMENT,
  `scannerid` int(11) DEFAULT NULL,
  `actiontype` varchar(10) DEFAULT NULL,
  `module` varchar(30) DEFAULT NULL,
  `lookup` varchar(30) DEFAULT NULL,
  `sequence` int(11) DEFAULT NULL,
  PRIMARY KEY (`actionid`)
) ENGINE=InnoDB DEFAULT CHARSET=utf8;
/*!40101 SET character_set_client = @saved_cs_client */;

--
-- Dumping data for table `nectarcrm_mailscanner_actions`
--

LOCK TABLES `nectarcrm_mailscanner_actions` WRITE;
/*!40000 ALTER TABLE `nectarcrm_mailscanner_actions` DISABLE KEYS */;
/*!40000 ALTER TABLE `nectarcrm_mailscanner_actions` ENABLE KEYS */;
UNLOCK TABLES;

--
-- Table structure for table `nectarcrm_mailscanner_folders`
--

DROP TABLE IF EXISTS `nectarcrm_mailscanner_folders`;
/*!40101 SET @saved_cs_client     = @@character_set_client */;
/*!40101 SET character_set_client = utf8 */;
CREATE TABLE `nectarcrm_mailscanner_folders` (
  `folderid` int(11) NOT NULL AUTO_INCREMENT,
  `scannerid` int(11) DEFAULT NULL,
  `foldername` varchar(255) DEFAULT NULL,
  `lastscan` varchar(30) DEFAULT NULL,
  `rescan` int(1) DEFAULT NULL,
  `enabled` int(1) DEFAULT NULL,
  PRIMARY KEY (`folderid`),
  KEY `folderid_idx` (`folderid`)
) ENGINE=InnoDB DEFAULT CHARSET=utf8;
/*!40101 SET character_set_client = @saved_cs_client */;

--
-- Dumping data for table `nectarcrm_mailscanner_folders`
--

LOCK TABLES `nectarcrm_mailscanner_folders` WRITE;
/*!40000 ALTER TABLE `nectarcrm_mailscanner_folders` DISABLE KEYS */;
/*!40000 ALTER TABLE `nectarcrm_mailscanner_folders` ENABLE KEYS */;
UNLOCK TABLES;

--
-- Table structure for table `nectarcrm_mailscanner_ids`
--

DROP TABLE IF EXISTS `nectarcrm_mailscanner_ids`;
/*!40101 SET @saved_cs_client     = @@character_set_client */;
/*!40101 SET character_set_client = utf8 */;
CREATE TABLE `nectarcrm_mailscanner_ids` (
  `scannerid` int(11) DEFAULT NULL,
  `messageid` varchar(512) DEFAULT NULL,
  `crmid` int(11) DEFAULT NULL,
  `refids` text,
  KEY `scanner_message_ids_idx` (`scannerid`,`messageid`),
  KEY `messageids_crmid_idx` (`crmid`)
) ENGINE=InnoDB DEFAULT CHARSET=utf8;
/*!40101 SET character_set_client = @saved_cs_client */;

--
-- Dumping data for table `nectarcrm_mailscanner_ids`
--

LOCK TABLES `nectarcrm_mailscanner_ids` WRITE;
/*!40000 ALTER TABLE `nectarcrm_mailscanner_ids` DISABLE KEYS */;
/*!40000 ALTER TABLE `nectarcrm_mailscanner_ids` ENABLE KEYS */;
UNLOCK TABLES;

--
-- Table structure for table `nectarcrm_mailscanner_ruleactions`
--

DROP TABLE IF EXISTS `nectarcrm_mailscanner_ruleactions`;
/*!40101 SET @saved_cs_client     = @@character_set_client */;
/*!40101 SET character_set_client = utf8 */;
CREATE TABLE `nectarcrm_mailscanner_ruleactions` (
  `ruleid` int(11) DEFAULT NULL,
  `actionid` int(11) DEFAULT NULL
) ENGINE=InnoDB DEFAULT CHARSET=utf8;
/*!40101 SET character_set_client = @saved_cs_client */;

--
-- Dumping data for table `nectarcrm_mailscanner_ruleactions`
--

LOCK TABLES `nectarcrm_mailscanner_ruleactions` WRITE;
/*!40000 ALTER TABLE `nectarcrm_mailscanner_ruleactions` DISABLE KEYS */;
/*!40000 ALTER TABLE `nectarcrm_mailscanner_ruleactions` ENABLE KEYS */;
UNLOCK TABLES;

--
-- Table structure for table `nectarcrm_mailscanner_rules`
--

DROP TABLE IF EXISTS `nectarcrm_mailscanner_rules`;
/*!40101 SET @saved_cs_client     = @@character_set_client */;
/*!40101 SET character_set_client = utf8 */;
CREATE TABLE `nectarcrm_mailscanner_rules` (
  `ruleid` int(11) NOT NULL AUTO_INCREMENT,
  `scannerid` int(11) DEFAULT NULL,
  `fromaddress` varchar(255) DEFAULT NULL,
  `toaddress` varchar(255) DEFAULT NULL,
  `subjectop` varchar(20) DEFAULT NULL,
  `subject` varchar(255) DEFAULT NULL,
  `bodyop` varchar(20) DEFAULT NULL,
  `body` varchar(255) DEFAULT NULL,
  `matchusing` varchar(5) DEFAULT NULL,
  `sequence` int(11) DEFAULT NULL,
  `assigned_to` int(10) DEFAULT NULL,
  `cc` varchar(255) DEFAULT NULL,
  `bcc` varchar(255) DEFAULT NULL,
  PRIMARY KEY (`ruleid`)
) ENGINE=InnoDB DEFAULT CHARSET=utf8;
/*!40101 SET character_set_client = @saved_cs_client */;

--
-- Dumping data for table `nectarcrm_mailscanner_rules`
--

LOCK TABLES `nectarcrm_mailscanner_rules` WRITE;
/*!40000 ALTER TABLE `nectarcrm_mailscanner_rules` DISABLE KEYS */;
/*!40000 ALTER TABLE `nectarcrm_mailscanner_rules` ENABLE KEYS */;
UNLOCK TABLES;

--
-- Table structure for table `nectarcrm_manufacturer`
--

DROP TABLE IF EXISTS `nectarcrm_manufacturer`;
/*!40101 SET @saved_cs_client     = @@character_set_client */;
/*!40101 SET character_set_client = utf8 */;
CREATE TABLE `nectarcrm_manufacturer` (
  `manufacturerid` int(19) NOT NULL AUTO_INCREMENT,
  `manufacturer` varchar(200) NOT NULL,
  `presence` int(1) NOT NULL DEFAULT '1',
  `picklist_valueid` int(19) NOT NULL DEFAULT '0',
  `sortorderid` int(11) DEFAULT NULL,
  `color` varchar(10) DEFAULT NULL,
  PRIMARY KEY (`manufacturerid`),
  UNIQUE KEY `manufacturer_manufacturer_idx` (`manufacturer`)
) ENGINE=InnoDB AUTO_INCREMENT=5 DEFAULT CHARSET=utf8;
/*!40101 SET character_set_client = @saved_cs_client */;

--
-- Dumping data for table `nectarcrm_manufacturer`
--

LOCK TABLES `nectarcrm_manufacturer` WRITE;
/*!40000 ALTER TABLE `nectarcrm_manufacturer` DISABLE KEYS */;
INSERT INTO `nectarcrm_manufacturer` VALUES (2,'AltvetPet Inc.',1,124,1,NULL),(3,'LexPon Inc.',1,125,2,NULL),(4,'MetBeat Corp',1,126,3,NULL);
/*!40000 ALTER TABLE `nectarcrm_manufacturer` ENABLE KEYS */;
UNLOCK TABLES;

--
-- Table structure for table `nectarcrm_manufacturer_seq`
--

DROP TABLE IF EXISTS `nectarcrm_manufacturer_seq`;
/*!40101 SET @saved_cs_client     = @@character_set_client */;
/*!40101 SET character_set_client = utf8 */;
CREATE TABLE `nectarcrm_manufacturer_seq` (
  `id` int(11) NOT NULL
) ENGINE=InnoDB DEFAULT CHARSET=utf8;
/*!40101 SET character_set_client = @saved_cs_client */;

--
-- Dumping data for table `nectarcrm_manufacturer_seq`
--

LOCK TABLES `nectarcrm_manufacturer_seq` WRITE;
/*!40000 ALTER TABLE `nectarcrm_manufacturer_seq` DISABLE KEYS */;
INSERT INTO `nectarcrm_manufacturer_seq` VALUES (4);
/*!40000 ALTER TABLE `nectarcrm_manufacturer_seq` ENABLE KEYS */;
UNLOCK TABLES;

--
-- Table structure for table `nectarcrm_mobile_alerts`
--

DROP TABLE IF EXISTS `nectarcrm_mobile_alerts`;
/*!40101 SET @saved_cs_client     = @@character_set_client */;
/*!40101 SET character_set_client = utf8 */;
CREATE TABLE `nectarcrm_mobile_alerts` (
  `id` int(11) NOT NULL AUTO_INCREMENT,
  `handler_path` varchar(500) DEFAULT NULL,
  `handler_class` varchar(50) DEFAULT NULL,
  `sequence` int(11) DEFAULT NULL,
  `deleted` int(11) NOT NULL DEFAULT '0',
  PRIMARY KEY (`id`)
) ENGINE=InnoDB AUTO_INCREMENT=8 DEFAULT CHARSET=utf8;
/*!40101 SET character_set_client = @saved_cs_client */;

--
-- Dumping data for table `nectarcrm_mobile_alerts`
--

LOCK TABLES `nectarcrm_mobile_alerts` WRITE;
/*!40000 ALTER TABLE `nectarcrm_mobile_alerts` DISABLE KEYS */;
INSERT INTO `nectarcrm_mobile_alerts` VALUES (1,'modules/Mobile/api/ws/models/alerts/IdleTicketsOfMine.php','Mobile_WS_AlertModel_IdleTicketsOfMine',NULL,0),(2,'modules/Mobile/api/ws/models/alerts/NewTicketOfMine.php','Mobile_WS_AlertModel_NewTicketOfMine',NULL,0),(3,'modules/Mobile/api/ws/models/alerts/PendingTicketsOfMine.php','Mobile_WS_AlertModel_PendingTicketsOfMine',NULL,0),(4,'modules/Mobile/api/ws/models/alerts/PotentialsDueIn5Days.php','Mobile_WS_AlertModel_PotentialsDueIn5Days',NULL,0),(5,'modules/Mobile/api/ws/models/alerts/EventsOfMineToday.php','Mobile_WS_AlertModel_EventsOfMineToday',NULL,0),(6,'modules/Mobile/api/ws/models/alerts/ProjectTasksOfMine.php','Mobile_WS_AlertModel_ProjectTasksOfMine',NULL,0),(7,'modules/Mobile/api/ws/models/alerts/Projects.php','Mobile_WS_AlertModel_Projects',NULL,0);
/*!40000 ALTER TABLE `nectarcrm_mobile_alerts` ENABLE KEYS */;
UNLOCK TABLES;

--
-- Table structure for table `nectarcrm_modcomments`
--

DROP TABLE IF EXISTS `nectarcrm_modcomments`;
/*!40101 SET @saved_cs_client     = @@character_set_client */;
/*!40101 SET character_set_client = utf8 */;
CREATE TABLE `nectarcrm_modcomments` (
  `modcommentsid` int(11) DEFAULT NULL,
  `commentcontent` text,
  `related_to` int(19) DEFAULT NULL,
  `parent_comments` int(19) DEFAULT NULL,
  `customer` int(19) DEFAULT NULL,
  `userid` int(19) DEFAULT NULL,
  `reasontoedit` varchar(100) DEFAULT NULL,
  `is_private` int(1) DEFAULT '0',
  `filename` varchar(255) DEFAULT NULL,
  `related_email_id` int(11) DEFAULT NULL,
  KEY `relatedto_idx` (`related_to`),
  KEY `fk_crmid_nectarcrm_modcomments` (`modcommentsid`),
  CONSTRAINT `fk_crmid_nectarcrm_modcomments` FOREIGN KEY (`modcommentsid`) REFERENCES `nectarcrm_crmentity` (`crmid`) ON DELETE CASCADE
) ENGINE=InnoDB DEFAULT CHARSET=utf8;
/*!40101 SET character_set_client = @saved_cs_client */;

--
-- Dumping data for table `nectarcrm_modcomments`
--

LOCK TABLES `nectarcrm_modcomments` WRITE;
/*!40000 ALTER TABLE `nectarcrm_modcomments` DISABLE KEYS */;
INSERT INTO `nectarcrm_modcomments` VALUES (6,'Not Potential Lead',8,0,0,5,'',0,'0',0),(46,'demo',39,0,0,1,'',0,'47',0),(60,'nnn',54,0,0,1,'',0,'61',0);
/*!40000 ALTER TABLE `nectarcrm_modcomments` ENABLE KEYS */;
UNLOCK TABLES;

--
-- Table structure for table `nectarcrm_modcommentscf`
--

DROP TABLE IF EXISTS `nectarcrm_modcommentscf`;
/*!40101 SET @saved_cs_client     = @@character_set_client */;
/*!40101 SET character_set_client = utf8 */;
CREATE TABLE `nectarcrm_modcommentscf` (
  `modcommentsid` int(11) NOT NULL,
  PRIMARY KEY (`modcommentsid`),
  CONSTRAINT `fk_modcommentsid_nectarcrm_modcommentscf` FOREIGN KEY (`modcommentsid`) REFERENCES `nectarcrm_modcomments` (`modcommentsid`) ON DELETE CASCADE
) ENGINE=InnoDB DEFAULT CHARSET=utf8;
/*!40101 SET character_set_client = @saved_cs_client */;

--
-- Dumping data for table `nectarcrm_modcommentscf`
--

LOCK TABLES `nectarcrm_modcommentscf` WRITE;
/*!40000 ALTER TABLE `nectarcrm_modcommentscf` DISABLE KEYS */;
INSERT INTO `nectarcrm_modcommentscf` VALUES (6),(46),(60);
/*!40000 ALTER TABLE `nectarcrm_modcommentscf` ENABLE KEYS */;
UNLOCK TABLES;

--
-- Table structure for table `nectarcrm_modentity_num`
--

DROP TABLE IF EXISTS `nectarcrm_modentity_num`;
/*!40101 SET @saved_cs_client     = @@character_set_client */;
/*!40101 SET character_set_client = utf8 */;
CREATE TABLE `nectarcrm_modentity_num` (
  `num_id` int(19) NOT NULL,
  `semodule` varchar(100) DEFAULT NULL,
  `prefix` varchar(50) NOT NULL DEFAULT '',
  `start_id` varchar(50) NOT NULL,
  `cur_id` varchar(50) NOT NULL,
  `active` varchar(2) NOT NULL,
  PRIMARY KEY (`num_id`),
  UNIQUE KEY `num_idx` (`num_id`),
  KEY `semodule_active_idx` (`semodule`,`active`)
) ENGINE=InnoDB DEFAULT CHARSET=utf8;
/*!40101 SET character_set_client = @saved_cs_client */;

--
-- Dumping data for table `nectarcrm_modentity_num`
--

LOCK TABLES `nectarcrm_modentity_num` WRITE;
/*!40000 ALTER TABLE `nectarcrm_modentity_num` DISABLE KEYS */;
INSERT INTO `nectarcrm_modentity_num` VALUES (1,'Leads','LEA','1','14','1'),(2,'Accounts','ACC','1','15','1'),(3,'Campaigns','CAM','1','12','1'),(4,'Contacts','CON','1','11','1'),(5,'Potentials','POT','1','4','1'),(6,'HelpDesk','TT','1','5','1'),(7,'Quotes','QUO','1','6','1'),(8,'SalesOrder','SO','1','5','1'),(9,'PurchaseOrder','PO','1','7','1'),(10,'Invoice','INV','1','6','1'),(11,'Products','PRO','1','7','1'),(12,'Vendors','VEN','1','6','1'),(13,'PriceBooks','PB','1','5','1'),(14,'Faq','FAQ','1','2','1'),(15,'Documents','DOC','1','6','1'),(16,'Services','SER','1','3','1'),(17,'ServiceContracts','SERCON','1','2','1'),(18,'Assets','ASSET','1','3','1'),(19,'ProjectMilestone','PM','1','2','1'),(20,'ProjectTask','PT','1','3','1'),(21,'Project','PROJ','1','5','1');
/*!40000 ALTER TABLE `nectarcrm_modentity_num` ENABLE KEYS */;
UNLOCK TABLES;

--
-- Table structure for table `nectarcrm_modentity_num_seq`
--

DROP TABLE IF EXISTS `nectarcrm_modentity_num_seq`;
/*!40101 SET @saved_cs_client     = @@character_set_client */;
/*!40101 SET character_set_client = utf8 */;
CREATE TABLE `nectarcrm_modentity_num_seq` (
  `id` int(11) NOT NULL
) ENGINE=InnoDB DEFAULT CHARSET=utf8;
/*!40101 SET character_set_client = @saved_cs_client */;

--
-- Dumping data for table `nectarcrm_modentity_num_seq`
--

LOCK TABLES `nectarcrm_modentity_num_seq` WRITE;
/*!40000 ALTER TABLE `nectarcrm_modentity_num_seq` DISABLE KEYS */;
INSERT INTO `nectarcrm_modentity_num_seq` VALUES (21);
/*!40000 ALTER TABLE `nectarcrm_modentity_num_seq` ENABLE KEYS */;
UNLOCK TABLES;

--
-- Table structure for table `nectarcrm_modtracker_basic`
--

DROP TABLE IF EXISTS `nectarcrm_modtracker_basic`;
/*!40101 SET @saved_cs_client     = @@character_set_client */;
/*!40101 SET character_set_client = utf8 */;
CREATE TABLE `nectarcrm_modtracker_basic` (
  `id` int(20) NOT NULL,
  `crmid` int(20) DEFAULT NULL,
  `module` varchar(50) DEFAULT NULL,
  `whodid` int(20) DEFAULT NULL,
  `changedon` datetime DEFAULT NULL,
  `status` int(1) DEFAULT '0',
  PRIMARY KEY (`id`),
  KEY `crmidx` (`crmid`),
  KEY `idx` (`id`)
) ENGINE=InnoDB DEFAULT CHARSET=utf8;
/*!40101 SET character_set_client = @saved_cs_client */;

--
-- Dumping data for table `nectarcrm_modtracker_basic`
--

LOCK TABLES `nectarcrm_modtracker_basic` WRITE;
/*!40000 ALTER TABLE `nectarcrm_modtracker_basic` DISABLE KEYS */;
INSERT INTO `nectarcrm_modtracker_basic` VALUES (1,2,'Leads',1,'2018-07-21 06:13:57',2),(2,3,'Leads',5,'2018-08-23 06:32:08',2),(3,4,'Calendar',5,'2018-08-23 06:37:22',2),(4,3,'Leads',5,'2018-08-23 06:37:22',4),(5,5,'Events',5,'2018-08-23 06:42:25',2),(6,3,'Leads',5,'2018-08-23 06:42:26',4),(7,3,'Leads',5,'2018-08-23 06:44:47',4),(8,6,'ModComments',5,'2018-08-23 06:44:47',2),(9,3,'Leads',5,'2018-08-23 06:46:13',0),(10,7,'Accounts',5,'2018-08-23 06:47:38',2),(11,8,'Contacts',5,'2018-08-23 06:47:38',2),(13,10,'Emails',1,'2018-08-24 09:39:31',2),(14,11,'Emails',1,'2018-08-24 09:39:50',2),(15,12,'Emails',1,'2018-08-24 09:40:24',2),(16,13,'Emails',1,'2018-08-24 09:40:41',2),(17,14,'Leads',5,'2018-08-27 07:10:00',2),(18,15,'Contacts',1,'2018-08-27 08:59:33',2),(19,16,'Campaigns',1,'2018-08-27 09:00:43',2),(20,17,'Leads',1,'2018-08-27 09:03:33',2),(21,18,'Accounts',1,'2018-08-27 09:04:36',2),(22,19,'Potentials',1,'2018-08-27 09:08:52',2),(23,20,'Products',1,'2018-08-27 09:19:19',2),(24,21,'Products',1,'2018-08-27 09:20:55',2),(25,16,'Campaigns',1,'2019-11-14 07:45:17',4),(26,16,'Campaigns',1,'2019-11-14 07:45:17',4),(27,22,'Documents',1,'2019-11-14 08:50:05',2),(28,24,'Documents',1,'2019-11-15 09:29:38',2),(29,18,'Accounts',1,'2019-11-15 09:29:41',4),(30,26,'Campaigns',1,'2019-11-15 10:05:07',2),(31,26,'Campaigns',1,'2019-11-15 10:05:46',0),(32,26,'Campaigns',1,'2019-11-15 10:06:16',0),(33,26,'Campaigns',1,'2019-11-15 10:06:52',0),(34,26,'Campaigns',1,'2019-11-15 10:07:21',0),(35,27,'Campaigns',1,'2019-11-15 10:09:12',2),(36,27,'Campaigns',1,'2019-11-15 10:09:54',4),(37,28,'Accounts',1,'2019-11-15 10:10:28',2),(38,27,'Campaigns',1,'2019-11-15 10:11:45',5),(39,39,'Leads',1,'2019-11-15 12:12:37',2),(40,30,'Campaigns',1,'2019-11-15 12:20:43',0),(41,30,'Campaigns',1,'2019-11-15 12:20:49',0),(42,30,'Campaigns',1,'2019-11-15 12:20:55',0),(43,30,'Campaigns',1,'2019-11-15 12:21:00',0),(51,41,'Events',1,'2019-11-18 09:10:35',2),(54,42,'Events',1,'2019-11-18 09:10:54',2),(56,43,'Calendar',1,'2019-11-18 09:17:24',2),(58,44,'Emails',1,'2019-11-18 09:43:26',2),(59,39,'Leads',1,'2019-11-18 09:43:26',4),(61,39,'Leads',1,'2019-11-18 10:20:24',4),(62,46,'ModComments',1,'2019-11-18 10:20:24',2),(63,55,'Accounts',1,'2019-11-18 11:30:49',2),(64,56,'Contacts',1,'2019-11-18 11:30:57',2),(65,15,'Contacts',1,'2019-11-18 11:35:08',0),(67,15,'Contacts',1,'2019-11-18 11:35:28',4),(69,15,'Contacts',1,'2019-11-18 11:36:01',4),(70,59,'Project',1,'2019-11-18 11:46:29',2),(71,55,'Accounts',1,'2019-11-18 11:46:29',4),(72,54,'Leads',1,'2019-11-18 12:03:16',4),(73,60,'ModComments',1,'2019-11-18 12:03:16',2),(74,60,'ModComments',1,'2019-11-18 12:03:57',0),(75,55,'Accounts',9,'2019-11-19 05:24:45',0),(76,55,'Accounts',9,'2019-11-19 05:25:03',0),(79,62,'Contacts',1,'2019-11-19 07:38:36',2),(80,63,'Campaigns',1,'2019-11-19 07:39:03',2),(81,64,'Potentials',1,'2019-11-19 07:39:12',2),(82,65,'Products',1,'2019-11-19 07:40:18',2),(83,64,'Potentials',1,'2019-11-19 07:40:18',4),(84,64,'Potentials',1,'2019-11-19 07:42:13',4),(85,64,'Potentials',1,'2019-11-19 07:42:39',5),(86,67,'Invoice',1,'2019-11-19 07:43:17',2),(87,64,'Potentials',1,'2019-11-19 07:43:19',4),(90,69,'Project',1,'2019-11-19 07:44:52',2),(92,70,'Contacts',1,'2019-11-19 08:34:15',2),(93,71,'Accounts',1,'2019-11-19 08:37:12',2),(94,72,'Contacts',1,'2019-11-19 08:38:59',2),(95,73,'Accounts',1,'2019-11-19 08:39:43',2),(96,74,'Quotes',1,'2019-11-19 08:40:13',2),(97,75,'Events',1,'2019-11-19 08:42:52',2),(98,74,'Quotes',1,'2019-11-19 08:42:52',4),(99,76,'Quotes',1,'2019-11-19 08:44:29',2),(100,77,'Emails',1,'2019-11-19 08:47:01',2),(101,72,'Contacts',1,'2019-11-19 08:47:01',4),(102,80,'Invoice',1,'2019-11-19 08:50:21',2),(103,81,'Vendors',1,'2019-11-19 08:50:48',2),(104,82,'PurchaseOrder',1,'2019-11-19 08:51:12',2),(105,83,'Vendors',1,'2019-11-19 08:52:26',2),(106,84,'PurchaseOrder',1,'2019-11-19 08:53:14',2),(107,85,'Contacts',1,'2019-11-19 08:53:42',2),(108,86,'Vendors',1,'2019-11-19 08:53:50',2),(109,87,'PurchaseOrder',1,'2019-11-19 08:54:14',2),(110,88,'Products',1,'2019-11-19 08:59:47',2),(111,90,'HelpDesk',1,'2019-11-19 09:01:34',2),(112,88,'Products',1,'2019-11-19 09:01:36',4),(113,88,'Products',1,'2019-11-19 09:01:49',4),(114,91,'Quotes',1,'2019-11-19 09:03:08',2),(115,88,'Products',1,'2019-11-19 09:03:09',4),(116,92,'PurchaseOrder',1,'2019-11-19 09:04:31',2),(117,88,'Products',1,'2019-11-19 09:04:32',4),(118,93,'SalesOrder',1,'2019-11-19 09:05:36',2),(119,88,'Products',1,'2019-11-19 09:05:37',4),(120,94,'Invoice',1,'2019-11-19 09:06:22',2),(121,88,'Products',1,'2019-11-19 09:06:24',4),(122,95,'PriceBooks',1,'2019-11-19 09:06:42',2),(123,88,'Products',1,'2019-11-19 09:06:42',4),(124,88,'Products',1,'2019-11-19 09:06:48',4),(125,88,'Products',1,'2019-11-19 09:06:53',4),(126,88,'Products',1,'2019-11-19 09:06:56',4),(127,96,'Assets',1,'2019-11-19 09:07:30',2),(128,88,'Products',1,'2019-11-19 09:07:30',4),(129,97,'Products',1,'2019-11-19 09:08:19',2),(130,88,'Products',1,'2019-11-19 09:08:19',4),(131,88,'Products',1,'2019-11-19 09:08:24',4),(132,98,'Services',1,'2019-11-19 09:09:56',2),(133,99,'HelpDesk',1,'2019-11-19 09:10:23',2),(134,98,'Services',1,'2019-11-19 09:10:23',4),(135,98,'Services',1,'2019-11-19 09:10:26',4),(136,100,'Accounts',1,'2019-11-19 09:11:22',2),(137,101,'Quotes',1,'2019-11-19 09:11:38',2),(138,98,'Services',1,'2019-11-19 09:11:38',4),(139,102,'PurchaseOrder',1,'2019-11-19 09:12:13',2),(140,98,'Services',1,'2019-11-19 09:12:13',4),(141,103,'Invoice',1,'2019-11-19 09:12:35',2),(142,98,'Services',1,'2019-11-19 09:12:36',4),(143,104,'PriceBooks',1,'2019-11-19 09:12:43',2),(144,98,'Services',1,'2019-11-19 09:12:43',4),(145,98,'Services',1,'2019-11-19 09:12:46',4),(146,98,'Services',1,'2019-11-19 09:12:50',4),(147,98,'Services',1,'2019-11-19 09:12:53',4),(148,98,'Services',1,'2019-11-19 09:12:57',4),(149,105,'Documents',1,'2019-11-19 09:13:11',2),(150,98,'Services',1,'2019-11-19 09:13:11',4),(151,107,'SalesOrder',1,'2019-11-19 09:13:35',2),(152,98,'Services',1,'2019-11-19 09:13:36',4),(153,107,'SalesOrder',1,'2019-11-19 09:13:54',0),(154,108,'Vendors',1,'2019-11-19 10:01:19',2),(155,109,'Products',1,'2019-11-19 10:01:58',2),(156,110,'HelpDesk',1,'2019-11-19 10:03:05',2),(157,109,'Products',1,'2019-11-19 10:03:05',4),(158,109,'Products',1,'2019-11-19 10:06:03',4),(159,111,'Quotes',1,'2019-11-19 10:07:21',2),(160,109,'Products',1,'2019-11-19 10:07:21',4),(161,112,'PurchaseOrder',1,'2019-11-19 10:13:19',2),(162,109,'Products',1,'2019-11-19 10:13:19',4),(163,113,'SalesOrder',1,'2019-11-19 10:14:15',2),(164,109,'Products',1,'2019-11-19 10:14:15',4),(165,114,'Invoice',1,'2019-11-19 10:15:04',2),(166,109,'Products',1,'2019-11-19 10:15:04',4),(167,115,'PriceBooks',1,'2019-11-19 10:17:42',2),(168,109,'Products',1,'2019-11-19 10:17:42',4),(169,109,'Products',1,'2019-11-19 10:17:51',4),(170,109,'Products',1,'2019-11-19 10:17:56',4),(171,109,'Products',1,'2019-11-19 10:18:00',4),(172,109,'Products',1,'2019-11-19 10:18:03',4),(173,116,'Services',1,'2019-11-20 08:51:19',2),(176,118,'SalesOrder',1,'2019-11-20 08:56:45',2),(177,119,'Vendors',1,'2019-11-20 09:19:43',2),(178,120,'HelpDesk',1,'2019-11-20 09:25:54',2),(179,121,'Faq',1,'2019-11-20 09:29:33',2),(180,122,'ServiceContracts',1,'2019-11-20 09:30:27',2),(181,123,'Assets',1,'2019-11-20 09:32:16',2),(182,124,'Contacts',1,'2019-11-20 09:33:58',2),(183,125,'Accounts',1,'2019-11-20 09:36:59',2),(184,126,'Project',1,'2019-11-20 09:40:48',2),(185,127,'ProjectTask',1,'2019-11-20 09:41:07',2),(186,128,'ProjectTask',1,'2019-11-20 09:43:22',2),(187,129,'ProjectMilestone',1,'2019-11-20 09:43:50',2),(188,130,'Contacts',1,'2019-11-20 10:33:10',2),(189,131,'Accounts',1,'2019-11-20 10:35:12',2),(190,132,'Calendar',1,'2019-11-21 05:45:59',2),(191,133,'Calendar',1,'2019-11-21 05:46:27',2),(192,134,'Calendar',1,'2019-11-21 05:46:35',2),(193,135,'Events',1,'2019-11-21 06:25:51',2),(194,136,'Events',1,'2019-11-21 06:25:58',2),(195,137,'Calendar',1,'2019-11-21 06:26:05',2),(196,138,'Events',1,'2019-11-21 06:26:20',2),(197,41,'Events',1,'2019-11-21 06:26:39',0),(198,41,'Events',1,'2019-11-21 06:26:53',0),(199,139,'Events',1,'2019-11-21 06:26:58',2),(200,42,'Events',1,'2019-11-21 06:27:08',0),(201,42,'Events',1,'2019-11-21 06:27:12',1),(202,140,'Events',1,'2019-11-21 06:27:28',2),(203,141,'Events',1,'2019-11-21 06:27:35',2),(204,142,'Events',1,'2019-11-21 06:28:05',2),(205,143,'Events',1,'2019-11-21 06:28:11',2),(206,144,'Events',1,'2019-11-21 06:28:17',2),(207,145,'Events',1,'2019-11-21 06:28:23',2),(208,146,'Accounts',1,'2019-11-21 06:30:00',2),(209,147,'Accounts',1,'2019-11-21 10:56:53',2),(210,147,'Accounts',1,'2019-11-21 10:57:58',0),(211,148,'Contacts',1,'2019-11-21 10:59:25',2),(212,147,'Accounts',1,'2019-11-21 10:59:25',4);
/*!40000 ALTER TABLE `nectarcrm_modtracker_basic` ENABLE KEYS */;
UNLOCK TABLES;

--
-- Table structure for table `nectarcrm_modtracker_basic_seq`
--

DROP TABLE IF EXISTS `nectarcrm_modtracker_basic_seq`;
/*!40101 SET @saved_cs_client     = @@character_set_client */;
/*!40101 SET character_set_client = utf8 */;
CREATE TABLE `nectarcrm_modtracker_basic_seq` (
  `id` int(11) NOT NULL
) ENGINE=InnoDB DEFAULT CHARSET=utf8;
/*!40101 SET character_set_client = @saved_cs_client */;

--
-- Dumping data for table `nectarcrm_modtracker_basic_seq`
--

LOCK TABLES `nectarcrm_modtracker_basic_seq` WRITE;
/*!40000 ALTER TABLE `nectarcrm_modtracker_basic_seq` DISABLE KEYS */;
INSERT INTO `nectarcrm_modtracker_basic_seq` VALUES (212);
/*!40000 ALTER TABLE `nectarcrm_modtracker_basic_seq` ENABLE KEYS */;
UNLOCK TABLES;

--
-- Table structure for table `nectarcrm_modtracker_detail`
--

DROP TABLE IF EXISTS `nectarcrm_modtracker_detail`;
/*!40101 SET @saved_cs_client     = @@character_set_client */;
/*!40101 SET character_set_client = utf8 */;
CREATE TABLE `nectarcrm_modtracker_detail` (
  `id` int(11) DEFAULT NULL,
  `fieldname` varchar(100) DEFAULT NULL,
  `prevalue` text,
  `postvalue` text,
  KEY `idx` (`id`)
) ENGINE=InnoDB DEFAULT CHARSET=utf8;
/*!40101 SET character_set_client = @saved_cs_client */;

--
-- Dumping data for table `nectarcrm_modtracker_detail`
--

LOCK TABLES `nectarcrm_modtracker_detail` WRITE;
/*!40000 ALTER TABLE `nectarcrm_modtracker_detail` DISABLE KEYS */;
INSERT INTO `nectarcrm_modtracker_detail` VALUES (1,'label',NULL,'Dhiraj Disale'),(1,'salutationtype',NULL,'Mr.'),(1,'firstname',NULL,'Dhiraj'),(1,'lead_no',NULL,'LEA1'),(1,'phone',NULL,'9028546153'),(1,'lastname',NULL,'Disale'),(1,'annualrevenue',NULL,'0.00000000'),(1,'assigned_user_id',NULL,'3'),(1,'createdtime',NULL,'2018-07-21 06:13:57'),(1,'modifiedby',NULL,'1'),(1,'source',NULL,'CRM'),(1,'record_id',NULL,'2'),(1,'record_module',NULL,'Leads'),(2,'label',NULL,'Rashmi C'),(2,'salutationtype',NULL,'Ms.'),(2,'firstname',NULL,'Rashmi'),(2,'lead_no',NULL,'LEA2'),(2,'phone',NULL,'950366528'),(2,'lastname',NULL,'C'),(2,'company',NULL,'Nectar Infotel Solutions'),(2,'email',NULL,'rashmi.c@gmail.com'),(2,'annualrevenue',NULL,'0.00000000'),(2,'assigned_user_id',NULL,'5'),(2,'createdtime',NULL,'2018-08-23 06:32:08'),(2,'modifiedby',NULL,'5'),(2,'source',NULL,'CRM'),(2,'record_id',NULL,'3'),(2,'record_module',NULL,'Leads'),(3,'label',NULL,'Found oppoutunity'),(3,'subject',NULL,'Found oppoutunity'),(3,'assigned_user_id',NULL,'5'),(3,'date_start',NULL,'2018-08-23'),(3,'time_start',NULL,'06:36:00'),(3,'due_date',NULL,'2018-08-23'),(3,'duration_hours',NULL,'11'),(3,'duration_minutes',NULL,'54'),(3,'parent_id',NULL,'3'),(3,'activitytype',NULL,'Task'),(3,'createdtime',NULL,'2018-08-23 06:37:22'),(3,'visibility',NULL,'Private'),(3,'modifiedby',NULL,'5'),(3,'source',NULL,'CRM'),(3,'taskstatus',NULL,'Not Started'),(3,'record_id',NULL,'4'),(3,'record_module',NULL,'Calendar'),(5,'label',NULL,'In Person Meet'),(5,'subject',NULL,'In Person Meet'),(5,'assigned_user_id',NULL,'5'),(5,'date_start',NULL,'2018-08-23'),(5,'time_start',NULL,'06:40:00'),(5,'due_date',NULL,'2018-08-23'),(5,'time_end',NULL,'06:45:00'),(5,'recurringtype',NULL,'--None--'),(5,'duration_minutes',NULL,'5'),(5,'parent_id',NULL,'3'),(5,'eventstatus',NULL,'Planned'),(5,'activitytype',NULL,'Meeting'),(5,'location',NULL,'Skype'),(5,'createdtime',NULL,'2018-08-23 06:42:25'),(5,'taskpriority',NULL,'Medium'),(5,'visibility',NULL,'Public'),(5,'modifiedby',NULL,'5'),(5,'reminder_time',NULL,'1564'),(5,'source',NULL,'CRM'),(5,'record_id',NULL,'5'),(5,'record_module',NULL,'Events'),(8,'label',NULL,'Not Potential Lead'),(8,'commentcontent',NULL,'Not Potential Lead'),(8,'assigned_user_id',NULL,'5'),(8,'createdtime',NULL,'2018-08-23 06:44:47'),(8,'related_to',NULL,'3'),(8,'creator',NULL,'5'),(8,'source',NULL,'CRM'),(8,'userid',NULL,'5'),(8,'record_id',NULL,'6'),(8,'record_module',NULL,'ModComments'),(9,'leadstatus','','Lost Lead'),(9,'rating','','Market Failed'),(10,'label',NULL,'Nectar Infotel Solutions'),(10,'accountname',NULL,'Nectar Infotel Solutions'),(10,'account_no',NULL,'ACC1'),(10,'phone',NULL,'950366528'),(10,'email1',NULL,'rashmi.c@gmail.com'),(10,'rating',NULL,'Market Failed'),(10,'annual_revenue',NULL,'0.00000000'),(10,'assigned_user_id',NULL,'5'),(10,'createdtime',NULL,'2018-08-23 06:47:38'),(10,'modifiedby',NULL,'5'),(10,'isconvertedfromlead',NULL,'1'),(10,'source',NULL,'CRM'),(10,'record_id',NULL,'7'),(10,'record_module',NULL,'Accounts'),(11,'label',NULL,'Rashmi C'),(11,'salutationtype',NULL,'Ms.'),(11,'firstname',NULL,'Rashmi'),(11,'contact_no',NULL,'CON1'),(11,'lastname',NULL,'C'),(11,'phone',NULL,'950366528'),(11,'account_id',NULL,'7'),(11,'email',NULL,'rashmi.c@gmail.com'),(11,'assigned_user_id',NULL,'5'),(11,'createdtime',NULL,'2018-08-23 06:47:38'),(11,'modifiedby',NULL,'5'),(11,'isconvertedfromlead',NULL,'1'),(11,'source',NULL,'CRM'),(11,'record_id',NULL,'8'),(11,'record_module',NULL,'Contacts'),(12,'label',NULL,'Nectar Infotel Solutions'),(12,'potentialname',NULL,'Nectar Infotel Solutions'),(12,'potential_no',NULL,'POT1'),(12,'related_to',NULL,'7'),(12,'contact_id',NULL,'8'),(12,'amount',NULL,'4251200.00000000'),(12,'closingdate',NULL,'2018-08-31'),(12,'assigned_user_id',NULL,'5'),(12,'sales_stage',NULL,'Value Proposition'),(12,'probability',NULL,'0.000'),(12,'createdtime',NULL,'2018-08-23 06:47:38'),(12,'modifiedby',NULL,'5'),(12,'forecast_amount',NULL,'0.00000000'),(12,'isconvertedfromlead',NULL,'1'),(12,'source',NULL,'CRM'),(12,'record_id',NULL,'9'),(12,'record_module',NULL,'Potentials'),(13,'label',NULL,'Invitation'),(13,'date_start',NULL,'2018-08-24'),(13,'activitytype',NULL,'Emails'),(13,'assigned_user_id',NULL,'1'),(13,'subject',NULL,'Invitation'),(13,'description',NULL,'&lt;html&gt;\r\n&lt;head&gt;\r\n	&lt;title&gt;&lt;/title&gt;\r\n&lt;/head&gt;\r\n&lt;body&gt;\r\n&lt;p&gt;$invitee_name$,&lt;br /&gt;\r\n&lt;br /&gt;\r\nYou have been invited for an activity&lt;br /&gt;\r\n&lt;br /&gt;\r\nThe details are :&lt;br /&gt;\r\n&amp;nbsp; Subject : $events-subject$&lt;br /&gt;\r\n&amp;nbsp; Start Date &amp; Time : $events-date_start$&lt;br /&gt;\r\n&amp;nbsp; End Date &amp; Time : $events-due_date$&lt;br /&gt;\r\n&amp;nbsp; Status : $events-eventstatus$&lt;br /&gt;\r\n&amp;nbsp; Priority : $events-priority$&lt;br /&gt;\r\n&amp;nbsp; Related To : $events-crmid$&lt;br /&gt;\r\n&amp;nbsp; Contact List : $events-contactid$&lt;br /&gt;\r\n&amp;nbsp; Location : $events-location$&lt;br /&gt;\r\n&amp;nbsp; Description : $events-description$&lt;br /&gt;\r\n&lt;br /&gt;\r\nThanks &amp; Regards,&lt;br /&gt;\r\n$current_user_name$&lt;/p&gt;\r\n\r\n&lt;p&gt;&lt;/p&gt;\r\n&lt;/body&gt;\r\n&lt;/html&gt;\r\n'),(13,'time_start',NULL,'09:39'),(13,'createdtime',NULL,'2018-08-24 09:39:31'),(13,'modifiedby',NULL,'1'),(13,'from_email',NULL,'contact@nectarinfotel.com'),(13,'saved_toid',NULL,'[&quot;bhaskar.v@nectarinfotel.com&quot;]'),(13,'ccmail',NULL,'[&quot;&quot;]'),(13,'bccmail',NULL,'[&quot;&quot;]'),(13,'parent_id',NULL,'5@-1|'),(13,'email_flag',NULL,'SENT'),(13,'source',NULL,'CRM'),(13,'record_id',NULL,'10'),(13,'record_module',NULL,'Emails'),(14,'label',NULL,'testing'),(14,'date_start',NULL,'2018-08-24'),(14,'activitytype',NULL,'Emails'),(14,'assigned_user_id',NULL,'1'),(14,'subject',NULL,'testing'),(14,'description',NULL,'&lt;html&gt;\r\n&lt;head&gt;\r\n	&lt;title&gt;&lt;/title&gt;\r\n&lt;/head&gt;\r\n&lt;body&gt;hi&lt;/body&gt;\r\n&lt;/html&gt;\r\n'),(14,'time_start',NULL,'09:39'),(14,'createdtime',NULL,'2018-08-24 09:39:50'),(14,'modifiedby',NULL,'1'),(14,'from_email',NULL,'contact@nectarinfotel.com'),(14,'saved_toid',NULL,'[&quot;contact@nectarinfotel.com&quot;]'),(14,'ccmail',NULL,'[&quot;&quot;]'),(14,'bccmail',NULL,'[&quot;&quot;]'),(14,'parent_id',NULL,'1@-1|'),(14,'email_flag',NULL,'SENT'),(14,'source',NULL,'CRM'),(14,'record_id',NULL,'11'),(14,'record_module',NULL,'Emails'),(15,'label',NULL,'testing'),(15,'date_start',NULL,'2018-08-24'),(15,'activitytype',NULL,'Emails'),(15,'assigned_user_id',NULL,'1'),(15,'subject',NULL,'testing'),(15,'description',NULL,'&lt;html&gt;\r\n&lt;head&gt;\r\n	&lt;title&gt;&lt;/title&gt;\r\n&lt;/head&gt;\r\n&lt;body&gt;hi&lt;/body&gt;\r\n&lt;/html&gt;\r\n'),(15,'time_start',NULL,'09:40'),(15,'createdtime',NULL,'2018-08-24 09:40:24'),(15,'modifiedby',NULL,'1'),(15,'from_email',NULL,'contact@nectarinfotel.com'),(15,'saved_toid',NULL,'[&quot;bhaskar.v@nectarinfotel.com&quot;]'),(15,'ccmail',NULL,'[&quot;&quot;]'),(15,'bccmail',NULL,'[&quot;&quot;]'),(15,'parent_id',NULL,'5@-1|'),(15,'email_flag',NULL,'SENT'),(15,'source',NULL,'CRM'),(15,'record_id',NULL,'12'),(15,'record_module',NULL,'Emails'),(16,'label',NULL,'hi'),(16,'date_start',NULL,'2018-08-24'),(16,'activitytype',NULL,'Emails'),(16,'assigned_user_id',NULL,'1'),(16,'subject',NULL,'hi'),(16,'description',NULL,'&lt;html&gt;\r\n&lt;head&gt;\r\n	&lt;title&gt;&lt;/title&gt;\r\n&lt;/head&gt;\r\n&lt;body&gt;&lt;/body&gt;\r\n&lt;/html&gt;\r\n'),(16,'time_start',NULL,'09:40'),(16,'createdtime',NULL,'2018-08-24 09:40:41'),(16,'modifiedby',NULL,'1'),(16,'from_email',NULL,'contact@nectarinfotel.com'),(16,'saved_toid',NULL,'[&quot;bhaskar.v@nectarinfotel.com&quot;]'),(16,'ccmail',NULL,'[&quot;&quot;]'),(16,'bccmail',NULL,'[&quot;&quot;]'),(16,'parent_id',NULL,'5@-1|'),(16,'email_flag',NULL,'SENT'),(16,'source',NULL,'CRM'),(16,'record_id',NULL,'13'),(16,'record_module',NULL,'Emails'),(17,'label',NULL,'Nick Batty'),(17,'salutationtype',NULL,'Mr.'),(17,'firstname',NULL,'Nick'),(17,'lead_no',NULL,'LEA3'),(17,'phone',NULL,'0044-1612374044'),(17,'lastname',NULL,'Batty'),(17,'company',NULL,'GM Business Support Ltd.'),(17,'designation',NULL,'Tender Manager'),(17,'email',NULL,'nick.batty@growthco.uk'),(17,'leadsource',NULL,'Web Site'),(17,'website',NULL,'http://www.businessgrowthhub.com/'),(17,'industry',NULL,'Not For Profit'),(17,'leadstatus',NULL,'Contacted'),(17,'annualrevenue',NULL,'1000000.00000000'),(17,'assigned_user_id',NULL,'5'),(17,'createdtime',NULL,'2018-08-27 07:10:00'),(17,'modifiedby',NULL,'5'),(17,'lane',NULL,'Lee House, 90 Great Bridge water St,'),(17,'code',NULL,'M1 5JW'),(17,'city',NULL,'Manchester'),(17,'country',NULL,'UK'),(17,'description',NULL,'This is an international tender. The deadline to submit the expression of interest along with the completed documents is 29/08/2018.\nInitial contact over the email happened with the contact person and further process is ongoing.'),(17,'emailoptout',NULL,'1'),(17,'source',NULL,'CRM'),(17,'record_id',NULL,'14'),(17,'record_module',NULL,'Leads'),(18,'label',NULL,'Rajat Sharma'),(18,'salutationtype',NULL,'Mr.'),(18,'firstname',NULL,'Rajat'),(18,'contact_no',NULL,'CON2'),(18,'lastname',NULL,'Sharma'),(18,'assigned_user_id',NULL,'6'),(18,'createdtime',NULL,'2018-08-27 08:59:33'),(18,'modifiedby',NULL,'1'),(18,'support_start_date',NULL,'2018-08-27'),(18,'support_end_date',NULL,'2019-08-27'),(18,'source',NULL,'CRM'),(18,'record_id',NULL,'15'),(18,'record_module',NULL,'Contacts'),(19,'label',NULL,'Rashmi'),(19,'campaignname',NULL,'Rashmi'),(19,'campaign_no',NULL,'CAM1'),(19,'campaigntype',NULL,'Webinar'),(19,'closingdate',NULL,'2018-08-30'),(19,'assigned_user_id',NULL,'6'),(19,'createdtime',NULL,'2018-08-27 09:00:43'),(19,'modifiedby',NULL,'1'),(19,'expectedrevenue',NULL,'0.00000000'),(19,'budgetcost',NULL,'0.00000000'),(19,'actualcost',NULL,'0.00000000'),(19,'expectedroi',NULL,'0.00000000'),(19,'actualroi',NULL,'0.00000000'),(19,'source',NULL,'CRM'),(19,'record_id',NULL,'16'),(19,'record_module',NULL,'Campaigns'),(20,'label',NULL,'Nil Kamal'),(20,'salutationtype',NULL,'Mr.'),(20,'firstname',NULL,'Nil'),(20,'lead_no',NULL,'LEA4'),(20,'phone',NULL,'89678y86y8'),(20,'lastname',NULL,'Kamal'),(20,'company',NULL,'Company'),(20,'leadsource',NULL,'Self Generated'),(20,'leadstatus',NULL,'Contact in Future'),(20,'annualrevenue',NULL,'87875764.00000000'),(20,'rating',NULL,'Acquired'),(20,'noofemployees',NULL,'985'),(20,'assigned_user_id',NULL,'6'),(20,'createdtime',NULL,'2018-08-27 09:03:33'),(20,'modifiedby',NULL,'1'),(20,'lane',NULL,'balaji nagar hingna road nagpur\nBalaji nagar'),(20,'code',NULL,'440016'),(20,'city',NULL,'NAGPUR'),(20,'pobox',NULL,'440016'),(20,'source',NULL,'CRM'),(20,'record_id',NULL,'17'),(20,'record_module',NULL,'Leads'),(21,'label',NULL,'WTC'),(21,'accountname',NULL,'WTC'),(21,'account_no',NULL,'ACC2'),(21,'annual_revenue',NULL,'678686786.00000000'),(21,'assigned_user_id',NULL,'6'),(21,'createdtime',NULL,'2018-08-27 09:04:36'),(21,'modifiedby',NULL,'1'),(21,'source',NULL,'CRM'),(21,'record_id',NULL,'18'),(21,'record_module',NULL,'Accounts'),(22,'label',NULL,'Helping Hand'),(22,'potentialname',NULL,'Helping Hand'),(22,'potential_no',NULL,'POT2'),(22,'amount',NULL,'412345.00000000'),(22,'related_to',NULL,'7'),(22,'closingdate',NULL,'2018-08-29'),(22,'opportunity_type',NULL,'Existing Business'),(22,'sales_stage',NULL,'Id. Decision Makers'),(22,'assigned_user_id',NULL,'6'),(22,'probability',NULL,'0.000'),(22,'campaignid',NULL,'16'),(22,'createdtime',NULL,'2018-08-27 09:08:52'),(22,'modifiedby',NULL,'1'),(22,'forecast_amount',NULL,'0.00000000'),(22,'contact_id',NULL,'8'),(22,'source',NULL,'CRM'),(22,'record_id',NULL,'19'),(22,'record_module',NULL,'Potentials'),(23,'label',NULL,'gt6'),(23,'productname',NULL,'gt6'),(23,'product_no',NULL,'PRO1'),(23,'discontinued',NULL,'1'),(23,'createdtime',NULL,'2018-08-27 09:19:19'),(23,'modifiedby',NULL,'1'),(23,'unit_price',NULL,'9090.00000000'),(23,'commissionrate',NULL,'0.000'),(23,'qty_per_unit',NULL,'0.00'),(23,'qtyinstock',NULL,'0.000'),(23,'assigned_user_id',NULL,'6'),(23,'purchase_cost',NULL,'0.00000000'),(23,'source',NULL,'CRM'),(23,'record_id',NULL,'20'),(23,'record_module',NULL,'Products'),(24,'label',NULL,'Traccar'),(24,'productname',NULL,'Traccar'),(24,'product_no',NULL,'PRO2'),(24,'productcode',NULL,'12'),(24,'discontinued',NULL,'1'),(24,'manufacturer',NULL,'MetBeat Corp'),(24,'productcategory',NULL,'Hardware'),(24,'sales_end_date',NULL,'2018-08-25'),(24,'start_date',NULL,'2018-08-27'),(24,'expiry_date',NULL,'2018-08-28'),(24,'website',NULL,'www.qq.com'),(24,'glacct',NULL,'302-Rental-Income'),(24,'createdtime',NULL,'2018-08-27 09:20:55'),(24,'modifiedby',NULL,'1'),(24,'unit_price',NULL,'1234.00000000'),(24,'commissionrate',NULL,'0.000'),(24,'qty_per_unit',NULL,'0.00'),(24,'qtyinstock',NULL,'0.000'),(24,'assigned_user_id',NULL,'6'),(24,'purchase_cost',NULL,'9.00000000'),(24,'source',NULL,'CRM'),(24,'record_id',NULL,'21'),(24,'record_module',NULL,'Products'),(27,'label',NULL,'Business'),(27,'notes_title',NULL,'Business'),(27,'createdtime',NULL,'2019-11-14 08:50:05'),(27,'filename',NULL,'Business-pride.docx'),(27,'assigned_user_id',NULL,'1'),(27,'filetype',NULL,'application/octet-stream'),(27,'filesize',NULL,'95139'),(27,'filelocationtype',NULL,'I'),(27,'filestatus',NULL,'1'),(27,'folderid',NULL,'1'),(27,'note_no',NULL,'DOC1'),(27,'modifiedby',NULL,'1'),(27,'source',NULL,'CRM'),(27,'record_id',NULL,'22'),(27,'record_module',NULL,'Documents'),(28,'label',NULL,'n'),(28,'notes_title',NULL,'n'),(28,'createdtime',NULL,'2019-11-15 09:29:38'),(28,'filename',NULL,'n.PNG'),(28,'assigned_user_id',NULL,'1'),(28,'notecontent',NULL,'demo'),(28,'filetype',NULL,'image/png'),(28,'filesize',NULL,'121076'),(28,'filelocationtype',NULL,'I'),(28,'filestatus',NULL,'1'),(28,'folderid',NULL,'1'),(28,'note_no',NULL,'DOC2'),(28,'modifiedby',NULL,'1'),(28,'source',NULL,'CRM'),(28,'record_id',NULL,'24'),(28,'record_module',NULL,'Documents'),(30,'label',NULL,'Demo'),(30,'campaignname',NULL,'Demo'),(30,'campaign_no',NULL,'CAM2'),(30,'campaigntype',NULL,'Conference'),(30,'campaignstatus',NULL,'Planning'),(30,'closingdate',NULL,'2019-11-15'),(30,'assigned_user_id',NULL,'8'),(30,'numsent',NULL,'9'),(30,'sponsor',NULL,'900'),(30,'targetaudience',NULL,'9000'),(30,'targetsize',NULL,'90'),(30,'createdtime',NULL,'2019-11-15 10:05:07'),(30,'modifiedby',NULL,'1'),(30,'expectedresponse',NULL,'Excellent'),(30,'expectedrevenue',NULL,'909999.00000000'),(30,'budgetcost',NULL,'909099.00000000'),(30,'actualcost',NULL,'9999999.00000000'),(30,'expectedresponsecount',NULL,'90'),(30,'expectedsalescount',NULL,'9'),(30,'expectedroi',NULL,'900.00000000'),(30,'actualresponsecount',NULL,'90'),(30,'actualsalescount',NULL,'9'),(30,'actualroi',NULL,'900.00000000'),(30,'description',NULL,'Demo'),(30,'source',NULL,'CRM'),(30,'record_id',NULL,'26'),(30,'record_module',NULL,'Campaigns'),(31,'actualroi','900.00000000','9000.00000000'),(32,'label','Demo','Demon'),(32,'campaignname','Demo','Demon'),(33,'product_id','0','21'),(34,'expectedroi','900.00000000','9000.00000000'),(35,'label',NULL,'Demo'),(35,'campaignname',NULL,'Demo'),(35,'campaign_no',NULL,'CAM3'),(35,'campaigntype',NULL,'Conference'),(35,'product_id',NULL,'21'),(35,'campaignstatus',NULL,'Active'),(35,'closingdate',NULL,'2019-11-15'),(35,'assigned_user_id',NULL,'3'),(35,'numsent',NULL,'9'),(35,'sponsor',NULL,'900'),(35,'targetaudience',NULL,'9000'),(35,'targetsize',NULL,'90'),(35,'createdtime',NULL,'2019-11-15 10:09:12'),(35,'modifiedby',NULL,'1'),(35,'expectedresponse',NULL,'Excellent'),(35,'expectedrevenue',NULL,'909999.00000000'),(35,'budgetcost',NULL,'909099.00000000'),(35,'actualcost',NULL,'9999999.00000000'),(35,'expectedresponsecount',NULL,'90'),(35,'expectedsalescount',NULL,'9'),(35,'expectedroi',NULL,'900.00000000'),(35,'actualresponsecount',NULL,'900'),(35,'actualsalescount',NULL,'9'),(35,'actualroi',NULL,'900.00000000'),(35,'description',NULL,'demo'),(35,'source',NULL,'CRM'),(35,'record_id',NULL,'27'),(35,'record_module',NULL,'Campaigns'),(37,'label',NULL,'Nectar'),(37,'accountname',NULL,'Nectar'),(37,'account_no',NULL,'ACC3'),(37,'phone',NULL,'904980000000'),(37,'website',NULL,'nectarinfotel.com'),(37,'annual_revenue',NULL,'0.00000000'),(37,'assigned_user_id',NULL,'8'),(37,'createdtime',NULL,'2019-11-15 10:10:28'),(37,'modifiedby',NULL,'1'),(37,'source',NULL,'CRM'),(37,'record_id',NULL,'28'),(37,'record_module',NULL,'Accounts'),(39,'label',NULL,'Ben Ten'),(39,'salutationtype',NULL,'Mr.'),(39,'firstname',NULL,'Ben'),(39,'lead_no',NULL,'LEA5'),(39,'phone',NULL,'9087986786786'),(39,'lastname',NULL,'Ten'),(39,'mobile',NULL,'09990909090'),(39,'company',NULL,'Nectar Infotel'),(39,'designation',NULL,'ST'),(39,'email',NULL,'rashmi.chaudhari+1@nectarinfotel.com'),(39,'leadsource',NULL,'Cold Call'),(39,'industry',NULL,'Biotechnology'),(39,'leadstatus',NULL,'Junk Lead'),(39,'annualrevenue',NULL,'90909099.00000000'),(39,'rating',NULL,'Shutdown'),(39,'noofemployees',NULL,'10000'),(39,'assigned_user_id',NULL,'1'),(39,'secondaryemail',NULL,'DEMO@gmail.com'),(39,'createdtime',NULL,'2019-11-15 12:12:37'),(39,'modifiedby',NULL,'1'),(39,'source',NULL,'CRM'),(39,'record_id',NULL,'39'),(39,'record_module',NULL,'Leads'),(40,'expectedresponsecount','0','90'),(41,'expectedroi','0.00000000','900.00000000'),(42,'actualresponsecount','0','900'),(43,'actualsalescount','0','9'),(44,'label',NULL,'Apland Ten'),(44,'salutationtype',NULL,'Mr.'),(44,'firstname',NULL,'Apland'),(44,'lead_no',NULL,'LEA6'),(44,'phone',NULL,'99880889898'),(44,'lastname',NULL,'Ten'),(44,'mobile',NULL,'989888989889'),(44,'company',NULL,'Nectar Infotel'),(44,'designation',NULL,'CA'),(44,'email',NULL,'ten@gmail.com'),(44,'leadsource',NULL,'Cold Call'),(44,'industry',NULL,'Banking'),(44,'leadstatus',NULL,'Attempted to Contact'),(44,'annualrevenue',NULL,'90909099.00000000'),(44,'rating',NULL,'Acquired'),(44,'noofemployees',NULL,'900'),(44,'assigned_user_id',NULL,'8'),(44,'secondaryemail',NULL,'bean@gmail.com'),(44,'createdtime',NULL,'2019-11-18 05:08:20'),(44,'modifiedby',NULL,'1'),(44,'lane',NULL,'Dubai'),(44,'code',NULL,'412308'),(44,'city',NULL,'Tirana'),(44,'country',NULL,'Albania'),(44,'state',NULL,'Tirana'),(44,'pobox',NULL,'412308'),(44,'description',NULL,'For testing'),(44,'emailoptout',NULL,'1'),(44,'source',NULL,'CRM'),(44,'record_id',NULL,'40'),(44,'record_module',NULL,'Leads'),(45,'fax','','00'),(46,'email','ten@gmail.com','ten0@gmail.com'),(47,'website','','www.google.com'),(48,'website','www.google.com','nectarinfotel.com'),(49,'leadstatus','Attempted to Contact','Lost Lead'),(50,'rating','Acquired','Active'),(51,'label',NULL,'Hrms'),(51,'subject',NULL,'Hrms'),(51,'assigned_user_id',NULL,'1'),(51,'date_start',NULL,'2019-11-18'),(51,'time_start',NULL,'09:07:00'),(51,'due_date',NULL,'2019-11-18'),(51,'time_end',NULL,'09:12:00'),(51,'duration_minutes',NULL,'5'),(51,'parent_id',NULL,'40'),(51,'eventstatus',NULL,'Planned'),(51,'activitytype',NULL,'Call'),(51,'createdtime',NULL,'2019-11-18 09:10:35'),(51,'visibility',NULL,'Public'),(51,'modifiedby',NULL,'1'),(51,'source',NULL,'CRM'),(51,'record_id',NULL,'41'),(51,'record_module',NULL,'Events'),(54,'label',NULL,'Hrms'),(54,'subject',NULL,'Hrms'),(54,'assigned_user_id',NULL,'1'),(54,'date_start',NULL,'2019-11-18'),(54,'time_start',NULL,'09:10:00'),(54,'due_date',NULL,'2019-11-18'),(54,'time_end',NULL,'09:15:00'),(54,'duration_minutes',NULL,'5'),(54,'parent_id',NULL,'40'),(54,'eventstatus',NULL,'Planned'),(54,'activitytype',NULL,'Call'),(54,'createdtime',NULL,'2019-11-18 09:10:54'),(54,'visibility',NULL,'Public'),(54,'modifiedby',NULL,'1'),(54,'source',NULL,'CRM'),(54,'record_id',NULL,'42'),(54,'record_module',NULL,'Events'),(56,'label',NULL,'Hrms'),(56,'subject',NULL,'Hrms'),(56,'assigned_user_id',NULL,'1'),(56,'date_start',NULL,'2019-11-18'),(56,'time_start',NULL,'09:12:00'),(56,'due_date',NULL,'2019-11-18'),(56,'duration_hours',NULL,'9'),(56,'duration_minutes',NULL,'18'),(56,'parent_id',NULL,'40'),(56,'activitytype',NULL,'Task'),(56,'createdtime',NULL,'2019-11-18 09:17:24'),(56,'visibility',NULL,'Private'),(56,'modifiedby',NULL,'1'),(56,'source',NULL,'CRM'),(56,'taskstatus',NULL,'Not Started'),(56,'record_id',NULL,'43'),(56,'record_module',NULL,'Calendar'),(58,'label',NULL,'Invitation'),(58,'date_start',NULL,'2019-11-18'),(58,'activitytype',NULL,'Emails'),(58,'assigned_user_id',NULL,'1'),(58,'subject',NULL,'Invitation'),(58,'description',NULL,'&lt;html&gt;\r\n&lt;head&gt;\r\n	&lt;title&gt;&lt;/title&gt;\r\n&lt;/head&gt;\r\n&lt;body&gt;\r\n&lt;p&gt;$invitee_name$,&lt;br /&gt;\r\n&lt;br /&gt;\r\nYou have been invited for an activity&lt;br /&gt;\r\n&lt;br /&gt;\r\nThe details are :&lt;br /&gt;\r\n&amp;nbsp; Subject : $events-subject$&lt;br /&gt;\r\n&amp;nbsp; Start Date &amp; Time : $events-date_start$&lt;br /&gt;\r\n&amp;nbsp; End Date &amp; Time : $events-due_date$&lt;br /&gt;\r\n&amp;nbsp; Status : $events-eventstatus$&lt;br /&gt;\r\n&amp;nbsp; Priority : $events-priority$&lt;br /&gt;\r\n&amp;nbsp; Related To : $events-crmid$&lt;br /&gt;\r\n&amp;nbsp; Contact List : $events-contactid$&lt;br /&gt;\r\n&amp;nbsp; Location : $events-location$&lt;br /&gt;\r\n&amp;nbsp; Description : $events-description$&lt;br /&gt;\r\n&lt;br /&gt;\r\nThanks &amp; Regards,&lt;br /&gt;\r\n$current_user_name$&lt;/p&gt;\r\n\r\n&lt;p&gt;&lt;/p&gt;\r\n&lt;/body&gt;\r\n&lt;/html&gt;\r\n'),(58,'time_start',NULL,'09:43'),(58,'createdtime',NULL,'2019-11-18 09:43:26'),(58,'modifiedby',NULL,'1'),(58,'from_email',NULL,'contact@nectarinfotel.com'),(58,'saved_toid',NULL,'[&quot;rashmi.chaudhari+1@nectarinfotel.com&quot;]'),(58,'ccmail',NULL,'[&quot;&quot;]'),(58,'bccmail',NULL,'[&quot;&quot;]'),(58,'parent_id',NULL,'39@1|'),(58,'email_flag',NULL,'SENT'),(58,'source',NULL,'CRM'),(58,'record_id',NULL,'44'),(58,'record_module',NULL,'Emails'),(62,'label',NULL,'demo'),(62,'commentcontent',NULL,'demo'),(62,'assigned_user_id',NULL,'1'),(62,'createdtime',NULL,'2019-11-18 10:20:24'),(62,'related_to',NULL,'39'),(62,'creator',NULL,'1'),(62,'source',NULL,'CRM'),(62,'userid',NULL,'1'),(62,'filename',NULL,'47'),(62,'record_id',NULL,'46'),(62,'record_module',NULL,'ModComments'),(63,'label',NULL,'Nectar i'),(63,'accountname',NULL,'Nectar i'),(63,'account_no',NULL,'ACC7'),(63,'annual_revenue',NULL,'0.00000000'),(63,'assigned_user_id',NULL,'1'),(63,'createdtime',NULL,'2019-11-18 11:30:49'),(63,'modifiedby',NULL,'1'),(63,'source',NULL,'CRM'),(63,'record_id',NULL,'55'),(63,'record_module',NULL,'Accounts'),(64,'label',NULL,'Ben Ten'),(64,'salutationtype',NULL,'Mr.'),(64,'firstname',NULL,'Ben'),(64,'contact_no',NULL,'CON3'),(64,'phone',NULL,'09876543267'),(64,'lastname',NULL,'Ten'),(64,'account_id',NULL,'55'),(64,'email',NULL,'gavalimayuri718@gmail.com'),(64,'assigned_user_id',NULL,'1'),(64,'createdtime',NULL,'2019-11-18 11:30:57'),(64,'modifiedby',NULL,'1'),(64,'support_start_date',NULL,'2019-11-18'),(64,'support_end_date',NULL,'2020-11-18'),(64,'source',NULL,'CRM'),(64,'record_id',NULL,'56'),(64,'record_module',NULL,'Contacts'),(65,'assigned_user_id','6','1'),(66,'label',NULL,'Business'),(66,'notes_title',NULL,'Business'),(66,'createdtime',NULL,'2019-11-18 11:35:25'),(66,'filename',NULL,'google.com'),(66,'assigned_user_id',NULL,'1'),(66,'filelocationtype',NULL,'I'),(66,'filestatus',NULL,'1'),(66,'folderid',NULL,'1'),(66,'note_no',NULL,'DOC3'),(66,'modifiedby',NULL,'1'),(66,'source',NULL,'CRM'),(66,'record_id',NULL,'57'),(66,'record_module',NULL,'Documents'),(68,'label',NULL,'Business'),(68,'notes_title',NULL,'Business'),(68,'createdtime',NULL,'2019-11-18 11:36:01'),(68,'assigned_user_id',NULL,'1'),(68,'notecontent',NULL,'.'),(68,'filelocationtype',NULL,'I'),(68,'filestatus',NULL,'1'),(68,'folderid',NULL,'1'),(68,'note_no',NULL,'DOC4'),(68,'modifiedby',NULL,'1'),(68,'source',NULL,'CRM'),(68,'record_id',NULL,'58'),(68,'record_module',NULL,'Documents'),(70,'label',NULL,'Tender'),(70,'projectname',NULL,'Tender'),(70,'startdate',NULL,'2019-04-30'),(70,'targetenddate',NULL,'2019-09-30'),(70,'linktoaccountscontacts',NULL,'55'),(70,'assigned_user_id',NULL,'1'),(70,'project_no',NULL,'PROJ1'),(70,'createdtime',NULL,'2019-11-18 11:46:29'),(70,'modifiedby',NULL,'1'),(70,'source',NULL,'CRM'),(70,'record_id',NULL,'59'),(70,'record_module',NULL,'Project'),(73,'label',NULL,'n'),(73,'commentcontent',NULL,'n'),(73,'assigned_user_id',NULL,'1'),(73,'createdtime',NULL,'2019-11-18 12:03:16'),(73,'related_to',NULL,'54'),(73,'creator',NULL,'1'),(73,'source',NULL,'CRM'),(73,'userid',NULL,'1'),(73,'filename',NULL,'61'),(73,'record_id',NULL,'60'),(73,'record_module',NULL,'ModComments'),(74,'label','n','nnn'),(74,'commentcontent','n','nnn'),(75,'fax','','4'),(75,'modifiedby','1','9'),(76,'bill_city','','n'),(79,'label',NULL,'demo user'),(79,'salutationtype',NULL,'Mr.'),(79,'firstname',NULL,'demo'),(79,'contact_no',NULL,'CON4'),(79,'lastname',NULL,'user'),(79,'account_id',NULL,'33'),(79,'assigned_user_id',NULL,'1'),(79,'createdtime',NULL,'2019-11-19 07:38:36'),(79,'modifiedby',NULL,'1'),(79,'source',NULL,'CRM'),(79,'cf_854',NULL,'nn'),(79,'record_id',NULL,'62'),(79,'record_module',NULL,'Contacts'),(80,'label',NULL,'Demo'),(80,'campaignname',NULL,'Demo'),(80,'campaign_no',NULL,'CAM11'),(80,'closingdate',NULL,'2019-11-30'),(80,'assigned_user_id',NULL,'1'),(80,'createdtime',NULL,'2019-11-19 07:39:03'),(80,'modifiedby',NULL,'1'),(80,'expectedrevenue',NULL,'0.00000000'),(80,'budgetcost',NULL,'0.00000000'),(80,'actualcost',NULL,'0.00000000'),(80,'expectedroi',NULL,'0.00000000'),(80,'actualroi',NULL,'0.00000000'),(80,'source',NULL,'CRM'),(80,'cf_852',NULL,'n'),(80,'record_id',NULL,'63'),(80,'record_module',NULL,'Campaigns'),(81,'label',NULL,'Opportunity'),(81,'potentialname',NULL,'Opportunity'),(81,'potential_no',NULL,'POT3'),(81,'amount',NULL,'9000.00000000'),(81,'related_to',NULL,'7'),(81,'closingdate',NULL,'2019-11-30'),(81,'opportunity_type',NULL,'Existing Business'),(81,'leadsource',NULL,'Self Generated'),(81,'sales_stage',NULL,'Proposal or Price Quote'),(81,'assigned_user_id',NULL,'1'),(81,'probability',NULL,'7.000'),(81,'campaignid',NULL,'63'),(81,'createdtime',NULL,'2019-11-19 07:39:12'),(81,'modifiedby',NULL,'1'),(81,'forecast_amount',NULL,'630.00000000'),(81,'contact_id',NULL,'62'),(81,'source',NULL,'CRM'),(81,'record_id',NULL,'64'),(81,'record_module',NULL,'Potentials'),(82,'label',NULL,'gst'),(82,'productname',NULL,'gst'),(82,'product_no',NULL,'PRO3'),(82,'discontinued',NULL,'1'),(82,'createdtime',NULL,'2019-11-19 07:40:18'),(82,'modifiedby',NULL,'1'),(82,'unit_price',NULL,'0.00000000'),(82,'commissionrate',NULL,'0.000'),(82,'qty_per_unit',NULL,'0.00'),(82,'qtyinstock',NULL,'0.000'),(82,'assigned_user_id',NULL,'1'),(82,'purchase_cost',NULL,'0.00000000'),(82,'source',NULL,'CRM'),(82,'record_id',NULL,'65'),(82,'record_module',NULL,'Products'),(86,'label',NULL,'Hrms'),(86,'subject',NULL,'Hrms'),(86,'contact_id',NULL,'62'),(86,'txtAdjustment',NULL,'0.00000000'),(86,'salescommission',NULL,'0.000'),(86,'exciseduty',NULL,'0.000'),(86,'hdnSubTotal',NULL,'0.00000000'),(86,'hdnGrandTotal',NULL,'94.05000000'),(86,'hdnTaxType',NULL,'group'),(86,'hdnS_H_Amount',NULL,'90.00000000'),(86,'account_id',NULL,'7'),(86,'assigned_user_id',NULL,'1'),(86,'createdtime',NULL,'2019-11-19 07:43:17'),(86,'modifiedby',NULL,'1'),(86,'currency_id',NULL,'1'),(86,'conversion_rate',NULL,'1.000'),(86,'bill_street',NULL,'Dubai'),(86,'ship_street',NULL,'Dubai'),(86,'bill_city',NULL,'Tirana'),(86,'ship_city',NULL,'Tirana'),(86,'bill_state',NULL,'Tirana'),(86,'ship_state',NULL,'Tirana'),(86,'bill_code',NULL,'412308'),(86,'ship_code',NULL,'412308'),(86,'bill_country',NULL,'Albania'),(86,'ship_country',NULL,'Albania'),(86,'ship_pobox',NULL,'412308'),(86,'terms_conditions',NULL,'- Unless otherwise agreed in writing by the supplier all invoices are payable within thirty (30) days of the date of invoice, in the currency of the invoice, drawn on a bank based in India or by such other method as is agreed in advance by the Supplier.\n\n - All prices are not inclusive of VAT which shall be payable in addition by the Customer at the applicable rate.'),(86,'invoice_no',NULL,'INV1'),(86,'productid',NULL,'65'),(86,'quantity',NULL,'1.000'),(86,'listprice',NULL,'0.00000000'),(86,'tax1',NULL,'4.500'),(86,'tax2',NULL,'10.000'),(86,'tax3',NULL,'12.500'),(86,'pre_tax_total',NULL,'90.00000000'),(86,'received',NULL,'0.00000000'),(86,'balance',NULL,'94.05000000'),(86,'hdnS_H_Percent',NULL,'90.00000000'),(86,'potential_id',NULL,'64'),(86,'source',NULL,'CRM'),(86,'tax4',NULL,'5.000'),(86,'record_id',NULL,'67'),(86,'record_module',NULL,'Invoice'),(88,'label',NULL,'Opportunity'),(88,'projectname',NULL,'Opportunity'),(88,'project_no',NULL,'PROJ2'),(88,'assigned_user_id',NULL,'1'),(88,'source',NULL,'CRM'),(88,'isconvertedfrompotential',NULL,'1'),(88,'potentialid',NULL,'64'),(88,'createdtime',NULL,'2019-11-19 07:44:36'),(88,'modifiedby',NULL,'1'),(88,'record_id',NULL,'68'),(88,'record_module',NULL,'Project'),(90,'label',NULL,'Tender'),(90,'projectname',NULL,'Tender'),(90,'assigned_user_id',NULL,'1'),(90,'project_no',NULL,'PROJ3'),(90,'createdtime',NULL,'2019-11-19 07:44:52'),(90,'modifiedby',NULL,'1'),(90,'source',NULL,'CRM'),(90,'record_id',NULL,'69'),(90,'record_module',NULL,'Project'),(92,'label',NULL,'Ben Ten'),(92,'salutationtype',NULL,'Mr.'),(92,'firstname',NULL,'Ben'),(92,'contact_no',NULL,'CON5'),(92,'lastname',NULL,'Ten'),(92,'account_id',NULL,'28'),(92,'assigned_user_id',NULL,'1'),(92,'createdtime',NULL,'2019-11-19 08:34:15'),(92,'modifiedby',NULL,'1'),(92,'source',NULL,'CRM'),(92,'cf_854',NULL,'n'),(92,'record_id',NULL,'70'),(92,'record_module',NULL,'Contacts'),(93,'label',NULL,'Nectarin'),(93,'accountname',NULL,'Nectarin'),(93,'account_no',NULL,'ACC8'),(93,'phone',NULL,'90078675757'),(93,'website',NULL,'nectarinfotel.com'),(93,'annual_revenue',NULL,'0.00000000'),(93,'assigned_user_id',NULL,'1'),(93,'createdtime',NULL,'2019-11-19 08:37:12'),(93,'modifiedby',NULL,'1'),(93,'source',NULL,'CRM'),(93,'record_id',NULL,'71'),(93,'record_module',NULL,'Accounts'),(94,'label',NULL,'Apland Ten'),(94,'salutationtype',NULL,'Mr.'),(94,'firstname',NULL,'Apland'),(94,'contact_no',NULL,'CON6'),(94,'phone',NULL,'080970970980'),(94,'lastname',NULL,'Ten'),(94,'account_id',NULL,'71'),(94,'email',NULL,'bean@gmail.com'),(94,'assigned_user_id',NULL,'1'),(94,'createdtime',NULL,'2019-11-19 08:38:59'),(94,'modifiedby',NULL,'1'),(94,'source',NULL,'CRM'),(94,'cf_854',NULL,'n'),(94,'record_id',NULL,'72'),(94,'record_module',NULL,'Contacts'),(95,'label',NULL,'Nectar chattisgadh'),(95,'accountname',NULL,'Nectar chattisgadh'),(95,'account_no',NULL,'ACC9'),(95,'phone',NULL,'0809880980'),(95,'website',NULL,'nectarinfotel.com'),(95,'annual_revenue',NULL,'0.00000000'),(95,'assigned_user_id',NULL,'1'),(95,'createdtime',NULL,'2019-11-19 08:39:43'),(95,'modifiedby',NULL,'1'),(95,'source',NULL,'CRM'),(95,'record_id',NULL,'73'),(95,'record_module',NULL,'Accounts'),(96,'label',NULL,'Hrms'),(96,'quote_no',NULL,'QUO1'),(96,'subject',NULL,'Hrms'),(96,'quotestage',NULL,'Delivered'),(96,'validtill',NULL,'2019-11-30'),(96,'contact_id',NULL,'72'),(96,'carrier',NULL,'FedEx'),(96,'hdnSubTotal',NULL,'9090.00000000'),(96,'shipping',NULL,'SP Infocity'),(96,'assigned_user_id1',NULL,'1'),(96,'txtAdjustment',NULL,'0.00000000'),(96,'hdnGrandTotal',NULL,'12138.30000000'),(96,'hdnTaxType',NULL,'group'),(96,'hdnS_H_Amount',NULL,'90.00000000'),(96,'account_id',NULL,'73'),(96,'assigned_user_id',NULL,'1'),(96,'createdtime',NULL,'2019-11-19 08:40:13'),(96,'modifiedby',NULL,'1'),(96,'currency_id',NULL,'1'),(96,'conversion_rate',NULL,'1.000'),(96,'bill_street',NULL,'SP Infocity'),(96,'ship_street',NULL,'SP Infocity'),(96,'bill_city',NULL,'Pune'),(96,'ship_city',NULL,'Pune'),(96,'bill_state',NULL,'India &mdash; Maharashtra'),(96,'ship_state',NULL,'India &mdash; Maharashtra'),(96,'ship_pobox',NULL,'412308'),(96,'terms_conditions',NULL,'- Unless otherwise agreed in writing by the supplier all invoices are payable within thirty (30) days of the date of invoice, in the currency of the invoice, drawn on a bank based in India or by such other method as is agreed in advance by the Supplier.\n\n - All prices are not inclusive of VAT which shall be payable in addition by the Customer at the applicable rate.'),(96,'productid',NULL,'20'),(96,'quantity',NULL,'1.000'),(96,'listprice',NULL,'9090.00000000'),(96,'tax1',NULL,'4.500'),(96,'tax2',NULL,'10.000'),(96,'tax3',NULL,'12.500'),(96,'pre_tax_total',NULL,'9180.00000000'),(96,'hdnS_H_Percent',NULL,'90'),(96,'source',NULL,'CRM'),(96,'tax4',NULL,'5.000'),(96,'record_id',NULL,'74'),(96,'record_module',NULL,'Quotes'),(97,'label',NULL,'Hrms'),(97,'subject',NULL,'Hrms'),(97,'assigned_user_id',NULL,'1'),(97,'date_start',NULL,'2019-11-19'),(97,'time_start',NULL,'08:40:00'),(97,'due_date',NULL,'2019-11-19'),(97,'time_end',NULL,'08:45:00'),(97,'duration_minutes',NULL,'5'),(97,'eventstatus',NULL,'Planned'),(97,'activitytype',NULL,'Call'),(97,'createdtime',NULL,'2019-11-19 08:42:52'),(97,'visibility',NULL,'Public'),(97,'modifiedby',NULL,'1'),(97,'source',NULL,'CRM'),(97,'record_id',NULL,'75'),(97,'record_module',NULL,'Events'),(99,'label',NULL,'Hrms'),(99,'quote_no',NULL,'QUO2'),(99,'subject',NULL,'Hrms'),(99,'quotestage',NULL,'Delivered'),(99,'validtill',NULL,'2019-11-30'),(99,'contact_id',NULL,'72'),(99,'carrier',NULL,'FedEx'),(99,'hdnSubTotal',NULL,'9090.00000000'),(99,'shipping',NULL,'SP Infocity'),(99,'assigned_user_id1',NULL,'1'),(99,'txtAdjustment',NULL,'0.00000000'),(99,'hdnGrandTotal',NULL,'12138.30000000'),(99,'hdnTaxType',NULL,'group'),(99,'hdnS_H_Amount',NULL,'90.00000000'),(99,'account_id',NULL,'73'),(99,'assigned_user_id',NULL,'1'),(99,'createdtime',NULL,'2019-11-19 08:44:29'),(99,'modifiedby',NULL,'1'),(99,'currency_id',NULL,'1'),(99,'conversion_rate',NULL,'1.000'),(99,'bill_street',NULL,'SP Infocity'),(99,'ship_street',NULL,'SP Infocity'),(99,'bill_city',NULL,'Pune'),(99,'ship_city',NULL,'Pune'),(99,'bill_state',NULL,'India &mdash; Maharashtra'),(99,'ship_state',NULL,'India &mdash; Maharashtra'),(99,'ship_pobox',NULL,'412308'),(99,'terms_conditions',NULL,'- Unless otherwise agreed in writing by the supplier all invoices are payable within thirty (30) days of the date of invoice, in the currency of the invoice, drawn on a bank based in India or by such other method as is agreed in advance by the Supplier.\n\n - All prices are not inclusive of VAT which shall be payable in addition by the Customer at the applicable rate.'),(99,'productid',NULL,'20'),(99,'quantity',NULL,'1.000'),(99,'listprice',NULL,'9090.00000000'),(99,'tax1',NULL,'4.500'),(99,'tax2',NULL,'10.000'),(99,'tax3',NULL,'12.500'),(99,'pre_tax_total',NULL,'9180.00000000'),(99,'hdnS_H_Percent',NULL,'90'),(99,'source',NULL,'CRM'),(99,'tax4',NULL,'5.000'),(99,'record_id',NULL,'76'),(99,'record_module',NULL,'Quotes'),(100,'label',NULL,'Hrms'),(100,'date_start',NULL,'2019-11-19'),(100,'activitytype',NULL,'Emails'),(100,'assigned_user_id',NULL,'1'),(100,'subject',NULL,'Hrms'),(100,'description',NULL,'&lt;html&gt;\r\n&lt;head&gt;\r\n	&lt;title&gt;&lt;/title&gt;\r\n&lt;/head&gt;\r\n&lt;body&gt;Demo&lt;/body&gt;\r\n&lt;/html&gt;\r\n'),(100,'time_start',NULL,'08:47'),(100,'createdtime',NULL,'2019-11-19 08:47:01'),(100,'modifiedby',NULL,'1'),(100,'from_email',NULL,'contact@nectarinfotel.com'),(100,'saved_toid',NULL,'[&quot;bean@gmail.com&quot;]'),(100,'ccmail',NULL,'[&quot;&quot;]'),(100,'bccmail',NULL,'[&quot;&quot;]'),(100,'parent_id',NULL,'72@1|'),(100,'email_flag',NULL,'SENT'),(100,'source',NULL,'CRM'),(100,'record_id',NULL,'77'),(100,'record_module',NULL,'Emails'),(102,'label',NULL,'Hrms'),(102,'subject',NULL,'Hrms'),(102,'customerno',NULL,'90'),(102,'contact_id',NULL,'72'),(102,'invoicedate',NULL,'2019-11-30'),(102,'duedate',NULL,'2019-11-30'),(102,'nectarcrm_purchaseorder',NULL,'9090'),(102,'txtAdjustment',NULL,'0.00000000'),(102,'salescommission',NULL,'90.000'),(102,'exciseduty',NULL,'0.000'),(102,'hdnSubTotal',NULL,'9090.00000000'),(102,'hdnGrandTotal',NULL,'12138.30000000'),(102,'hdnTaxType',NULL,'group'),(102,'hdnS_H_Amount',NULL,'90.00000000'),(102,'account_id',NULL,'73'),(102,'assigned_user_id',NULL,'1'),(102,'createdtime',NULL,'2019-11-19 08:50:21'),(102,'modifiedby',NULL,'1'),(102,'currency_id',NULL,'1'),(102,'conversion_rate',NULL,'1.000'),(102,'bill_street',NULL,'SP Infocity'),(102,'ship_street',NULL,'SP Infocity'),(102,'bill_city',NULL,'Pune'),(102,'ship_city',NULL,'Pune'),(102,'bill_state',NULL,'India &mdash; Maharashtra'),(102,'ship_state',NULL,'India &mdash; Maharashtra'),(102,'ship_pobox',NULL,'412308'),(102,'terms_conditions',NULL,'- Unless otherwise agreed in writing by the supplier all invoices are payable within thirty (30) days of the date of invoice, in the currency of the invoice, drawn on a bank based in India or by such other method as is agreed in advance by the Supplier.\n\n - All prices are not inclusive of VAT which shall be payable in addition by the Customer at the applicable rate.'),(102,'invoice_no',NULL,'INV2'),(102,'productid',NULL,'20'),(102,'quantity',NULL,'1.000'),(102,'listprice',NULL,'9090.00000000'),(102,'tax1',NULL,'4.500'),(102,'tax2',NULL,'10.000'),(102,'tax3',NULL,'12.500'),(102,'pre_tax_total',NULL,'9180.00000000'),(102,'received',NULL,'0.00000000'),(102,'balance',NULL,'12138.30000000'),(102,'hdnS_H_Percent',NULL,'90.00000000'),(102,'source',NULL,'CRM'),(102,'tax4',NULL,'5.000'),(102,'record_id',NULL,'80'),(102,'record_module',NULL,'Invoice'),(103,'label',NULL,'Suchit'),(103,'vendorname',NULL,'Suchit'),(103,'vendor_no',NULL,'VEN1'),(103,'createdtime',NULL,'2019-11-19 08:50:48'),(103,'modifiedby',NULL,'1'),(103,'assigned_user_id',NULL,'1'),(103,'source',NULL,'CRM'),(103,'record_id',NULL,'81'),(103,'record_module',NULL,'Vendors'),(104,'label',NULL,'Hrms'),(104,'purchaseorder_no',NULL,'PO1'),(104,'subject',NULL,'Hrms'),(104,'vendor_id',NULL,'81'),(104,'requisition_no',NULL,'90'),(104,'contact_id',NULL,'72'),(104,'duedate',NULL,'2019-11-30'),(104,'carrier',NULL,'FedEx'),(104,'txtAdjustment',NULL,'0.00000000'),(104,'salescommission',NULL,'90.000'),(104,'exciseduty',NULL,'0.000'),(104,'hdnGrandTotal',NULL,'94.05000000'),(104,'hdnSubTotal',NULL,'0.00000000'),(104,'hdnTaxType',NULL,'group'),(104,'hdnS_H_Amount',NULL,'90.00000000'),(104,'postatus',NULL,'Created'),(104,'assigned_user_id',NULL,'1'),(104,'createdtime',NULL,'2019-11-19 08:51:12'),(104,'modifiedby',NULL,'1'),(104,'currency_id',NULL,'1'),(104,'conversion_rate',NULL,'1.000'),(104,'bill_street',NULL,'Nectar Infotel Pvt. Ltd SP Infocity'),(104,'ship_street',NULL,'Nectar Infotel Pvt. Ltd SP Infocity'),(104,'bill_city',NULL,'Pune'),(104,'ship_city',NULL,'Pune'),(104,'bill_state',NULL,'Maharashtra'),(104,'ship_state',NULL,'Maharashtra'),(104,'bill_code',NULL,'412308'),(104,'ship_code',NULL,'412308'),(104,'bill_country',NULL,'India'),(104,'ship_country',NULL,'India'),(104,'terms_conditions',NULL,'- Unless otherwise agreed in writing by the supplier all invoices are payable within thirty (30) days of the date of invoice, in the currency of the invoice, drawn on a bank based in India or by such other method as is agreed in advance by the Supplier.\n\n - All prices are not inclusive of VAT which shall be payable in addition by the Customer at the applicable rate.'),(104,'productid',NULL,'20'),(104,'quantity',NULL,'5.000'),(104,'listprice',NULL,'0.00000000'),(104,'tax1',NULL,'4.500'),(104,'tax2',NULL,'10.000'),(104,'tax3',NULL,'12.500'),(104,'pre_tax_total',NULL,'90.00000000'),(104,'paid',NULL,'0.00000000'),(104,'balance',NULL,'94.05000000'),(104,'hdnS_H_Percent',NULL,'90'),(104,'source',NULL,'CRM'),(104,'tax4',NULL,'5.000'),(104,'record_id',NULL,'82'),(104,'record_module',NULL,'PurchaseOrder'),(105,'label',NULL,'nectar'),(105,'vendorname',NULL,'nectar'),(105,'vendor_no',NULL,'VEN2'),(105,'createdtime',NULL,'2019-11-19 08:52:26'),(105,'modifiedby',NULL,'1'),(105,'assigned_user_id',NULL,'1'),(105,'source',NULL,'CRM'),(105,'record_id',NULL,'83'),(105,'record_module',NULL,'Vendors'),(106,'label',NULL,'Hrms'),(106,'purchaseorder_no',NULL,'PO2'),(106,'subject',NULL,'Hrms'),(106,'vendor_id',NULL,'83'),(106,'requisition_no',NULL,'90'),(106,'contact_id',NULL,'72'),(106,'duedate',NULL,'2019-11-30'),(106,'carrier',NULL,'FedEx'),(106,'txtAdjustment',NULL,'0.00000000'),(106,'salescommission',NULL,'0.000'),(106,'exciseduty',NULL,'0.000'),(106,'hdnGrandTotal',NULL,'94.05000000'),(106,'hdnSubTotal',NULL,'0.00000000'),(106,'hdnTaxType',NULL,'group'),(106,'hdnS_H_Amount',NULL,'90.00000000'),(106,'postatus',NULL,'Delivered'),(106,'assigned_user_id',NULL,'1'),(106,'createdtime',NULL,'2019-11-19 08:53:14'),(106,'modifiedby',NULL,'1'),(106,'currency_id',NULL,'1'),(106,'conversion_rate',NULL,'1.000'),(106,'bill_street',NULL,'Dubai'),(106,'ship_street',NULL,'Dubai'),(106,'bill_city',NULL,'Tirana'),(106,'ship_city',NULL,'Tirana'),(106,'ship_pobox',NULL,'412308'),(106,'terms_conditions',NULL,'- Unless otherwise agreed in writing by the supplier all invoices are payable within thirty (30) days of the date of invoice, in the currency of the invoice, drawn on a bank based in India or by such other method as is agreed in advance by the Supplier.\n\n - All prices are not inclusive of VAT which shall be payable in addition by the Customer at the applicable rate.'),(106,'productid',NULL,'20'),(106,'quantity',NULL,'1.000'),(106,'listprice',NULL,'0.00000000'),(106,'tax1',NULL,'4.500'),(106,'tax2',NULL,'10.000'),(106,'tax3',NULL,'12.500'),(106,'pre_tax_total',NULL,'90.00000000'),(106,'paid',NULL,'0.00000000'),(106,'balance',NULL,'94.05000000'),(106,'hdnS_H_Percent',NULL,'90'),(106,'source',NULL,'CRM'),(106,'tax4',NULL,'5.000'),(106,'record_id',NULL,'84'),(106,'record_module',NULL,'PurchaseOrder'),(107,'label',NULL,'Apland Ten'),(107,'salutationtype',NULL,'Mr.'),(107,'firstname',NULL,'Apland'),(107,'contact_no',NULL,'CON7'),(107,'lastname',NULL,'Ten'),(107,'account_id',NULL,'71'),(107,'assigned_user_id',NULL,'12'),(107,'createdtime',NULL,'2019-11-19 08:53:42'),(107,'modifiedby',NULL,'1'),(107,'source',NULL,'CRM'),(107,'cf_854',NULL,'n'),(107,'record_id',NULL,'85'),(107,'record_module',NULL,'Contacts'),(108,'label',NULL,'nectar'),(108,'vendorname',NULL,'nectar'),(108,'vendor_no',NULL,'VEN3'),(108,'createdtime',NULL,'2019-11-19 08:53:50'),(108,'modifiedby',NULL,'1'),(108,'assigned_user_id',NULL,'1'),(108,'source',NULL,'CRM'),(108,'record_id',NULL,'86'),(108,'record_module',NULL,'Vendors'),(109,'label',NULL,'CRM'),(109,'purchaseorder_no',NULL,'PO3'),(109,'subject',NULL,'CRM'),(109,'vendor_id',NULL,'86'),(109,'requisition_no',NULL,'90'),(109,'contact_id',NULL,'85'),(109,'txtAdjustment',NULL,'0.00000000'),(109,'salescommission',NULL,'0.000'),(109,'exciseduty',NULL,'0.000'),(109,'hdnGrandTotal',NULL,'94.05000000'),(109,'hdnSubTotal',NULL,'0.00000000'),(109,'hdnTaxType',NULL,'group'),(109,'hdnS_H_Amount',NULL,'90.00000000'),(109,'postatus',NULL,'Created'),(109,'assigned_user_id',NULL,'1'),(109,'createdtime',NULL,'2019-11-19 08:54:14'),(109,'modifiedby',NULL,'1'),(109,'currency_id',NULL,'1'),(109,'conversion_rate',NULL,'1.000'),(109,'bill_street',NULL,'Dubai'),(109,'ship_street',NULL,'Dubai'),(109,'terms_conditions',NULL,'- Unless otherwise agreed in writing by the supplier all invoices are payable within thirty (30) days of the date of invoice, in the currency of the invoice, drawn on a bank based in India or by such other method as is agreed in advance by the Supplier.\n\n - All prices are not inclusive of VAT which shall be payable in addition by the Customer at the applicable rate.'),(109,'productid',NULL,'20'),(109,'quantity',NULL,'1.000'),(109,'listprice',NULL,'0.00000000'),(109,'tax1',NULL,'4.500'),(109,'tax2',NULL,'10.000'),(109,'tax3',NULL,'12.500'),(109,'pre_tax_total',NULL,'90.00000000'),(109,'paid',NULL,'0.00000000'),(109,'balance',NULL,'94.05000000'),(109,'hdnS_H_Percent',NULL,'90'),(109,'source',NULL,'CRM'),(109,'tax4',NULL,'5.000'),(109,'record_id',NULL,'87'),(109,'record_module',NULL,'PurchaseOrder'),(110,'label',NULL,'trac_device'),(110,'productname',NULL,'trac_device'),(110,'product_no',NULL,'PRO4'),(110,'productcode',NULL,'90'),(110,'discontinued',NULL,'1'),(110,'manufacturer',NULL,'AltvetPet Inc.'),(110,'productcategory',NULL,'Hardware'),(110,'sales_start_date',NULL,'2019-11-30'),(110,'sales_end_date',NULL,'2019-11-30'),(110,'start_date',NULL,'2019-11-30'),(110,'expiry_date',NULL,'2019-11-30'),(110,'website',NULL,'nectarinfotel.com'),(110,'vendor_id',NULL,'83'),(110,'mfr_part_no',NULL,'90'),(110,'vendor_part_no',NULL,'900'),(110,'serial_no',NULL,'90'),(110,'productsheet',NULL,'9'),(110,'glacct',NULL,'306-Internet Sales'),(110,'createdtime',NULL,'2019-11-19 08:59:47'),(110,'modifiedby',NULL,'1'),(110,'unit_price',NULL,'20000.00000000'),(110,'commissionrate',NULL,'2.000'),(110,'usageunit',NULL,'Hours'),(110,'qty_per_unit',NULL,'2.00'),(110,'qtyinstock',NULL,'1000000.000'),(110,'reorderlevel',NULL,'90'),(110,'assigned_user_id',NULL,'1'),(110,'qtyindemand',NULL,'9999'),(110,'imagename',NULL,'n.PNG'),(110,'purchase_cost',NULL,'9000.00000000'),(110,'source',NULL,'CRM'),(110,'record_id',NULL,'88'),(110,'record_module',NULL,'Products'),(111,'label',NULL,'ticket1'),(111,'ticket_no',NULL,'TT1'),(111,'assigned_user_id',NULL,'1'),(111,'ticketpriorities',NULL,'Normal'),(111,'product_id',NULL,'88'),(111,'ticketstatus',NULL,'Open'),(111,'hours',NULL,'0.00000000'),(111,'days',NULL,'0.00000000'),(111,'createdtime',NULL,'2019-11-19 09:01:34'),(111,'modifiedby',NULL,'1'),(111,'ticket_title',NULL,'ticket1'),(111,'description',NULL,'ticket1'),(111,'source',NULL,'CRM'),(111,'record_id',NULL,'90'),(111,'record_module',NULL,'HelpDesk'),(114,'label',NULL,'Hrms'),(114,'quote_no',NULL,'QUO3'),(114,'subject',NULL,'Hrms'),(114,'potential_id',NULL,'64'),(114,'quotestage',NULL,'Created'),(114,'validtill',NULL,'2019-11-30'),(114,'contact_id',NULL,'85'),(114,'carrier',NULL,'UPS'),(114,'hdnSubTotal',NULL,'20000.00000000'),(114,'shipping',NULL,'Dubai'),(114,'assigned_user_id1',NULL,'1'),(114,'txtAdjustment',NULL,'0.00000000'),(114,'hdnGrandTotal',NULL,'26594.05000000'),(114,'hdnTaxType',NULL,'group'),(114,'hdnS_H_Amount',NULL,'90.00000000'),(114,'account_id',NULL,'73'),(114,'assigned_user_id',NULL,'1'),(114,'createdtime',NULL,'2019-11-19 09:03:08'),(114,'modifiedby',NULL,'1'),(114,'currency_id',NULL,'1'),(114,'conversion_rate',NULL,'1.000'),(114,'bill_street',NULL,'SP Infocity'),(114,'ship_street',NULL,'SP Infocity'),(114,'bill_city',NULL,'Pune'),(114,'ship_city',NULL,'Pune'),(114,'bill_state',NULL,'India &mdash; Maharashtra'),(114,'ship_state',NULL,'India &mdash; Maharashtra'),(114,'ship_pobox',NULL,'412308'),(114,'terms_conditions',NULL,'- Unless otherwise agreed in writing by the supplier all invoices are payable within thirty (30) days of the date of invoice, in the currency of the invoice, drawn on a bank based in India or by such other method as is agreed in advance by the Supplier.\n\n - All prices are not inclusive of VAT which shall be payable in addition by the Customer at the applicable rate.'),(114,'productid',NULL,'88'),(114,'quantity',NULL,'1.000'),(114,'listprice',NULL,'20000.00000000'),(114,'tax1',NULL,'4.500'),(114,'tax2',NULL,'10.000'),(114,'tax3',NULL,'12.500'),(114,'pre_tax_total',NULL,'20090.00000000'),(114,'hdnS_H_Percent',NULL,'90'),(114,'source',NULL,'CRM'),(114,'tax4',NULL,'5.000'),(114,'record_id',NULL,'91'),(114,'record_module',NULL,'Quotes'),(116,'label',NULL,'Hrms'),(116,'purchaseorder_no',NULL,'PO4'),(116,'subject',NULL,'Hrms'),(116,'vendor_id',NULL,'83'),(116,'requisition_no',NULL,'90'),(116,'tracking_no',NULL,'090'),(116,'contact_id',NULL,'85'),(116,'duedate',NULL,'2019-11-30'),(116,'carrier',NULL,'FedEx'),(116,'txtAdjustment',NULL,'0.00000000'),(116,'salescommission',NULL,'90.000'),(116,'exciseduty',NULL,'0.000'),(116,'hdnGrandTotal',NULL,'23944.05000000'),(116,'hdnSubTotal',NULL,'18000.00000000'),(116,'hdnTaxType',NULL,'group'),(116,'hdnS_H_Amount',NULL,'90.00000000'),(116,'postatus',NULL,'Created'),(116,'assigned_user_id',NULL,'1'),(116,'createdtime',NULL,'2019-11-19 09:04:31'),(116,'modifiedby',NULL,'1'),(116,'currency_id',NULL,'1'),(116,'conversion_rate',NULL,'1.000'),(116,'bill_street',NULL,'Dubai'),(116,'ship_street',NULL,'Nectar Infotel Pvt. Ltd SP Infocity'),(116,'ship_city',NULL,'Pune'),(116,'ship_state',NULL,'Maharashtra'),(116,'ship_code',NULL,'412308'),(116,'ship_country',NULL,'India'),(116,'terms_conditions',NULL,'- Unless otherwise agreed in writing by the supplier all invoices are payable within thirty (30) days of the date of invoice, in the currency of the invoice, drawn on a bank based in India or by such other method as is agreed in advance by the Supplier.\n\n - All prices are not inclusive of VAT which shall be payable in addition by the Customer at the applicable rate.'),(116,'productid',NULL,'88'),(116,'quantity',NULL,'1.000'),(116,'listprice',NULL,'9000.00000000'),(116,'tax1',NULL,'4.500'),(116,'tax2',NULL,'10.000'),(116,'tax3',NULL,'12.500'),(116,'pre_tax_total',NULL,'18090.00000000'),(116,'paid',NULL,'0.00000000'),(116,'balance',NULL,'23944.05000000'),(116,'hdnS_H_Percent',NULL,'90'),(116,'source',NULL,'CRM'),(116,'tax4',NULL,'5.000'),(116,'record_id',NULL,'92'),(116,'record_module',NULL,'PurchaseOrder'),(118,'label',NULL,'Hrms'),(118,'salesorder_no',NULL,'SO1'),(118,'subject',NULL,'Hrms'),(118,'potential_id',NULL,'64'),(118,'customerno',NULL,'90'),(118,'quote_id',NULL,'74'),(118,'nectarcrm_purchaseorder',NULL,'9090'),(118,'contact_id',NULL,'85'),(118,'duedate',NULL,'2019-11-30'),(118,'carrier',NULL,'UPS'),(118,'sostatus',NULL,'Approved'),(118,'txtAdjustment',NULL,'0.00000000'),(118,'salescommission',NULL,'0.000'),(118,'exciseduty',NULL,'0.000'),(118,'hdnGrandTotal',NULL,'53094.05000000'),(118,'hdnSubTotal',NULL,'40000.00000000'),(118,'hdnTaxType',NULL,'group'),(118,'hdnS_H_Amount',NULL,'90.00000000'),(118,'account_id',NULL,'71'),(118,'assigned_user_id',NULL,'1'),(118,'createdtime',NULL,'2019-11-19 09:05:36'),(118,'modifiedby',NULL,'1'),(118,'currency_id',NULL,'1'),(118,'conversion_rate',NULL,'1.000'),(118,'bill_street',NULL,'SP Infocity'),(118,'ship_street',NULL,'SP Infocity'),(118,'bill_city',NULL,'Pune'),(118,'ship_city',NULL,'Pune'),(118,'bill_state',NULL,'India &mdash; Maharashtra'),(118,'ship_state',NULL,'India &mdash; Maharashtra'),(118,'bill_code',NULL,'412308'),(118,'ship_code',NULL,'412308'),(118,'ship_pobox',NULL,'412308'),(118,'terms_conditions',NULL,'- Unless otherwise agreed in writing by the supplier all invoices are payable within thirty (30) days of the date of invoice, in the currency of the invoice, drawn on a bank based in India or by such other method as is agreed in advance by the Supplier.\n\n - All prices are not inclusive of VAT which shall be payable in addition by the Customer at the applicable rate.'),(118,'enable_recurring',NULL,'1'),(118,'recurring_frequency',NULL,'Weekly'),(118,'start_period',NULL,'2019-11-30'),(118,'end_period',NULL,'2019-11-30'),(118,'payment_duration',NULL,'Net 45 days'),(118,'invoicestatus',NULL,'Created'),(118,'productid',NULL,'88'),(118,'quantity',NULL,'1.000'),(118,'listprice',NULL,'20000.00000000'),(118,'tax1',NULL,'4.500'),(118,'tax2',NULL,'10.000'),(118,'tax3',NULL,'12.500'),(118,'pre_tax_total',NULL,'40090.00000000'),(118,'hdnS_H_Percent',NULL,'90'),(118,'source',NULL,'CRM'),(118,'tax4',NULL,'5.000'),(118,'record_id',NULL,'93'),(118,'record_module',NULL,'SalesOrder'),(120,'label',NULL,'Hrms'),(120,'subject',NULL,'Hrms'),(120,'salesorder_id',NULL,'93'),(120,'customerno',NULL,'90'),(120,'contact_id',NULL,'72'),(120,'invoicedate',NULL,'2019-11-30'),(120,'duedate',NULL,'2019-11-30'),(120,'nectarcrm_purchaseorder',NULL,'9090'),(120,'txtAdjustment',NULL,'0.00000000'),(120,'salescommission',NULL,'90.000'),(120,'exciseduty',NULL,'0.000'),(120,'hdnSubTotal',NULL,'40000.00000000'),(120,'hdnGrandTotal',NULL,'53094.05000000'),(120,'hdnTaxType',NULL,'group'),(120,'hdnS_H_Amount',NULL,'90.00000000'),(120,'account_id',NULL,'73'),(120,'invoicestatus',NULL,'Sent'),(120,'assigned_user_id',NULL,'1'),(120,'createdtime',NULL,'2019-11-19 09:06:22'),(120,'modifiedby',NULL,'1'),(120,'currency_id',NULL,'1'),(120,'conversion_rate',NULL,'1.000'),(120,'bill_street',NULL,'SP Infocity'),(120,'ship_street',NULL,'SP Infocity'),(120,'bill_city',NULL,'Pune'),(120,'ship_city',NULL,'Pune'),(120,'bill_state',NULL,'India &mdash; Maharashtra'),(120,'ship_state',NULL,'India &mdash; Maharashtra'),(120,'ship_pobox',NULL,'412308'),(120,'terms_conditions',NULL,'- Unless otherwise agreed in writing by the supplier all invoices are payable within thirty (30) days of the date of invoice, in the currency of the invoice, drawn on a bank based in India or by such other method as is agreed in advance by the Supplier.\n\n - All prices are not inclusive of VAT which shall be payable in addition by the Customer at the applicable rate.'),(120,'invoice_no',NULL,'INV3'),(120,'productid',NULL,'88'),(120,'quantity',NULL,'1.000'),(120,'listprice',NULL,'20000.00000000'),(120,'tax1',NULL,'4.500'),(120,'tax2',NULL,'10.000'),(120,'tax3',NULL,'12.500'),(120,'pre_tax_total',NULL,'40090.00000000'),(120,'received',NULL,'0.00000000'),(120,'balance',NULL,'53094.05000000'),(120,'hdnS_H_Percent',NULL,'90.00000000'),(120,'potential_id',NULL,'19'),(120,'source',NULL,'CRM'),(120,'tax4',NULL,'5.000'),(120,'record_id',NULL,'94'),(120,'record_module',NULL,'Invoice'),(122,'label',NULL,'Indian'),(122,'bookname',NULL,'Indian'),(122,'pricebook_no',NULL,'PB1'),(122,'active',NULL,'1'),(122,'createdtime',NULL,'2019-11-19 09:06:42'),(122,'currency_id',NULL,'1'),(122,'modifiedby',NULL,'1'),(122,'source',NULL,'CRM'),(122,'record_id',NULL,'95'),(122,'record_module',NULL,'PriceBooks'),(127,'label',NULL,'SIM'),(127,'asset_no',NULL,'ASSET1'),(127,'product',NULL,'88'),(127,'datesold',NULL,'2019-11-07'),(127,'dateinservice',NULL,'2019-11-30'),(127,'assetstatus',NULL,'In Service'),(127,'assigned_user_id',NULL,'1'),(127,'assetname',NULL,'SIM'),(127,'account',NULL,'55'),(127,'contact',NULL,'85'),(127,'createdtime',NULL,'2019-11-19 09:07:30'),(127,'modifiedby',NULL,'1'),(127,'source',NULL,'CRM'),(127,'cf_856',NULL,'0.00'),(127,'record_id',NULL,'96'),(127,'record_module',NULL,'Assets'),(129,'label',NULL,'sim'),(129,'productname',NULL,'sim'),(129,'product_no',NULL,'PRO5'),(129,'discontinued',NULL,'1'),(129,'createdtime',NULL,'2019-11-19 09:08:19'),(129,'modifiedby',NULL,'1'),(129,'unit_price',NULL,'20000.00000000'),(129,'commissionrate',NULL,'0.000'),(129,'qty_per_unit',NULL,'88.00'),(129,'qtyinstock',NULL,'1000000.000'),(129,'assigned_user_id',NULL,'1'),(129,'purchase_cost',NULL,'0.00000000'),(129,'source',NULL,'CRM'),(129,'record_id',NULL,'97'),(129,'record_module',NULL,'Products'),(132,'label',NULL,'Maintenance'),(132,'servicename',NULL,'Maintenance'),(132,'service_no',NULL,'SER1'),(132,'discontinued',NULL,'1'),(132,'sales_start_date',NULL,'2019-11-23'),(132,'sales_end_date',NULL,'2019-11-30'),(132,'start_date',NULL,'2019-11-30'),(132,'expiry_date',NULL,'2019-11-30'),(132,'website',NULL,'nectarinfotel.com'),(132,'createdtime',NULL,'2019-11-19 09:09:56'),(132,'modifiedby',NULL,'1'),(132,'service_usageunit',NULL,'Hours'),(132,'qty_per_unit',NULL,'2.00'),(132,'assigned_user_id',NULL,'1'),(132,'servicecategory',NULL,'Support'),(132,'unit_price',NULL,'20000.00000000'),(132,'commissionrate',NULL,'2.000'),(132,'description',NULL,'Demo'),(132,'source',NULL,'CRM'),(132,'purchase_cost',NULL,'0.00000000'),(132,'record_id',NULL,'98'),(132,'record_module',NULL,'Services'),(133,'label',NULL,'ticket2'),(133,'ticket_no',NULL,'TT2'),(133,'assigned_user_id',NULL,'1'),(133,'ticketpriorities',NULL,'Normal'),(133,'ticketstatus',NULL,'Open'),(133,'hours',NULL,'0.00000000'),(133,'days',NULL,'0.00000000'),(133,'createdtime',NULL,'2019-11-19 09:10:23'),(133,'modifiedby',NULL,'1'),(133,'ticket_title',NULL,'ticket2'),(133,'source',NULL,'CRM'),(133,'record_id',NULL,'99'),(133,'record_module',NULL,'HelpDesk'),(136,'label',NULL,'Nectarinf'),(136,'accountname',NULL,'Nectarinf'),(136,'account_no',NULL,'ACC10'),(136,'phone',NULL,'4444444444'),(136,'website',NULL,'nectarinfotel.com'),(136,'annual_revenue',NULL,'0.00000000'),(136,'assigned_user_id',NULL,'1'),(136,'createdtime',NULL,'2019-11-19 09:11:22'),(136,'modifiedby',NULL,'1'),(136,'source',NULL,'CRM'),(136,'record_id',NULL,'100'),(136,'record_module',NULL,'Accounts'),(137,'label',NULL,'Hrms'),(137,'quote_no',NULL,'QUO4'),(137,'subject',NULL,'Hrms'),(137,'potential_id',NULL,'64'),(137,'quotestage',NULL,'Delivered'),(137,'validtill',NULL,'2019-11-30'),(137,'contact_id',NULL,'70'),(137,'carrier',NULL,'UPS'),(137,'hdnSubTotal',NULL,'20000.00000000'),(137,'shipping',NULL,'Dubai'),(137,'assigned_user_id1',NULL,'6'),(137,'txtAdjustment',NULL,'0.00000000'),(137,'hdnGrandTotal',NULL,'26594.05000000'),(137,'hdnTaxType',NULL,'group'),(137,'hdnS_H_Amount',NULL,'90.00000000'),(137,'account_id',NULL,'100'),(137,'assigned_user_id',NULL,'1'),(137,'createdtime',NULL,'2019-11-19 09:11:38'),(137,'modifiedby',NULL,'1'),(137,'currency_id',NULL,'1'),(137,'conversion_rate',NULL,'1.000'),(137,'bill_street',NULL,'SP Infocity'),(137,'ship_street',NULL,'SP Infocity'),(137,'bill_city',NULL,'Pune'),(137,'ship_city',NULL,'Pune'),(137,'bill_state',NULL,'India &mdash; Maharashtra'),(137,'ship_state',NULL,'India &mdash; Maharashtra'),(137,'ship_pobox',NULL,'412308'),(137,'terms_conditions',NULL,'- Unless otherwise agreed in writing by the supplier all invoices are payable within thirty (30) days of the date of invoice, in the currency of the invoice, drawn on a bank based in India or by such other method as is agreed in advance by the Supplier.\n\n - All prices are not inclusive of VAT which shall be payable in addition by the Customer at the applicable rate.'),(137,'productid',NULL,'98'),(137,'quantity',NULL,'1.000'),(137,'listprice',NULL,'20000.00000000'),(137,'comment',NULL,'Demo'),(137,'tax1',NULL,'4.500'),(137,'tax2',NULL,'10.000'),(137,'tax3',NULL,'12.500'),(137,'pre_tax_total',NULL,'20090.00000000'),(137,'hdnS_H_Percent',NULL,'90'),(137,'source',NULL,'CRM'),(137,'tax4',NULL,'5.000'),(137,'record_id',NULL,'101'),(137,'record_module',NULL,'Quotes'),(139,'label',NULL,'CRM'),(139,'purchaseorder_no',NULL,'PO5'),(139,'subject',NULL,'CRM'),(139,'vendor_id',NULL,'83'),(139,'requisition_no',NULL,'90'),(139,'contact_id',NULL,'70'),(139,'txtAdjustment',NULL,'0.00000000'),(139,'salescommission',NULL,'0.000'),(139,'exciseduty',NULL,'0.000'),(139,'hdnGrandTotal',NULL,'94.05000000'),(139,'hdnSubTotal',NULL,'0.00000000'),(139,'hdnTaxType',NULL,'group'),(139,'hdnS_H_Amount',NULL,'90.00000000'),(139,'postatus',NULL,'Created'),(139,'assigned_user_id',NULL,'1'),(139,'createdtime',NULL,'2019-11-19 09:12:13'),(139,'modifiedby',NULL,'1'),(139,'currency_id',NULL,'1'),(139,'conversion_rate',NULL,'1.000'),(139,'bill_street',NULL,'SP Infocity'),(139,'ship_street',NULL,'SP Infocity'),(139,'bill_city',NULL,'Pune'),(139,'ship_city',NULL,'Pune'),(139,'bill_state',NULL,'India &mdash; Maharashtra'),(139,'ship_state',NULL,'India &mdash; Maharashtra'),(139,'ship_pobox',NULL,'412308'),(139,'terms_conditions',NULL,'- Unless otherwise agreed in writing by the supplier all invoices are payable within thirty (30) days of the date of invoice, in the currency of the invoice, drawn on a bank based in India or by such other method as is agreed in advance by the Supplier.\n\n - All prices are not inclusive of VAT which shall be payable in addition by the Customer at the applicable rate.'),(139,'productid',NULL,'98'),(139,'quantity',NULL,'1.000'),(139,'listprice',NULL,'0.00000000'),(139,'comment',NULL,'Demo'),(139,'tax1',NULL,'4.500'),(139,'tax2',NULL,'10.000'),(139,'tax3',NULL,'12.500'),(139,'pre_tax_total',NULL,'90.00000000'),(139,'paid',NULL,'0.00000000'),(139,'balance',NULL,'94.05000000'),(139,'hdnS_H_Percent',NULL,'90'),(139,'source',NULL,'CRM'),(139,'tax4',NULL,'5.000'),(139,'record_id',NULL,'102'),(139,'record_module',NULL,'PurchaseOrder'),(141,'label',NULL,'CRM'),(141,'subject',NULL,'CRM'),(141,'txtAdjustment',NULL,'0.00000000'),(141,'salescommission',NULL,'0.000'),(141,'exciseduty',NULL,'0.000'),(141,'hdnSubTotal',NULL,'20000.00000000'),(141,'hdnGrandTotal',NULL,'26594.05000000'),(141,'hdnTaxType',NULL,'group'),(141,'hdnS_H_Amount',NULL,'90.00000000'),(141,'account_id',NULL,'73'),(141,'assigned_user_id',NULL,'1'),(141,'createdtime',NULL,'2019-11-19 09:12:35'),(141,'modifiedby',NULL,'1'),(141,'currency_id',NULL,'1'),(141,'conversion_rate',NULL,'1.000'),(141,'bill_street',NULL,'SP Infocity'),(141,'ship_street',NULL,'SP Infocity'),(141,'bill_city',NULL,'Pune'),(141,'ship_city',NULL,'Pune'),(141,'bill_state',NULL,'India &mdash; Maharashtra'),(141,'ship_state',NULL,'India &mdash; Maharashtra'),(141,'ship_pobox',NULL,'412308'),(141,'terms_conditions',NULL,'- Unless otherwise agreed in writing by the supplier all invoices are payable within thirty (30) days of the date of invoice, in the currency of the invoice, drawn on a bank based in India or by such other method as is agreed in advance by the Supplier.\n\n - All prices are not inclusive of VAT which shall be payable in addition by the Customer at the applicable rate.'),(141,'invoice_no',NULL,'INV4'),(141,'productid',NULL,'98'),(141,'quantity',NULL,'1.000'),(141,'listprice',NULL,'20000.00000000'),(141,'comment',NULL,'Demo'),(141,'tax1',NULL,'4.500'),(141,'tax2',NULL,'10.000'),(141,'tax3',NULL,'12.500'),(141,'pre_tax_total',NULL,'20090.00000000'),(141,'received',NULL,'0.00000000'),(141,'balance',NULL,'26594.05000000'),(141,'hdnS_H_Percent',NULL,'90.00000000'),(141,'source',NULL,'CRM'),(141,'tax4',NULL,'5.000'),(141,'record_id',NULL,'103'),(141,'record_module',NULL,'Invoice'),(143,'label',NULL,'Indian'),(143,'bookname',NULL,'Indian'),(143,'pricebook_no',NULL,'PB2'),(143,'active',NULL,'1'),(143,'createdtime',NULL,'2019-11-19 09:12:43'),(143,'currency_id',NULL,'1'),(143,'modifiedby',NULL,'1'),(143,'source',NULL,'CRM'),(143,'record_id',NULL,'104'),(143,'record_module',NULL,'PriceBooks'),(149,'label',NULL,'Doc'),(149,'notes_title',NULL,'Doc'),(149,'createdtime',NULL,'2019-11-19 09:13:11'),(149,'filename',NULL,'Doc.docx'),(149,'assigned_user_id',NULL,'1'),(149,'filetype',NULL,'application/octet-stream'),(149,'filesize',NULL,'150350'),(149,'filelocationtype',NULL,'I'),(149,'filestatus',NULL,'1'),(149,'folderid',NULL,'1'),(149,'note_no',NULL,'DOC5'),(149,'modifiedby',NULL,'1'),(149,'source',NULL,'CRM'),(149,'record_id',NULL,'105'),(149,'record_module',NULL,'Documents'),(151,'label',NULL,'CRM'),(151,'salesorder_no',NULL,'SO2'),(151,'subject',NULL,'CRM'),(151,'sostatus',NULL,'Created'),(151,'txtAdjustment',NULL,'0.00000000'),(151,'salescommission',NULL,'0.000'),(151,'exciseduty',NULL,'0.000'),(151,'hdnGrandTotal',NULL,'26594.05000000'),(151,'hdnSubTotal',NULL,'20000.00000000'),(151,'hdnTaxType',NULL,'group'),(151,'hdnS_H_Amount',NULL,'90.00000000'),(151,'account_id',NULL,'100'),(151,'assigned_user_id',NULL,'1'),(151,'createdtime',NULL,'2019-11-19 09:13:35'),(151,'modifiedby',NULL,'1'),(151,'currency_id',NULL,'1'),(151,'conversion_rate',NULL,'1.000'),(151,'bill_street',NULL,'SP Infocity'),(151,'ship_street',NULL,'SP Infocity'),(151,'bill_city',NULL,'Pune'),(151,'ship_city',NULL,'Pune'),(151,'bill_state',NULL,'India &mdash; Maharashtra'),(151,'ship_state',NULL,'India &mdash; Maharashtra'),(151,'bill_code',NULL,'412308'),(151,'ship_code',NULL,'412308'),(151,'terms_conditions',NULL,'- Unless otherwise agreed in writing by the supplier all invoices are payable within thirty (30) days of the date of invoice, in the currency of the invoice, drawn on a bank based in India or by such other method as is agreed in advance by the Supplier.\n\n - All prices are not inclusive of VAT which shall be payable in addition by the Customer at the applicable rate.'),(151,'productid',NULL,'98'),(151,'quantity',NULL,'1.000'),(151,'listprice',NULL,'20000.00000000'),(151,'comment',NULL,'Demo'),(151,'tax1',NULL,'4.500'),(151,'tax2',NULL,'10.000'),(151,'tax3',NULL,'12.500'),(151,'pre_tax_total',NULL,'20090.00000000'),(151,'hdnS_H_Percent',NULL,'90'),(151,'source',NULL,'CRM'),(151,'tax4',NULL,'5.000'),(151,'record_id',NULL,'107'),(151,'record_module',NULL,'SalesOrder'),(153,'hdnGrandTotal','26594.05000000','53094.05000000'),(153,'hdnSubTotal','20000.00000000','40000.00000000'),(153,'pre_tax_total','20090.00000000','40090.00000000'),(154,'label',NULL,'nectar'),(154,'vendorname',NULL,'nectar'),(154,'vendor_no',NULL,'VEN4'),(154,'phone',NULL,'978'),(154,'email',NULL,'bean@gmail.com'),(154,'createdtime',NULL,'2019-11-19 10:01:19'),(154,'modifiedby',NULL,'1'),(154,'assigned_user_id',NULL,'1'),(154,'source',NULL,'CRM'),(154,'record_id',NULL,'108'),(154,'record_module',NULL,'Vendors'),(155,'label',NULL,'device'),(155,'productname',NULL,'device'),(155,'product_no',NULL,'PRO6'),(155,'productcode',NULL,'90'),(155,'discontinued',NULL,'1'),(155,'manufacturer',NULL,'AltvetPet Inc.'),(155,'productcategory',NULL,'Hardware'),(155,'sales_start_date',NULL,'2019-11-30'),(155,'sales_end_date',NULL,'2019-11-30'),(155,'start_date',NULL,'2019-11-30'),(155,'expiry_date',NULL,'2019-11-30'),(155,'website',NULL,'nectarinfotel.com'),(155,'vendor_id',NULL,'108'),(155,'mfr_part_no',NULL,'90'),(155,'serial_no',NULL,'9 0'),(155,'glacct',NULL,'300-Sales-Software'),(155,'createdtime',NULL,'2019-11-19 10:01:58'),(155,'modifiedby',NULL,'1'),(155,'unit_price',NULL,'20000.00000000'),(155,'commissionrate',NULL,'2.000'),(155,'usageunit',NULL,'Impressions'),(155,'qty_per_unit',NULL,'2.00'),(155,'qtyinstock',NULL,'1000000.000'),(155,'reorderlevel',NULL,'100'),(155,'assigned_user_id',NULL,'1'),(155,'qtyindemand',NULL,'100'),(155,'purchase_cost',NULL,'9.00000000'),(155,'source',NULL,'CRM'),(155,'record_id',NULL,'109'),(155,'record_module',NULL,'Products'),(156,'label',NULL,'ticket3'),(156,'ticket_no',NULL,'TT3'),(156,'assigned_user_id',NULL,'1'),(156,'ticketpriorities',NULL,'Normal'),(156,'product_id',NULL,'109'),(156,'ticketstatus',NULL,'Open'),(156,'hours',NULL,'0.00000000'),(156,'days',NULL,'0.00000000'),(156,'createdtime',NULL,'2019-11-19 10:03:05'),(156,'modifiedby',NULL,'1'),(156,'ticket_title',NULL,'ticket3'),(156,'description',NULL,'demo'),(156,'source',NULL,'CRM'),(156,'record_id',NULL,'110'),(156,'record_module',NULL,'HelpDesk'),(159,'label',NULL,'Hrms'),(159,'quote_no',NULL,'QUO5'),(159,'subject',NULL,'Hrms'),(159,'potential_id',NULL,'64'),(159,'quotestage',NULL,'Delivered'),(159,'validtill',NULL,'2019-11-30'),(159,'contact_id',NULL,'72'),(159,'carrier',NULL,'UPS'),(159,'hdnSubTotal',NULL,'200000.00000000'),(159,'shipping',NULL,'Dubai'),(159,'assigned_user_id1',NULL,'6'),(159,'txtAdjustment',NULL,'0.00000000'),(159,'hdnGrandTotal',NULL,'265094.05000000'),(159,'hdnTaxType',NULL,'group'),(159,'hdnS_H_Amount',NULL,'90.00000000'),(159,'account_id',NULL,'36'),(159,'assigned_user_id',NULL,'1'),(159,'createdtime',NULL,'2019-11-19 10:07:21'),(159,'modifiedby',NULL,'1'),(159,'currency_id',NULL,'1'),(159,'conversion_rate',NULL,'1.000'),(159,'bill_street',NULL,'SP Infocity'),(159,'ship_street',NULL,'SP Infocity'),(159,'bill_city',NULL,'Pune'),(159,'ship_city',NULL,'Pune'),(159,'bill_state',NULL,'India &mdash; Maharashtra'),(159,'ship_state',NULL,'India &mdash; Maharashtra'),(159,'ship_pobox',NULL,'412308'),(159,'terms_conditions',NULL,'- Unless otherwise agreed in writing by the supplier all invoices are payable within thirty (30) days of the date of invoice, in the currency of the invoice, drawn on a bank based in India or by such other method as is agreed in advance by the Supplier.\n\n - All prices are not inclusive of VAT which shall be payable in addition by the Customer at the applicable rate.'),(159,'productid',NULL,'109'),(159,'quantity',NULL,'10.000'),(159,'listprice',NULL,'20000.00000000'),(159,'tax1',NULL,'4.500'),(159,'tax2',NULL,'10.000'),(159,'tax3',NULL,'12.500'),(159,'pre_tax_total',NULL,'200090.00000000'),(159,'hdnS_H_Percent',NULL,'90'),(159,'source',NULL,'CRM'),(159,'tax4',NULL,'5.000'),(159,'record_id',NULL,'111'),(159,'record_module',NULL,'Quotes'),(161,'label',NULL,'Hrms'),(161,'purchaseorder_no',NULL,'PO6'),(161,'subject',NULL,'Hrms'),(161,'vendor_id',NULL,'83'),(161,'requisition_no',NULL,'90'),(161,'contact_id',NULL,'70'),(161,'duedate',NULL,'2019-11-30'),(161,'carrier',NULL,'FedEx'),(161,'txtAdjustment',NULL,'0.00000000'),(161,'salescommission',NULL,'0.000'),(161,'exciseduty',NULL,'0.000'),(161,'hdnGrandTotal',NULL,'105.98000000'),(161,'hdnSubTotal',NULL,'9.00000000'),(161,'hdnTaxType',NULL,'group'),(161,'hdnS_H_Amount',NULL,'90.00000000'),(161,'postatus',NULL,'Created'),(161,'assigned_user_id',NULL,'1'),(161,'createdtime',NULL,'2019-11-19 10:13:19'),(161,'modifiedby',NULL,'1'),(161,'currency_id',NULL,'1'),(161,'conversion_rate',NULL,'1.000'),(161,'bill_street',NULL,'SP Infocity'),(161,'ship_street',NULL,'SP Infocity'),(161,'bill_city',NULL,'SANGLI'),(161,'ship_city',NULL,'SANGLI'),(161,'bill_state',NULL,'Maharashtra'),(161,'ship_state',NULL,'Maharashtra'),(161,'ship_pobox',NULL,'416416'),(161,'terms_conditions',NULL,'- Unless otherwise agreed in writing by the supplier all invoices are payable within thirty (30) days of the date of invoice, in the currency of the invoice, drawn on a bank based in India or by such other method as is agreed in advance by the Supplier.\n\n - All prices are not inclusive of VAT which shall be payable in addition by the Customer at the applicable rate.'),(161,'productid',NULL,'109'),(161,'quantity',NULL,'1.000'),(161,'listprice',NULL,'9.00000000'),(161,'tax1',NULL,'4.500'),(161,'tax2',NULL,'10.000'),(161,'tax3',NULL,'12.500'),(161,'pre_tax_total',NULL,'99.00000000'),(161,'paid',NULL,'0.00000000'),(161,'balance',NULL,'105.98000000'),(161,'hdnS_H_Percent',NULL,'90'),(161,'source',NULL,'CRM'),(161,'tax4',NULL,'5.000'),(161,'record_id',NULL,'112'),(161,'record_module',NULL,'PurchaseOrder'),(163,'label',NULL,'Hrms'),(163,'salesorder_no',NULL,'SO3'),(163,'subject',NULL,'Hrms'),(163,'potential_id',NULL,'64'),(163,'customerno',NULL,'90'),(163,'quote_id',NULL,'101'),(163,'nectarcrm_purchaseorder',NULL,'9090'),(163,'contact_id',NULL,'72'),(163,'duedate',NULL,'2019-11-30'),(163,'carrier',NULL,'UPS'),(163,'sostatus',NULL,'Created'),(163,'txtAdjustment',NULL,'0.00000000'),(163,'salescommission',NULL,'90.000'),(163,'exciseduty',NULL,'0.000'),(163,'hdnGrandTotal',NULL,'26594.05000000'),(163,'hdnSubTotal',NULL,'20000.00000000'),(163,'hdnTaxType',NULL,'group'),(163,'hdnS_H_Amount',NULL,'90.00000000'),(163,'account_id',NULL,'71'),(163,'assigned_user_id',NULL,'1'),(163,'createdtime',NULL,'2019-11-19 10:14:15'),(163,'modifiedby',NULL,'1'),(163,'currency_id',NULL,'1'),(163,'conversion_rate',NULL,'1.000'),(163,'bill_street',NULL,'SP Infocity'),(163,'ship_street',NULL,'SP Infocity'),(163,'bill_city',NULL,'Pune'),(163,'ship_city',NULL,'Pune'),(163,'bill_state',NULL,'India &mdash; Maharashtra'),(163,'ship_state',NULL,'India &mdash; Maharashtra'),(163,'bill_code',NULL,'412308'),(163,'ship_code',NULL,'412308'),(163,'ship_pobox',NULL,'412308'),(163,'terms_conditions',NULL,'- Unless otherwise agreed in writing by the supplier all invoices are payable within thirty (30) days of the date of invoice, in the currency of the invoice, drawn on a bank based in India or by such other method as is agreed in advance by the Supplier.\n\n - All prices are not inclusive of VAT which shall be payable in addition by the Customer at the applicable rate.'),(163,'enable_recurring',NULL,'1'),(163,'recurring_frequency',NULL,'Daily'),(163,'start_period',NULL,'2019-11-30'),(163,'end_period',NULL,'2019-11-30'),(163,'payment_duration',NULL,'Net 45 days'),(163,'invoicestatus',NULL,'Sent'),(163,'productid',NULL,'109'),(163,'quantity',NULL,'1.000'),(163,'listprice',NULL,'20000.00000000'),(163,'tax1',NULL,'4.500'),(163,'tax2',NULL,'10.000'),(163,'tax3',NULL,'12.500'),(163,'pre_tax_total',NULL,'20090.00000000'),(163,'hdnS_H_Percent',NULL,'90'),(163,'source',NULL,'CRM'),(163,'tax4',NULL,'5.000'),(163,'record_id',NULL,'113'),(163,'record_module',NULL,'SalesOrder'),(165,'label',NULL,'Hrms'),(165,'subject',NULL,'Hrms'),(165,'salesorder_id',NULL,'107'),(165,'customerno',NULL,'90'),(165,'contact_id',NULL,'72'),(165,'invoicedate',NULL,'2019-11-30'),(165,'duedate',NULL,'2019-11-30'),(165,'nectarcrm_purchaseorder',NULL,'9090'),(165,'txtAdjustment',NULL,'0.00000000'),(165,'salescommission',NULL,'90.000'),(165,'exciseduty',NULL,'0.000'),(165,'hdnSubTotal',NULL,'20000.00000000'),(165,'hdnGrandTotal',NULL,'26594.05000000'),(165,'hdnTaxType',NULL,'group'),(165,'hdnS_H_Amount',NULL,'90.00000000'),(165,'account_id',NULL,'73'),(165,'invoicestatus',NULL,'Created'),(165,'assigned_user_id',NULL,'1'),(165,'createdtime',NULL,'2019-11-19 10:15:04'),(165,'modifiedby',NULL,'1'),(165,'currency_id',NULL,'1'),(165,'conversion_rate',NULL,'1.000'),(165,'bill_street',NULL,'SP Infocity'),(165,'ship_street',NULL,'SP Infocity'),(165,'bill_city',NULL,'Pune'),(165,'ship_city',NULL,'Pune'),(165,'bill_state',NULL,'India &mdash; Maharashtra'),(165,'ship_state',NULL,'India &mdash; Maharashtra'),(165,'ship_pobox',NULL,'412308'),(165,'terms_conditions',NULL,'- Unless otherwise agreed in writing by the supplier all invoices are payable within thirty (30) days of the date of invoice, in the currency of the invoice, drawn on a bank based in India or by such other method as is agreed in advance by the Supplier.\n\n - All prices are not inclusive of VAT which shall be payable in addition by the Customer at the applicable rate.'),(165,'invoice_no',NULL,'INV5'),(165,'productid',NULL,'109'),(165,'quantity',NULL,'1.000'),(165,'listprice',NULL,'20000.00000000'),(165,'tax1',NULL,'4.500'),(165,'tax2',NULL,'10.000'),(165,'tax3',NULL,'12.500'),(165,'pre_tax_total',NULL,'20090.00000000'),(165,'received',NULL,'0.00000000'),(165,'balance',NULL,'26594.05000000'),(165,'hdnS_H_Percent',NULL,'90.00000000'),(165,'potential_id',NULL,'64'),(165,'source',NULL,'CRM'),(165,'tax4',NULL,'5.000'),(165,'record_id',NULL,'114'),(165,'record_module',NULL,'Invoice'),(167,'label',NULL,'Indian'),(167,'bookname',NULL,'Indian'),(167,'pricebook_no',NULL,'PB3'),(167,'active',NULL,'1'),(167,'createdtime',NULL,'2019-11-19 10:17:42'),(167,'currency_id',NULL,'1'),(167,'modifiedby',NULL,'1'),(167,'source',NULL,'CRM'),(167,'record_id',NULL,'115'),(167,'record_module',NULL,'PriceBooks'),(173,'label',NULL,'Support'),(173,'servicename',NULL,'Support'),(173,'service_no',NULL,'SER2'),(173,'discontinued',NULL,'1'),(173,'sales_start_date',NULL,'2019-11-30'),(173,'sales_end_date',NULL,'2019-11-30'),(173,'start_date',NULL,'2019-11-30'),(173,'expiry_date',NULL,'2019-11-30'),(173,'website',NULL,'nectarinfotel.com'),(173,'createdtime',NULL,'2019-11-20 08:51:19'),(173,'modifiedby',NULL,'1'),(173,'service_usageunit',NULL,'Hours'),(173,'qty_per_unit',NULL,'2.00'),(173,'assigned_user_id',NULL,'1'),(173,'unit_price',NULL,'20000.00000000'),(173,'commissionrate',NULL,'2.000'),(173,'source',NULL,'CRM'),(173,'purchase_cost',NULL,'9.00000000'),(173,'record_id',NULL,'116'),(173,'record_module',NULL,'Services'),(174,'label',NULL,'Indian'),(174,'bookname',NULL,'Indian'),(174,'pricebook_no',NULL,'PB4'),(174,'active',NULL,'1'),(174,'createdtime',NULL,'2019-11-20 08:55:55'),(174,'currency_id',NULL,'1'),(174,'modifiedby',NULL,'1'),(174,'source',NULL,'CRM'),(174,'record_id',NULL,'117'),(174,'record_module',NULL,'PriceBooks'),(176,'label',NULL,'CRM'),(176,'salesorder_no',NULL,'SO4'),(176,'subject',NULL,'CRM'),(176,'sostatus',NULL,'Created'),(176,'txtAdjustment',NULL,'0.00000000'),(176,'salescommission',NULL,'0.000'),(176,'exciseduty',NULL,'0.000'),(176,'hdnGrandTotal',NULL,'26594.05000000'),(176,'hdnSubTotal',NULL,'20000.00000000'),(176,'hdnTaxType',NULL,'group'),(176,'hdnS_H_Amount',NULL,'90.00000000'),(176,'account_id',NULL,'73'),(176,'assigned_user_id',NULL,'1'),(176,'createdtime',NULL,'2019-11-20 08:56:45'),(176,'modifiedby',NULL,'1'),(176,'currency_id',NULL,'1'),(176,'conversion_rate',NULL,'1.000'),(176,'bill_street',NULL,'SP Infocity'),(176,'ship_street',NULL,'SP Infocity'),(176,'bill_city',NULL,'Pune'),(176,'ship_city',NULL,'Pune'),(176,'bill_state',NULL,'India &mdash; Maharashtra'),(176,'ship_state',NULL,'India &mdash; Maharashtra'),(176,'ship_pobox',NULL,'412308'),(176,'terms_conditions',NULL,'- Unless otherwise agreed in writing by the supplier all invoices are payable within thirty (30) days of the date of invoice, in the currency of the invoice, drawn on a bank based in India or by such other method as is agreed in advance by the Supplier.\n\n - All prices are not inclusive of VAT which shall be payable in addition by the Customer at the applicable rate.'),(176,'productid',NULL,'88'),(176,'quantity',NULL,'1.000'),(176,'listprice',NULL,'20000.00000000'),(176,'tax1',NULL,'4.500'),(176,'tax2',NULL,'10.000'),(176,'tax3',NULL,'12.500'),(176,'pre_tax_total',NULL,'20090.00000000'),(176,'hdnS_H_Percent',NULL,'90'),(176,'source',NULL,'CRM'),(176,'tax4',NULL,'5.000'),(176,'record_id',NULL,'118'),(176,'record_module',NULL,'SalesOrder'),(177,'label',NULL,'Suchit'),(177,'vendorname',NULL,'Suchit'),(177,'vendor_no',NULL,'VEN5'),(177,'phone',NULL,'808098080'),(177,'email',NULL,'bean@gmail.com'),(177,'website',NULL,'nectarinfotel.com'),(177,'glacct',NULL,'300-Sales-Software'),(177,'createdtime',NULL,'2019-11-20 09:19:43'),(177,'modifiedby',NULL,'1'),(177,'street',NULL,'Dubai'),(177,'pobox',NULL,'412308'),(177,'city',NULL,'Tirana'),(177,'state',NULL,'Tirana'),(177,'assigned_user_id',NULL,'1'),(177,'source',NULL,'CRM'),(177,'record_id',NULL,'119'),(177,'record_module',NULL,'Vendors'),(178,'label',NULL,'ticket4'),(178,'ticket_no',NULL,'TT4'),(178,'assigned_user_id',NULL,'1'),(178,'parent_id',NULL,'73'),(178,'ticketpriorities',NULL,'Low'),(178,'product_id',NULL,'109'),(178,'ticketstatus',NULL,'Open'),(178,'hours',NULL,'0.00000000'),(178,'days',NULL,'0.00000000'),(178,'createdtime',NULL,'2019-11-20 09:25:54'),(178,'modifiedby',NULL,'1'),(178,'ticket_title',NULL,'ticket4'),(178,'contact_id',NULL,'72'),(178,'source',NULL,'CRM'),(178,'record_id',NULL,'120'),(178,'record_module',NULL,'HelpDesk'),(179,'label',NULL,'n'),(179,'product_id',NULL,'88'),(179,'faq_no',NULL,'FAQ1'),(179,'faqcategories',NULL,'General'),(179,'faqstatus',NULL,'Reviewed'),(179,'question',NULL,'n'),(179,'faq_answer',NULL,'nn'),(179,'createdtime',NULL,'2019-11-20 09:29:33'),(179,'modifiedby',NULL,'1'),(179,'source',NULL,'CRM'),(179,'record_id',NULL,'121'),(179,'record_module',NULL,'Faq'),(180,'label',NULL,'Hrms'),(180,'assigned_user_id',NULL,'1'),(180,'createdtime',NULL,'2019-11-20 09:30:27'),(180,'sc_related_to',NULL,'72'),(180,'tracking_unit',NULL,'Days'),(180,'total_units',NULL,'0.00'),(180,'used_units',NULL,'0.00'),(180,'subject',NULL,'Hrms'),(180,'contract_no',NULL,'SERCON1'),(180,'modifiedby',NULL,'1'),(180,'source',NULL,'CRM'),(180,'record_id',NULL,'122'),(180,'record_module',NULL,'ServiceContracts'),(181,'label',NULL,'SIM'),(181,'asset_no',NULL,'ASSET2'),(181,'product',NULL,'88'),(181,'datesold',NULL,'2019-11-13'),(181,'dateinservice',NULL,'2019-11-30'),(181,'assetstatus',NULL,'Out-of-service'),(181,'invoiceid',NULL,'103'),(181,'assigned_user_id',NULL,'1'),(181,'assetname',NULL,'SIM'),(181,'account',NULL,'55'),(181,'contact',NULL,'72'),(181,'createdtime',NULL,'2019-11-20 09:32:16'),(181,'modifiedby',NULL,'1'),(181,'source',NULL,'CRM'),(181,'cf_856',NULL,'0.00'),(181,'record_id',NULL,'123'),(181,'record_module',NULL,'Assets'),(182,'label',NULL,'Apland Ten'),(182,'salutationtype',NULL,'Mr.'),(182,'firstname',NULL,'Apland'),(182,'contact_no',NULL,'CON8'),(182,'phone',NULL,'00000'),(182,'lastname',NULL,'Ten'),(182,'account_id',NULL,'55'),(182,'email',NULL,'demo@gmail.com'),(182,'assigned_user_id',NULL,'1'),(182,'createdtime',NULL,'2019-11-20 09:33:58'),(182,'modifiedby',NULL,'1'),(182,'support_start_date',NULL,'2019-11-20'),(182,'support_end_date',NULL,'2020-11-20'),(182,'mailingcity',NULL,'n'),(182,'source',NULL,'CRM'),(182,'record_id',NULL,'124'),(182,'record_module',NULL,'Contacts'),(183,'label',NULL,'Nectar...'),(183,'accountname',NULL,'Nectar...'),(183,'account_no',NULL,'ACC11'),(183,'phone',NULL,'0980890 8989'),(183,'fax',NULL,'867867867'),(183,'otherphone',NULL,'87867867'),(183,'account_id',NULL,'73'),(183,'email1',NULL,'bean@gmail.com'),(183,'email2',NULL,'bean@gmail.com'),(183,'rating',NULL,'Acquired'),(183,'annual_revenue',NULL,'0.00000000'),(183,'assigned_user_id',NULL,'1'),(183,'createdtime',NULL,'2019-11-20 09:36:59'),(183,'modifiedby',NULL,'1'),(183,'bill_street',NULL,'Dubai'),(183,'ship_street',NULL,'Dubai'),(183,'bill_city',NULL,'Tirana'),(183,'ship_city',NULL,'Tirana'),(183,'bill_state',NULL,'Tirana'),(183,'ship_state',NULL,'Tirana'),(183,'bill_code',NULL,'412308'),(183,'ship_code',NULL,'412308'),(183,'bill_country',NULL,'Albania'),(183,'ship_country',NULL,'Albania'),(183,'source',NULL,'CRM'),(183,'record_id',NULL,'125'),(183,'record_module',NULL,'Accounts'),(184,'label',NULL,'Tender1'),(184,'projectname',NULL,'Tender1'),(184,'startdate',NULL,'2019-11-30'),(184,'targetenddate',NULL,'2019-11-30'),(184,'actualenddate',NULL,'2019-11-30'),(184,'projectstatus',NULL,'completed'),(184,'projecttype',NULL,'operative'),(184,'linktoaccountscontacts',NULL,'124'),(184,'assigned_user_id',NULL,'1'),(184,'project_no',NULL,'PROJ4'),(184,'createdtime',NULL,'2019-11-20 09:40:48'),(184,'modifiedby',NULL,'1'),(184,'source',NULL,'CRM'),(184,'potentialid',NULL,'19'),(184,'record_id',NULL,'126'),(184,'record_module',NULL,'Project'),(185,'label',NULL,'demo'),(185,'projecttaskname',NULL,'demo'),(185,'projecttasktype',NULL,'administrative'),(185,'projectid',NULL,'126'),(185,'assigned_user_id',NULL,'1'),(185,'projecttask_no',NULL,'PT1'),(185,'createdtime',NULL,'2019-11-20 09:41:07'),(185,'modifiedby',NULL,'1'),(185,'source',NULL,'CRM'),(185,'record_id',NULL,'127'),(185,'record_module',NULL,'ProjectTask'),(186,'label',NULL,'tender'),(186,'projecttaskname',NULL,'tender'),(186,'projectid',NULL,'59'),(186,'assigned_user_id',NULL,'1'),(186,'projecttask_no',NULL,'PT2'),(186,'createdtime',NULL,'2019-11-20 09:43:22'),(186,'modifiedby',NULL,'1'),(186,'source',NULL,'CRM'),(186,'record_id',NULL,'128'),(186,'record_module',NULL,'ProjectTask'),(187,'label',NULL,'tender'),(187,'projectmilestonename',NULL,'tender'),(187,'projectid',NULL,'126'),(187,'assigned_user_id',NULL,'1'),(187,'projectmilestone_no',NULL,'PM1'),(187,'createdtime',NULL,'2019-11-20 09:43:50'),(187,'modifiedby',NULL,'1'),(187,'source',NULL,'CRM'),(187,'record_id',NULL,'129'),(187,'record_module',NULL,'ProjectMilestone'),(188,'label',NULL,'Ben Ten'),(188,'salutationtype',NULL,'Mr.'),(188,'firstname',NULL,'Ben'),(188,'contact_no',NULL,'CON9'),(188,'phone',NULL,'909009999'),(188,'lastname',NULL,'Ten'),(188,'mobile',NULL,'9988778678'),(188,'account_id',NULL,'125'),(188,'email',NULL,'demo@gmail.com'),(188,'assigned_user_id',NULL,'1'),(188,'createdtime',NULL,'2019-11-20 10:33:10'),(188,'modifiedby',NULL,'1'),(188,'support_start_date',NULL,'2019-11-20'),(188,'support_end_date',NULL,'2020-11-20'),(188,'mailingstreet',NULL,'Dubai'),(188,'otherstreet',NULL,'Dubai'),(188,'mailingcity',NULL,'Tirana'),(188,'othercity',NULL,'Tirana'),(188,'mailingstate',NULL,'Tirana'),(188,'otherstate',NULL,'Tirana'),(188,'mailingzip',NULL,'412308'),(188,'otherzip',NULL,'412308'),(188,'mailingcountry',NULL,'Albania'),(188,'othercountry',NULL,'Albania'),(188,'source',NULL,'CRM'),(188,'record_id',NULL,'130'),(188,'record_module',NULL,'Contacts'),(189,'label',NULL,'Nectarinfote'),(189,'accountname',NULL,'Nectarinfote'),(189,'account_no',NULL,'ACC12'),(189,'account_id',NULL,'73'),(189,'annual_revenue',NULL,'0.00000000'),(189,'assigned_user_id',NULL,'1'),(189,'createdtime',NULL,'2019-11-20 10:35:12'),(189,'modifiedby',NULL,'1'),(189,'source',NULL,'CRM'),(189,'record_id',NULL,'131'),(189,'record_module',NULL,'Accounts'),(190,'label',NULL,'Hrms'),(190,'subject',NULL,'Hrms'),(190,'assigned_user_id',NULL,'1'),(190,'date_start',NULL,'2019-11-21'),(190,'time_start',NULL,'05:45:00'),(190,'due_date',NULL,'2019-11-21'),(190,'duration_hours',NULL,'12'),(190,'duration_minutes',NULL,'45'),(190,'activitytype',NULL,'Task'),(190,'createdtime',NULL,'2019-11-21 05:45:59'),(190,'taskpriority',NULL,'High'),(190,'visibility',NULL,'Private'),(190,'modifiedby',NULL,'1'),(190,'source',NULL,'CRM'),(190,'taskstatus',NULL,'Not Started'),(190,'record_id',NULL,'132'),(190,'record_module',NULL,'Calendar'),(191,'label',NULL,'CRM'),(191,'subject',NULL,'CRM'),(191,'assigned_user_id',NULL,'1'),(191,'date_start',NULL,'2019-11-21'),(191,'time_start',NULL,'05:46:00'),(191,'due_date',NULL,'2019-11-21'),(191,'duration_hours',NULL,'12'),(191,'duration_minutes',NULL,'44'),(191,'activitytype',NULL,'Task'),(191,'createdtime',NULL,'2019-11-21 05:46:27'),(191,'taskpriority',NULL,'High'),(191,'visibility',NULL,'Private'),(191,'modifiedby',NULL,'1'),(191,'source',NULL,'CRM'),(191,'taskstatus',NULL,'Not Started'),(191,'record_id',NULL,'133'),(191,'record_module',NULL,'Calendar'),(192,'label',NULL,'CRM'),(192,'subject',NULL,'CRM'),(192,'assigned_user_id',NULL,'1'),(192,'date_start',NULL,'2019-11-21'),(192,'time_start',NULL,'05:46:00'),(192,'due_date',NULL,'2019-11-21'),(192,'duration_hours',NULL,'12'),(192,'duration_minutes',NULL,'44'),(192,'activitytype',NULL,'Task'),(192,'createdtime',NULL,'2019-11-21 05:46:35'),(192,'taskpriority',NULL,'Medium'),(192,'visibility',NULL,'Private'),(192,'modifiedby',NULL,'1'),(192,'source',NULL,'CRM'),(192,'taskstatus',NULL,'Not Started'),(192,'record_id',NULL,'134'),(192,'record_module',NULL,'Calendar'),(193,'label',NULL,'Hrms'),(193,'subject',NULL,'Hrms'),(193,'assigned_user_id',NULL,'1'),(193,'date_start',NULL,'2019-11-21'),(193,'time_start',NULL,'06:25:00'),(193,'due_date',NULL,'2019-11-21'),(193,'time_end',NULL,'06:30:00'),(193,'duration_minutes',NULL,'5'),(193,'eventstatus',NULL,'Planned'),(193,'activitytype',NULL,'Call'),(193,'createdtime',NULL,'2019-11-21 06:25:51'),(193,'visibility',NULL,'Public'),(193,'modifiedby',NULL,'1'),(193,'source',NULL,'CRM'),(193,'record_id',NULL,'135'),(193,'record_module',NULL,'Events'),(194,'label',NULL,'Hrms'),(194,'subject',NULL,'Hrms'),(194,'assigned_user_id',NULL,'1'),(194,'date_start',NULL,'2019-11-06'),(194,'time_start',NULL,'18:30:00'),(194,'due_date',NULL,'2019-11-06'),(194,'time_end',NULL,'18:35:00'),(194,'duration_minutes',NULL,'5'),(194,'eventstatus',NULL,'Planned'),(194,'activitytype',NULL,'Call'),(194,'createdtime',NULL,'2019-11-21 06:25:58'),(194,'visibility',NULL,'Public'),(194,'modifiedby',NULL,'1'),(194,'source',NULL,'CRM'),(194,'record_id',NULL,'136'),(194,'record_module',NULL,'Events'),(195,'label',NULL,'CRM'),(195,'subject',NULL,'CRM'),(195,'assigned_user_id',NULL,'1'),(195,'date_start',NULL,'2019-11-21'),(195,'time_start',NULL,'06:26:00'),(195,'due_date',NULL,'2019-11-21'),(195,'duration_hours',NULL,'12'),(195,'duration_minutes',NULL,'4'),(195,'activitytype',NULL,'Task'),(195,'createdtime',NULL,'2019-11-21 06:26:05'),(195,'visibility',NULL,'Private'),(195,'modifiedby',NULL,'1'),(195,'source',NULL,'CRM'),(195,'taskstatus',NULL,'In Progress'),(195,'record_id',NULL,'137'),(195,'record_module',NULL,'Calendar'),(196,'label',NULL,'CRM'),(196,'subject',NULL,'CRM'),(196,'assigned_user_id',NULL,'1'),(196,'date_start',NULL,'2019-11-22'),(196,'time_start',NULL,'00:00:00'),(196,'due_date',NULL,'2019-11-22'),(196,'time_end',NULL,'00:05:00'),(196,'duration_minutes',NULL,'5'),(196,'eventstatus',NULL,'Planned'),(196,'activitytype',NULL,'Mobile Call'),(196,'createdtime',NULL,'2019-11-21 06:26:20'),(196,'visibility',NULL,'Public'),(196,'modifiedby',NULL,'1'),(196,'source',NULL,'CRM'),(196,'record_id',NULL,'138'),(196,'record_module',NULL,'Events'),(197,'eventstatus','Planned','Held'),(198,'label','Hrms','CRM'),(198,'subject','Hrms','CRM'),(199,'label',NULL,'[Followup] CRM'),(199,'subject',NULL,'[Followup] CRM'),(199,'assigned_user_id',NULL,'1'),(199,'date_start',NULL,'2019-11-21'),(199,'time_start',NULL,'06:26:00'),(199,'due_date',NULL,'2019-11-21'),(199,'time_end',NULL,'06:31:00'),(199,'duration_minutes',NULL,'5'),(199,'eventstatus',NULL,'Planned'),(199,'activitytype',NULL,'Call'),(199,'createdtime',NULL,'2019-11-21 06:26:58'),(199,'visibility',NULL,'Public'),(199,'modifiedby',NULL,'1'),(199,'source',NULL,'CRM'),(199,'record_id',NULL,'139'),(199,'record_module',NULL,'Events'),(200,'activitytype','Call','Meeting'),(202,'label',NULL,'CRM'),(202,'subject',NULL,'CRM'),(202,'assigned_user_id',NULL,'1'),(202,'date_start',NULL,'2019-11-21'),(202,'time_start',NULL,'06:27:00'),(202,'due_date',NULL,'2019-11-21'),(202,'time_end',NULL,'06:32:00'),(202,'duration_minutes',NULL,'5'),(202,'eventstatus',NULL,'Planned'),(202,'activitytype',NULL,'Call'),(202,'createdtime',NULL,'2019-11-21 06:27:28'),(202,'visibility',NULL,'Public'),(202,'modifiedby',NULL,'1'),(202,'source',NULL,'CRM'),(202,'record_id',NULL,'140'),(202,'record_module',NULL,'Events'),(203,'label',NULL,'CRM'),(203,'subject',NULL,'CRM'),(203,'assigned_user_id',NULL,'1'),(203,'date_start',NULL,'2019-11-20'),(203,'time_start',NULL,'00:00:00'),(203,'due_date',NULL,'2019-11-20'),(203,'time_end',NULL,'00:05:00'),(203,'duration_minutes',NULL,'5'),(203,'eventstatus',NULL,'Planned'),(203,'activitytype',NULL,'Meeting'),(203,'createdtime',NULL,'2019-11-21 06:27:35'),(203,'visibility',NULL,'Public'),(203,'modifiedby',NULL,'1'),(203,'source',NULL,'CRM'),(203,'record_id',NULL,'141'),(203,'record_module',NULL,'Events'),(204,'label',NULL,'CRM'),(204,'subject',NULL,'CRM'),(204,'assigned_user_id',NULL,'1'),(204,'date_start',NULL,'2019-11-05'),(204,'time_start',NULL,'18:30:00'),(204,'due_date',NULL,'2019-11-05'),(204,'time_end',NULL,'18:35:00'),(204,'duration_minutes',NULL,'5'),(204,'eventstatus',NULL,'Planned'),(204,'activitytype',NULL,'Call'),(204,'createdtime',NULL,'2019-11-21 06:28:05'),(204,'visibility',NULL,'Public'),(204,'modifiedby',NULL,'1'),(204,'source',NULL,'CRM'),(204,'record_id',NULL,'142'),(204,'record_module',NULL,'Events'),(205,'label',NULL,'Hrms'),(205,'subject',NULL,'Hrms'),(205,'assigned_user_id',NULL,'1'),(205,'date_start',NULL,'2019-11-18'),(205,'time_start',NULL,'22:30:00'),(205,'due_date',NULL,'2019-11-18'),(205,'time_end',NULL,'22:35:00'),(205,'duration_minutes',NULL,'5'),(205,'eventstatus',NULL,'Planned'),(205,'activitytype',NULL,'Call'),(205,'createdtime',NULL,'2019-11-21 06:28:11'),(205,'visibility',NULL,'Public'),(205,'modifiedby',NULL,'1'),(205,'source',NULL,'CRM'),(205,'record_id',NULL,'143'),(205,'record_module',NULL,'Events'),(206,'label',NULL,'Hrms'),(206,'subject',NULL,'Hrms'),(206,'assigned_user_id',NULL,'1'),(206,'date_start',NULL,'2019-11-20'),(206,'time_start',NULL,'20:30:00'),(206,'due_date',NULL,'2019-11-20'),(206,'time_end',NULL,'20:35:00'),(206,'duration_minutes',NULL,'5'),(206,'eventstatus',NULL,'Planned'),(206,'activitytype',NULL,'Call'),(206,'createdtime',NULL,'2019-11-21 06:28:17'),(206,'visibility',NULL,'Public'),(206,'modifiedby',NULL,'1'),(206,'source',NULL,'CRM'),(206,'record_id',NULL,'144'),(206,'record_module',NULL,'Events'),(207,'label',NULL,'Hrms'),(207,'subject',NULL,'Hrms'),(207,'assigned_user_id',NULL,'1'),(207,'date_start',NULL,'2019-11-21'),(207,'time_start',NULL,'00:30:00'),(207,'due_date',NULL,'2019-11-21'),(207,'time_end',NULL,'00:35:00'),(207,'duration_minutes',NULL,'5'),(207,'eventstatus',NULL,'Planned'),(207,'activitytype',NULL,'Call'),(207,'createdtime',NULL,'2019-11-21 06:28:23'),(207,'visibility',NULL,'Public'),(207,'modifiedby',NULL,'1'),(207,'source',NULL,'CRM'),(207,'record_id',NULL,'145'),(207,'record_module',NULL,'Events'),(208,'label',NULL,'Nect'),(208,'accountname',NULL,'Nect'),(208,'account_no',NULL,'ACC13'),(208,'annual_revenue',NULL,'0.00000000'),(208,'assigned_user_id',NULL,'1'),(208,'createdtime',NULL,'2019-11-21 06:30:00'),(208,'modifiedby',NULL,'1'),(208,'source',NULL,'CRM'),(208,'record_id',NULL,'146'),(208,'record_module',NULL,'Accounts'),(209,'label',NULL,'Nectarii'),(209,'accountname',NULL,'Nectarii'),(209,'account_no',NULL,'ACC14'),(209,'phone',NULL,'0000990000'),(209,'email1',NULL,'demo@gmail.com'),(209,'email2',NULL,'demo@gmail.com'),(209,'rating',NULL,'Project Cancelled'),(209,'annual_revenue',NULL,'0.00000000'),(209,'assigned_user_id',NULL,'1'),(209,'createdtime',NULL,'2019-11-21 10:56:53'),(209,'modifiedby',NULL,'1'),(209,'source',NULL,'CRM'),(209,'record_id',NULL,'147'),(209,'record_module',NULL,'Accounts'),(210,'rating','Project Cancelled','Active'),(211,'label',NULL,'Ben Ten'),(211,'firstname',NULL,'Ben'),(211,'contact_no',NULL,'CON10'),(211,'phone',NULL,'444444'),(211,'lastname',NULL,'Ten'),(211,'account_id',NULL,'147'),(211,'assigned_user_id',NULL,'1'),(211,'createdtime',NULL,'2019-11-21 10:59:25'),(211,'modifiedby',NULL,'1'),(211,'source',NULL,'CRM'),(211,'cf_854',NULL,'n'),(211,'record_id',NULL,'148'),(211,'record_module',NULL,'Contacts');
/*!40000 ALTER TABLE `nectarcrm_modtracker_detail` ENABLE KEYS */;
UNLOCK TABLES;

--
-- Table structure for table `nectarcrm_modtracker_relations`
--

DROP TABLE IF EXISTS `nectarcrm_modtracker_relations`;
/*!40101 SET @saved_cs_client     = @@character_set_client */;
/*!40101 SET character_set_client = utf8 */;
CREATE TABLE `nectarcrm_modtracker_relations` (
  `id` int(19) NOT NULL,
  `targetmodule` varchar(100) NOT NULL,
  `targetid` int(19) NOT NULL,
  `changedon` datetime DEFAULT NULL,
  PRIMARY KEY (`id`)
) ENGINE=InnoDB DEFAULT CHARSET=utf8;
/*!40101 SET character_set_client = @saved_cs_client */;

--
-- Dumping data for table `nectarcrm_modtracker_relations`
--

LOCK TABLES `nectarcrm_modtracker_relations` WRITE;
/*!40000 ALTER TABLE `nectarcrm_modtracker_relations` DISABLE KEYS */;
INSERT INTO `nectarcrm_modtracker_relations` VALUES (4,'Calendar',4,'2018-08-23 06:37:22'),(6,'Calendar',5,'2018-08-23 06:42:26'),(7,'ModComments',6,'2018-08-23 06:44:47'),(25,'Contacts',8,'2019-11-14 07:45:17'),(26,'Contacts',15,'2019-11-14 07:45:17'),(29,'Documents',24,'2019-11-15 09:29:41'),(36,'Contacts',15,'2019-11-15 10:09:54'),(38,'Contacts',15,'2019-11-15 10:11:45'),(52,'Calendar',41,'2019-11-18 09:10:36'),(53,'Calendar',41,'2019-11-18 09:10:45'),(55,'Calendar',42,'2019-11-18 09:10:54'),(57,'Calendar',43,'2019-11-18 09:17:24'),(59,'Emails',44,'2019-11-18 09:43:26'),(61,'ModComments',46,'2019-11-18 10:20:24'),(67,'Documents',57,'2019-11-18 11:35:28'),(69,'Documents',58,'2019-11-18 11:36:01'),(71,'Project',59,'2019-11-18 11:46:29'),(72,'ModComments',60,'2019-11-18 12:03:16'),(83,'Products',65,'2019-11-19 07:40:18'),(84,'Products',21,'2019-11-19 07:42:13'),(85,'Products',21,'2019-11-19 07:42:39'),(87,'Invoice',67,'2019-11-19 07:43:19'),(98,'Calendar',75,'2019-11-19 08:42:52'),(101,'Emails',77,'2019-11-19 08:47:01'),(112,'HelpDesk',90,'2019-11-19 09:01:36'),(113,'Documents',24,'2019-11-19 09:01:49'),(115,'Quotes',91,'2019-11-19 09:03:09'),(117,'PurchaseOrder',92,'2019-11-19 09:04:32'),(119,'SalesOrder',93,'2019-11-19 09:05:37'),(121,'Invoice',94,'2019-11-19 09:06:24'),(123,'PriceBooks',95,'2019-11-19 09:06:42'),(124,'Leads',53,'2019-11-19 09:06:48'),(125,'Accounts',36,'2019-11-19 09:06:53'),(126,'Contacts',62,'2019-11-19 09:06:56'),(128,'Assets',96,'2019-11-19 09:07:30'),(130,'Products',97,'2019-11-19 09:08:19'),(131,'Potentials',64,'2019-11-19 09:08:24'),(134,'HelpDesk',99,'2019-11-19 09:10:23'),(135,'HelpDesk',90,'2019-11-19 09:10:26'),(138,'Quotes',101,'2019-11-19 09:11:38'),(140,'PurchaseOrder',102,'2019-11-19 09:12:13'),(142,'Invoice',103,'2019-11-19 09:12:36'),(144,'PriceBooks',104,'2019-11-19 09:12:43'),(145,'Leads',54,'2019-11-19 09:12:46'),(146,'Contacts',70,'2019-11-19 09:12:50'),(147,'Accounts',33,'2019-11-19 09:12:53'),(148,'Potentials',19,'2019-11-19 09:12:57'),(150,'Documents',105,'2019-11-19 09:13:11'),(152,'SalesOrder',107,'2019-11-19 09:13:36'),(157,'HelpDesk',110,'2019-11-19 10:03:05'),(158,'Documents',105,'2019-11-19 10:06:03'),(160,'Quotes',111,'2019-11-19 10:07:21'),(162,'PurchaseOrder',112,'2019-11-19 10:13:19'),(164,'SalesOrder',113,'2019-11-19 10:14:15'),(166,'Invoice',114,'2019-11-19 10:15:04'),(168,'PriceBooks',115,'2019-11-19 10:17:42'),(169,'PriceBooks',95,'2019-11-19 10:17:51'),(170,'Leads',52,'2019-11-19 10:17:56'),(171,'Accounts',33,'2019-11-19 10:18:00'),(172,'Contacts',70,'2019-11-19 10:18:03'),(212,'Contacts',148,'2019-11-21 10:59:25');
/*!40000 ALTER TABLE `nectarcrm_modtracker_relations` ENABLE KEYS */;
UNLOCK TABLES;

--
-- Table structure for table `nectarcrm_modtracker_tabs`
--

DROP TABLE IF EXISTS `nectarcrm_modtracker_tabs`;
/*!40101 SET @saved_cs_client     = @@character_set_client */;
/*!40101 SET character_set_client = utf8 */;
CREATE TABLE `nectarcrm_modtracker_tabs` (
  `tabid` int(11) NOT NULL,
  `visible` int(11) DEFAULT '0',
  PRIMARY KEY (`tabid`)
) ENGINE=InnoDB DEFAULT CHARSET=utf8;
/*!40101 SET character_set_client = @saved_cs_client */;

--
-- Dumping data for table `nectarcrm_modtracker_tabs`
--

LOCK TABLES `nectarcrm_modtracker_tabs` WRITE;
/*!40000 ALTER TABLE `nectarcrm_modtracker_tabs` DISABLE KEYS */;
INSERT INTO `nectarcrm_modtracker_tabs` VALUES (2,1),(4,1),(6,1),(7,1),(8,1),(9,1),(10,1),(13,1),(14,1),(15,1),(16,1),(18,1),(19,1),(20,1),(21,1),(22,1),(23,1),(26,1),(28,1),(30,1),(32,1),(34,1),(40,1),(41,1),(44,1),(45,1),(46,1),(47,1);
/*!40000 ALTER TABLE `nectarcrm_modtracker_tabs` ENABLE KEYS */;
UNLOCK TABLES;

--
-- Table structure for table `nectarcrm_module_dashboard_widgets`
--

DROP TABLE IF EXISTS `nectarcrm_module_dashboard_widgets`;
/*!40101 SET @saved_cs_client     = @@character_set_client */;
/*!40101 SET character_set_client = utf8 */;
CREATE TABLE `nectarcrm_module_dashboard_widgets` (
  `id` int(19) NOT NULL AUTO_INCREMENT,
  `linkid` int(19) DEFAULT NULL,
  `userid` int(19) DEFAULT NULL,
  `filterid` int(19) DEFAULT NULL,
  `title` varchar(100) DEFAULT NULL,
  `data` text,
  `position` varchar(50) DEFAULT NULL,
  `reportid` int(19) DEFAULT NULL,
  `dashboardtabid` int(11) DEFAULT NULL,
  `size` varchar(50) DEFAULT NULL,
  PRIMARY KEY (`id`),
  KEY `dashboardtabid` (`dashboardtabid`),
  CONSTRAINT `nectarcrm_module_dashboard_widgets_ibfk_1` FOREIGN KEY (`dashboardtabid`) REFERENCES `nectarcrm_dashboard_tabs` (`id`) ON DELETE CASCADE
) ENGINE=InnoDB AUTO_INCREMENT=50 DEFAULT CHARSET=utf8;
/*!40101 SET character_set_client = @saved_cs_client */;

--
-- Dumping data for table `nectarcrm_module_dashboard_widgets`
--

LOCK TABLES `nectarcrm_module_dashboard_widgets` WRITE;
/*!40000 ALTER TABLE `nectarcrm_module_dashboard_widgets` DISABLE KEYS */;
INSERT INTO `nectarcrm_module_dashboard_widgets` VALUES (1,67,1,NULL,NULL,'null','{\"row\":\"1\",\"col\":\"1\"}',NULL,2,NULL),(3,66,1,NULL,NULL,'null','{\"row\":\"1\",\"col\":\"3\"}',NULL,2,NULL),(5,62,1,NULL,NULL,'null','{\"row\":\"2\",\"col\":\"1\"}',NULL,2,NULL),(6,61,5,NULL,NULL,'null','{\"row\":\"1\",\"col\":\"1\"}',NULL,4,NULL),(7,56,5,NULL,NULL,'null','{\"row\":\"1\",\"col\":\"2\"}',NULL,4,NULL),(8,59,5,NULL,NULL,'null','{\"row\":\"3\",\"col\":\"1\"}',NULL,4,NULL),(12,64,5,NULL,NULL,'null','{\"row\":\"1\",\"col\":\"3\"}',NULL,4,NULL),(13,100,5,1,NULL,'{\"module\":\"Leads\",\"fields\":[\"company\"]}','{\"row\":\"2\",\"col\":\"1\"}',NULL,4,NULL),(14,57,5,NULL,NULL,'null','{\"row\":\"1\",\"col\":\"1\"}',NULL,7,NULL),(15,100,5,1,NULL,'{\"module\":\"Leads\",\"fields\":[\"company\",\"email\"]}','{\"row\":\"1\",\"col\":\"2\"}',NULL,7,NULL),(17,56,1,NULL,NULL,'null','{\"row\":\"1\",\"col\":\"2\"}',NULL,12,NULL),(18,56,1,NULL,NULL,'null','{\"row\":\"1\",\"col\":\"2\"}',NULL,2,NULL),(19,58,1,NULL,NULL,'null','{\"row\":\"4\",\"col\":\"1\"}',NULL,2,NULL),(20,60,1,NULL,NULL,'null','{\"row\":\"3\",\"col\":\"1\"}',NULL,2,NULL),(21,57,1,NULL,NULL,'null','{\"row\":\"2\",\"col\":\"3\"}',NULL,2,NULL),(22,59,1,NULL,NULL,'null','{\"row\":\"5\",\"col\":\"1\"}',NULL,2,NULL),(23,61,1,NULL,NULL,'null','{\"row\":\"5\",\"col\":\"3\"}',NULL,2,NULL),(24,63,1,NULL,NULL,'null','{\"row\":\"7\",\"col\":\"2\"}',NULL,2,NULL),(25,64,1,NULL,NULL,'null','{\"row\":\"3\",\"col\":\"3\"}',NULL,2,NULL),(26,65,1,NULL,NULL,'null','{\"row\":\"8\",\"col\":\"1\"}',NULL,2,NULL),(27,68,1,NULL,NULL,'null','{\"row\":\"6\",\"col\":\"1\"}',NULL,2,NULL),(28,99,1,NULL,NULL,'null','{\"row\":\"8\",\"col\":\"2\"}',NULL,2,NULL),(29,101,1,NULL,NULL,'null','{\"row\":\"4\",\"col\":\"3\"}',NULL,2,NULL),(30,103,1,NULL,NULL,'null','{\"row\":\"6\",\"col\":\"3\"}',NULL,2,NULL),(31,100,1,8,NULL,'{\"module\":\"Contacts\",\"fields\":[\"firstname\"]}','{\"row\":\"7\",\"col\":\"3\"}',NULL,2,NULL),(32,100,1,4,NULL,'{\"module\":\"Accounts\",\"fields\":[\"bill_city\"]}','{\"row\":\"6\",\"col\":\"2\"}',NULL,2,NULL),(33,104,1,0,'demo','{\"contents\":\"Demo\\nDemo\\nDemo\\nDemo\\nDemo\\nDemo\\nDemo\\nDemo\\nDemo\\nDemo\\nDemo\\nDemo\\nDemo\\nDemo\\nDemo\\nDemo\\nDemo\\nDemo\\nDemo\\nDemo\\nDemo\\nDemo\\nDemo\\nDemo\\nDemo\\nDemo\\nDemo\\nDemo\\nDemo\\nDemo\\nDemo\\nDemo\\nDemo\\nDemo\\nDemo\\nDemo\\nDemo\\nDemo\\nDemo\\nDemo\\nDemo\\nDemo\\nDemo\\nDemo\\nDemo\\nDemo\\nDemo\\nDemo\\nDemo\\nDemo\\nDemo\\nDemo\\nDemo\\nDemo\\nDemo\\nDemo\\nDemo\\nDemo\\nDemo\\nDemo\\nDemo\\nDemo\\nDemo\\nDemo\\nDemo\\nDemo\\nDemo\\nDemo\\nDemo\\nDemo\\nDemo\\nDemo\\nDemo\\nDemo\\nDemo\\nDemo\\nDemo\\nDemo\\nDemo\\nDemo\\nDemo\\nDemo\\nDemo\\nDemo\\nDemo\\nDemo\\nDemo\\nDemo\\nDemo\\nDemo\\nDemo\\nDemo\\nDemo\\nDemo\\nDemo\\nDemo\\nDemo\\nDemo\\nDemo\\nDemo\\nDemo\\nDemo\\nDemo\\nDemo\\nDemo\\nDemo\\nDemo\\nDemo\\nDemo\\nDemo\\nDemo\\nDemo\\nDemo\\nDemo\\nDemo\\nDemo\\nDemo\\nDemo\\nDemo\\nDemo\\nDemo\\nDemo\\nDemo\\nDemo\\nDemo\\nDemo\\nDemo\\nDemo\\n\",\"lastSavedOn\":\"2019-11-15 09:33:04\"}','{\"row\":\"7\",\"col\":\"1\"}',NULL,2,NULL),(34,57,1,NULL,NULL,'null','{\"row\":\"2\",\"col\":\"3\"}',NULL,12,NULL),(35,58,1,NULL,NULL,'null','{\"row\":\"4\",\"col\":\"1\"}',NULL,12,NULL),(36,59,1,NULL,NULL,'null','{\"row\":\"5\",\"col\":\"1\"}',NULL,12,NULL),(37,60,1,NULL,NULL,'null','{\"row\":\"3\",\"col\":\"1\"}',NULL,12,NULL),(38,62,1,NULL,NULL,'null','{\"row\":\"2\",\"col\":\"1\"}',NULL,12,NULL),(39,56,1,NULL,NULL,'null','{\"row\":\"1\",\"col\":\"2\"}',NULL,1,NULL),(40,58,1,NULL,NULL,'null','{\"row\":\"4\",\"col\":\"1\"}',NULL,1,NULL),(41,60,1,NULL,NULL,'null','{\"row\":\"3\",\"col\":\"1\"}',NULL,1,NULL),(42,61,1,NULL,NULL,'null','{\"row\":\"5\",\"col\":\"3\"}',NULL,1,NULL),(43,64,1,NULL,NULL,'null','{\"row\":\"3\",\"col\":\"3\"}',NULL,1,NULL),(44,58,1,NULL,NULL,'null','{\"row\":\"4\",\"col\":\"1\"}',NULL,3,NULL),(45,67,1,NULL,NULL,'null','{\"row\":\"1\",\"col\":\"1\"}',NULL,3,NULL),(46,64,1,NULL,NULL,'null','{\"row\":\"3\",\"col\":\"3\"}',NULL,3,NULL),(47,68,1,NULL,NULL,'null','{\"row\":\"6\",\"col\":\"1\"}',NULL,3,NULL),(48,101,1,NULL,NULL,'null','{\"row\":\"4\",\"col\":\"3\"}',NULL,3,NULL),(49,66,1,NULL,NULL,'null','{\"row\":\"1\",\"col\":\"3\"}',NULL,3,NULL);
/*!40000 ALTER TABLE `nectarcrm_module_dashboard_widgets` ENABLE KEYS */;
UNLOCK TABLES;

--
-- Table structure for table `nectarcrm_no_of_currency_decimals`
--

DROP TABLE IF EXISTS `nectarcrm_no_of_currency_decimals`;
/*!40101 SET @saved_cs_client     = @@character_set_client */;
/*!40101 SET character_set_client = utf8 */;
CREATE TABLE `nectarcrm_no_of_currency_decimals` (
  `no_of_currency_decimalsid` int(11) NOT NULL AUTO_INCREMENT,
  `no_of_currency_decimals` varchar(200) NOT NULL,
  `sortorderid` int(11) DEFAULT NULL,
  `presence` int(11) NOT NULL DEFAULT '1',
  PRIMARY KEY (`no_of_currency_decimalsid`)
) ENGINE=InnoDB AUTO_INCREMENT=8 DEFAULT CHARSET=utf8;
/*!40101 SET character_set_client = @saved_cs_client */;

--
-- Dumping data for table `nectarcrm_no_of_currency_decimals`
--

LOCK TABLES `nectarcrm_no_of_currency_decimals` WRITE;
/*!40000 ALTER TABLE `nectarcrm_no_of_currency_decimals` DISABLE KEYS */;
INSERT INTO `nectarcrm_no_of_currency_decimals` VALUES (2,'2',2,1),(3,'3',3,1),(4,'4',4,1),(5,'5',5,1),(6,'0',0,1),(7,'1',1,1);
/*!40000 ALTER TABLE `nectarcrm_no_of_currency_decimals` ENABLE KEYS */;
UNLOCK TABLES;

--
-- Table structure for table `nectarcrm_no_of_currency_decimals_seq`
--

DROP TABLE IF EXISTS `nectarcrm_no_of_currency_decimals_seq`;
/*!40101 SET @saved_cs_client     = @@character_set_client */;
/*!40101 SET character_set_client = utf8 */;
CREATE TABLE `nectarcrm_no_of_currency_decimals_seq` (
  `id` int(11) NOT NULL
) ENGINE=InnoDB DEFAULT CHARSET=utf8;
/*!40101 SET character_set_client = @saved_cs_client */;

--
-- Dumping data for table `nectarcrm_no_of_currency_decimals_seq`
--

LOCK TABLES `nectarcrm_no_of_currency_decimals_seq` WRITE;
/*!40000 ALTER TABLE `nectarcrm_no_of_currency_decimals_seq` DISABLE KEYS */;
INSERT INTO `nectarcrm_no_of_currency_decimals_seq` VALUES (7);
/*!40000 ALTER TABLE `nectarcrm_no_of_currency_decimals_seq` ENABLE KEYS */;
UNLOCK TABLES;

--
-- Table structure for table `nectarcrm_notebook_contents`
--

DROP TABLE IF EXISTS `nectarcrm_notebook_contents`;
/*!40101 SET @saved_cs_client     = @@character_set_client */;
/*!40101 SET character_set_client = utf8 */;
CREATE TABLE `nectarcrm_notebook_contents` (
  `userid` int(19) NOT NULL,
  `notebookid` int(19) NOT NULL,
  `contents` text
) ENGINE=InnoDB DEFAULT CHARSET=utf8;
/*!40101 SET character_set_client = @saved_cs_client */;

--
-- Dumping data for table `nectarcrm_notebook_contents`
--

LOCK TABLES `nectarcrm_notebook_contents` WRITE;
/*!40000 ALTER TABLE `nectarcrm_notebook_contents` DISABLE KEYS */;
/*!40000 ALTER TABLE `nectarcrm_notebook_contents` ENABLE KEYS */;
UNLOCK TABLES;

--
-- Table structure for table `nectarcrm_notes`
--

DROP TABLE IF EXISTS `nectarcrm_notes`;
/*!40101 SET @saved_cs_client     = @@character_set_client */;
/*!40101 SET character_set_client = utf8 */;
CREATE TABLE `nectarcrm_notes` (
  `notesid` int(19) NOT NULL DEFAULT '0',
  `note_no` varchar(100) NOT NULL,
  `title` varchar(50) NOT NULL,
  `filename` varchar(200) DEFAULT NULL,
  `notecontent` text,
  `folderid` int(19) NOT NULL DEFAULT '1',
  `filetype` varchar(50) DEFAULT NULL,
  `filelocationtype` varchar(5) DEFAULT NULL,
  `filedownloadcount` int(19) DEFAULT NULL,
  `filestatus` int(19) DEFAULT NULL,
  `filesize` int(19) NOT NULL DEFAULT '0',
  `fileversion` varchar(50) DEFAULT NULL,
  `tags` varchar(1) DEFAULT NULL,
  PRIMARY KEY (`notesid`),
  KEY `notes_title_idx` (`title`),
  KEY `notes_notesid_idx` (`notesid`),
  CONSTRAINT `fk_1_nectarcrm_notes` FOREIGN KEY (`notesid`) REFERENCES `nectarcrm_crmentity` (`crmid`) ON DELETE CASCADE
) ENGINE=InnoDB DEFAULT CHARSET=utf8;
/*!40101 SET character_set_client = @saved_cs_client */;

--
-- Dumping data for table `nectarcrm_notes`
--

LOCK TABLES `nectarcrm_notes` WRITE;
/*!40000 ALTER TABLE `nectarcrm_notes` DISABLE KEYS */;
INSERT INTO `nectarcrm_notes` VALUES (22,'DOC1','Business','Business-pride.docx','',1,'application/octet-stream','I',1,1,95139,'',''),(24,'DOC2','n','n.PNG','demo',1,'image/png','I',6,1,121076,'',''),(105,'DOC5','Doc','Doc.docx','',1,'application/octet-stream','I',NULL,1,150350,'','');
/*!40000 ALTER TABLE `nectarcrm_notes` ENABLE KEYS */;
UNLOCK TABLES;

--
-- Table structure for table `nectarcrm_notescf`
--

DROP TABLE IF EXISTS `nectarcrm_notescf`;
/*!40101 SET @saved_cs_client     = @@character_set_client */;
/*!40101 SET character_set_client = utf8 */;
CREATE TABLE `nectarcrm_notescf` (
  `notesid` int(19) NOT NULL DEFAULT '0',
  PRIMARY KEY (`notesid`),
  CONSTRAINT `fk_notesid_nectarcrm_notescf` FOREIGN KEY (`notesid`) REFERENCES `nectarcrm_notes` (`notesid`) ON DELETE CASCADE
) ENGINE=InnoDB DEFAULT CHARSET=utf8;
/*!40101 SET character_set_client = @saved_cs_client */;

--
-- Dumping data for table `nectarcrm_notescf`
--

LOCK TABLES `nectarcrm_notescf` WRITE;
/*!40000 ALTER TABLE `nectarcrm_notescf` DISABLE KEYS */;
INSERT INTO `nectarcrm_notescf` VALUES (22),(24),(105);
/*!40000 ALTER TABLE `nectarcrm_notescf` ENABLE KEYS */;
UNLOCK TABLES;

--
-- Table structure for table `nectarcrm_notificationscheduler`
--

DROP TABLE IF EXISTS `nectarcrm_notificationscheduler`;
/*!40101 SET @saved_cs_client     = @@character_set_client */;
/*!40101 SET character_set_client = utf8 */;
CREATE TABLE `nectarcrm_notificationscheduler` (
  `schedulednotificationid` int(19) NOT NULL AUTO_INCREMENT,
  `schedulednotificationname` varchar(200) DEFAULT NULL,
  `active` int(1) DEFAULT NULL,
  `notificationsubject` varchar(200) DEFAULT NULL,
  `notificationbody` text,
  `label` varchar(50) DEFAULT NULL,
  `type` varchar(10) DEFAULT NULL,
  PRIMARY KEY (`schedulednotificationid`),
  UNIQUE KEY `notificationscheduler_schedulednotificationname_idx` (`schedulednotificationname`)
) ENGINE=InnoDB AUTO_INCREMENT=9 DEFAULT CHARSET=utf8;
/*!40101 SET character_set_client = @saved_cs_client */;

--
-- Dumping data for table `nectarcrm_notificationscheduler`
--

LOCK TABLES `nectarcrm_notificationscheduler` WRITE;
/*!40000 ALTER TABLE `nectarcrm_notificationscheduler` DISABLE KEYS */;
INSERT INTO `nectarcrm_notificationscheduler` VALUES (1,'LBL_TASK_NOTIFICATION_DESCRITPION',1,'Task Delay Notification','Tasks delayed beyond 24 hrs ','LBL_TASK_NOTIFICATION',NULL),(2,'LBL_BIG_DEAL_DESCRIPTION',1,'Big Deal notification','Success! A big deal has been won! ','LBL_BIG_DEAL',NULL),(3,'LBL_TICKETS_DESCRIPTION',1,'Pending Tickets notification','Ticket pending please ','LBL_PENDING_TICKETS',NULL),(4,'LBL_MANY_TICKETS_DESCRIPTION',1,'Too many tickets Notification','Too many tickets pending against this entity ','LBL_MANY_TICKETS',NULL),(5,'LBL_START_DESCRIPTION',1,'Support Start Notification','10','LBL_START_NOTIFICATION','select'),(6,'LBL_SUPPORT_DESCRIPTION',1,'Support ending please','11','LBL_SUPPORT_NOTICIATION','select'),(7,'LBL_SUPPORT_DESCRIPTION_MONTH',1,'Support ending please','12','LBL_SUPPORT_NOTICIATION_MONTH','select'),(8,'LBL_ACTIVITY_REMINDER_DESCRIPTION',1,'Activity Reminder Notification','This is a reminder notification for the Activity','LBL_ACTIVITY_NOTIFICATION',NULL);
/*!40000 ALTER TABLE `nectarcrm_notificationscheduler` ENABLE KEYS */;
UNLOCK TABLES;

--
-- Table structure for table `nectarcrm_notificationscheduler_seq`
--

DROP TABLE IF EXISTS `nectarcrm_notificationscheduler_seq`;
/*!40101 SET @saved_cs_client     = @@character_set_client */;
/*!40101 SET character_set_client = utf8 */;
CREATE TABLE `nectarcrm_notificationscheduler_seq` (
  `id` int(11) NOT NULL
) ENGINE=InnoDB DEFAULT CHARSET=utf8;
/*!40101 SET character_set_client = @saved_cs_client */;

--
-- Dumping data for table `nectarcrm_notificationscheduler_seq`
--

LOCK TABLES `nectarcrm_notificationscheduler_seq` WRITE;
/*!40000 ALTER TABLE `nectarcrm_notificationscheduler_seq` DISABLE KEYS */;
INSERT INTO `nectarcrm_notificationscheduler_seq` VALUES (8);
/*!40000 ALTER TABLE `nectarcrm_notificationscheduler_seq` ENABLE KEYS */;
UNLOCK TABLES;

--
-- Table structure for table `nectarcrm_opportunity_type`
--

DROP TABLE IF EXISTS `nectarcrm_opportunity_type`;
/*!40101 SET @saved_cs_client     = @@character_set_client */;
/*!40101 SET character_set_client = utf8 */;
CREATE TABLE `nectarcrm_opportunity_type` (
  `opptypeid` int(19) NOT NULL AUTO_INCREMENT,
  `opportunity_type` varchar(200) NOT NULL,
  `presence` int(1) NOT NULL DEFAULT '1',
  `picklist_valueid` int(19) NOT NULL DEFAULT '0',
  `sortorderid` int(11) DEFAULT NULL,
  `color` varchar(10) DEFAULT NULL,
  PRIMARY KEY (`opptypeid`),
  UNIQUE KEY `opportunity_type_opportunity_type_idx` (`opportunity_type`)
) ENGINE=InnoDB AUTO_INCREMENT=4 DEFAULT CHARSET=utf8;
/*!40101 SET character_set_client = @saved_cs_client */;

--
-- Dumping data for table `nectarcrm_opportunity_type`
--

LOCK TABLES `nectarcrm_opportunity_type` WRITE;
/*!40000 ALTER TABLE `nectarcrm_opportunity_type` DISABLE KEYS */;
INSERT INTO `nectarcrm_opportunity_type` VALUES (2,'Existing Business',1,128,1,NULL),(3,'New Business',1,129,2,NULL);
/*!40000 ALTER TABLE `nectarcrm_opportunity_type` ENABLE KEYS */;
UNLOCK TABLES;

--
-- Table structure for table `nectarcrm_opportunity_type_seq`
--

DROP TABLE IF EXISTS `nectarcrm_opportunity_type_seq`;
/*!40101 SET @saved_cs_client     = @@character_set_client */;
/*!40101 SET character_set_client = utf8 */;
CREATE TABLE `nectarcrm_opportunity_type_seq` (
  `id` int(11) NOT NULL
) ENGINE=InnoDB DEFAULT CHARSET=utf8;
/*!40101 SET character_set_client = @saved_cs_client */;

--
-- Dumping data for table `nectarcrm_opportunity_type_seq`
--

LOCK TABLES `nectarcrm_opportunity_type_seq` WRITE;
/*!40000 ALTER TABLE `nectarcrm_opportunity_type_seq` DISABLE KEYS */;
INSERT INTO `nectarcrm_opportunity_type_seq` VALUES (4);
/*!40000 ALTER TABLE `nectarcrm_opportunity_type_seq` ENABLE KEYS */;
UNLOCK TABLES;

--
-- Table structure for table `nectarcrm_opportunitystage`
--

DROP TABLE IF EXISTS `nectarcrm_opportunitystage`;
/*!40101 SET @saved_cs_client     = @@character_set_client */;
/*!40101 SET character_set_client = utf8 */;
CREATE TABLE `nectarcrm_opportunitystage` (
  `potstageid` int(19) NOT NULL AUTO_INCREMENT,
  `stage` varchar(200) NOT NULL,
  `sortorderid` int(19) NOT NULL DEFAULT '0',
  `presence` int(1) NOT NULL DEFAULT '1',
  `probability` decimal(3,2) DEFAULT '0.00',
  PRIMARY KEY (`potstageid`),
  UNIQUE KEY `opportunitystage_stage_idx` (`stage`)
) ENGINE=InnoDB DEFAULT CHARSET=utf8;
/*!40101 SET character_set_client = @saved_cs_client */;

--
-- Dumping data for table `nectarcrm_opportunitystage`
--

LOCK TABLES `nectarcrm_opportunitystage` WRITE;
/*!40000 ALTER TABLE `nectarcrm_opportunitystage` DISABLE KEYS */;
/*!40000 ALTER TABLE `nectarcrm_opportunitystage` ENABLE KEYS */;
UNLOCK TABLES;

--
-- Table structure for table `nectarcrm_org_share_action2tab`
--

DROP TABLE IF EXISTS `nectarcrm_org_share_action2tab`;
/*!40101 SET @saved_cs_client     = @@character_set_client */;
/*!40101 SET character_set_client = utf8 */;
CREATE TABLE `nectarcrm_org_share_action2tab` (
  `share_action_id` int(19) NOT NULL,
  `tabid` int(19) NOT NULL,
  PRIMARY KEY (`share_action_id`,`tabid`),
  KEY `fk_2_nectarcrm_org_share_action2tab` (`tabid`),
  CONSTRAINT `fk_2_nectarcrm_org_share_action2tab` FOREIGN KEY (`tabid`) REFERENCES `nectarcrm_tab` (`tabid`) ON DELETE CASCADE
) ENGINE=InnoDB DEFAULT CHARSET=utf8;
/*!40101 SET character_set_client = @saved_cs_client */;

--
-- Dumping data for table `nectarcrm_org_share_action2tab`
--

LOCK TABLES `nectarcrm_org_share_action2tab` WRITE;
/*!40000 ALTER TABLE `nectarcrm_org_share_action2tab` DISABLE KEYS */;
INSERT INTO `nectarcrm_org_share_action2tab` VALUES (0,2),(1,2),(2,2),(3,2),(0,4),(1,4),(2,4),(3,4),(0,6),(1,6),(2,6),(3,6),(0,7),(1,7),(2,7),(3,7),(0,8),(1,8),(2,8),(3,8),(0,9),(1,9),(2,9),(3,9),(0,10),(1,10),(2,10),(3,10),(0,13),(1,13),(2,13),(3,13),(0,14),(1,14),(2,14),(3,14),(0,16),(1,16),(2,16),(3,16),(0,18),(1,18),(2,18),(3,18),(0,20),(1,20),(2,20),(3,20),(0,21),(1,21),(2,21),(3,21),(0,22),(1,22),(2,22),(3,22),(0,23),(1,23),(2,23),(3,23),(0,26),(1,26),(2,26),(3,26),(0,30),(1,30),(2,30),(3,30),(0,32),(1,32),(2,32),(3,32),(0,34),(1,34),(2,34),(3,34),(0,40),(1,40),(2,40),(3,40),(0,41),(1,41),(2,41),(3,41),(0,44),(1,44),(2,44),(3,44),(0,45),(1,45),(2,45),(3,45),(0,46),(1,46),(2,46),(3,46),(0,47),(1,47),(2,47),(3,47);
/*!40000 ALTER TABLE `nectarcrm_org_share_action2tab` ENABLE KEYS */;
UNLOCK TABLES;

--
-- Table structure for table `nectarcrm_org_share_action_mapping`
--

DROP TABLE IF EXISTS `nectarcrm_org_share_action_mapping`;
/*!40101 SET @saved_cs_client     = @@character_set_client */;
/*!40101 SET character_set_client = utf8 */;
CREATE TABLE `nectarcrm_org_share_action_mapping` (
  `share_action_id` int(19) NOT NULL,
  `share_action_name` varchar(200) DEFAULT NULL,
  PRIMARY KEY (`share_action_id`)
) ENGINE=InnoDB DEFAULT CHARSET=utf8;
/*!40101 SET character_set_client = @saved_cs_client */;

--
-- Dumping data for table `nectarcrm_org_share_action_mapping`
--

LOCK TABLES `nectarcrm_org_share_action_mapping` WRITE;
/*!40000 ALTER TABLE `nectarcrm_org_share_action_mapping` DISABLE KEYS */;
INSERT INTO `nectarcrm_org_share_action_mapping` VALUES (0,'Public: Read Only'),(1,'Public: Read, Create/Edit'),(2,'Public: Read, Create/Edit, Delete'),(3,'Private'),(4,'Hide Details'),(5,'Hide Details and Add Events'),(6,'Show Details'),(7,'Show Details and Add Events');
/*!40000 ALTER TABLE `nectarcrm_org_share_action_mapping` ENABLE KEYS */;
UNLOCK TABLES;

--
-- Table structure for table `nectarcrm_organizationdetails`
--

DROP TABLE IF EXISTS `nectarcrm_organizationdetails`;
/*!40101 SET @saved_cs_client     = @@character_set_client */;
/*!40101 SET character_set_client = utf8 */;
CREATE TABLE `nectarcrm_organizationdetails` (
  `organization_id` int(11) NOT NULL,
  `organizationname` varchar(60) DEFAULT NULL,
  `address` varchar(150) DEFAULT NULL,
  `city` varchar(100) DEFAULT NULL,
  `state` varchar(100) DEFAULT NULL,
  `country` varchar(100) DEFAULT NULL,
  `code` varchar(30) DEFAULT NULL,
  `phone` varchar(30) DEFAULT NULL,
  `fax` varchar(30) DEFAULT NULL,
  `website` varchar(100) DEFAULT NULL,
  `logoname` varchar(50) DEFAULT NULL,
  `logo` text,
  `vatid` varchar(100) DEFAULT NULL,
  PRIMARY KEY (`organization_id`)
) ENGINE=InnoDB DEFAULT CHARSET=utf8;
/*!40101 SET character_set_client = @saved_cs_client */;

--
-- Dumping data for table `nectarcrm_organizationdetails`
--

LOCK TABLES `nectarcrm_organizationdetails` WRITE;
/*!40000 ALTER TABLE `nectarcrm_organizationdetails` DISABLE KEYS */;
INSERT INTO `nectarcrm_organizationdetails` VALUES (1,'Nectar Infotel Pvt. Ltd','SP Infocity','Pune','Maharashtra','India','412308','+91 9243602352','+91 9243602352','www.nectarinfotel.com','logo_150x40.PNG',NULL,'');
/*!40000 ALTER TABLE `nectarcrm_organizationdetails` ENABLE KEYS */;
UNLOCK TABLES;

--
-- Table structure for table `nectarcrm_organizationdetails_seq`
--

DROP TABLE IF EXISTS `nectarcrm_organizationdetails_seq`;
/*!40101 SET @saved_cs_client     = @@character_set_client */;
/*!40101 SET character_set_client = utf8 */;
CREATE TABLE `nectarcrm_organizationdetails_seq` (
  `id` int(11) NOT NULL
) ENGINE=InnoDB DEFAULT CHARSET=utf8;
/*!40101 SET character_set_client = @saved_cs_client */;

--
-- Dumping data for table `nectarcrm_organizationdetails_seq`
--

LOCK TABLES `nectarcrm_organizationdetails_seq` WRITE;
/*!40000 ALTER TABLE `nectarcrm_organizationdetails_seq` DISABLE KEYS */;
INSERT INTO `nectarcrm_organizationdetails_seq` VALUES (1);
/*!40000 ALTER TABLE `nectarcrm_organizationdetails_seq` ENABLE KEYS */;
UNLOCK TABLES;

--
-- Table structure for table `nectarcrm_othereventduration`
--

DROP TABLE IF EXISTS `nectarcrm_othereventduration`;
/*!40101 SET @saved_cs_client     = @@character_set_client */;
/*!40101 SET character_set_client = utf8 */;
CREATE TABLE `nectarcrm_othereventduration` (
  `othereventdurationid` int(11) NOT NULL AUTO_INCREMENT,
  `othereventduration` varchar(200) NOT NULL,
  `sortorderid` int(11) DEFAULT NULL,
  `presence` int(11) NOT NULL DEFAULT '1',
  PRIMARY KEY (`othereventdurationid`)
) ENGINE=InnoDB AUTO_INCREMENT=6 DEFAULT CHARSET=utf8;
/*!40101 SET character_set_client = @saved_cs_client */;

--
-- Dumping data for table `nectarcrm_othereventduration`
--

LOCK TABLES `nectarcrm_othereventduration` WRITE;
/*!40000 ALTER TABLE `nectarcrm_othereventduration` DISABLE KEYS */;
INSERT INTO `nectarcrm_othereventduration` VALUES (1,'5',0,1),(2,'10',1,1),(3,'30',2,1),(4,'60',3,1),(5,'120',4,1);
/*!40000 ALTER TABLE `nectarcrm_othereventduration` ENABLE KEYS */;
UNLOCK TABLES;

--
-- Table structure for table `nectarcrm_othereventduration_seq`
--

DROP TABLE IF EXISTS `nectarcrm_othereventduration_seq`;
/*!40101 SET @saved_cs_client     = @@character_set_client */;
/*!40101 SET character_set_client = utf8 */;
CREATE TABLE `nectarcrm_othereventduration_seq` (
  `id` int(11) NOT NULL
) ENGINE=InnoDB DEFAULT CHARSET=utf8;
/*!40101 SET character_set_client = @saved_cs_client */;

--
-- Dumping data for table `nectarcrm_othereventduration_seq`
--

LOCK TABLES `nectarcrm_othereventduration_seq` WRITE;
/*!40000 ALTER TABLE `nectarcrm_othereventduration_seq` DISABLE KEYS */;
INSERT INTO `nectarcrm_othereventduration_seq` VALUES (5);
/*!40000 ALTER TABLE `nectarcrm_othereventduration_seq` ENABLE KEYS */;
UNLOCK TABLES;

--
-- Table structure for table `nectarcrm_parenttab`
--

DROP TABLE IF EXISTS `nectarcrm_parenttab`;
/*!40101 SET @saved_cs_client     = @@character_set_client */;
/*!40101 SET character_set_client = utf8 */;
CREATE TABLE `nectarcrm_parenttab` (
  `parenttabid` int(19) NOT NULL,
  `parenttab_label` varchar(100) NOT NULL,
  `sequence` int(10) NOT NULL,
  `visible` int(2) NOT NULL DEFAULT '0',
  PRIMARY KEY (`parenttabid`),
  KEY `parenttab_parenttabid_parenttabl_label_visible_idx` (`parenttabid`,`parenttab_label`,`visible`)
) ENGINE=InnoDB DEFAULT CHARSET=utf8;
/*!40101 SET character_set_client = @saved_cs_client */;

--
-- Dumping data for table `nectarcrm_parenttab`
--

LOCK TABLES `nectarcrm_parenttab` WRITE;
/*!40000 ALTER TABLE `nectarcrm_parenttab` DISABLE KEYS */;
INSERT INTO `nectarcrm_parenttab` VALUES (1,'My Home Page',1,0),(2,'Marketing',2,0),(3,'Sales',3,0),(4,'Support',4,0),(5,'Analytics',5,0),(6,'Inventory',6,0),(7,'Tools',7,0),(8,'Settings',8,0);
/*!40000 ALTER TABLE `nectarcrm_parenttab` ENABLE KEYS */;
UNLOCK TABLES;

--
-- Table structure for table `nectarcrm_parenttabrel`
--

DROP TABLE IF EXISTS `nectarcrm_parenttabrel`;
/*!40101 SET @saved_cs_client     = @@character_set_client */;
/*!40101 SET character_set_client = utf8 */;
CREATE TABLE `nectarcrm_parenttabrel` (
  `parenttabid` int(19) NOT NULL,
  `tabid` int(19) NOT NULL,
  `sequence` int(3) NOT NULL,
  KEY `parenttabrel_tabid_parenttabid_idx` (`tabid`,`parenttabid`),
  KEY `fk_2_nectarcrm_parenttabrel` (`parenttabid`),
  CONSTRAINT `fk_1_nectarcrm_parenttabrel` FOREIGN KEY (`tabid`) REFERENCES `nectarcrm_tab` (`tabid`) ON DELETE CASCADE,
  CONSTRAINT `fk_2_nectarcrm_parenttabrel` FOREIGN KEY (`parenttabid`) REFERENCES `nectarcrm_parenttab` (`parenttabid`) ON DELETE CASCADE
) ENGINE=InnoDB DEFAULT CHARSET=utf8;
/*!40101 SET character_set_client = @saved_cs_client */;

--
-- Dumping data for table `nectarcrm_parenttabrel`
--

LOCK TABLES `nectarcrm_parenttabrel` WRITE;
/*!40000 ALTER TABLE `nectarcrm_parenttabrel` DISABLE KEYS */;
INSERT INTO `nectarcrm_parenttabrel` VALUES (1,9,2),(1,28,4),(1,3,1),(3,7,1),(3,6,2),(3,4,3),(3,2,4),(3,20,5),(3,22,6),(3,23,7),(3,19,8),(3,8,9),(4,13,1),(4,15,2),(4,6,3),(4,4,4),(4,8,5),(5,1,2),(5,25,1),(6,14,1),(6,18,2),(6,19,3),(6,21,4),(6,22,5),(6,20,6),(6,23,7),(7,24,1),(7,27,2),(7,8,3),(2,26,1),(2,6,2),(2,4,3),(2,28,4),(4,28,7),(2,7,5),(2,9,6),(4,9,8),(2,8,8),(3,9,11),(7,30,4),(7,30,5),(6,32,8),(6,32,9),(4,34,9),(4,34,10),(7,37,6),(7,37,7),(7,38,8),(7,38,9),(6,40,10),(6,40,11),(7,42,10),(7,42,11),(4,44,11),(4,44,12),(4,45,13),(4,45,14),(4,46,15),(4,46,16),(3,47,12),(3,47,13),(8,49,1),(8,49,2),(7,24,12),(7,27,13),(7,38,14),(7,42,15);
/*!40000 ALTER TABLE `nectarcrm_parenttabrel` ENABLE KEYS */;
UNLOCK TABLES;

--
-- Table structure for table `nectarcrm_payment_duration`
--

DROP TABLE IF EXISTS `nectarcrm_payment_duration`;
/*!40101 SET @saved_cs_client     = @@character_set_client */;
/*!40101 SET character_set_client = utf8 */;
CREATE TABLE `nectarcrm_payment_duration` (
  `payment_duration_id` int(11) DEFAULT NULL,
  `payment_duration` varchar(200) DEFAULT NULL,
  `sortorderid` int(11) DEFAULT NULL,
  `presence` int(11) DEFAULT NULL,
  `color` varchar(10) DEFAULT NULL
) ENGINE=InnoDB DEFAULT CHARSET=utf8;
/*!40101 SET character_set_client = @saved_cs_client */;

--
-- Dumping data for table `nectarcrm_payment_duration`
--

LOCK TABLES `nectarcrm_payment_duration` WRITE;
/*!40000 ALTER TABLE `nectarcrm_payment_duration` DISABLE KEYS */;
INSERT INTO `nectarcrm_payment_duration` VALUES (1,'Net 30 days',0,1,NULL),(2,'Net 45 days',1,1,NULL),(3,'Net 60 days',2,1,NULL);
/*!40000 ALTER TABLE `nectarcrm_payment_duration` ENABLE KEYS */;
UNLOCK TABLES;

--
-- Table structure for table `nectarcrm_payment_duration_seq`
--

DROP TABLE IF EXISTS `nectarcrm_payment_duration_seq`;
/*!40101 SET @saved_cs_client     = @@character_set_client */;
/*!40101 SET character_set_client = utf8 */;
CREATE TABLE `nectarcrm_payment_duration_seq` (
  `id` int(11) NOT NULL
) ENGINE=InnoDB DEFAULT CHARSET=utf8;
/*!40101 SET character_set_client = @saved_cs_client */;

--
-- Dumping data for table `nectarcrm_payment_duration_seq`
--

LOCK TABLES `nectarcrm_payment_duration_seq` WRITE;
/*!40000 ALTER TABLE `nectarcrm_payment_duration_seq` DISABLE KEYS */;
INSERT INTO `nectarcrm_payment_duration_seq` VALUES (3);
/*!40000 ALTER TABLE `nectarcrm_payment_duration_seq` ENABLE KEYS */;
UNLOCK TABLES;

--
-- Table structure for table `nectarcrm_pbxmanager`
--

DROP TABLE IF EXISTS `nectarcrm_pbxmanager`;
/*!40101 SET @saved_cs_client     = @@character_set_client */;
/*!40101 SET character_set_client = utf8 */;
CREATE TABLE `nectarcrm_pbxmanager` (
  `pbxmanagerid` int(20) NOT NULL AUTO_INCREMENT,
  `direction` varchar(10) DEFAULT NULL,
  `callstatus` varchar(20) DEFAULT NULL,
  `starttime` datetime DEFAULT NULL,
  `endtime` datetime DEFAULT NULL,
  `totalduration` int(11) DEFAULT NULL,
  `billduration` int(11) DEFAULT NULL,
  `recordingurl` varchar(200) DEFAULT NULL,
  `sourceuuid` varchar(100) DEFAULT NULL,
  `gateway` varchar(20) DEFAULT NULL,
  `customer` varchar(100) DEFAULT NULL,
  `user` varchar(100) DEFAULT NULL,
  `customernumber` varchar(100) DEFAULT NULL,
  `customertype` varchar(100) DEFAULT NULL,
  `tags` varchar(1) DEFAULT NULL,
  PRIMARY KEY (`pbxmanagerid`),
  KEY `index_sourceuuid` (`sourceuuid`),
  KEY `index_pbxmanager_id` (`pbxmanagerid`),
  CONSTRAINT `fk_crmid_nectarcrm_pbxmanager` FOREIGN KEY (`pbxmanagerid`) REFERENCES `nectarcrm_crmentity` (`crmid`) ON DELETE CASCADE
) ENGINE=InnoDB DEFAULT CHARSET=utf8;
/*!40101 SET character_set_client = @saved_cs_client */;

--
-- Dumping data for table `nectarcrm_pbxmanager`
--

LOCK TABLES `nectarcrm_pbxmanager` WRITE;
/*!40000 ALTER TABLE `nectarcrm_pbxmanager` DISABLE KEYS */;
/*!40000 ALTER TABLE `nectarcrm_pbxmanager` ENABLE KEYS */;
UNLOCK TABLES;

--
-- Table structure for table `nectarcrm_pbxmanager_gateway`
--

DROP TABLE IF EXISTS `nectarcrm_pbxmanager_gateway`;
/*!40101 SET @saved_cs_client     = @@character_set_client */;
/*!40101 SET character_set_client = utf8 */;
CREATE TABLE `nectarcrm_pbxmanager_gateway` (
  `id` int(11) NOT NULL AUTO_INCREMENT,
  `gateway` varchar(20) DEFAULT NULL,
  `parameters` text,
  PRIMARY KEY (`id`)
) ENGINE=InnoDB DEFAULT CHARSET=utf8;
/*!40101 SET character_set_client = @saved_cs_client */;

--
-- Dumping data for table `nectarcrm_pbxmanager_gateway`
--

LOCK TABLES `nectarcrm_pbxmanager_gateway` WRITE;
/*!40000 ALTER TABLE `nectarcrm_pbxmanager_gateway` DISABLE KEYS */;
/*!40000 ALTER TABLE `nectarcrm_pbxmanager_gateway` ENABLE KEYS */;
UNLOCK TABLES;

--
-- Table structure for table `nectarcrm_pbxmanager_phonelookup`
--

DROP TABLE IF EXISTS `nectarcrm_pbxmanager_phonelookup`;
/*!40101 SET @saved_cs_client     = @@character_set_client */;
/*!40101 SET character_set_client = utf8 */;
CREATE TABLE `nectarcrm_pbxmanager_phonelookup` (
  `crmid` int(20) DEFAULT NULL,
  `setype` varchar(30) DEFAULT NULL,
  `fnumber` varchar(100) DEFAULT NULL,
  `rnumber` varchar(100) DEFAULT NULL,
  `fieldname` varchar(50) DEFAULT NULL,
  UNIQUE KEY `unique_key` (`crmid`,`setype`,`fieldname`),
  KEY `index_phone_number` (`fnumber`,`rnumber`),
  CONSTRAINT `nectarcrm_pbxmanager_phonelookup_ibfk_1` FOREIGN KEY (`crmid`) REFERENCES `nectarcrm_crmentity` (`crmid`) ON DELETE CASCADE
) ENGINE=InnoDB DEFAULT CHARSET=utf8;
/*!40101 SET character_set_client = @saved_cs_client */;

--
-- Dumping data for table `nectarcrm_pbxmanager_phonelookup`
--

LOCK TABLES `nectarcrm_pbxmanager_phonelookup` WRITE;
/*!40000 ALTER TABLE `nectarcrm_pbxmanager_phonelookup` DISABLE KEYS */;
INSERT INTO `nectarcrm_pbxmanager_phonelookup` VALUES (2,'Leads','9028546153','3516458209','phone'),(7,'Accounts','950366528','825663059','phone'),(8,'Contacts','950366528','825663059','phone'),(14,'Leads','00441612374044','44047321614400','phone'),(17,'Leads','89678y86y8','8y68y87698','phone'),(28,'Accounts','904980000000','000000089409','phone'),(39,'Leads','9087986786786','6876876897809','phone'),(39,'Leads','09990909090','09090909990','mobile'),(48,'Leads','Accounts::::NectarInfotelSolutions','snoituloSletofnIratceN::::stnuoccA','phone'),(48,'Leads','20190430','03409102','fax'),(49,'Leads','20190430','03409102','fax'),(50,'Leads','Accounts::::harpale','elaprah::::stnuoccA','phone'),(50,'Leads','50000','00005','mobile'),(50,'Leads','20190430','03409102','fax'),(51,'Leads','Accounts::::Nectardemo','omedratceN::::stnuoccA','phone'),(51,'Leads','70000','00007','mobile'),(51,'Leads','20190425','52409102','fax'),(52,'Leads','Accounts::::Nectardemo','omedratceN::::stnuoccA','phone'),(52,'Leads','20190430','03409102','fax'),(53,'Leads','Accounts::::Movicel','lecivoM::::stnuoccA','phone'),(53,'Leads','50000','00005','mobile'),(53,'Leads','20190430','03409102','fax'),(54,'Leads','Accounts::::Movicel','lecivoM::::stnuoccA','phone'),(54,'Leads','25000','00052','mobile'),(54,'Leads','20190430','03409102','fax'),(56,'Contacts','09876543267','76234567890','phone'),(55,'Accounts','4','4','fax'),(71,'Accounts','90078675757','75757687009','phone'),(72,'Contacts','080970970980','089079079080','phone'),(73,'Accounts','0809880980','0890889080','phone'),(100,'Accounts','4444444444','4444444444','phone'),(124,'Contacts','00000','00000','phone'),(125,'Accounts','09808908989','98980980890','phone'),(125,'Accounts','867867867','768768768','fax'),(125,'Accounts','87867867','76876878','otherphone'),(130,'Contacts','909009999','999900909','phone'),(130,'Contacts','9988778678','8768778899','mobile'),(147,'Accounts','0000990000','0000990000','phone'),(148,'Contacts','444444','444444','phone');
/*!40000 ALTER TABLE `nectarcrm_pbxmanager_phonelookup` ENABLE KEYS */;
UNLOCK TABLES;

--
-- Table structure for table `nectarcrm_pbxmanagercf`
--

DROP TABLE IF EXISTS `nectarcrm_pbxmanagercf`;
/*!40101 SET @saved_cs_client     = @@character_set_client */;
/*!40101 SET character_set_client = utf8 */;
CREATE TABLE `nectarcrm_pbxmanagercf` (
  `pbxmanagerid` int(11) NOT NULL,
  PRIMARY KEY (`pbxmanagerid`),
  CONSTRAINT `fk_pbxmanagerid_nectarcrm_pbxmanagercf` FOREIGN KEY (`pbxmanagerid`) REFERENCES `nectarcrm_pbxmanager` (`pbxmanagerid`) ON DELETE CASCADE
) ENGINE=InnoDB DEFAULT CHARSET=utf8;
/*!40101 SET character_set_client = @saved_cs_client */;

--
-- Dumping data for table `nectarcrm_pbxmanagercf`
--

LOCK TABLES `nectarcrm_pbxmanagercf` WRITE;
/*!40000 ALTER TABLE `nectarcrm_pbxmanagercf` DISABLE KEYS */;
/*!40000 ALTER TABLE `nectarcrm_pbxmanagercf` ENABLE KEYS */;
UNLOCK TABLES;

--
-- Table structure for table `nectarcrm_picklist`
--

DROP TABLE IF EXISTS `nectarcrm_picklist`;
/*!40101 SET @saved_cs_client     = @@character_set_client */;
/*!40101 SET character_set_client = utf8 */;
CREATE TABLE `nectarcrm_picklist` (
  `picklistid` int(11) NOT NULL AUTO_INCREMENT,
  `name` varchar(200) NOT NULL,
  PRIMARY KEY (`picklistid`),
  UNIQUE KEY `picklist_name_idx` (`name`)
) ENGINE=InnoDB AUTO_INCREMENT=49 DEFAULT CHARSET=utf8;
/*!40101 SET character_set_client = @saved_cs_client */;

--
-- Dumping data for table `nectarcrm_picklist`
--

LOCK TABLES `nectarcrm_picklist` WRITE;
/*!40000 ALTER TABLE `nectarcrm_picklist` DISABLE KEYS */;
INSERT INTO `nectarcrm_picklist` VALUES (1,'accounttype'),(2,'activitytype'),(37,'assetstatus'),(3,'campaignstatus'),(4,'campaigntype'),(5,'carrier'),(35,'contract_priority'),(34,'contract_status'),(36,'contract_type'),(48,'defaultactivitytype'),(47,'defaulteventstatus'),(6,'eventstatus'),(7,'expectedresponse'),(8,'faqcategories'),(9,'faqstatus'),(10,'glacct'),(11,'industry'),(12,'invoicestatus'),(13,'leadsource'),(14,'leadstatus'),(15,'manufacturer'),(16,'opportunity_type'),(17,'postatus'),(18,'productcategory'),(45,'progress'),(38,'projectmilestonetype'),(44,'projectpriority'),(42,'projectstatus'),(40,'projecttaskpriority'),(41,'projecttaskprogress'),(46,'projecttaskstatus'),(39,'projecttasktype'),(43,'projecttype'),(19,'quotestage'),(20,'rating'),(21,'sales_stage'),(22,'salutationtype'),(32,'servicecategory'),(31,'service_usageunit'),(23,'sostatus'),(24,'taskpriority'),(25,'taskstatus'),(26,'ticketcategories'),(27,'ticketpriorities'),(28,'ticketseverities'),(29,'ticketstatus'),(33,'tracking_unit'),(30,'usageunit');
/*!40000 ALTER TABLE `nectarcrm_picklist` ENABLE KEYS */;
UNLOCK TABLES;

--
-- Table structure for table `nectarcrm_picklist_dependency`
--

DROP TABLE IF EXISTS `nectarcrm_picklist_dependency`;
/*!40101 SET @saved_cs_client     = @@character_set_client */;
/*!40101 SET character_set_client = utf8 */;
CREATE TABLE `nectarcrm_picklist_dependency` (
  `id` int(11) NOT NULL,
  `tabid` int(19) NOT NULL,
  `sourcefield` varchar(255) DEFAULT NULL,
  `targetfield` varchar(255) DEFAULT NULL,
  `sourcevalue` varchar(100) DEFAULT NULL,
  `targetvalues` text,
  `criteria` text,
  PRIMARY KEY (`id`)
) ENGINE=InnoDB DEFAULT CHARSET=utf8;
/*!40101 SET character_set_client = @saved_cs_client */;

--
-- Dumping data for table `nectarcrm_picklist_dependency`
--

LOCK TABLES `nectarcrm_picklist_dependency` WRITE;
/*!40000 ALTER TABLE `nectarcrm_picklist_dependency` DISABLE KEYS */;
INSERT INTO `nectarcrm_picklist_dependency` VALUES (1,6,'industry','rating','Apparel','[\"Acquired\",\"Active\",\"Market Failed\",\"Project Cancelled\",\"Shutdown\",\"1\"]',NULL),(2,6,'industry','rating','Banking','[\"Acquired\",\"Active\",\"Market Failed\",\"Project Cancelled\",\"Shutdown\",\"1\"]',NULL),(3,6,'industry','rating','Biotechnology','[\"Acquired\",\"Active\",\"Market Failed\",\"Project Cancelled\",\"Shutdown\",\"1\"]',NULL),(4,6,'industry','rating','Chemicals','[\"Acquired\",\"Active\",\"Market Failed\",\"Project Cancelled\",\"Shutdown\",\"1\"]',NULL),(5,6,'industry','rating','Communications','[\"Acquired\",\"Active\",\"Market Failed\",\"Project Cancelled\",\"Shutdown\",\"1\"]',NULL),(6,6,'industry','rating','Construction','[\"Acquired\",\"Active\",\"Market Failed\",\"Project Cancelled\",\"Shutdown\",\"1\"]',NULL),(7,6,'industry','rating','Consulting','[\"Acquired\",\"Active\",\"Market Failed\",\"Project Cancelled\",\"Shutdown\",\"1\"]',NULL),(8,6,'industry','rating','Education','[\"Acquired\",\"Active\",\"Market Failed\",\"Project Cancelled\",\"Shutdown\",\"1\"]',NULL),(9,6,'industry','rating','Electronics','[\"Acquired\",\"Active\",\"Market Failed\",\"Project Cancelled\",\"Shutdown\",\"1\"]',NULL),(10,6,'industry','rating','Energy','[\"Acquired\",\"Active\",\"Market Failed\",\"Project Cancelled\",\"Shutdown\",\"1\"]',NULL),(11,6,'industry','rating','Engineering','[\"Acquired\",\"Active\",\"Market Failed\",\"Project Cancelled\",\"Shutdown\",\"1\"]',NULL),(12,6,'industry','rating','Entertainment','[\"Acquired\",\"Active\",\"Market Failed\",\"Project Cancelled\",\"Shutdown\",\"1\"]',NULL),(13,6,'industry','rating','Environmental','[\"Acquired\",\"Active\",\"Market Failed\",\"Project Cancelled\",\"Shutdown\",\"1\"]',NULL),(14,6,'industry','rating','Finance','[\"Acquired\",\"Active\",\"Market Failed\",\"Project Cancelled\",\"Shutdown\",\"1\"]',NULL),(15,6,'industry','rating','Food & Beverage','[\"Acquired\",\"Active\",\"Market Failed\",\"Project Cancelled\",\"Shutdown\",\"1\"]',NULL),(16,6,'industry','rating','Government','[\"Acquired\",\"Active\",\"Market Failed\",\"Project Cancelled\",\"Shutdown\",\"1\"]',NULL),(17,6,'industry','rating','Healthcare','[\"Acquired\",\"Active\",\"Market Failed\",\"Project Cancelled\",\"Shutdown\",\"1\"]',NULL),(18,6,'industry','rating','Hospitality','[\"Acquired\",\"Active\",\"Market Failed\",\"Project Cancelled\",\"Shutdown\",\"1\"]',NULL),(19,6,'industry','rating','Insurance','[\"Acquired\",\"Active\",\"Market Failed\",\"Project Cancelled\",\"Shutdown\",\"1\"]',NULL),(20,6,'industry','rating','Machinery','[\"Acquired\",\"Active\",\"Market Failed\",\"Project Cancelled\",\"Shutdown\",\"1\"]',NULL),(21,6,'industry','rating','Manufacturing','[\"Acquired\",\"Active\",\"Market Failed\",\"Project Cancelled\",\"Shutdown\",\"1\"]',NULL),(22,6,'industry','rating','Media','[\"Acquired\",\"Active\",\"Market Failed\",\"Project Cancelled\",\"Shutdown\",\"1\"]',NULL),(23,6,'industry','rating','Not For Profit','[\"Acquired\",\"Active\",\"Market Failed\",\"Project Cancelled\",\"Shutdown\",\"1\"]',NULL),(24,6,'industry','rating','Recreation','[\"Acquired\",\"Active\",\"Market Failed\",\"Project Cancelled\",\"Shutdown\",\"1\"]',NULL),(25,6,'industry','rating','Retail','[\"Acquired\",\"Active\",\"Market Failed\",\"Project Cancelled\",\"Shutdown\",\"1\"]',NULL),(26,6,'industry','rating','Shipping','[\"Acquired\",\"Active\",\"Market Failed\",\"Project Cancelled\",\"Shutdown\",\"1\"]',NULL),(27,6,'industry','rating','Technology','[\"Acquired\",\"Active\",\"Market Failed\",\"Project Cancelled\",\"Shutdown\",\"1\"]',NULL),(28,6,'industry','rating','Telecommunications','[\"Acquired\",\"Active\",\"Market Failed\",\"Project Cancelled\",\"Shutdown\",\"1\"]',NULL),(29,6,'industry','rating','Transportation','[\"Acquired\",\"Active\",\"Market Failed\",\"Project Cancelled\",\"Shutdown\",\"1\"]',NULL),(30,6,'industry','rating','Utilities','[\"Acquired\",\"Active\",\"Market Failed\",\"Project Cancelled\",\"Shutdown\",\"1\"]',NULL),(31,6,'industry','rating','Other','[\"Acquired\",\"Active\",\"Market Failed\",\"Project Cancelled\",\"Shutdown\",\"1\"]',NULL),(32,6,'industry','rating','90','[\"Acquired\",\"Active\",\"Market Failed\",\"Project Cancelled\",\"Shutdown\",\"1\"]',NULL),(33,6,'industry','rating','67','[\"Acquired\",\"Active\",\"Market Failed\",\"Project Cancelled\",\"Shutdown\",\"1\"]',NULL),(34,6,'industry','rating','10','[\"Acquired\",\"Active\",\"Market Failed\",\"Project Cancelled\",\"Shutdown\",\"1\"]',NULL),(35,9,'taskpriority','taskstatus','High','[\"Not Started\",\"In Progress\",\"Completed\",\"Pending Input\",\"Deferred\",\"Planned\"]',NULL),(36,9,'taskpriority','taskstatus','Medium','[\"Not Started\",\"In Progress\",\"Completed\",\"Pending Input\",\"Deferred\",\"Planned\"]',NULL),(37,9,'taskpriority','taskstatus','Low','[\"Not Started\",\"In Progress\",\"Completed\",\"Pending Input\",\"Deferred\",\"Planned\"]',NULL);
/*!40000 ALTER TABLE `nectarcrm_picklist_dependency` ENABLE KEYS */;
UNLOCK TABLES;

--
-- Table structure for table `nectarcrm_picklist_dependency_seq`
--

DROP TABLE IF EXISTS `nectarcrm_picklist_dependency_seq`;
/*!40101 SET @saved_cs_client     = @@character_set_client */;
/*!40101 SET character_set_client = utf8 */;
CREATE TABLE `nectarcrm_picklist_dependency_seq` (
  `id` int(11) NOT NULL
) ENGINE=InnoDB DEFAULT CHARSET=latin1;
/*!40101 SET character_set_client = @saved_cs_client */;

--
-- Dumping data for table `nectarcrm_picklist_dependency_seq`
--

LOCK TABLES `nectarcrm_picklist_dependency_seq` WRITE;
/*!40000 ALTER TABLE `nectarcrm_picklist_dependency_seq` DISABLE KEYS */;
INSERT INTO `nectarcrm_picklist_dependency_seq` VALUES (37);
/*!40000 ALTER TABLE `nectarcrm_picklist_dependency_seq` ENABLE KEYS */;
UNLOCK TABLES;

--
-- Table structure for table `nectarcrm_picklist_seq`
--

DROP TABLE IF EXISTS `nectarcrm_picklist_seq`;
/*!40101 SET @saved_cs_client     = @@character_set_client */;
/*!40101 SET character_set_client = utf8 */;
CREATE TABLE `nectarcrm_picklist_seq` (
  `id` int(11) NOT NULL
) ENGINE=InnoDB DEFAULT CHARSET=utf8;
/*!40101 SET character_set_client = @saved_cs_client */;

--
-- Dumping data for table `nectarcrm_picklist_seq`
--

LOCK TABLES `nectarcrm_picklist_seq` WRITE;
/*!40000 ALTER TABLE `nectarcrm_picklist_seq` DISABLE KEYS */;
INSERT INTO `nectarcrm_picklist_seq` VALUES (48);
/*!40000 ALTER TABLE `nectarcrm_picklist_seq` ENABLE KEYS */;
UNLOCK TABLES;

--
-- Table structure for table `nectarcrm_picklist_transitions`
--

DROP TABLE IF EXISTS `nectarcrm_picklist_transitions`;
/*!40101 SET @saved_cs_client     = @@character_set_client */;
/*!40101 SET character_set_client = utf8 */;
CREATE TABLE `nectarcrm_picklist_transitions` (
  `fieldname` varchar(255) NOT NULL,
  `module` varchar(100) NOT NULL,
  `transition_data` varchar(1000) NOT NULL,
  PRIMARY KEY (`fieldname`)
) ENGINE=InnoDB DEFAULT CHARSET=utf8;
/*!40101 SET character_set_client = @saved_cs_client */;

--
-- Dumping data for table `nectarcrm_picklist_transitions`
--

LOCK TABLES `nectarcrm_picklist_transitions` WRITE;
/*!40000 ALTER TABLE `nectarcrm_picklist_transitions` DISABLE KEYS */;
/*!40000 ALTER TABLE `nectarcrm_picklist_transitions` ENABLE KEYS */;
UNLOCK TABLES;

--
-- Table structure for table `nectarcrm_picklistvalues_seq`
--

DROP TABLE IF EXISTS `nectarcrm_picklistvalues_seq`;
/*!40101 SET @saved_cs_client     = @@character_set_client */;
/*!40101 SET character_set_client = utf8 */;
CREATE TABLE `nectarcrm_picklistvalues_seq` (
  `id` int(11) NOT NULL
) ENGINE=InnoDB DEFAULT CHARSET=utf8;
/*!40101 SET character_set_client = @saved_cs_client */;

--
-- Dumping data for table `nectarcrm_picklistvalues_seq`
--

LOCK TABLES `nectarcrm_picklistvalues_seq` WRITE;
/*!40000 ALTER TABLE `nectarcrm_picklistvalues_seq` DISABLE KEYS */;
INSERT INTO `nectarcrm_picklistvalues_seq` VALUES (320);
/*!40000 ALTER TABLE `nectarcrm_picklistvalues_seq` ENABLE KEYS */;
UNLOCK TABLES;

--
-- Table structure for table `nectarcrm_pobillads`
--

DROP TABLE IF EXISTS `nectarcrm_pobillads`;
/*!40101 SET @saved_cs_client     = @@character_set_client */;
/*!40101 SET character_set_client = utf8 */;
CREATE TABLE `nectarcrm_pobillads` (
  `pobilladdressid` int(19) NOT NULL DEFAULT '0',
  `bill_city` varchar(30) DEFAULT NULL,
  `bill_code` varchar(30) DEFAULT NULL,
  `bill_country` varchar(30) DEFAULT NULL,
  `bill_state` varchar(30) DEFAULT NULL,
  `bill_street` varchar(250) DEFAULT NULL,
  `bill_pobox` varchar(30) DEFAULT NULL,
  PRIMARY KEY (`pobilladdressid`),
  CONSTRAINT `fk_1_nectarcrm_pobillads` FOREIGN KEY (`pobilladdressid`) REFERENCES `nectarcrm_purchaseorder` (`purchaseorderid`) ON DELETE CASCADE
) ENGINE=InnoDB DEFAULT CHARSET=utf8;
/*!40101 SET character_set_client = @saved_cs_client */;

--
-- Dumping data for table `nectarcrm_pobillads`
--

LOCK TABLES `nectarcrm_pobillads` WRITE;
/*!40000 ALTER TABLE `nectarcrm_pobillads` DISABLE KEYS */;
INSERT INTO `nectarcrm_pobillads` VALUES (82,'Pune','412308','India','Maharashtra','Nectar Infotel Pvt. Ltd SP Infocity',''),(84,'Tirana','','','','Dubai',''),(87,'','','','','Dubai',''),(92,'','','','','Dubai',''),(102,'Pune','','','India  Maharashtra','SP Infocity',''),(112,'SANGLI','','','Maharashtra','SP Infocity','');
/*!40000 ALTER TABLE `nectarcrm_pobillads` ENABLE KEYS */;
UNLOCK TABLES;

--
-- Table structure for table `nectarcrm_portal`
--

DROP TABLE IF EXISTS `nectarcrm_portal`;
/*!40101 SET @saved_cs_client     = @@character_set_client */;
/*!40101 SET character_set_client = utf8 */;
CREATE TABLE `nectarcrm_portal` (
  `portalid` int(19) NOT NULL,
  `portalname` varchar(200) NOT NULL,
  `portalurl` varchar(255) NOT NULL,
  `sequence` int(3) NOT NULL,
  `setdefault` int(3) NOT NULL DEFAULT '0',
  `createdtime` datetime DEFAULT NULL,
  PRIMARY KEY (`portalid`),
  KEY `portal_portalname_idx` (`portalname`)
) ENGINE=InnoDB DEFAULT CHARSET=utf8;
/*!40101 SET character_set_client = @saved_cs_client */;

--
-- Dumping data for table `nectarcrm_portal`
--

LOCK TABLES `nectarcrm_portal` WRITE;
/*!40000 ALTER TABLE `nectarcrm_portal` DISABLE KEYS */;
INSERT INTO `nectarcrm_portal` VALUES (1,'demon','http://crmuat.nectarinfotel.com/',0,0,'2019-11-20 10:38:58');
/*!40000 ALTER TABLE `nectarcrm_portal` ENABLE KEYS */;
UNLOCK TABLES;

--
-- Table structure for table `nectarcrm_portal_seq`
--

DROP TABLE IF EXISTS `nectarcrm_portal_seq`;
/*!40101 SET @saved_cs_client     = @@character_set_client */;
/*!40101 SET character_set_client = utf8 */;
CREATE TABLE `nectarcrm_portal_seq` (
  `id` int(11) NOT NULL
) ENGINE=InnoDB DEFAULT CHARSET=latin1;
/*!40101 SET character_set_client = @saved_cs_client */;

--
-- Dumping data for table `nectarcrm_portal_seq`
--

LOCK TABLES `nectarcrm_portal_seq` WRITE;
/*!40000 ALTER TABLE `nectarcrm_portal_seq` DISABLE KEYS */;
INSERT INTO `nectarcrm_portal_seq` VALUES (2);
/*!40000 ALTER TABLE `nectarcrm_portal_seq` ENABLE KEYS */;
UNLOCK TABLES;

--
-- Table structure for table `nectarcrm_portalinfo`
--

DROP TABLE IF EXISTS `nectarcrm_portalinfo`;
/*!40101 SET @saved_cs_client     = @@character_set_client */;
/*!40101 SET character_set_client = utf8 */;
CREATE TABLE `nectarcrm_portalinfo` (
  `id` int(11) NOT NULL,
  `user_name` varchar(50) DEFAULT NULL,
  `user_password` varchar(255) DEFAULT NULL,
  `type` varchar(5) DEFAULT NULL,
  `cryptmode` varchar(20) DEFAULT NULL,
  `last_login_time` datetime DEFAULT NULL,
  `login_time` datetime DEFAULT NULL,
  `logout_time` datetime DEFAULT NULL,
  `isactive` int(1) DEFAULT NULL,
  PRIMARY KEY (`id`),
  CONSTRAINT `fk_1_nectarcrm_portalinfo` FOREIGN KEY (`id`) REFERENCES `nectarcrm_contactdetails` (`contactid`) ON DELETE CASCADE
) ENGINE=InnoDB DEFAULT CHARSET=utf8;
/*!40101 SET character_set_client = @saved_cs_client */;

--
-- Dumping data for table `nectarcrm_portalinfo`
--

LOCK TABLES `nectarcrm_portalinfo` WRITE;
/*!40000 ALTER TABLE `nectarcrm_portalinfo` DISABLE KEYS */;
/*!40000 ALTER TABLE `nectarcrm_portalinfo` ENABLE KEYS */;
UNLOCK TABLES;

--
-- Table structure for table `nectarcrm_poshipads`
--

DROP TABLE IF EXISTS `nectarcrm_poshipads`;
/*!40101 SET @saved_cs_client     = @@character_set_client */;
/*!40101 SET character_set_client = utf8 */;
CREATE TABLE `nectarcrm_poshipads` (
  `poshipaddressid` int(19) NOT NULL DEFAULT '0',
  `ship_city` varchar(30) DEFAULT NULL,
  `ship_code` varchar(30) DEFAULT NULL,
  `ship_country` varchar(30) DEFAULT NULL,
  `ship_state` varchar(30) DEFAULT NULL,
  `ship_street` varchar(250) DEFAULT NULL,
  `ship_pobox` varchar(30) DEFAULT NULL,
  PRIMARY KEY (`poshipaddressid`),
  CONSTRAINT `fk_1_nectarcrm_poshipads` FOREIGN KEY (`poshipaddressid`) REFERENCES `nectarcrm_purchaseorder` (`purchaseorderid`) ON DELETE CASCADE
) ENGINE=InnoDB DEFAULT CHARSET=utf8;
/*!40101 SET character_set_client = @saved_cs_client */;

--
-- Dumping data for table `nectarcrm_poshipads`
--

LOCK TABLES `nectarcrm_poshipads` WRITE;
/*!40000 ALTER TABLE `nectarcrm_poshipads` DISABLE KEYS */;
INSERT INTO `nectarcrm_poshipads` VALUES (82,'Pune','412308','India','Maharashtra','Nectar Infotel Pvt. Ltd SP Infocity',''),(84,'Tirana','','','','Dubai','412308'),(87,'','','','','Dubai',''),(92,'Pune','412308','India','Maharashtra','Nectar Infotel Pvt. Ltd SP Infocity',''),(102,'Pune','','','India  Maharashtra','SP Infocity','412308'),(112,'SANGLI','','','Maharashtra','SP Infocity','416416');
/*!40000 ALTER TABLE `nectarcrm_poshipads` ENABLE KEYS */;
UNLOCK TABLES;

--
-- Table structure for table `nectarcrm_postatus`
--

DROP TABLE IF EXISTS `nectarcrm_postatus`;
/*!40101 SET @saved_cs_client     = @@character_set_client */;
/*!40101 SET character_set_client = utf8 */;
CREATE TABLE `nectarcrm_postatus` (
  `postatusid` int(19) NOT NULL AUTO_INCREMENT,
  `postatus` varchar(200) NOT NULL,
  `presence` int(1) NOT NULL DEFAULT '1',
  `picklist_valueid` int(19) NOT NULL DEFAULT '0',
  `sortorderid` int(11) DEFAULT NULL,
  `color` varchar(10) DEFAULT NULL,
  PRIMARY KEY (`postatusid`),
  UNIQUE KEY `postatus_postatus_idx` (`postatus`)
) ENGINE=InnoDB AUTO_INCREMENT=6 DEFAULT CHARSET=utf8;
/*!40101 SET character_set_client = @saved_cs_client */;

--
-- Dumping data for table `nectarcrm_postatus`
--

LOCK TABLES `nectarcrm_postatus` WRITE;
/*!40000 ALTER TABLE `nectarcrm_postatus` DISABLE KEYS */;
INSERT INTO `nectarcrm_postatus` VALUES (1,'Created',0,130,0,NULL),(2,'Approved',0,131,1,NULL),(3,'Delivered',0,132,2,NULL),(4,'Cancelled',0,133,3,NULL),(5,'Received Shipment',0,134,4,NULL);
/*!40000 ALTER TABLE `nectarcrm_postatus` ENABLE KEYS */;
UNLOCK TABLES;

--
-- Table structure for table `nectarcrm_postatus_seq`
--

DROP TABLE IF EXISTS `nectarcrm_postatus_seq`;
/*!40101 SET @saved_cs_client     = @@character_set_client */;
/*!40101 SET character_set_client = utf8 */;
CREATE TABLE `nectarcrm_postatus_seq` (
  `id` int(11) NOT NULL
) ENGINE=InnoDB DEFAULT CHARSET=utf8;
/*!40101 SET character_set_client = @saved_cs_client */;

--
-- Dumping data for table `nectarcrm_postatus_seq`
--

LOCK TABLES `nectarcrm_postatus_seq` WRITE;
/*!40000 ALTER TABLE `nectarcrm_postatus_seq` DISABLE KEYS */;
INSERT INTO `nectarcrm_postatus_seq` VALUES (5);
/*!40000 ALTER TABLE `nectarcrm_postatus_seq` ENABLE KEYS */;
UNLOCK TABLES;

--
-- Table structure for table `nectarcrm_postatushistory`
--

DROP TABLE IF EXISTS `nectarcrm_postatushistory`;
/*!40101 SET @saved_cs_client     = @@character_set_client */;
/*!40101 SET character_set_client = utf8 */;
CREATE TABLE `nectarcrm_postatushistory` (
  `historyid` int(19) NOT NULL AUTO_INCREMENT,
  `purchaseorderid` int(19) NOT NULL,
  `vendorname` varchar(100) DEFAULT NULL,
  `total` decimal(10,0) DEFAULT NULL,
  `postatus` varchar(200) DEFAULT NULL,
  `lastmodified` datetime DEFAULT NULL,
  PRIMARY KEY (`historyid`),
  KEY `postatushistory_purchaseorderid_idx` (`purchaseorderid`),
  CONSTRAINT `fk_1_nectarcrm_postatushistory` FOREIGN KEY (`purchaseorderid`) REFERENCES `nectarcrm_purchaseorder` (`purchaseorderid`) ON DELETE CASCADE
) ENGINE=InnoDB DEFAULT CHARSET=utf8;
/*!40101 SET character_set_client = @saved_cs_client */;

--
-- Dumping data for table `nectarcrm_postatushistory`
--

LOCK TABLES `nectarcrm_postatushistory` WRITE;
/*!40000 ALTER TABLE `nectarcrm_postatushistory` DISABLE KEYS */;
/*!40000 ALTER TABLE `nectarcrm_postatushistory` ENABLE KEYS */;
UNLOCK TABLES;

--
-- Table structure for table `nectarcrm_potential`
--

DROP TABLE IF EXISTS `nectarcrm_potential`;
/*!40101 SET @saved_cs_client     = @@character_set_client */;
/*!40101 SET character_set_client = utf8 */;
CREATE TABLE `nectarcrm_potential` (
  `potentialid` int(19) NOT NULL DEFAULT '0',
  `potential_no` varchar(100) NOT NULL,
  `related_to` int(19) DEFAULT NULL,
  `potentialname` varchar(120) NOT NULL,
  `amount` decimal(25,8) DEFAULT NULL,
  `currency` varchar(20) DEFAULT NULL,
  `closingdate` date DEFAULT NULL,
  `typeofrevenue` varchar(50) DEFAULT NULL,
  `nextstep` varchar(100) DEFAULT NULL,
  `private` int(1) DEFAULT '0',
  `probability` decimal(7,3) DEFAULT '0.000',
  `campaignid` int(19) DEFAULT NULL,
  `sales_stage` varchar(200) DEFAULT NULL,
  `potentialtype` varchar(200) DEFAULT NULL,
  `leadsource` varchar(200) DEFAULT NULL,
  `productid` int(50) DEFAULT NULL,
  `productversion` varchar(50) DEFAULT NULL,
  `quotationref` varchar(50) DEFAULT NULL,
  `partnercontact` varchar(50) DEFAULT NULL,
  `remarks` varchar(50) DEFAULT NULL,
  `runtimefee` int(19) DEFAULT '0',
  `followupdate` date DEFAULT NULL,
  `evaluationstatus` varchar(50) DEFAULT NULL,
  `description` text,
  `forecastcategory` int(19) DEFAULT '0',
  `outcomeanalysis` int(19) DEFAULT '0',
  `forecast_amount` decimal(25,8) DEFAULT NULL,
  `isconvertedfromlead` varchar(3) DEFAULT '0',
  `contact_id` int(19) DEFAULT NULL,
  `tags` varchar(1) DEFAULT NULL,
  `converted` int(1) NOT NULL DEFAULT '0',
  PRIMARY KEY (`potentialid`),
  KEY `potential_relatedto_idx` (`related_to`),
  KEY `potentail_sales_stage_idx` (`sales_stage`),
  KEY `potentail_sales_stage_amount_idx` (`amount`,`sales_stage`),
  CONSTRAINT `fk_1_nectarcrm_potential` FOREIGN KEY (`potentialid`) REFERENCES `nectarcrm_crmentity` (`crmid`) ON DELETE CASCADE
) ENGINE=InnoDB DEFAULT CHARSET=utf8;
/*!40101 SET character_set_client = @saved_cs_client */;

--
-- Dumping data for table `nectarcrm_potential`
--

LOCK TABLES `nectarcrm_potential` WRITE;
/*!40000 ALTER TABLE `nectarcrm_potential` DISABLE KEYS */;
INSERT INTO `nectarcrm_potential` VALUES (19,'POT2',7,'Helping Hand',412345.00000000,NULL,'2018-08-29',NULL,'',0,0.000,16,'Id. Decision Makers','Existing Business','',NULL,NULL,NULL,NULL,NULL,0,NULL,NULL,NULL,0,0,0.00000000,'0',8,'',0),(64,'POT3',7,'Opportunity',9000.00000000,NULL,'2019-11-30',NULL,'',0,7.000,63,'Proposal or Price Quote','Existing Business','Self Generated',NULL,NULL,NULL,NULL,NULL,0,NULL,NULL,NULL,0,0,630.00000000,'0',62,'',1);
/*!40000 ALTER TABLE `nectarcrm_potential` ENABLE KEYS */;
UNLOCK TABLES;

--
-- Table structure for table `nectarcrm_potentialscf`
--

DROP TABLE IF EXISTS `nectarcrm_potentialscf`;
/*!40101 SET @saved_cs_client     = @@character_set_client */;
/*!40101 SET character_set_client = utf8 */;
CREATE TABLE `nectarcrm_potentialscf` (
  `potentialid` int(19) NOT NULL DEFAULT '0',
  PRIMARY KEY (`potentialid`),
  CONSTRAINT `fk_1_nectarcrm_potentialscf` FOREIGN KEY (`potentialid`) REFERENCES `nectarcrm_potential` (`potentialid`) ON DELETE CASCADE
) ENGINE=InnoDB DEFAULT CHARSET=utf8;
/*!40101 SET character_set_client = @saved_cs_client */;

--
-- Dumping data for table `nectarcrm_potentialscf`
--

LOCK TABLES `nectarcrm_potentialscf` WRITE;
/*!40000 ALTER TABLE `nectarcrm_potentialscf` DISABLE KEYS */;
INSERT INTO `nectarcrm_potentialscf` VALUES (19),(64);
/*!40000 ALTER TABLE `nectarcrm_potentialscf` ENABLE KEYS */;
UNLOCK TABLES;

--
-- Table structure for table `nectarcrm_potstagehistory`
--

DROP TABLE IF EXISTS `nectarcrm_potstagehistory`;
/*!40101 SET @saved_cs_client     = @@character_set_client */;
/*!40101 SET character_set_client = utf8 */;
CREATE TABLE `nectarcrm_potstagehistory` (
  `historyid` int(19) NOT NULL AUTO_INCREMENT,
  `potentialid` int(19) NOT NULL,
  `amount` decimal(10,0) DEFAULT NULL,
  `stage` varchar(100) DEFAULT NULL,
  `probability` decimal(7,3) DEFAULT NULL,
  `expectedrevenue` decimal(10,0) DEFAULT NULL,
  `closedate` date DEFAULT NULL,
  `lastmodified` datetime DEFAULT NULL,
  PRIMARY KEY (`historyid`),
  KEY `potstagehistory_potentialid_idx` (`potentialid`),
  CONSTRAINT `fk_1_nectarcrm_potstagehistory` FOREIGN KEY (`potentialid`) REFERENCES `nectarcrm_potential` (`potentialid`) ON DELETE CASCADE
) ENGINE=InnoDB DEFAULT CHARSET=utf8;
/*!40101 SET character_set_client = @saved_cs_client */;

--
-- Dumping data for table `nectarcrm_potstagehistory`
--

LOCK TABLES `nectarcrm_potstagehistory` WRITE;
/*!40000 ALTER TABLE `nectarcrm_potstagehistory` DISABLE KEYS */;
/*!40000 ALTER TABLE `nectarcrm_potstagehistory` ENABLE KEYS */;
UNLOCK TABLES;

--
-- Table structure for table `nectarcrm_pricebook`
--

DROP TABLE IF EXISTS `nectarcrm_pricebook`;
/*!40101 SET @saved_cs_client     = @@character_set_client */;
/*!40101 SET character_set_client = utf8 */;
CREATE TABLE `nectarcrm_pricebook` (
  `pricebookid` int(19) NOT NULL DEFAULT '0',
  `pricebook_no` varchar(100) NOT NULL,
  `bookname` varchar(100) DEFAULT NULL,
  `active` int(1) DEFAULT NULL,
  `currency_id` int(19) NOT NULL DEFAULT '1',
  `tags` varchar(1) DEFAULT NULL,
  PRIMARY KEY (`pricebookid`),
  CONSTRAINT `fk_1_nectarcrm_pricebook` FOREIGN KEY (`pricebookid`) REFERENCES `nectarcrm_crmentity` (`crmid`) ON DELETE CASCADE
) ENGINE=InnoDB DEFAULT CHARSET=utf8;
/*!40101 SET character_set_client = @saved_cs_client */;

--
-- Dumping data for table `nectarcrm_pricebook`
--

LOCK TABLES `nectarcrm_pricebook` WRITE;
/*!40000 ALTER TABLE `nectarcrm_pricebook` DISABLE KEYS */;
INSERT INTO `nectarcrm_pricebook` VALUES (95,'PB1','Indian',1,1,''),(104,'PB2','Indian',1,1,''),(115,'PB3','Indian',1,1,'');
/*!40000 ALTER TABLE `nectarcrm_pricebook` ENABLE KEYS */;
UNLOCK TABLES;

--
-- Table structure for table `nectarcrm_pricebookcf`
--

DROP TABLE IF EXISTS `nectarcrm_pricebookcf`;
/*!40101 SET @saved_cs_client     = @@character_set_client */;
/*!40101 SET character_set_client = utf8 */;
CREATE TABLE `nectarcrm_pricebookcf` (
  `pricebookid` int(19) NOT NULL DEFAULT '0',
  PRIMARY KEY (`pricebookid`),
  CONSTRAINT `fk_1_nectarcrm_pricebookcf` FOREIGN KEY (`pricebookid`) REFERENCES `nectarcrm_pricebook` (`pricebookid`) ON DELETE CASCADE
) ENGINE=InnoDB DEFAULT CHARSET=utf8;
/*!40101 SET character_set_client = @saved_cs_client */;

--
-- Dumping data for table `nectarcrm_pricebookcf`
--

LOCK TABLES `nectarcrm_pricebookcf` WRITE;
/*!40000 ALTER TABLE `nectarcrm_pricebookcf` DISABLE KEYS */;
INSERT INTO `nectarcrm_pricebookcf` VALUES (95),(104),(115);
/*!40000 ALTER TABLE `nectarcrm_pricebookcf` ENABLE KEYS */;
UNLOCK TABLES;

--
-- Table structure for table `nectarcrm_pricebookproductrel`
--

DROP TABLE IF EXISTS `nectarcrm_pricebookproductrel`;
/*!40101 SET @saved_cs_client     = @@character_set_client */;
/*!40101 SET character_set_client = utf8 */;
CREATE TABLE `nectarcrm_pricebookproductrel` (
  `pricebookid` int(19) NOT NULL,
  `productid` int(19) NOT NULL,
  `listprice` decimal(27,8) DEFAULT NULL,
  `usedcurrency` int(11) NOT NULL DEFAULT '1',
  PRIMARY KEY (`pricebookid`,`productid`),
  KEY `pricebookproductrel_pricebookid_idx` (`pricebookid`),
  KEY `pricebookproductrel_productid_idx` (`productid`),
  CONSTRAINT `fk_1_nectarcrm_pricebookproductrel` FOREIGN KEY (`pricebookid`) REFERENCES `nectarcrm_pricebook` (`pricebookid`) ON DELETE CASCADE
) ENGINE=InnoDB DEFAULT CHARSET=utf8;
/*!40101 SET character_set_client = @saved_cs_client */;

--
-- Dumping data for table `nectarcrm_pricebookproductrel`
--

LOCK TABLES `nectarcrm_pricebookproductrel` WRITE;
/*!40000 ALTER TABLE `nectarcrm_pricebookproductrel` DISABLE KEYS */;
INSERT INTO `nectarcrm_pricebookproductrel` VALUES (95,88,20000.00000000,1),(95,109,20000.00000000,1),(104,98,20000.00000000,1),(115,109,20000.00000000,1);
/*!40000 ALTER TABLE `nectarcrm_pricebookproductrel` ENABLE KEYS */;
UNLOCK TABLES;

--
-- Table structure for table `nectarcrm_priority`
--

DROP TABLE IF EXISTS `nectarcrm_priority`;
/*!40101 SET @saved_cs_client     = @@character_set_client */;
/*!40101 SET character_set_client = utf8 */;
CREATE TABLE `nectarcrm_priority` (
  `priorityid` int(19) NOT NULL AUTO_INCREMENT,
  `priority` varchar(200) NOT NULL,
  `sortorderid` int(19) NOT NULL DEFAULT '0',
  `presence` int(1) NOT NULL DEFAULT '1',
  PRIMARY KEY (`priorityid`),
  UNIQUE KEY `priority_priority_idx` (`priority`)
) ENGINE=InnoDB DEFAULT CHARSET=utf8;
/*!40101 SET character_set_client = @saved_cs_client */;

--
-- Dumping data for table `nectarcrm_priority`
--

LOCK TABLES `nectarcrm_priority` WRITE;
/*!40000 ALTER TABLE `nectarcrm_priority` DISABLE KEYS */;
/*!40000 ALTER TABLE `nectarcrm_priority` ENABLE KEYS */;
UNLOCK TABLES;

--
-- Table structure for table `nectarcrm_productcategory`
--

DROP TABLE IF EXISTS `nectarcrm_productcategory`;
/*!40101 SET @saved_cs_client     = @@character_set_client */;
/*!40101 SET character_set_client = utf8 */;
CREATE TABLE `nectarcrm_productcategory` (
  `productcategoryid` int(19) NOT NULL AUTO_INCREMENT,
  `productcategory` varchar(200) NOT NULL,
  `presence` int(1) NOT NULL DEFAULT '1',
  `picklist_valueid` int(19) NOT NULL DEFAULT '0',
  `sortorderid` int(11) DEFAULT NULL,
  `color` varchar(10) DEFAULT NULL,
  PRIMARY KEY (`productcategoryid`),
  UNIQUE KEY `productcategory_productcategory_idx` (`productcategory`)
) ENGINE=InnoDB AUTO_INCREMENT=5 DEFAULT CHARSET=utf8;
/*!40101 SET character_set_client = @saved_cs_client */;

--
-- Dumping data for table `nectarcrm_productcategory`
--

LOCK TABLES `nectarcrm_productcategory` WRITE;
/*!40000 ALTER TABLE `nectarcrm_productcategory` DISABLE KEYS */;
INSERT INTO `nectarcrm_productcategory` VALUES (2,'Hardware',1,136,1,NULL),(3,'Software',1,137,2,NULL),(4,'CRM Applications',1,138,3,NULL);
/*!40000 ALTER TABLE `nectarcrm_productcategory` ENABLE KEYS */;
UNLOCK TABLES;

--
-- Table structure for table `nectarcrm_productcategory_seq`
--

DROP TABLE IF EXISTS `nectarcrm_productcategory_seq`;
/*!40101 SET @saved_cs_client     = @@character_set_client */;
/*!40101 SET character_set_client = utf8 */;
CREATE TABLE `nectarcrm_productcategory_seq` (
  `id` int(11) NOT NULL
) ENGINE=InnoDB DEFAULT CHARSET=utf8;
/*!40101 SET character_set_client = @saved_cs_client */;

--
-- Dumping data for table `nectarcrm_productcategory_seq`
--

LOCK TABLES `nectarcrm_productcategory_seq` WRITE;
/*!40000 ALTER TABLE `nectarcrm_productcategory_seq` DISABLE KEYS */;
INSERT INTO `nectarcrm_productcategory_seq` VALUES (4);
/*!40000 ALTER TABLE `nectarcrm_productcategory_seq` ENABLE KEYS */;
UNLOCK TABLES;

--
-- Table structure for table `nectarcrm_productcf`
--

DROP TABLE IF EXISTS `nectarcrm_productcf`;
/*!40101 SET @saved_cs_client     = @@character_set_client */;
/*!40101 SET character_set_client = utf8 */;
CREATE TABLE `nectarcrm_productcf` (
  `productid` int(19) NOT NULL DEFAULT '0',
  PRIMARY KEY (`productid`),
  CONSTRAINT `fk_1_nectarcrm_productcf` FOREIGN KEY (`productid`) REFERENCES `nectarcrm_products` (`productid`) ON DELETE CASCADE
) ENGINE=InnoDB DEFAULT CHARSET=utf8;
/*!40101 SET character_set_client = @saved_cs_client */;

--
-- Dumping data for table `nectarcrm_productcf`
--

LOCK TABLES `nectarcrm_productcf` WRITE;
/*!40000 ALTER TABLE `nectarcrm_productcf` DISABLE KEYS */;
INSERT INTO `nectarcrm_productcf` VALUES (20),(21),(65),(88),(97),(109);
/*!40000 ALTER TABLE `nectarcrm_productcf` ENABLE KEYS */;
UNLOCK TABLES;

--
-- Table structure for table `nectarcrm_productcurrencyrel`
--

DROP TABLE IF EXISTS `nectarcrm_productcurrencyrel`;
/*!40101 SET @saved_cs_client     = @@character_set_client */;
/*!40101 SET character_set_client = utf8 */;
CREATE TABLE `nectarcrm_productcurrencyrel` (
  `productid` int(11) NOT NULL,
  `currencyid` int(11) NOT NULL,
  `converted_price` decimal(28,8) DEFAULT NULL,
  `actual_price` decimal(28,8) DEFAULT NULL
) ENGINE=InnoDB DEFAULT CHARSET=utf8;
/*!40101 SET character_set_client = @saved_cs_client */;

--
-- Dumping data for table `nectarcrm_productcurrencyrel`
--

LOCK TABLES `nectarcrm_productcurrencyrel` WRITE;
/*!40000 ALTER TABLE `nectarcrm_productcurrencyrel` DISABLE KEYS */;
INSERT INTO `nectarcrm_productcurrencyrel` VALUES (20,1,9090.00000000,9090.00000000),(21,1,1234.00000000,1234.00000000),(88,1,20000.00000000,20000.00000000),(98,1,20000.00000000,20000.00000000),(109,1,20000.00000000,20000.00000000),(116,1,20000.00000000,20000.00000000);
/*!40000 ALTER TABLE `nectarcrm_productcurrencyrel` ENABLE KEYS */;
UNLOCK TABLES;

--
-- Table structure for table `nectarcrm_products`
--

DROP TABLE IF EXISTS `nectarcrm_products`;
/*!40101 SET @saved_cs_client     = @@character_set_client */;
/*!40101 SET character_set_client = utf8 */;
CREATE TABLE `nectarcrm_products` (
  `productid` int(11) NOT NULL,
  `product_no` varchar(100) NOT NULL,
  `productname` varchar(100) DEFAULT NULL,
  `productcode` varchar(40) DEFAULT NULL,
  `productcategory` varchar(200) DEFAULT NULL,
  `manufacturer` varchar(200) DEFAULT NULL,
  `qty_per_unit` decimal(11,2) DEFAULT '0.00',
  `unit_price` decimal(25,8) DEFAULT NULL,
  `weight` decimal(11,3) DEFAULT NULL,
  `pack_size` int(11) DEFAULT NULL,
  `sales_start_date` date DEFAULT NULL,
  `sales_end_date` date DEFAULT NULL,
  `start_date` date DEFAULT NULL,
  `expiry_date` date DEFAULT NULL,
  `cost_factor` int(11) DEFAULT NULL,
  `commissionrate` decimal(7,3) DEFAULT NULL,
  `commissionmethod` varchar(50) DEFAULT NULL,
  `discontinued` int(1) NOT NULL DEFAULT '0',
  `usageunit` varchar(200) DEFAULT NULL,
  `reorderlevel` int(11) DEFAULT NULL,
  `website` varchar(100) DEFAULT NULL,
  `taxclass` varchar(200) DEFAULT NULL,
  `mfr_part_no` varchar(200) DEFAULT NULL,
  `vendor_part_no` varchar(200) DEFAULT NULL,
  `serialno` varchar(200) DEFAULT NULL,
  `qtyinstock` decimal(25,3) DEFAULT NULL,
  `productsheet` varchar(200) DEFAULT NULL,
  `qtyindemand` int(11) DEFAULT NULL,
  `glacct` varchar(200) DEFAULT NULL,
  `vendor_id` int(11) DEFAULT NULL,
  `imagename` text,
  `currency_id` int(19) NOT NULL DEFAULT '1',
  `is_subproducts_viewable` int(1) DEFAULT '1',
  `purchase_cost` decimal(27,8) DEFAULT NULL,
  `tags` varchar(1) DEFAULT NULL,
  PRIMARY KEY (`productid`),
  CONSTRAINT `fk_1_nectarcrm_products` FOREIGN KEY (`productid`) REFERENCES `nectarcrm_crmentity` (`crmid`) ON DELETE CASCADE
) ENGINE=InnoDB DEFAULT CHARSET=utf8;
/*!40101 SET character_set_client = @saved_cs_client */;

--
-- Dumping data for table `nectarcrm_products`
--

LOCK TABLES `nectarcrm_products` WRITE;
/*!40000 ALTER TABLE `nectarcrm_products` DISABLE KEYS */;
INSERT INTO `nectarcrm_products` VALUES (20,'PRO1','gt6','','','',0.00,9090.00000000,NULL,NULL,NULL,NULL,NULL,NULL,NULL,0.000,NULL,1,'',0,'','','','','',-1.000,'',0,'',0,'',1,1,0.00000000,''),(21,'PRO2','Traccar','12','Hardware','MetBeat Corp',0.00,1234.00000000,NULL,NULL,NULL,'2018-08-25','2018-08-27','2018-08-28',NULL,0.000,NULL,1,'',0,'www.qq.com','','','','',0.000,'',0,'302-Rental-Income',0,'',1,1,9.00000000,''),(65,'PRO3','gst','','','',0.00,0.00000000,NULL,NULL,NULL,NULL,NULL,NULL,NULL,0.000,NULL,1,'',0,'','','','','',-1.000,'',0,'',0,'',1,1,0.00000000,''),(88,'PRO4','trac_device','90','Hardware','AltvetPet Inc.',2.00,20000.00000000,NULL,NULL,'2019-11-30','2019-11-30','2019-11-30','2019-11-30',NULL,2.000,NULL,1,'Hours',90,'nectarinfotel.com','','90','900','90',999998.000,'9',9999,'306-Internet Sales',83,'n.PNG',1,1,9000.00000000,''),(97,'PRO5','sim','','','',88.00,20000.00000000,NULL,NULL,NULL,NULL,NULL,NULL,NULL,0.000,NULL,1,'',0,'','','','','',1000000.000,'',0,'',0,'',1,1,0.00000000,''),(109,'PRO6','device','90','Hardware','AltvetPet Inc.',2.00,20000.00000000,NULL,NULL,'2019-11-30','2019-11-30','2019-11-30','2019-11-30',NULL,2.000,NULL,1,'Impressions',100,'nectarinfotel.com','','90','0','9 0',999999.000,'0',100,'300-Sales-Software',108,'',1,1,9.00000000,'');
/*!40000 ALTER TABLE `nectarcrm_products` ENABLE KEYS */;
UNLOCK TABLES;

--
-- Table structure for table `nectarcrm_producttaxrel`
--

DROP TABLE IF EXISTS `nectarcrm_producttaxrel`;
/*!40101 SET @saved_cs_client     = @@character_set_client */;
/*!40101 SET character_set_client = utf8 */;
CREATE TABLE `nectarcrm_producttaxrel` (
  `productid` int(11) NOT NULL,
  `taxid` int(3) NOT NULL,
  `taxpercentage` decimal(7,3) DEFAULT NULL,
  `regions` text,
  KEY `producttaxrel_productid_idx` (`productid`),
  KEY `producttaxrel_taxid_idx` (`taxid`),
  CONSTRAINT `fk_crmid_nectarcrm_producttaxrel` FOREIGN KEY (`productid`) REFERENCES `nectarcrm_crmentity` (`crmid`) ON DELETE CASCADE
) ENGINE=InnoDB DEFAULT CHARSET=utf8;
/*!40101 SET character_set_client = @saved_cs_client */;

--
-- Dumping data for table `nectarcrm_producttaxrel`
--

LOCK TABLES `nectarcrm_producttaxrel` WRITE;
/*!40000 ALTER TABLE `nectarcrm_producttaxrel` DISABLE KEYS */;
INSERT INTO `nectarcrm_producttaxrel` VALUES (21,1,4.500,'[]'),(21,2,10.000,'[]'),(21,3,12.500,'[]'),(88,1,4.500,'[]'),(88,2,10.000,'[]'),(88,3,12.500,'[]'),(88,4,5.000,'[]'),(97,1,4.500,'[]'),(97,2,10.000,'[]'),(97,3,12.500,'[]'),(97,4,5.000,'[]'),(98,1,4.500,'[]'),(98,2,10.000,'[]'),(98,3,12.500,'[]'),(98,4,5.000,'[]'),(109,1,4.500,'[]'),(109,2,10.000,'[]'),(109,3,12.500,'[]'),(109,4,5.000,'[]'),(116,1,4.500,'[]'),(116,2,10.000,'[]'),(116,3,12.500,'[]'),(116,4,5.000,'[]');
/*!40000 ALTER TABLE `nectarcrm_producttaxrel` ENABLE KEYS */;
UNLOCK TABLES;

--
-- Table structure for table `nectarcrm_profile`
--

DROP TABLE IF EXISTS `nectarcrm_profile`;
/*!40101 SET @saved_cs_client     = @@character_set_client */;
/*!40101 SET character_set_client = utf8 */;
CREATE TABLE `nectarcrm_profile` (
  `profileid` int(10) NOT NULL AUTO_INCREMENT,
  `profilename` varchar(50) NOT NULL,
  `description` text,
  `directly_related_to_role` int(1) DEFAULT '0',
  PRIMARY KEY (`profileid`)
) ENGINE=InnoDB AUTO_INCREMENT=8 DEFAULT CHARSET=utf8;
/*!40101 SET character_set_client = @saved_cs_client */;

--
-- Dumping data for table `nectarcrm_profile`
--

LOCK TABLES `nectarcrm_profile` WRITE;
/*!40000 ALTER TABLE `nectarcrm_profile` DISABLE KEYS */;
INSERT INTO `nectarcrm_profile` VALUES (1,'Administrator','Admin Profile',0),(2,'Sales Profile','Profile Related to Sales',0),(3,'Support Profile','Profile Related to Support',0),(4,'Guest Profile','Guest Profile for Test Users',0),(5,'Sales+Profile',NULL,1),(6,'Sales Person+Profile',NULL,1),(7,'salles+Profile',NULL,1);
/*!40000 ALTER TABLE `nectarcrm_profile` ENABLE KEYS */;
UNLOCK TABLES;

--
-- Table structure for table `nectarcrm_profile2field`
--

DROP TABLE IF EXISTS `nectarcrm_profile2field`;
/*!40101 SET @saved_cs_client     = @@character_set_client */;
/*!40101 SET character_set_client = utf8 */;
CREATE TABLE `nectarcrm_profile2field` (
  `profileid` int(11) NOT NULL,
  `tabid` int(10) DEFAULT NULL,
  `fieldid` int(19) NOT NULL,
  `visible` int(19) DEFAULT NULL,
  `readonly` int(19) DEFAULT NULL,
  PRIMARY KEY (`profileid`,`fieldid`),
  KEY `profile2field_profileid_tabid_fieldname_idx` (`profileid`,`tabid`),
  KEY `profile2field_tabid_profileid_idx` (`tabid`,`profileid`),
  KEY `profile2field_visible_profileid_idx` (`visible`,`profileid`)
) ENGINE=InnoDB DEFAULT CHARSET=utf8;
/*!40101 SET character_set_client = @saved_cs_client */;

--
-- Dumping data for table `nectarcrm_profile2field`
--

LOCK TABLES `nectarcrm_profile2field` WRITE;
/*!40000 ALTER TABLE `nectarcrm_profile2field` DISABLE KEYS */;
INSERT INTO `nectarcrm_profile2field` VALUES (1,6,1,0,0),(1,6,2,0,0),(1,6,3,0,0),(1,6,4,0,0),(1,6,5,0,0),(1,6,6,0,0),(1,6,7,0,0),(1,6,8,0,0),(1,6,9,0,0),(1,6,10,0,0),(1,6,11,0,0),(1,6,12,0,0),(1,6,13,0,0),(1,6,14,0,0),(1,6,15,0,0),(1,6,16,0,0),(1,6,17,0,0),(1,6,18,0,0),(1,6,19,0,0),(1,6,20,0,0),(1,6,21,0,0),(1,6,22,0,0),(1,6,23,0,0),(1,6,24,0,0),(1,6,25,0,0),(1,6,26,0,0),(1,6,27,0,0),(1,6,28,0,0),(1,6,29,0,0),(1,6,30,0,0),(1,6,31,0,0),(1,6,32,0,0),(1,6,33,0,0),(1,6,34,0,0),(1,6,35,0,0),(1,6,36,0,0),(1,7,37,0,0),(1,7,38,0,0),(1,7,39,0,0),(1,7,40,0,0),(1,7,41,0,0),(1,7,42,0,0),(1,7,43,0,0),(1,7,44,0,0),(1,7,45,0,0),(1,7,46,0,0),(1,7,47,0,0),(1,7,48,0,0),(1,7,49,0,0),(1,7,50,0,0),(1,7,51,0,0),(1,7,52,0,0),(1,7,53,0,0),(1,7,54,0,0),(1,7,55,0,0),(1,7,56,0,0),(1,7,57,0,0),(1,7,58,0,0),(1,7,59,0,0),(1,7,60,0,0),(1,7,61,0,0),(1,7,62,0,0),(1,7,63,0,0),(1,7,64,0,0),(1,7,65,0,0),(1,4,66,0,0),(1,4,67,0,0),(1,4,68,0,0),(1,4,69,0,0),(1,4,70,0,0),(1,4,71,0,0),(1,4,72,0,0),(1,4,73,0,0),(1,4,74,0,0),(1,4,75,0,0),(1,4,76,0,0),(1,4,77,0,0),(1,4,78,0,0),(1,4,79,0,0),(1,4,80,0,0),(1,4,81,0,0),(1,4,82,0,0),(1,4,83,0,0),(1,4,84,0,0),(1,4,85,0,0),(1,4,86,0,0),(1,4,87,0,0),(1,4,88,0,0),(1,4,89,0,0),(1,4,90,0,0),(1,4,91,0,0),(1,4,92,0,0),(1,4,93,0,0),(1,4,94,0,0),(1,4,95,0,0),(1,4,96,0,0),(1,4,97,0,0),(1,4,98,0,0),(1,4,99,0,0),(1,4,100,0,0),(1,4,101,0,0),(1,4,102,0,0),(1,4,103,0,0),(1,4,104,0,0),(1,4,105,0,0),(1,4,106,0,0),(1,4,107,0,0),(1,4,108,0,0),(1,4,109,0,0),(1,2,110,0,0),(1,2,111,0,0),(1,2,112,0,0),(1,2,113,0,0),(1,2,114,0,0),(1,2,115,0,0),(1,2,116,0,0),(1,2,117,0,0),(1,2,118,0,0),(1,2,119,0,0),(1,2,120,0,0),(1,2,121,0,0),(1,2,122,0,0),(1,2,123,0,0),(1,2,124,0,0),(1,2,125,0,0),(1,26,126,0,0),(1,26,127,0,0),(1,26,128,0,0),(1,26,129,0,0),(1,26,130,0,0),(1,26,131,0,0),(1,26,132,0,0),(1,26,133,0,0),(1,26,134,0,0),(1,26,135,0,0),(1,26,136,0,0),(1,26,137,0,0),(1,26,138,0,0),(1,26,139,0,0),(1,26,140,0,0),(1,26,141,0,0),(1,26,142,0,0),(1,26,143,0,0),(1,26,144,0,0),(1,26,145,0,0),(1,26,146,0,0),(1,26,147,0,0),(1,26,148,0,0),(1,26,149,0,0),(1,26,150,0,0),(1,4,151,0,0),(1,6,152,0,0),(1,7,153,0,0),(1,26,154,0,0),(1,13,155,0,0),(1,13,156,0,0),(1,13,157,0,0),(1,13,158,0,0),(1,13,159,0,0),(1,13,160,0,0),(1,13,161,0,0),(1,13,162,0,0),(1,13,163,0,0),(1,13,164,0,0),(1,13,165,0,0),(1,13,166,0,0),(1,13,167,0,0),(1,13,168,0,0),(1,13,169,0,0),(1,13,170,0,0),(1,13,171,0,0),(1,13,172,0,0),(1,13,173,0,0),(1,14,174,0,0),(1,14,175,0,0),(1,14,176,0,0),(1,14,177,0,0),(1,14,178,0,0),(1,14,179,0,0),(1,14,180,0,0),(1,14,181,0,0),(1,14,182,0,0),(1,14,183,0,0),(1,14,184,0,0),(1,14,185,0,0),(1,14,186,0,0),(1,14,187,0,0),(1,14,188,0,0),(1,14,189,0,0),(1,14,190,0,0),(1,14,191,0,0),(1,14,192,0,0),(1,14,193,0,0),(1,14,194,0,0),(1,14,195,0,0),(1,14,196,0,0),(1,14,197,0,0),(1,14,198,0,0),(1,14,199,0,0),(1,14,200,0,0),(1,14,201,0,0),(1,14,202,0,0),(1,14,203,0,0),(1,14,204,0,0),(1,8,205,0,0),(1,8,206,0,0),(1,8,207,0,0),(1,8,208,0,0),(1,8,209,0,0),(1,8,210,0,0),(1,8,211,0,0),(1,8,212,0,0),(1,8,213,0,0),(1,8,214,0,0),(1,8,215,0,0),(1,8,216,0,0),(1,8,217,0,0),(1,8,218,0,0),(1,8,219,0,0),(1,10,220,0,0),(1,10,221,0,0),(1,10,222,0,0),(1,10,223,0,0),(1,10,224,0,0),(1,10,225,0,0),(1,10,226,0,0),(1,10,227,0,0),(1,10,228,0,0),(1,10,229,0,0),(1,10,230,0,0),(1,10,231,0,0),(1,9,232,0,0),(1,9,233,0,0),(1,9,234,0,0),(1,9,235,0,0),(1,9,236,0,0),(1,9,237,0,0),(1,9,238,0,0),(1,9,239,0,0),(1,9,240,0,0),(1,9,241,0,0),(1,9,242,0,0),(1,9,243,0,0),(1,9,244,0,0),(1,9,245,0,0),(1,9,246,0,0),(1,9,247,0,0),(1,9,248,0,0),(1,9,249,0,0),(1,9,250,0,0),(1,9,251,0,0),(1,9,252,0,0),(1,9,253,0,0),(1,9,254,0,0),(1,9,255,0,0),(1,16,256,0,0),(1,16,257,0,0),(1,16,258,0,0),(1,16,259,0,0),(1,16,260,0,0),(1,16,261,0,0),(1,16,262,0,0),(1,16,263,0,0),(1,16,264,0,0),(1,16,265,0,0),(1,16,266,0,0),(1,16,267,0,0),(1,16,268,0,0),(1,16,269,0,0),(1,16,270,0,0),(1,16,271,0,0),(1,16,272,0,0),(1,16,273,0,0),(1,16,274,0,0),(1,16,275,0,0),(1,16,276,0,0),(1,16,277,0,0),(1,16,278,0,0),(1,15,279,0,0),(1,15,280,0,0),(1,15,281,0,0),(1,15,282,0,0),(1,15,283,0,0),(1,15,284,0,0),(1,15,285,0,0),(1,15,286,0,0),(1,15,287,0,0),(1,15,288,0,0),(1,18,289,0,0),(1,18,290,0,0),(1,18,291,0,0),(1,18,292,0,0),(1,18,293,0,0),(1,18,294,0,0),(1,18,295,0,0),(1,18,296,0,0),(1,18,297,0,0),(1,18,298,0,0),(1,18,299,0,0),(1,18,300,0,0),(1,18,301,0,0),(1,18,302,0,0),(1,18,303,0,0),(1,18,304,0,0),(1,18,305,0,0),(1,19,306,0,0),(1,19,307,0,0),(1,19,308,0,0),(1,19,309,0,0),(1,19,310,0,0),(1,19,311,0,0),(1,19,312,0,0),(1,19,313,0,0),(1,20,314,0,0),(1,20,315,0,0),(1,20,316,0,0),(1,20,317,0,0),(1,20,318,0,0),(1,20,319,0,0),(1,20,320,0,0),(1,20,321,0,0),(1,20,322,0,0),(1,20,323,0,0),(1,20,324,0,0),(1,20,325,0,0),(1,20,326,0,0),(1,20,327,0,0),(1,20,328,0,0),(1,20,329,0,0),(1,20,330,0,0),(1,20,331,0,0),(1,20,332,0,0),(1,20,333,0,0),(1,20,334,0,0),(1,20,335,0,0),(1,20,336,0,0),(1,20,337,0,0),(1,20,338,0,0),(1,20,339,0,0),(1,20,340,0,0),(1,20,341,0,0),(1,20,342,0,0),(1,20,343,0,0),(1,20,344,0,0),(1,20,345,0,0),(1,20,346,0,0),(1,20,347,0,0),(1,20,348,0,0),(1,20,349,0,0),(1,20,350,0,0),(1,21,351,0,0),(1,21,352,0,0),(1,21,353,0,0),(1,21,354,0,0),(1,21,355,0,0),(1,21,356,0,0),(1,21,357,0,0),(1,21,358,0,0),(1,21,359,0,0),(1,21,360,0,0),(1,21,361,0,0),(1,21,362,0,0),(1,21,363,0,0),(1,21,364,0,0),(1,21,365,0,0),(1,21,366,0,0),(1,21,367,0,0),(1,21,368,0,0),(1,21,369,0,0),(1,21,370,0,0),(1,21,371,0,0),(1,21,372,0,0),(1,21,373,0,0),(1,21,374,0,0),(1,21,375,0,0),(1,21,376,0,0),(1,21,377,0,0),(1,21,378,0,0),(1,21,379,0,0),(1,21,380,0,0),(1,21,381,0,0),(1,21,382,0,0),(1,21,383,0,0),(1,21,384,0,0),(1,21,385,0,0),(1,21,386,0,0),(1,21,387,0,0),(1,21,388,0,0),(1,22,389,0,0),(1,22,390,0,0),(1,22,391,0,0),(1,22,392,0,0),(1,22,393,0,0),(1,22,394,0,0),(1,22,395,0,0),(1,22,396,0,0),(1,22,397,0,0),(1,22,398,0,0),(1,22,399,0,0),(1,22,400,0,0),(1,22,401,0,0),(1,22,402,0,0),(1,22,403,0,0),(1,22,404,0,0),(1,22,405,0,0),(1,22,406,0,0),(1,22,407,0,0),(1,22,408,0,0),(1,22,409,0,0),(1,22,410,0,0),(1,22,411,0,0),(1,22,412,0,0),(1,22,413,0,0),(1,22,414,0,0),(1,22,415,0,0),(1,22,416,0,0),(1,22,417,0,0),(1,22,418,0,0),(1,22,419,0,0),(1,22,420,0,0),(1,22,421,0,0),(1,22,422,0,0),(1,22,423,0,0),(1,22,424,0,0),(1,22,425,0,0),(1,22,426,0,0),(1,22,427,0,0),(1,22,428,0,0),(1,22,429,0,0),(1,22,430,0,0),(1,22,431,0,0),(1,22,432,0,0),(1,22,433,0,0),(1,22,434,0,0),(1,22,435,0,0),(1,23,436,0,0),(1,23,437,0,0),(1,23,438,0,0),(1,23,439,0,0),(1,23,440,0,0),(1,23,441,0,0),(1,23,442,0,0),(1,23,443,0,0),(1,23,444,0,0),(1,23,445,0,0),(1,23,446,0,0),(1,23,447,0,0),(1,23,448,0,0),(1,23,449,0,0),(1,23,450,0,0),(1,23,451,0,0),(1,23,452,0,0),(1,23,453,0,0),(1,23,454,0,0),(1,23,455,0,0),(1,23,456,0,0),(1,23,457,0,0),(1,23,458,0,0),(1,23,459,0,0),(1,23,460,0,0),(1,23,461,0,0),(1,23,462,0,0),(1,23,463,0,0),(1,23,464,0,0),(1,23,465,0,0),(1,23,466,0,0),(1,23,467,0,0),(1,23,468,0,0),(1,23,469,0,0),(1,23,470,0,0),(1,23,471,0,0),(1,23,472,0,0),(1,23,473,0,0),(1,23,474,0,0),(1,29,475,0,0),(1,29,479,0,0),(1,29,480,0,0),(1,29,482,0,0),(1,29,489,0,0),(1,29,490,0,0),(1,29,491,0,0),(1,29,492,0,0),(1,29,493,0,0),(1,29,495,0,0),(1,29,496,0,0),(1,29,497,0,0),(1,29,498,0,0),(1,29,499,0,0),(1,29,504,0,0),(1,29,505,0,0),(1,29,506,0,0),(1,29,507,0,0),(1,29,515,0,0),(1,10,520,0,0),(1,10,521,0,0),(1,10,522,0,0),(1,10,523,0,0),(1,10,524,0,0),(1,10,525,0,0),(1,30,526,0,0),(1,30,527,0,0),(1,30,528,0,0),(1,30,529,0,0),(1,30,530,0,0),(1,30,531,0,0),(1,30,532,0,0),(1,30,533,0,0),(1,30,534,0,0),(1,30,535,0,0),(1,30,536,0,0),(1,30,537,0,0),(1,30,538,0,0),(1,30,539,0,0),(1,30,540,0,0),(1,30,541,0,0),(1,30,542,0,0),(1,29,543,0,0),(1,32,544,0,0),(1,32,545,0,0),(1,32,546,0,0),(1,32,547,0,0),(1,32,548,0,0),(1,32,549,0,0),(1,32,550,0,0),(1,32,551,0,0),(1,32,552,0,0),(1,32,553,0,0),(1,32,554,0,0),(1,32,555,0,0),(1,32,556,0,0),(1,32,557,0,0),(1,32,558,0,0),(1,32,559,0,0),(1,32,560,0,0),(1,32,561,0,0),(1,32,562,0,0),(1,32,563,0,0),(1,32,564,0,0),(1,32,565,0,0),(1,34,566,0,0),(1,34,567,0,0),(1,34,568,0,0),(1,34,569,0,0),(1,34,570,0,0),(1,34,571,0,0),(1,34,572,0,0),(1,34,573,0,0),(1,34,574,0,0),(1,34,575,0,0),(1,34,576,0,0),(1,34,577,0,0),(1,34,578,0,0),(1,34,579,0,0),(1,34,580,0,0),(1,34,581,0,0),(1,34,582,0,0),(1,34,583,0,0),(1,34,584,0,0),(1,34,585,0,0),(1,34,586,0,0),(1,34,587,0,0),(1,40,588,0,0),(1,40,589,0,0),(1,40,590,0,0),(1,40,591,0,0),(1,40,592,0,0),(1,40,593,0,0),(1,40,594,0,0),(1,40,595,0,0),(1,40,596,0,0),(1,40,597,0,0),(1,40,598,0,0),(1,40,599,0,0),(1,40,600,0,0),(1,40,601,0,0),(1,40,602,0,0),(1,40,603,0,0),(1,40,604,0,0),(1,40,605,0,0),(1,40,606,0,0),(1,40,607,0,0),(1,40,608,0,0),(1,41,609,0,0),(1,41,610,0,0),(1,41,611,0,0),(1,41,612,0,0),(1,41,613,0,0),(1,41,614,0,0),(1,41,615,0,0),(1,41,616,0,0),(1,44,617,0,0),(1,44,618,0,0),(1,44,619,0,0),(1,44,620,0,0),(1,44,621,0,0),(1,44,622,0,0),(1,44,623,0,0),(1,44,624,0,0),(1,44,625,0,0),(1,44,626,0,0),(1,44,627,0,0),(1,44,628,0,0),(1,44,629,0,0),(1,45,630,0,0),(1,45,631,0,0),(1,45,632,0,0),(1,45,633,0,0),(1,45,634,0,0),(1,45,635,0,0),(1,45,636,0,0),(1,45,637,0,0),(1,45,638,0,0),(1,45,639,0,0),(1,45,640,0,0),(1,45,641,0,0),(1,45,642,0,0),(1,45,643,0,0),(1,45,644,0,0),(1,45,645,0,0),(1,45,646,0,0),(1,45,647,0,0),(1,46,648,0,0),(1,46,649,0,0),(1,46,650,0,0),(1,46,651,0,0),(1,46,652,0,0),(1,46,653,0,0),(1,46,654,0,0),(1,46,655,0,0),(1,46,656,0,0),(1,46,657,0,0),(1,46,658,0,0),(1,46,659,0,0),(1,46,660,0,0),(1,46,661,0,0),(1,46,662,0,0),(1,46,663,0,0),(1,46,664,0,0),(1,46,665,0,0),(1,46,666,0,0),(1,46,667,0,0),(1,47,668,0,0),(1,47,669,0,0),(1,47,670,0,0),(1,47,671,0,0),(1,47,672,0,0),(1,47,673,0,0),(1,2,674,0,0),(1,29,675,0,0),(1,23,676,0,0),(1,23,677,0,0),(1,23,678,0,0),(1,23,679,0,0),(1,23,680,0,0),(1,23,681,0,0),(1,23,682,0,0),(1,23,683,0,0),(1,23,684,0,0),(1,22,685,0,0),(1,22,686,0,0),(1,22,687,0,0),(1,22,688,0,0),(1,22,689,0,0),(1,22,690,0,0),(1,22,691,0,0),(1,22,692,0,0),(1,22,693,0,0),(1,21,694,0,0),(1,21,695,0,0),(1,21,696,0,0),(1,21,697,0,0),(1,21,698,0,0),(1,21,699,0,0),(1,21,700,0,0),(1,21,701,0,0),(1,21,702,0,0),(1,20,703,0,0),(1,20,704,0,0),(1,20,705,0,0),(1,20,706,0,0),(1,20,707,0,0),(1,20,708,0,0),(1,20,709,0,0),(1,20,710,0,0),(1,20,711,0,0),(1,29,712,0,0),(1,45,713,0,0),(1,41,714,0,0),(1,29,715,0,0),(1,29,716,0,0),(1,29,717,0,0),(1,23,718,0,0),(1,22,719,0,0),(1,21,720,0,0),(1,20,721,0,0),(1,29,722,0,0),(1,6,723,0,0),(1,4,724,0,0),(1,2,725,0,0),(1,29,726,0,0),(1,23,727,0,0),(1,23,728,0,0),(1,21,729,0,0),(1,21,730,0,0),(1,18,731,0,0),(1,7,732,0,0),(1,41,733,0,0),(1,41,734,0,0),(1,23,735,0,0),(1,20,736,0,0),(1,21,737,0,0),(1,22,738,0,0),(1,29,739,0,0),(1,2,740,0,0),(1,13,741,0,0),(1,29,742,0,0),(1,29,743,0,0),(1,29,744,0,0),(1,29,745,0,0),(1,14,772,0,0),(1,32,773,0,0),(1,23,774,0,0),(1,29,775,0,0),(1,23,776,0,0),(1,23,777,0,0),(1,23,778,0,0),(1,20,779,0,0),(1,20,780,0,0),(1,20,781,0,0),(1,21,782,0,0),(1,22,783,0,0),(1,22,784,0,0),(1,22,785,0,0),(1,41,786,0,0),(1,41,787,0,0),(1,41,788,0,0),(1,2,789,0,0),(1,4,790,0,0),(1,6,791,0,0),(1,7,792,0,0),(1,8,793,0,0),(1,9,794,0,0),(1,10,795,0,0),(1,13,796,0,0),(1,14,797,0,0),(1,15,798,0,0),(1,16,799,0,0),(1,18,800,0,0),(1,19,801,0,0),(1,20,802,0,0),(1,21,803,0,0),(1,22,804,0,0),(1,23,805,0,0),(1,26,806,0,0),(1,10,807,0,0),(1,2,808,0,0),(1,4,809,0,0),(1,6,810,0,0),(1,7,811,0,0),(1,8,812,0,0),(1,9,813,0,0),(1,10,814,0,0),(1,13,815,0,0),(1,14,816,0,0),(1,15,817,0,0),(1,16,818,0,0),(1,18,819,0,0),(1,19,820,0,0),(1,20,821,0,0),(1,21,822,0,0),(1,22,823,0,0),(1,23,824,0,0),(1,26,825,0,0),(1,30,826,0,0),(1,2,827,0,0),(1,4,828,0,0),(1,6,829,0,0),(1,7,830,0,0),(1,8,831,0,0),(1,9,832,0,0),(1,10,833,0,0),(1,13,834,0,0),(1,14,835,0,0),(1,15,836,0,0),(1,16,837,0,0),(1,18,838,0,0),(1,19,839,0,0),(1,20,840,0,0),(1,21,841,0,0),(1,22,842,0,0),(1,23,843,0,0),(1,26,844,0,0),(1,30,845,0,0),(1,20,846,0,0),(1,21,847,0,0),(1,22,848,0,0),(1,23,849,0,0),(1,46,850,0,0),(1,46,851,0,0),(1,26,853,0,0),(1,4,855,0,0),(1,40,857,0,0),(1,23,858,0,0),(1,20,859,0,0),(1,21,860,0,0),(1,22,861,0,0),(2,6,1,0,0),(2,6,2,0,0),(2,6,3,0,0),(2,6,4,0,0),(2,6,5,0,0),(2,6,6,0,0),(2,6,7,0,0),(2,6,8,0,0),(2,6,9,0,0),(2,6,10,0,0),(2,6,11,0,0),(2,6,12,0,0),(2,6,13,0,0),(2,6,14,0,0),(2,6,15,0,0),(2,6,16,0,0),(2,6,17,0,0),(2,6,18,0,0),(2,6,19,0,0),(2,6,20,0,0),(2,6,21,0,0),(2,6,22,0,0),(2,6,23,0,0),(2,6,24,0,0),(2,6,25,0,0),(2,6,26,0,0),(2,6,27,0,0),(2,6,28,0,0),(2,6,29,0,0),(2,6,30,0,0),(2,6,31,0,0),(2,6,32,0,0),(2,6,33,0,0),(2,6,34,0,0),(2,6,35,0,0),(2,6,36,0,0),(2,7,37,0,0),(2,7,38,0,0),(2,7,39,0,0),(2,7,40,0,0),(2,7,41,0,0),(2,7,42,0,0),(2,7,43,0,0),(2,7,44,0,0),(2,7,45,0,0),(2,7,46,0,0),(2,7,47,0,0),(2,7,48,0,0),(2,7,49,0,0),(2,7,50,0,0),(2,7,51,0,0),(2,7,52,0,0),(2,7,53,0,0),(2,7,54,0,0),(2,7,55,0,0),(2,7,56,0,0),(2,7,57,0,0),(2,7,58,0,0),(2,7,59,0,0),(2,7,60,0,0),(2,7,61,0,0),(2,7,62,0,0),(2,7,63,0,0),(2,7,64,0,0),(2,7,65,0,0),(2,4,66,0,0),(2,4,67,0,0),(2,4,68,0,0),(2,4,69,0,0),(2,4,70,0,0),(2,4,71,0,0),(2,4,72,0,0),(2,4,73,0,0),(2,4,74,0,0),(2,4,75,0,0),(2,4,76,0,0),(2,4,77,0,0),(2,4,78,0,0),(2,4,79,0,0),(2,4,80,0,0),(2,4,81,0,0),(2,4,82,0,0),(2,4,83,0,0),(2,4,84,0,0),(2,4,85,0,0),(2,4,86,0,0),(2,4,87,0,0),(2,4,88,0,0),(2,4,89,0,0),(2,4,90,0,0),(2,4,91,0,0),(2,4,92,0,0),(2,4,93,0,0),(2,4,94,0,0),(2,4,95,0,0),(2,4,96,0,0),(2,4,97,0,0),(2,4,98,0,0),(2,4,99,0,0),(2,4,100,0,0),(2,4,101,0,0),(2,4,102,0,0),(2,4,103,0,0),(2,4,104,0,0),(2,4,105,0,0),(2,4,106,0,0),(2,4,107,0,0),(2,4,108,0,0),(2,4,109,0,0),(2,2,110,0,0),(2,2,111,0,0),(2,2,112,0,0),(2,2,113,0,0),(2,2,114,0,0),(2,2,115,0,0),(2,2,116,0,0),(2,2,117,0,0),(2,2,118,0,0),(2,2,119,0,0),(2,2,120,0,0),(2,2,121,0,0),(2,2,122,0,0),(2,2,123,0,0),(2,2,124,0,0),(2,2,125,0,0),(2,26,126,0,0),(2,26,127,0,0),(2,26,128,0,0),(2,26,129,0,0),(2,26,130,0,0),(2,26,131,0,0),(2,26,132,0,0),(2,26,133,0,0),(2,26,134,0,0),(2,26,135,0,0),(2,26,136,0,0),(2,26,137,0,0),(2,26,138,0,0),(2,26,139,0,0),(2,26,140,0,0),(2,26,141,0,0),(2,26,142,0,0),(2,26,143,0,0),(2,26,144,0,0),(2,26,145,0,0),(2,26,146,0,0),(2,26,147,0,0),(2,26,148,0,0),(2,26,149,0,0),(2,26,150,0,0),(2,4,151,0,0),(2,6,152,0,0),(2,7,153,0,0),(2,26,154,0,0),(2,13,155,0,0),(2,13,156,0,0),(2,13,157,0,0),(2,13,158,0,0),(2,13,159,0,0),(2,13,160,0,0),(2,13,161,0,0),(2,13,162,0,0),(2,13,163,0,0),(2,13,164,0,0),(2,13,165,0,0),(2,13,166,0,0),(2,13,167,0,0),(2,13,168,0,0),(2,13,169,0,0),(2,13,170,0,0),(2,13,171,0,0),(2,13,172,0,0),(2,13,173,0,0),(2,14,174,0,0),(2,14,175,0,0),(2,14,176,0,0),(2,14,177,0,0),(2,14,178,0,0),(2,14,179,0,0),(2,14,180,0,0),(2,14,181,0,0),(2,14,182,0,0),(2,14,183,0,0),(2,14,184,0,0),(2,14,185,0,0),(2,14,186,0,0),(2,14,187,0,0),(2,14,188,0,0),(2,14,189,0,0),(2,14,190,0,0),(2,14,191,0,0),(2,14,192,0,0),(2,14,193,0,0),(2,14,194,0,0),(2,14,195,0,0),(2,14,196,0,0),(2,14,197,0,0),(2,14,198,0,0),(2,14,199,0,0),(2,14,200,0,0),(2,14,201,0,0),(2,14,202,0,0),(2,14,203,0,0),(2,14,204,0,0),(2,8,205,0,0),(2,8,206,0,0),(2,8,207,0,0),(2,8,208,0,0),(2,8,209,0,0),(2,8,210,0,0),(2,8,211,0,0),(2,8,212,0,0),(2,8,213,0,0),(2,8,214,0,0),(2,8,215,0,0),(2,8,216,0,0),(2,8,217,0,0),(2,8,218,0,0),(2,8,219,0,0),(2,10,220,0,0),(2,10,221,0,0),(2,10,222,0,0),(2,10,223,0,0),(2,10,224,0,0),(2,10,225,0,0),(2,10,226,0,0),(2,10,227,0,0),(2,10,228,0,0),(2,10,229,0,0),(2,10,230,0,0),(2,10,231,0,0),(2,9,232,0,0),(2,9,233,0,0),(2,9,234,0,0),(2,9,235,0,0),(2,9,236,0,0),(2,9,237,0,0),(2,9,238,0,0),(2,9,239,0,0),(2,9,240,0,0),(2,9,241,0,0),(2,9,242,0,0),(2,9,243,0,0),(2,9,244,0,0),(2,9,245,0,0),(2,9,246,0,0),(2,9,247,0,0),(2,9,248,0,0),(2,9,249,0,0),(2,9,250,0,0),(2,9,251,0,0),(2,9,252,0,0),(2,9,253,0,0),(2,9,254,0,0),(2,9,255,0,0),(2,16,256,0,0),(2,16,257,0,0),(2,16,258,0,0),(2,16,259,0,0),(2,16,260,0,0),(2,16,261,0,0),(2,16,262,0,0),(2,16,263,0,0),(2,16,264,0,0),(2,16,265,0,0),(2,16,266,0,0),(2,16,267,0,0),(2,16,268,0,0),(2,16,269,0,0),(2,16,270,0,0),(2,16,271,0,0),(2,16,272,0,0),(2,16,273,0,0),(2,16,274,0,0),(2,16,275,0,0),(2,16,276,0,0),(2,16,277,0,0),(2,16,278,0,0),(2,15,279,0,0),(2,15,280,0,0),(2,15,281,0,0),(2,15,282,0,0),(2,15,283,0,0),(2,15,284,0,0),(2,15,285,0,0),(2,15,286,0,0),(2,15,287,0,0),(2,15,288,0,0),(2,18,289,0,0),(2,18,290,0,0),(2,18,291,0,0),(2,18,292,0,0),(2,18,293,0,0),(2,18,294,0,0),(2,18,295,0,0),(2,18,296,0,0),(2,18,297,0,0),(2,18,298,0,0),(2,18,299,0,0),(2,18,300,0,0),(2,18,301,0,0),(2,18,302,0,0),(2,18,303,0,0),(2,18,304,0,0),(2,18,305,0,0),(2,19,306,0,0),(2,19,307,0,0),(2,19,308,0,0),(2,19,309,0,0),(2,19,310,0,0),(2,19,311,0,0),(2,19,312,0,0),(2,19,313,0,0),(2,20,314,0,0),(2,20,315,0,0),(2,20,316,0,0),(2,20,317,0,0),(2,20,318,0,0),(2,20,319,0,0),(2,20,320,0,0),(2,20,321,0,0),(2,20,322,0,0),(2,20,323,0,0),(2,20,324,0,0),(2,20,325,0,0),(2,20,326,0,0),(2,20,327,0,0),(2,20,328,0,0),(2,20,329,0,0),(2,20,330,0,0),(2,20,331,0,0),(2,20,332,0,0),(2,20,333,0,0),(2,20,334,0,0),(2,20,335,0,0),(2,20,336,0,0),(2,20,337,0,0),(2,20,338,0,0),(2,20,339,0,0),(2,20,340,0,0),(2,20,341,0,0),(2,20,342,0,0),(2,20,343,0,0),(2,20,344,0,0),(2,20,345,0,0),(2,20,346,0,0),(2,20,347,0,0),(2,20,348,0,0),(2,20,349,0,0),(2,20,350,0,0),(2,21,351,0,0),(2,21,352,0,0),(2,21,353,0,0),(2,21,354,0,0),(2,21,355,0,0),(2,21,356,0,0),(2,21,357,0,0),(2,21,358,0,0),(2,21,359,0,0),(2,21,360,0,0),(2,21,361,0,0),(2,21,362,0,0),(2,21,363,0,0),(2,21,364,0,0),(2,21,365,0,0),(2,21,366,0,0),(2,21,367,0,0),(2,21,368,0,0),(2,21,369,0,0),(2,21,370,0,0),(2,21,371,0,0),(2,21,372,0,0),(2,21,373,0,0),(2,21,374,0,0),(2,21,375,0,0),(2,21,376,0,0),(2,21,377,0,0),(2,21,378,0,0),(2,21,379,0,0),(2,21,380,0,0),(2,21,381,0,0),(2,21,382,0,0),(2,21,383,0,0),(2,21,384,0,0),(2,21,385,0,0),(2,21,386,0,0),(2,21,387,0,0),(2,21,388,0,0),(2,22,389,0,0),(2,22,390,0,0),(2,22,391,0,0),(2,22,392,0,0),(2,22,393,0,0),(2,22,394,0,0),(2,22,395,0,0),(2,22,396,0,0),(2,22,397,0,0),(2,22,398,0,0),(2,22,399,0,0),(2,22,400,0,0),(2,22,401,0,0),(2,22,402,0,0),(2,22,403,0,0),(2,22,404,0,0),(2,22,405,0,0),(2,22,406,0,0),(2,22,407,0,0),(2,22,408,0,0),(2,22,409,0,0),(2,22,410,0,0),(2,22,411,0,0),(2,22,412,0,0),(2,22,413,0,0),(2,22,414,0,0),(2,22,415,0,0),(2,22,416,0,0),(2,22,417,0,0),(2,22,418,0,0),(2,22,419,0,0),(2,22,420,0,0),(2,22,421,0,0),(2,22,422,0,0),(2,22,423,0,0),(2,22,424,0,0),(2,22,425,0,0),(2,22,426,0,0),(2,22,427,0,0),(2,22,428,0,0),(2,22,429,0,0),(2,22,430,0,0),(2,22,431,0,0),(2,22,432,0,0),(2,22,433,0,0),(2,22,434,0,0),(2,22,435,0,0),(2,23,436,0,0),(2,23,437,0,0),(2,23,438,0,0),(2,23,439,0,0),(2,23,440,0,0),(2,23,441,0,0),(2,23,442,0,0),(2,23,443,0,0),(2,23,444,0,0),(2,23,445,0,0),(2,23,446,0,0),(2,23,447,0,0),(2,23,448,0,0),(2,23,449,0,0),(2,23,450,0,0),(2,23,451,0,0),(2,23,452,0,0),(2,23,453,0,0),(2,23,454,0,0),(2,23,455,0,0),(2,23,456,0,0),(2,23,457,0,0),(2,23,458,0,0),(2,23,459,0,0),(2,23,460,0,0),(2,23,461,0,0),(2,23,462,0,0),(2,23,463,0,0),(2,23,464,0,0),(2,23,465,0,0),(2,23,466,0,0),(2,23,467,0,0),(2,23,468,0,0),(2,23,469,0,0),(2,23,470,0,0),(2,23,471,0,0),(2,23,472,0,0),(2,23,473,0,0),(2,23,474,0,0),(2,29,475,0,0),(2,29,479,0,0),(2,29,480,0,0),(2,29,482,0,0),(2,29,489,0,0),(2,29,490,0,0),(2,29,491,0,0),(2,29,492,0,0),(2,29,493,0,0),(2,29,495,0,0),(2,29,496,0,0),(2,29,497,0,0),(2,29,498,0,0),(2,29,499,0,0),(2,29,504,0,0),(2,29,505,0,0),(2,29,506,0,0),(2,29,507,0,0),(2,29,515,0,0),(2,10,520,0,0),(2,10,521,0,0),(2,10,522,0,0),(2,10,523,0,0),(2,10,524,0,0),(2,10,525,0,0),(2,30,526,0,0),(2,30,527,0,0),(2,30,528,0,0),(2,30,529,0,0),(2,30,530,0,0),(2,30,531,0,0),(2,30,532,0,0),(2,30,533,0,0),(2,30,534,0,0),(2,30,535,0,0),(2,30,536,0,0),(2,30,537,0,0),(2,30,538,0,0),(2,30,539,0,0),(2,30,540,0,0),(2,30,541,0,0),(2,30,542,0,0),(2,29,543,0,0),(2,32,544,0,0),(2,32,545,0,0),(2,32,546,0,0),(2,32,547,0,0),(2,32,548,0,0),(2,32,549,0,0),(2,32,550,0,0),(2,32,551,0,0),(2,32,552,0,0),(2,32,553,0,0),(2,32,554,0,0),(2,32,555,0,0),(2,32,556,0,0),(2,32,557,0,0),(2,32,558,0,0),(2,32,559,0,0),(2,32,560,0,0),(2,32,561,0,0),(2,32,562,0,0),(2,32,563,0,0),(2,32,564,0,0),(2,32,565,0,0),(2,34,566,0,0),(2,34,567,0,0),(2,34,568,0,0),(2,34,569,0,0),(2,34,570,0,0),(2,34,571,0,0),(2,34,572,0,0),(2,34,573,0,0),(2,34,574,0,0),(2,34,575,0,0),(2,34,576,0,0),(2,34,577,0,0),(2,34,578,0,0),(2,34,579,0,0),(2,34,580,0,0),(2,34,581,0,0),(2,34,582,0,0),(2,34,583,0,0),(2,34,584,0,0),(2,34,585,0,0),(2,34,586,0,0),(2,34,587,0,0),(2,40,588,0,0),(2,40,589,0,0),(2,40,590,0,0),(2,40,591,0,0),(2,40,592,0,0),(2,40,593,0,0),(2,40,594,0,0),(2,40,595,0,0),(2,40,596,0,0),(2,40,597,0,0),(2,40,598,0,0),(2,40,599,0,0),(2,40,600,0,0),(2,40,601,0,0),(2,40,602,0,0),(2,40,603,0,0),(2,40,604,0,0),(2,40,605,0,0),(2,40,606,0,0),(2,40,607,0,0),(2,40,608,0,0),(2,41,609,0,0),(2,41,610,0,0),(2,41,611,0,0),(2,41,612,0,0),(2,41,613,0,0),(2,41,614,0,0),(2,41,615,0,0),(2,41,616,0,0),(2,44,617,0,0),(2,44,618,0,0),(2,44,619,0,0),(2,44,620,0,0),(2,44,621,0,0),(2,44,622,0,0),(2,44,623,0,0),(2,44,624,0,0),(2,44,625,0,0),(2,44,626,0,0),(2,44,627,0,0),(2,44,628,0,0),(2,44,629,0,0),(2,45,630,0,0),(2,45,631,0,0),(2,45,632,0,0),(2,45,633,0,0),(2,45,634,0,0),(2,45,635,0,0),(2,45,636,0,0),(2,45,637,0,0),(2,45,638,0,0),(2,45,639,0,0),(2,45,640,0,0),(2,45,641,0,0),(2,45,642,0,0),(2,45,643,0,0),(2,45,644,0,0),(2,45,645,0,0),(2,45,646,0,0),(2,45,647,0,0),(2,46,648,0,0),(2,46,649,0,0),(2,46,650,0,0),(2,46,651,0,0),(2,46,652,0,0),(2,46,653,0,0),(2,46,654,0,0),(2,46,655,0,0),(2,46,656,0,0),(2,46,657,0,0),(2,46,658,0,0),(2,46,659,0,0),(2,46,660,0,0),(2,46,661,0,0),(2,46,662,0,0),(2,46,663,0,0),(2,46,664,0,0),(2,46,665,0,0),(2,46,666,0,0),(2,46,667,0,0),(2,47,668,0,0),(2,47,669,0,0),(2,47,670,0,0),(2,47,671,0,0),(2,47,672,0,0),(2,47,673,0,0),(2,2,674,0,0),(2,29,675,0,0),(2,23,676,0,0),(2,23,677,0,0),(2,23,678,0,0),(2,23,679,0,0),(2,23,680,0,0),(2,23,681,0,0),(2,23,682,0,0),(2,23,683,0,0),(2,23,684,0,0),(2,22,685,0,0),(2,22,686,0,0),(2,22,687,0,0),(2,22,688,0,0),(2,22,689,0,0),(2,22,690,0,0),(2,22,691,0,0),(2,22,692,0,0),(2,22,693,0,0),(2,21,694,0,0),(2,21,695,0,0),(2,21,696,0,0),(2,21,697,0,0),(2,21,698,0,0),(2,21,699,0,0),(2,21,700,0,0),(2,21,701,0,0),(2,21,702,0,0),(2,20,703,0,0),(2,20,704,0,0),(2,20,705,0,0),(2,20,706,0,0),(2,20,707,0,0),(2,20,708,0,0),(2,20,709,0,0),(2,20,710,0,0),(2,20,711,0,0),(2,29,712,0,0),(2,45,713,0,0),(2,41,714,0,0),(2,29,715,0,0),(2,29,716,0,0),(2,29,717,0,0),(2,23,718,0,0),(2,22,719,0,0),(2,21,720,0,0),(2,20,721,0,0),(2,29,722,0,0),(2,6,723,0,0),(2,4,724,0,0),(2,2,725,0,0),(2,29,726,0,0),(2,23,727,0,0),(2,23,728,0,0),(2,21,729,0,0),(2,21,730,0,0),(2,18,731,0,0),(2,7,732,0,0),(2,41,733,0,0),(2,41,734,0,0),(2,23,735,0,0),(2,20,736,0,0),(2,21,737,0,0),(2,22,738,0,0),(2,29,739,0,0),(2,2,740,0,0),(2,13,741,0,0),(2,29,742,0,0),(2,29,743,0,0),(2,29,744,0,0),(2,29,745,0,0),(2,14,772,0,0),(2,32,773,0,0),(2,23,774,0,0),(2,29,775,0,0),(2,23,776,0,0),(2,23,777,0,0),(2,23,778,0,0),(2,20,779,0,0),(2,20,780,0,0),(2,20,781,0,0),(2,21,782,0,0),(2,22,783,0,0),(2,22,784,0,0),(2,22,785,0,0),(2,41,786,0,0),(2,41,787,0,0),(2,41,788,0,0),(2,2,789,0,0),(2,4,790,0,0),(2,6,791,0,0),(2,7,792,0,0),(2,8,793,0,0),(2,9,794,0,0),(2,10,795,0,0),(2,13,796,0,0),(2,14,797,0,0),(2,15,798,0,0),(2,16,799,0,0),(2,18,800,0,0),(2,19,801,0,0),(2,20,802,0,0),(2,21,803,0,0),(2,22,804,0,0),(2,23,805,0,0),(2,26,806,0,0),(2,10,807,0,0),(2,2,808,0,0),(2,4,809,0,0),(2,6,810,0,0),(2,7,811,0,0),(2,8,812,0,0),(2,9,813,0,0),(2,10,814,0,0),(2,13,815,0,0),(2,14,816,0,0),(2,15,817,0,0),(2,16,818,0,0),(2,18,819,0,0),(2,19,820,0,0),(2,20,821,0,0),(2,21,822,0,0),(2,22,823,0,0),(2,23,824,0,0),(2,26,825,0,0),(2,30,826,0,0),(2,2,827,0,0),(2,4,828,0,0),(2,6,829,0,0),(2,7,830,0,0),(2,8,831,0,0),(2,9,832,0,0),(2,10,833,0,0),(2,13,834,0,0),(2,14,835,0,0),(2,15,836,0,0),(2,16,837,0,0),(2,18,838,0,0),(2,19,839,0,0),(2,20,840,0,0),(2,21,841,0,0),(2,22,842,0,0),(2,23,843,0,0),(2,26,844,0,0),(2,30,845,0,0),(2,20,846,0,0),(2,21,847,0,0),(2,22,848,0,0),(2,23,849,0,0),(2,46,850,0,0),(2,46,851,0,0),(2,26,853,0,0),(2,4,855,0,0),(2,40,857,0,0),(2,23,858,0,0),(2,20,859,0,0),(2,21,860,0,0),(2,22,861,0,0),(3,6,1,0,0),(3,6,2,0,0),(3,6,3,0,0),(3,6,4,0,0),(3,6,5,0,0),(3,6,6,0,0),(3,6,7,0,0),(3,6,8,0,0),(3,6,9,0,0),(3,6,10,0,0),(3,6,11,0,0),(3,6,12,0,0),(3,6,13,0,0),(3,6,14,0,0),(3,6,15,0,0),(3,6,16,0,0),(3,6,17,0,0),(3,6,18,0,0),(3,6,19,0,0),(3,6,20,0,0),(3,6,21,0,0),(3,6,22,0,0),(3,6,23,0,0),(3,6,24,0,0),(3,6,25,0,0),(3,6,26,0,0),(3,6,27,0,0),(3,6,28,0,0),(3,6,29,0,0),(3,6,30,0,0),(3,6,31,0,0),(3,6,32,0,0),(3,6,33,0,0),(3,6,34,0,0),(3,6,35,0,0),(3,6,36,0,0),(3,7,37,0,0),(3,7,38,0,0),(3,7,39,0,0),(3,7,40,0,0),(3,7,41,0,0),(3,7,42,0,0),(3,7,43,0,0),(3,7,44,0,0),(3,7,45,0,0),(3,7,46,0,0),(3,7,47,0,0),(3,7,48,0,0),(3,7,49,0,0),(3,7,50,0,0),(3,7,51,0,0),(3,7,52,0,0),(3,7,53,0,0),(3,7,54,0,0),(3,7,55,0,0),(3,7,56,0,0),(3,7,57,0,0),(3,7,58,0,0),(3,7,59,0,0),(3,7,60,0,0),(3,7,61,0,0),(3,7,62,0,0),(3,7,63,0,0),(3,7,64,0,0),(3,7,65,0,0),(3,4,66,0,0),(3,4,67,0,0),(3,4,68,0,0),(3,4,69,0,0),(3,4,70,0,0),(3,4,71,0,0),(3,4,72,0,0),(3,4,73,0,0),(3,4,74,0,0),(3,4,75,0,0),(3,4,76,0,0),(3,4,77,0,0),(3,4,78,0,0),(3,4,79,0,0),(3,4,80,0,0),(3,4,81,0,0),(3,4,82,0,0),(3,4,83,0,0),(3,4,84,0,0),(3,4,85,0,0),(3,4,86,0,0),(3,4,87,0,0),(3,4,88,0,0),(3,4,89,0,0),(3,4,90,0,0),(3,4,91,0,0),(3,4,92,0,0),(3,4,93,0,0),(3,4,94,0,0),(3,4,95,0,0),(3,4,96,0,0),(3,4,97,0,0),(3,4,98,0,0),(3,4,99,0,0),(3,4,100,0,0),(3,4,101,0,0),(3,4,102,0,0),(3,4,103,0,0),(3,4,104,0,0),(3,4,105,0,0),(3,4,106,0,0),(3,4,107,0,0),(3,4,108,0,0),(3,4,109,0,0),(3,2,110,0,0),(3,2,111,0,0),(3,2,112,0,0),(3,2,113,0,0),(3,2,114,0,0),(3,2,115,0,0),(3,2,116,0,0),(3,2,117,0,0),(3,2,118,0,0),(3,2,119,0,0),(3,2,120,0,0),(3,2,121,0,0),(3,2,122,0,0),(3,2,123,0,0),(3,2,124,0,0),(3,2,125,0,0),(3,26,126,0,0),(3,26,127,0,0),(3,26,128,0,0),(3,26,129,0,0),(3,26,130,0,0),(3,26,131,0,0),(3,26,132,0,0),(3,26,133,0,0),(3,26,134,0,0),(3,26,135,0,0),(3,26,136,0,0),(3,26,137,0,0),(3,26,138,0,0),(3,26,139,0,0),(3,26,140,0,0),(3,26,141,0,0),(3,26,142,0,0),(3,26,143,0,0),(3,26,144,0,0),(3,26,145,0,0),(3,26,146,0,0),(3,26,147,0,0),(3,26,148,0,0),(3,26,149,0,0),(3,26,150,0,0),(3,4,151,0,0),(3,6,152,0,0),(3,7,153,0,0),(3,26,154,0,0),(3,13,155,0,0),(3,13,156,0,0),(3,13,157,0,0),(3,13,158,0,0),(3,13,159,0,0),(3,13,160,0,0),(3,13,161,0,0),(3,13,162,0,0),(3,13,163,0,0),(3,13,164,0,0),(3,13,165,0,0),(3,13,166,0,0),(3,13,167,0,0),(3,13,168,0,0),(3,13,169,0,0),(3,13,170,0,0),(3,13,171,0,0),(3,13,172,0,0),(3,13,173,0,0),(3,14,174,0,0),(3,14,175,0,0),(3,14,176,0,0),(3,14,177,0,0),(3,14,178,0,0),(3,14,179,0,0),(3,14,180,0,0),(3,14,181,0,0),(3,14,182,0,0),(3,14,183,0,0),(3,14,184,0,0),(3,14,185,0,0),(3,14,186,0,0),(3,14,187,0,0),(3,14,188,0,0),(3,14,189,0,0),(3,14,190,0,0),(3,14,191,0,0),(3,14,192,0,0),(3,14,193,0,0),(3,14,194,0,0),(3,14,195,0,0),(3,14,196,0,0),(3,14,197,0,0),(3,14,198,0,0),(3,14,199,0,0),(3,14,200,0,0),(3,14,201,0,0),(3,14,202,0,0),(3,14,203,0,0),(3,14,204,0,0),(3,8,205,0,0),(3,8,206,0,0),(3,8,207,0,0),(3,8,208,0,0),(3,8,209,0,0),(3,8,210,0,0),(3,8,211,0,0),(3,8,212,0,0),(3,8,213,0,0),(3,8,214,0,0),(3,8,215,0,0),(3,8,216,0,0),(3,8,217,0,0),(3,8,218,0,0),(3,8,219,0,0),(3,10,220,0,0),(3,10,221,0,0),(3,10,222,0,0),(3,10,223,0,0),(3,10,224,0,0),(3,10,225,0,0),(3,10,226,0,0),(3,10,227,0,0),(3,10,228,0,0),(3,10,229,0,0),(3,10,230,0,0),(3,10,231,0,0),(3,9,232,0,0),(3,9,233,0,0),(3,9,234,0,0),(3,9,235,0,0),(3,9,236,0,0),(3,9,237,0,0),(3,9,238,0,0),(3,9,239,0,0),(3,9,240,0,0),(3,9,241,0,0),(3,9,242,0,0),(3,9,243,0,0),(3,9,244,0,0),(3,9,245,0,0),(3,9,246,0,0),(3,9,247,0,0),(3,9,248,0,0),(3,9,249,0,0),(3,9,250,0,0),(3,9,251,0,0),(3,9,252,0,0),(3,9,253,0,0),(3,9,254,0,0),(3,9,255,0,0),(3,16,256,0,0),(3,16,257,0,0),(3,16,258,0,0),(3,16,259,0,0),(3,16,260,0,0),(3,16,261,0,0),(3,16,262,0,0),(3,16,263,0,0),(3,16,264,0,0),(3,16,265,0,0),(3,16,266,0,0),(3,16,267,0,0),(3,16,268,0,0),(3,16,269,0,0),(3,16,270,0,0),(3,16,271,0,0),(3,16,272,0,0),(3,16,273,0,0),(3,16,274,0,0),(3,16,275,0,0),(3,16,276,0,0),(3,16,277,0,0),(3,16,278,0,0),(3,15,279,0,0),(3,15,280,0,0),(3,15,281,0,0),(3,15,282,0,0),(3,15,283,0,0),(3,15,284,0,0),(3,15,285,0,0),(3,15,286,0,0),(3,15,287,0,0),(3,15,288,0,0),(3,18,289,0,0),(3,18,290,0,0),(3,18,291,0,0),(3,18,292,0,0),(3,18,293,0,0),(3,18,294,0,0),(3,18,295,0,0),(3,18,296,0,0),(3,18,297,0,0),(3,18,298,0,0),(3,18,299,0,0),(3,18,300,0,0),(3,18,301,0,0),(3,18,302,0,0),(3,18,303,0,0),(3,18,304,0,0),(3,18,305,0,0),(3,19,306,0,0),(3,19,307,0,0),(3,19,308,0,0),(3,19,309,0,0),(3,19,310,0,0),(3,19,311,0,0),(3,19,312,0,0),(3,19,313,0,0),(3,20,314,0,0),(3,20,315,0,0),(3,20,316,0,0),(3,20,317,0,0),(3,20,318,0,0),(3,20,319,0,0),(3,20,320,0,0),(3,20,321,0,0),(3,20,322,0,0),(3,20,323,0,0),(3,20,324,0,0),(3,20,325,0,0),(3,20,326,0,0),(3,20,327,0,0),(3,20,328,0,0),(3,20,329,0,0),(3,20,330,0,0),(3,20,331,0,0),(3,20,332,0,0),(3,20,333,0,0),(3,20,334,0,0),(3,20,335,0,0),(3,20,336,0,0),(3,20,337,0,0),(3,20,338,0,0),(3,20,339,0,0),(3,20,340,0,0),(3,20,341,0,0),(3,20,342,0,0),(3,20,343,0,0),(3,20,344,0,0),(3,20,345,0,0),(3,20,346,0,0),(3,20,347,0,0),(3,20,348,0,0),(3,20,349,0,0),(3,20,350,0,0),(3,21,351,0,0),(3,21,352,0,0),(3,21,353,0,0),(3,21,354,0,0),(3,21,355,0,0),(3,21,356,0,0),(3,21,357,0,0),(3,21,358,0,0),(3,21,359,0,0),(3,21,360,0,0),(3,21,361,0,0),(3,21,362,0,0),(3,21,363,0,0),(3,21,364,0,0),(3,21,365,0,0),(3,21,366,0,0),(3,21,367,0,0),(3,21,368,0,0),(3,21,369,0,0),(3,21,370,0,0),(3,21,371,0,0),(3,21,372,0,0),(3,21,373,0,0),(3,21,374,0,0),(3,21,375,0,0),(3,21,376,0,0),(3,21,377,0,0),(3,21,378,0,0),(3,21,379,0,0),(3,21,380,0,0),(3,21,381,0,0),(3,21,382,0,0),(3,21,383,0,0),(3,21,384,0,0),(3,21,385,0,0),(3,21,386,0,0),(3,21,387,0,0),(3,21,388,0,0),(3,22,389,0,0),(3,22,390,0,0),(3,22,391,0,0),(3,22,392,0,0),(3,22,393,0,0),(3,22,394,0,0),(3,22,395,0,0),(3,22,396,0,0),(3,22,397,0,0),(3,22,398,0,0),(3,22,399,0,0),(3,22,400,0,0),(3,22,401,0,0),(3,22,402,0,0),(3,22,403,0,0),(3,22,404,0,0),(3,22,405,0,0),(3,22,406,0,0),(3,22,407,0,0),(3,22,408,0,0),(3,22,409,0,0),(3,22,410,0,0),(3,22,411,0,0),(3,22,412,0,0),(3,22,413,0,0),(3,22,414,0,0),(3,22,415,0,0),(3,22,416,0,0),(3,22,417,0,0),(3,22,418,0,0),(3,22,419,0,0),(3,22,420,0,0),(3,22,421,0,0),(3,22,422,0,0),(3,22,423,0,0),(3,22,424,0,0),(3,22,425,0,0),(3,22,426,0,0),(3,22,427,0,0),(3,22,428,0,0),(3,22,429,0,0),(3,22,430,0,0),(3,22,431,0,0),(3,22,432,0,0),(3,22,433,0,0),(3,22,434,0,0),(3,22,435,0,0),(3,23,436,0,0),(3,23,437,0,0),(3,23,438,0,0),(3,23,439,0,0),(3,23,440,0,0),(3,23,441,0,0),(3,23,442,0,0),(3,23,443,0,0),(3,23,444,0,0),(3,23,445,0,0),(3,23,446,0,0),(3,23,447,0,0),(3,23,448,0,0),(3,23,449,0,0),(3,23,450,0,0),(3,23,451,0,0),(3,23,452,0,0),(3,23,453,0,0),(3,23,454,0,0),(3,23,455,0,0),(3,23,456,0,0),(3,23,457,0,0),(3,23,458,0,0),(3,23,459,0,0),(3,23,460,0,0),(3,23,461,0,0),(3,23,462,0,0),(3,23,463,0,0),(3,23,464,0,0),(3,23,465,0,0),(3,23,466,0,0),(3,23,467,0,0),(3,23,468,0,0),(3,23,469,0,0),(3,23,470,0,0),(3,23,471,0,0),(3,23,472,0,0),(3,23,473,0,0),(3,23,474,0,0),(3,29,475,0,0),(3,29,479,0,0),(3,29,480,0,0),(3,29,482,0,0),(3,29,489,0,0),(3,29,490,0,0),(3,29,491,0,0),(3,29,492,0,0),(3,29,493,0,0),(3,29,495,0,0),(3,29,496,0,0),(3,29,497,0,0),(3,29,498,0,0),(3,29,499,0,0),(3,29,504,0,0),(3,29,505,0,0),(3,29,506,0,0),(3,29,507,0,0),(3,29,515,0,0),(3,10,520,0,0),(3,10,521,0,0),(3,10,522,0,0),(3,10,523,0,0),(3,10,524,0,0),(3,10,525,0,0),(3,30,526,0,0),(3,30,527,0,0),(3,30,528,0,0),(3,30,529,0,0),(3,30,530,0,0),(3,30,531,0,0),(3,30,532,0,0),(3,30,533,0,0),(3,30,534,0,0),(3,30,535,0,0),(3,30,536,0,0),(3,30,537,0,0),(3,30,538,0,0),(3,30,539,0,0),(3,30,540,0,0),(3,30,541,0,0),(3,30,542,0,0),(3,29,543,0,0),(3,32,544,0,0),(3,32,545,0,0),(3,32,546,0,0),(3,32,547,0,0),(3,32,548,0,0),(3,32,549,0,0),(3,32,550,0,0),(3,32,551,0,0),(3,32,552,0,0),(3,32,553,0,0),(3,32,554,0,0),(3,32,555,0,0),(3,32,556,0,0),(3,32,557,0,0),(3,32,558,0,0),(3,32,559,0,0),(3,32,560,0,0),(3,32,561,0,0),(3,32,562,0,0),(3,32,563,0,0),(3,32,564,0,0),(3,32,565,0,0),(3,34,566,0,0),(3,34,567,0,0),(3,34,568,0,0),(3,34,569,0,0),(3,34,570,0,0),(3,34,571,0,0),(3,34,572,0,0),(3,34,573,0,0),(3,34,574,0,0),(3,34,575,0,0),(3,34,576,0,0),(3,34,577,0,0),(3,34,578,0,0),(3,34,579,0,0),(3,34,580,0,0),(3,34,581,0,0),(3,34,582,0,0),(3,34,583,0,0),(3,34,584,0,0),(3,34,585,0,0),(3,34,586,0,0),(3,34,587,0,0),(3,40,588,0,0),(3,40,589,0,0),(3,40,590,0,0),(3,40,591,0,0),(3,40,592,0,0),(3,40,593,0,0),(3,40,594,0,0),(3,40,595,0,0),(3,40,596,0,0),(3,40,597,0,0),(3,40,598,0,0),(3,40,599,0,0),(3,40,600,0,0),(3,40,601,0,0),(3,40,602,0,0),(3,40,603,0,0),(3,40,604,0,0),(3,40,605,0,0),(3,40,606,0,0),(3,40,607,0,0),(3,40,608,0,0),(3,41,609,0,0),(3,41,610,0,0),(3,41,611,0,0),(3,41,612,0,0),(3,41,613,0,0),(3,41,614,0,0),(3,41,615,0,0),(3,41,616,0,0),(3,44,617,0,0),(3,44,618,0,0),(3,44,619,0,0),(3,44,620,0,0),(3,44,621,0,0),(3,44,622,0,0),(3,44,623,0,0),(3,44,624,0,0),(3,44,625,0,0),(3,44,626,0,0),(3,44,627,0,0),(3,44,628,0,0),(3,44,629,0,0),(3,45,630,0,0),(3,45,631,0,0),(3,45,632,0,0),(3,45,633,0,0),(3,45,634,0,0),(3,45,635,0,0),(3,45,636,0,0),(3,45,637,0,0),(3,45,638,0,0),(3,45,639,0,0),(3,45,640,0,0),(3,45,641,0,0),(3,45,642,0,0),(3,45,643,0,0),(3,45,644,0,0),(3,45,645,0,0),(3,45,646,0,0),(3,45,647,0,0),(3,46,648,0,0),(3,46,649,0,0),(3,46,650,0,0),(3,46,651,0,0),(3,46,652,0,0),(3,46,653,0,0),(3,46,654,0,0),(3,46,655,0,0),(3,46,656,0,0),(3,46,657,0,0),(3,46,658,0,0),(3,46,659,0,0),(3,46,660,0,0),(3,46,661,0,0),(3,46,662,0,0),(3,46,663,0,0),(3,46,664,0,0),(3,46,665,0,0),(3,46,666,0,0),(3,46,667,0,0),(3,47,668,0,0),(3,47,669,0,0),(3,47,670,0,0),(3,47,671,0,0),(3,47,672,0,0),(3,47,673,0,0),(3,2,674,0,0),(3,29,675,0,0),(3,23,676,0,0),(3,23,677,0,0),(3,23,678,0,0),(3,23,679,0,0),(3,23,680,0,0),(3,23,681,0,0),(3,23,682,0,0),(3,23,683,0,0),(3,23,684,0,0),(3,22,685,0,0),(3,22,686,0,0),(3,22,687,0,0),(3,22,688,0,0),(3,22,689,0,0),(3,22,690,0,0),(3,22,691,0,0),(3,22,692,0,0),(3,22,693,0,0),(3,21,694,0,0),(3,21,695,0,0),(3,21,696,0,0),(3,21,697,0,0),(3,21,698,0,0),(3,21,699,0,0),(3,21,700,0,0),(3,21,701,0,0),(3,21,702,0,0),(3,20,703,0,0),(3,20,704,0,0),(3,20,705,0,0),(3,20,706,0,0),(3,20,707,0,0),(3,20,708,0,0),(3,20,709,0,0),(3,20,710,0,0),(3,20,711,0,0),(3,29,712,0,0),(3,45,713,0,0),(3,41,714,0,0),(3,29,715,0,0),(3,29,716,0,0),(3,29,717,0,0),(3,23,718,0,0),(3,22,719,0,0),(3,21,720,0,0),(3,20,721,0,0),(3,29,722,0,0),(3,6,723,0,0),(3,4,724,0,0),(3,2,725,0,0),(3,29,726,0,0),(3,23,727,0,0),(3,23,728,0,0),(3,21,729,0,0),(3,21,730,0,0),(3,18,731,0,0),(3,7,732,0,0),(3,41,733,0,0),(3,41,734,0,0),(3,23,735,0,0),(3,20,736,0,0),(3,21,737,0,0),(3,22,738,0,0),(3,29,739,0,0),(3,2,740,0,0),(3,13,741,0,0),(3,29,742,0,0),(3,29,743,0,0),(3,29,744,0,0),(3,29,745,0,0),(3,14,772,0,0),(3,32,773,0,0),(3,23,774,0,0),(3,29,775,0,0),(3,23,776,0,0),(3,23,777,0,0),(3,23,778,0,0),(3,20,779,0,0),(3,20,780,0,0),(3,20,781,0,0),(3,21,782,0,0),(3,22,783,0,0),(3,22,784,0,0),(3,22,785,0,0),(3,41,786,0,0),(3,41,787,0,0),(3,41,788,0,0),(3,2,789,0,0),(3,4,790,0,0),(3,6,791,0,0),(3,7,792,0,0),(3,8,793,0,0),(3,9,794,0,0),(3,10,795,0,0),(3,13,796,0,0),(3,14,797,0,0),(3,15,798,0,0),(3,16,799,0,0),(3,18,800,0,0),(3,19,801,0,0),(3,20,802,0,0),(3,21,803,0,0),(3,22,804,0,0),(3,23,805,0,0),(3,26,806,0,0),(3,10,807,0,0),(3,2,808,0,0),(3,4,809,0,0),(3,6,810,0,0),(3,7,811,0,0),(3,8,812,0,0),(3,9,813,0,0),(3,10,814,0,0),(3,13,815,0,0),(3,14,816,0,0),(3,15,817,0,0),(3,16,818,0,0),(3,18,819,0,0),(3,19,820,0,0),(3,20,821,0,0),(3,21,822,0,0),(3,22,823,0,0),(3,23,824,0,0),(3,26,825,0,0),(3,30,826,0,0),(3,2,827,0,0),(3,4,828,0,0),(3,6,829,0,0),(3,7,830,0,0),(3,8,831,0,0),(3,9,832,0,0),(3,10,833,0,0),(3,13,834,0,0),(3,14,835,0,0),(3,15,836,0,0),(3,16,837,0,0),(3,18,838,0,0),(3,19,839,0,0),(3,20,840,0,0),(3,21,841,0,0),(3,22,842,0,0),(3,23,843,0,0),(3,26,844,0,0),(3,30,845,0,0),(3,20,846,0,0),(3,21,847,0,0),(3,22,848,0,0),(3,23,849,0,0),(3,46,850,0,0),(3,46,851,0,0),(3,26,853,0,0),(3,4,855,0,0),(3,40,857,0,0),(3,23,858,0,0),(3,20,859,0,0),(3,21,860,0,0),(3,22,861,0,0),(4,6,1,0,0),(4,6,2,0,0),(4,6,3,0,0),(4,6,4,0,0),(4,6,5,0,0),(4,6,6,0,0),(4,6,7,0,0),(4,6,8,0,0),(4,6,9,0,0),(4,6,10,0,0),(4,6,11,0,0),(4,6,12,0,0),(4,6,13,0,0),(4,6,14,0,0),(4,6,15,0,0),(4,6,16,0,0),(4,6,17,0,0),(4,6,18,0,0),(4,6,19,0,0),(4,6,20,0,0),(4,6,21,0,0),(4,6,22,0,0),(4,6,23,0,0),(4,6,24,0,0),(4,6,25,0,0),(4,6,26,0,0),(4,6,27,0,0),(4,6,28,0,0),(4,6,29,0,0),(4,6,30,0,0),(4,6,31,0,0),(4,6,32,0,0),(4,6,33,0,0),(4,6,34,0,0),(4,6,35,0,0),(4,6,36,0,0),(4,7,37,0,0),(4,7,38,0,0),(4,7,39,0,0),(4,7,40,0,0),(4,7,41,0,0),(4,7,42,0,0),(4,7,43,0,0),(4,7,44,0,0),(4,7,45,0,0),(4,7,46,0,0),(4,7,47,0,0),(4,7,48,0,0),(4,7,49,0,0),(4,7,50,0,0),(4,7,51,0,0),(4,7,52,0,0),(4,7,53,0,0),(4,7,54,0,0),(4,7,55,0,0),(4,7,56,0,0),(4,7,57,0,0),(4,7,58,0,0),(4,7,59,0,0),(4,7,60,0,0),(4,7,61,0,0),(4,7,62,0,0),(4,7,63,0,0),(4,7,64,0,0),(4,7,65,0,0),(4,4,66,0,0),(4,4,67,0,0),(4,4,68,0,0),(4,4,69,0,0),(4,4,70,0,0),(4,4,71,0,0),(4,4,72,0,0),(4,4,73,0,0),(4,4,74,0,0),(4,4,75,0,0),(4,4,76,0,0),(4,4,77,0,0),(4,4,78,0,0),(4,4,79,0,0),(4,4,80,0,0),(4,4,81,0,0),(4,4,82,0,0),(4,4,83,0,0),(4,4,84,0,0),(4,4,85,0,0),(4,4,86,0,0),(4,4,87,0,0),(4,4,88,0,0),(4,4,89,0,0),(4,4,90,0,0),(4,4,91,0,0),(4,4,92,0,0),(4,4,93,0,0),(4,4,94,0,0),(4,4,95,0,0),(4,4,96,0,0),(4,4,97,0,0),(4,4,98,0,0),(4,4,99,0,0),(4,4,100,0,0),(4,4,101,0,0),(4,4,102,0,0),(4,4,103,0,0),(4,4,104,0,0),(4,4,105,0,0),(4,4,106,0,0),(4,4,107,0,0),(4,4,108,0,0),(4,4,109,0,0),(4,2,110,0,0),(4,2,111,0,0),(4,2,112,0,0),(4,2,113,0,0),(4,2,114,0,0),(4,2,115,0,0),(4,2,116,0,0),(4,2,117,0,0),(4,2,118,0,0),(4,2,119,0,0),(4,2,120,0,0),(4,2,121,0,0),(4,2,122,0,0),(4,2,123,0,0),(4,2,124,0,0),(4,2,125,0,0),(4,26,126,0,0),(4,26,127,0,0),(4,26,128,0,0),(4,26,129,0,0),(4,26,130,0,0),(4,26,131,0,0),(4,26,132,0,0),(4,26,133,0,0),(4,26,134,0,0),(4,26,135,0,0),(4,26,136,0,0),(4,26,137,0,0),(4,26,138,0,0),(4,26,139,0,0),(4,26,140,0,0),(4,26,141,0,0),(4,26,142,0,0),(4,26,143,0,0),(4,26,144,0,0),(4,26,145,0,0),(4,26,146,0,0),(4,26,147,0,0),(4,26,148,0,0),(4,26,149,0,0),(4,26,150,0,0),(4,4,151,0,0),(4,6,152,0,0),(4,7,153,0,0),(4,26,154,0,0),(4,13,155,0,0),(4,13,156,0,0),(4,13,157,0,0),(4,13,158,0,0),(4,13,159,0,0),(4,13,160,0,0),(4,13,161,0,0),(4,13,162,0,0),(4,13,163,0,0),(4,13,164,0,0),(4,13,165,0,0),(4,13,166,0,0),(4,13,167,0,0),(4,13,168,0,0),(4,13,169,0,0),(4,13,170,0,0),(4,13,171,0,0),(4,13,172,0,0),(4,13,173,0,0),(4,14,174,0,0),(4,14,175,0,0),(4,14,176,0,0),(4,14,177,0,0),(4,14,178,0,0),(4,14,179,0,0),(4,14,180,0,0),(4,14,181,0,0),(4,14,182,0,0),(4,14,183,0,0),(4,14,184,0,0),(4,14,185,0,0),(4,14,186,0,0),(4,14,187,0,0),(4,14,188,0,0),(4,14,189,0,0),(4,14,190,0,0),(4,14,191,0,0),(4,14,192,0,0),(4,14,193,0,0),(4,14,194,0,0),(4,14,195,0,0),(4,14,196,0,0),(4,14,197,0,0),(4,14,198,0,0),(4,14,199,0,0),(4,14,200,0,0),(4,14,201,0,0),(4,14,202,0,0),(4,14,203,0,0),(4,14,204,0,0),(4,8,205,0,0),(4,8,206,0,0),(4,8,207,0,0),(4,8,208,0,0),(4,8,209,0,0),(4,8,210,0,0),(4,8,211,0,0),(4,8,212,0,0),(4,8,213,0,0),(4,8,214,0,0),(4,8,215,0,0),(4,8,216,0,0),(4,8,217,0,0),(4,8,218,0,0),(4,8,219,0,0),(4,10,220,0,0),(4,10,221,0,0),(4,10,222,0,0),(4,10,223,0,0),(4,10,224,0,0),(4,10,225,0,0),(4,10,226,0,0),(4,10,227,0,0),(4,10,228,0,0),(4,10,229,0,0),(4,10,230,0,0),(4,10,231,0,0),(4,9,232,0,0),(4,9,233,0,0),(4,9,234,0,0),(4,9,235,0,0),(4,9,236,0,0),(4,9,237,0,0),(4,9,238,0,0),(4,9,239,0,0),(4,9,240,0,0),(4,9,241,0,0),(4,9,242,0,0),(4,9,243,0,0),(4,9,244,0,0),(4,9,245,0,0),(4,9,246,0,0),(4,9,247,0,0),(4,9,248,0,0),(4,9,249,0,0),(4,9,250,0,0),(4,9,251,0,0),(4,9,252,0,0),(4,9,253,0,0),(4,9,254,0,0),(4,9,255,0,0),(4,16,256,0,0),(4,16,257,0,0),(4,16,258,0,0),(4,16,259,0,0),(4,16,260,0,0),(4,16,261,0,0),(4,16,262,0,0),(4,16,263,0,0),(4,16,264,0,0),(4,16,265,0,0),(4,16,266,0,0),(4,16,267,0,0),(4,16,268,0,0),(4,16,269,0,0),(4,16,270,0,0),(4,16,271,0,0),(4,16,272,0,0),(4,16,273,0,0),(4,16,274,0,0),(4,16,275,0,0),(4,16,276,0,0),(4,16,277,0,0),(4,16,278,0,0),(4,15,279,0,0),(4,15,280,0,0),(4,15,281,0,0),(4,15,282,0,0),(4,15,283,0,0),(4,15,284,0,0),(4,15,285,0,0),(4,15,286,0,0),(4,15,287,0,0),(4,15,288,0,0),(4,18,289,0,0),(4,18,290,0,0),(4,18,291,0,0),(4,18,292,0,0),(4,18,293,0,0),(4,18,294,0,0),(4,18,295,0,0),(4,18,296,0,0),(4,18,297,0,0),(4,18,298,0,0),(4,18,299,0,0),(4,18,300,0,0),(4,18,301,0,0),(4,18,302,0,0),(4,18,303,0,0),(4,18,304,0,0),(4,18,305,0,0),(4,19,306,0,0),(4,19,307,0,0),(4,19,308,0,0),(4,19,309,0,0),(4,19,310,0,0),(4,19,311,0,0),(4,19,312,0,0),(4,19,313,0,0),(4,20,314,0,0),(4,20,315,0,0),(4,20,316,0,0),(4,20,317,0,0),(4,20,318,0,0),(4,20,319,0,0),(4,20,320,0,0),(4,20,321,0,0),(4,20,322,0,0),(4,20,323,0,0),(4,20,324,0,0),(4,20,325,0,0),(4,20,326,0,0),(4,20,327,0,0),(4,20,328,0,0),(4,20,329,0,0),(4,20,330,0,0),(4,20,331,0,0),(4,20,332,0,0),(4,20,333,0,0),(4,20,334,0,0),(4,20,335,0,0),(4,20,336,0,0),(4,20,337,0,0),(4,20,338,0,0),(4,20,339,0,0),(4,20,340,0,0),(4,20,341,0,0),(4,20,342,0,0),(4,20,343,0,0),(4,20,344,0,0),(4,20,345,0,0),(4,20,346,0,0),(4,20,347,0,0),(4,20,348,0,0),(4,20,349,0,0),(4,20,350,0,0),(4,21,351,0,0),(4,21,352,0,0),(4,21,353,0,0),(4,21,354,0,0),(4,21,355,0,0),(4,21,356,0,0),(4,21,357,0,0),(4,21,358,0,0),(4,21,359,0,0),(4,21,360,0,0),(4,21,361,0,0),(4,21,362,0,0),(4,21,363,0,0),(4,21,364,0,0),(4,21,365,0,0),(4,21,366,0,0),(4,21,367,0,0),(4,21,368,0,0),(4,21,369,0,0),(4,21,370,0,0),(4,21,371,0,0),(4,21,372,0,0),(4,21,373,0,0),(4,21,374,0,0),(4,21,375,0,0),(4,21,376,0,0),(4,21,377,0,0),(4,21,378,0,0),(4,21,379,0,0),(4,21,380,0,0),(4,21,381,0,0),(4,21,382,0,0),(4,21,383,0,0),(4,21,384,0,0),(4,21,385,0,0),(4,21,386,0,0),(4,21,387,0,0),(4,21,388,0,0),(4,22,389,0,0),(4,22,390,0,0),(4,22,391,0,0),(4,22,392,0,0),(4,22,393,0,0),(4,22,394,0,0),(4,22,395,0,0),(4,22,396,0,0),(4,22,397,0,0),(4,22,398,0,0),(4,22,399,0,0),(4,22,400,0,0),(4,22,401,0,0),(4,22,402,0,0),(4,22,403,0,0),(4,22,404,0,0),(4,22,405,0,0),(4,22,406,0,0),(4,22,407,0,0),(4,22,408,0,0),(4,22,409,0,0),(4,22,410,0,0),(4,22,411,0,0),(4,22,412,0,0),(4,22,413,0,0),(4,22,414,0,0),(4,22,415,0,0),(4,22,416,0,0),(4,22,417,0,0),(4,22,418,0,0),(4,22,419,0,0),(4,22,420,0,0),(4,22,421,0,0),(4,22,422,0,0),(4,22,423,0,0),(4,22,424,0,0),(4,22,425,0,0),(4,22,426,0,0),(4,22,427,0,0),(4,22,428,0,0),(4,22,429,0,0),(4,22,430,0,0),(4,22,431,0,0),(4,22,432,0,0),(4,22,433,0,0),(4,22,434,0,0),(4,22,435,0,0),(4,23,436,0,0),(4,23,437,0,0),(4,23,438,0,0),(4,23,439,0,0),(4,23,440,0,0),(4,23,441,0,0),(4,23,442,0,0),(4,23,443,0,0),(4,23,444,0,0),(4,23,445,0,0),(4,23,446,0,0),(4,23,447,0,0),(4,23,448,0,0),(4,23,449,0,0),(4,23,450,0,0),(4,23,451,0,0),(4,23,452,0,0),(4,23,453,0,0),(4,23,454,0,0),(4,23,455,0,0),(4,23,456,0,0),(4,23,457,0,0),(4,23,458,0,0),(4,23,459,0,0),(4,23,460,0,0),(4,23,461,0,0),(4,23,462,0,0),(4,23,463,0,0),(4,23,464,0,0),(4,23,465,0,0),(4,23,466,0,0),(4,23,467,0,0),(4,23,468,0,0),(4,23,469,0,0),(4,23,470,0,0),(4,23,471,0,0),(4,23,472,0,0),(4,23,473,0,0),(4,23,474,0,0),(4,29,475,0,0),(4,29,479,0,0),(4,29,480,0,0),(4,29,482,0,0),(4,29,489,0,0),(4,29,490,0,0),(4,29,491,0,0),(4,29,492,0,0),(4,29,493,0,0),(4,29,495,0,0),(4,29,496,0,0),(4,29,497,0,0),(4,29,498,0,0),(4,29,499,0,0),(4,29,504,0,0),(4,29,505,0,0),(4,29,506,0,0),(4,29,507,0,0),(4,29,515,0,0),(4,10,520,0,0),(4,10,521,0,0),(4,10,522,0,0),(4,10,523,0,0),(4,10,524,0,0),(4,10,525,0,0),(4,30,526,0,0),(4,30,527,0,0),(4,30,528,0,0),(4,30,529,0,0),(4,30,530,0,0),(4,30,531,0,0),(4,30,532,0,0),(4,30,533,0,0),(4,30,534,0,0),(4,30,535,0,0),(4,30,536,0,0),(4,30,537,0,0),(4,30,538,0,0),(4,30,539,0,0),(4,30,540,0,0),(4,30,541,0,0),(4,30,542,0,0),(4,29,543,0,0),(4,32,544,0,0),(4,32,545,0,0),(4,32,546,0,0),(4,32,547,0,0),(4,32,548,0,0),(4,32,549,0,0),(4,32,550,0,0),(4,32,551,0,0),(4,32,552,0,0),(4,32,553,0,0),(4,32,554,0,0),(4,32,555,0,0),(4,32,556,0,0),(4,32,557,0,0),(4,32,558,0,0),(4,32,559,0,0),(4,32,560,0,0),(4,32,561,0,0),(4,32,562,0,0),(4,32,563,0,0),(4,32,564,0,0),(4,32,565,0,0),(4,34,566,0,0),(4,34,567,0,0),(4,34,568,0,0),(4,34,569,0,0),(4,34,570,0,0),(4,34,571,0,0),(4,34,572,0,0),(4,34,573,0,0),(4,34,574,0,0),(4,34,575,0,0),(4,34,576,0,0),(4,34,577,0,0),(4,34,578,0,0),(4,34,579,0,0),(4,34,580,0,0),(4,34,581,0,0),(4,34,582,0,0),(4,34,583,0,0),(4,34,584,0,0),(4,34,585,0,0),(4,34,586,0,0),(4,34,587,0,0),(4,40,588,0,0),(4,40,589,0,0),(4,40,590,0,0),(4,40,591,0,0),(4,40,592,0,0),(4,40,593,0,0),(4,40,594,0,0),(4,40,595,0,0),(4,40,596,0,0),(4,40,597,0,0),(4,40,598,0,0),(4,40,599,0,0),(4,40,600,0,0),(4,40,601,0,0),(4,40,602,0,0),(4,40,603,0,0),(4,40,604,0,0),(4,40,605,0,0),(4,40,606,0,0),(4,40,607,0,0),(4,40,608,0,0),(4,41,609,0,0),(4,41,610,0,0),(4,41,611,0,0),(4,41,612,0,0),(4,41,613,0,0),(4,41,614,0,0),(4,41,615,0,0),(4,41,616,0,0),(4,44,617,0,0),(4,44,618,0,0),(4,44,619,0,0),(4,44,620,0,0),(4,44,621,0,0),(4,44,622,0,0),(4,44,623,0,0),(4,44,624,0,0),(4,44,625,0,0),(4,44,626,0,0),(4,44,627,0,0),(4,44,628,0,0),(4,44,629,0,0),(4,45,630,0,0),(4,45,631,0,0),(4,45,632,0,0),(4,45,633,0,0),(4,45,634,0,0),(4,45,635,0,0),(4,45,636,0,0),(4,45,637,0,0),(4,45,638,0,0),(4,45,639,0,0),(4,45,640,0,0),(4,45,641,0,0),(4,45,642,0,0),(4,45,643,0,0),(4,45,644,0,0),(4,45,645,0,0),(4,45,646,0,0),(4,45,647,0,0),(4,46,648,0,0),(4,46,649,0,0),(4,46,650,0,0),(4,46,651,0,0),(4,46,652,0,0),(4,46,653,0,0),(4,46,654,0,0),(4,46,655,0,0),(4,46,656,0,0),(4,46,657,0,0),(4,46,658,0,0),(4,46,659,0,0),(4,46,660,0,0),(4,46,661,0,0),(4,46,662,0,0),(4,46,663,0,0),(4,46,664,0,0),(4,46,665,0,0),(4,46,666,0,0),(4,46,667,0,0),(4,47,668,0,0),(4,47,669,0,0),(4,47,670,0,0),(4,47,671,0,0),(4,47,672,0,0),(4,47,673,0,0),(4,2,674,0,0),(4,29,675,0,0),(4,23,676,0,0),(4,23,677,0,0),(4,23,678,0,0),(4,23,679,0,0),(4,23,680,0,0),(4,23,681,0,0),(4,23,682,0,0),(4,23,683,0,0),(4,23,684,0,0),(4,22,685,0,0),(4,22,686,0,0),(4,22,687,0,0),(4,22,688,0,0),(4,22,689,0,0),(4,22,690,0,0),(4,22,691,0,0),(4,22,692,0,0),(4,22,693,0,0),(4,21,694,0,0),(4,21,695,0,0),(4,21,696,0,0),(4,21,697,0,0),(4,21,698,0,0),(4,21,699,0,0),(4,21,700,0,0),(4,21,701,0,0),(4,21,702,0,0),(4,20,703,0,0),(4,20,704,0,0),(4,20,705,0,0),(4,20,706,0,0),(4,20,707,0,0),(4,20,708,0,0),(4,20,709,0,0),(4,20,710,0,0),(4,20,711,0,0),(4,29,712,0,0),(4,45,713,0,0),(4,41,714,0,0),(4,29,715,0,0),(4,29,716,0,0),(4,29,717,0,0),(4,23,718,0,0),(4,22,719,0,0),(4,21,720,0,0),(4,20,721,0,0),(4,29,722,0,0),(4,6,723,0,0),(4,4,724,0,0),(4,2,725,0,0),(4,29,726,0,0),(4,23,727,0,0),(4,23,728,0,0),(4,21,729,0,0),(4,21,730,0,0),(4,18,731,0,0),(4,7,732,0,0),(4,41,733,0,0),(4,41,734,0,0),(4,23,735,0,0),(4,20,736,0,0),(4,21,737,0,0),(4,22,738,0,0),(4,29,739,0,0),(4,2,740,0,0),(4,13,741,0,0),(4,29,742,0,0),(4,29,743,0,0),(4,29,744,0,0),(4,29,745,0,0),(4,14,772,0,0),(4,32,773,0,0),(4,23,774,0,0),(4,29,775,0,0),(4,23,776,0,0),(4,23,777,0,0),(4,23,778,0,0),(4,20,779,0,0),(4,20,780,0,0),(4,20,781,0,0),(4,21,782,0,0),(4,22,783,0,0),(4,22,784,0,0),(4,22,785,0,0),(4,41,786,0,0),(4,41,787,0,0),(4,41,788,0,0),(4,2,789,0,0),(4,4,790,0,0),(4,6,791,0,0),(4,7,792,0,0),(4,8,793,0,0),(4,9,794,0,0),(4,10,795,0,0),(4,13,796,0,0),(4,14,797,0,0),(4,15,798,0,0),(4,16,799,0,0),(4,18,800,0,0),(4,19,801,0,0),(4,20,802,0,0),(4,21,803,0,0),(4,22,804,0,0),(4,23,805,0,0),(4,26,806,0,0),(4,10,807,0,0),(4,2,808,0,0),(4,4,809,0,0),(4,6,810,0,0),(4,7,811,0,0),(4,8,812,0,0),(4,9,813,0,0),(4,10,814,0,0),(4,13,815,0,0),(4,14,816,0,0),(4,15,817,0,0),(4,16,818,0,0),(4,18,819,0,0),(4,19,820,0,0),(4,20,821,0,0),(4,21,822,0,0),(4,22,823,0,0),(4,23,824,0,0),(4,26,825,0,0),(4,30,826,0,0),(4,2,827,0,0),(4,4,828,0,0),(4,6,829,0,0),(4,7,830,0,0),(4,8,831,0,0),(4,9,832,0,0),(4,10,833,0,0),(4,13,834,0,0),(4,14,835,0,0),(4,15,836,0,0),(4,16,837,0,0),(4,18,838,0,0),(4,19,839,0,0),(4,20,840,0,0),(4,21,841,0,0),(4,22,842,0,0),(4,23,843,0,0),(4,26,844,0,0),(4,30,845,0,0),(4,20,846,0,0),(4,21,847,0,0),(4,22,848,0,0),(4,23,849,0,0),(4,46,850,0,0),(4,46,851,0,0),(4,26,853,0,0),(4,4,855,0,0),(4,40,857,0,0),(4,23,858,0,0),(4,20,859,0,0),(4,21,860,0,0),(4,22,861,0,0),(5,6,1,0,0),(5,6,2,0,0),(5,6,3,0,0),(5,6,4,0,0),(5,6,5,0,0),(5,6,6,0,0),(5,6,7,0,0),(5,6,8,0,0),(5,6,9,0,0),(5,6,10,0,0),(5,6,11,0,0),(5,6,12,0,0),(5,6,13,0,0),(5,6,14,0,0),(5,6,15,0,0),(5,6,16,0,0),(5,6,17,0,0),(5,6,18,0,0),(5,6,19,0,0),(5,6,20,0,0),(5,6,21,0,1),(5,6,22,0,1),(5,6,23,0,0),(5,6,24,0,0),(5,6,25,0,0),(5,6,26,0,0),(5,6,27,0,0),(5,6,28,0,0),(5,6,29,0,0),(5,6,30,0,0),(5,6,31,0,0),(5,6,32,0,0),(5,6,33,0,0),(5,6,34,0,0),(5,6,35,0,0),(5,6,36,0,0),(5,7,37,0,0),(5,7,38,0,0),(5,7,39,0,0),(5,7,40,0,0),(5,7,41,0,0),(5,7,42,0,0),(5,7,43,0,0),(5,7,44,0,0),(5,7,45,0,0),(5,7,46,0,0),(5,7,47,0,0),(5,7,48,0,0),(5,7,49,0,0),(5,7,50,0,0),(5,7,51,0,0),(5,7,52,0,0),(5,7,53,0,0),(5,7,54,0,0),(5,7,55,0,0),(5,7,56,0,1),(5,7,57,0,1),(5,7,58,0,0),(5,7,59,0,0),(5,7,60,0,0),(5,7,61,0,0),(5,7,62,0,0),(5,7,63,0,0),(5,7,64,0,0),(5,7,65,0,0),(5,4,66,0,0),(5,4,67,0,0),(5,4,68,0,0),(5,4,69,0,0),(5,4,70,0,0),(5,4,71,0,0),(5,4,72,0,0),(5,4,73,0,0),(5,4,74,0,0),(5,4,75,0,0),(5,4,76,0,0),(5,4,77,0,0),(5,4,78,0,0),(5,4,79,0,0),(5,4,80,0,0),(5,4,81,0,0),(5,4,82,0,0),(5,4,83,0,0),(5,4,84,0,0),(5,4,85,0,0),(5,4,86,0,0),(5,4,87,0,0),(5,4,88,0,0),(5,4,89,0,0),(5,4,90,0,1),(5,4,91,0,1),(5,4,92,0,0),(5,4,93,0,0),(5,4,94,0,0),(5,4,95,0,0),(5,4,96,0,0),(5,4,97,0,0),(5,4,98,0,0),(5,4,99,0,0),(5,4,100,0,0),(5,4,101,0,0),(5,4,102,0,0),(5,4,103,0,0),(5,4,104,0,0),(5,4,105,0,0),(5,4,106,0,0),(5,4,107,0,0),(5,4,108,0,0),(5,4,109,0,0),(5,2,110,0,0),(5,2,111,0,0),(5,2,112,0,0),(5,2,113,0,0),(5,2,114,0,0),(5,2,115,0,0),(5,2,116,0,0),(5,2,117,0,0),(5,2,118,0,0),(5,2,119,0,0),(5,2,120,0,0),(5,2,121,0,0),(5,2,122,0,1),(5,2,123,0,1),(5,2,124,0,0),(5,2,125,0,0),(5,26,126,0,0),(5,26,127,0,0),(5,26,128,0,0),(5,26,129,0,0),(5,26,130,0,0),(5,26,131,0,0),(5,26,132,0,0),(5,26,133,0,0),(5,26,134,0,0),(5,26,135,0,0),(5,26,136,0,0),(5,26,137,0,1),(5,26,138,0,1),(5,26,139,0,0),(5,26,140,0,0),(5,26,141,0,0),(5,26,142,0,0),(5,26,143,0,0),(5,26,144,0,0),(5,26,145,0,0),(5,26,146,0,0),(5,26,147,0,0),(5,26,148,0,0),(5,26,149,0,0),(5,26,150,0,0),(5,13,155,0,0),(5,13,156,0,0),(5,13,157,0,0),(5,13,158,0,0),(5,13,159,0,0),(5,13,160,0,0),(5,13,161,0,0),(5,13,162,0,0),(5,13,164,0,0),(5,13,165,0,0),(5,13,166,0,1),(5,13,167,0,1),(5,13,168,0,0),(5,13,169,0,0),(5,13,170,0,0),(5,13,171,0,0),(5,13,172,0,0),(5,14,174,0,0),(5,14,175,0,0),(5,14,176,0,0),(5,14,177,0,0),(5,14,178,0,0),(5,14,179,0,0),(5,14,180,0,0),(5,14,181,0,0),(5,14,182,0,0),(5,14,183,0,0),(5,14,184,0,0),(5,14,185,0,0),(5,14,186,0,0),(5,14,187,0,0),(5,14,188,0,0),(5,14,189,0,0),(5,14,190,0,0),(5,14,191,0,1),(5,14,192,0,1),(5,14,193,0,0),(5,14,194,0,0),(5,14,195,0,0),(5,14,197,0,0),(5,14,198,0,0),(5,14,199,0,0),(5,14,200,0,0),(5,14,201,0,0),(5,14,202,0,0),(5,14,203,0,0),(5,14,204,0,0),(5,8,205,0,0),(5,8,206,0,1),(5,8,207,0,1),(5,8,208,0,0),(5,8,209,0,0),(5,8,210,0,0),(5,8,211,0,1),(5,8,212,0,1),(5,8,213,0,0),(5,8,214,0,0),(5,8,215,0,0),(5,8,216,0,1),(5,8,217,0,0),(5,8,218,0,0),(5,8,219,0,0),(5,10,220,0,0),(5,10,221,0,0),(5,10,222,0,0),(5,10,223,0,0),(5,10,224,0,0),(5,10,225,0,0),(5,10,226,0,0),(5,10,227,0,0),(5,10,228,0,0),(5,10,229,0,1),(5,10,230,0,0),(5,10,231,0,0),(5,9,232,0,0),(5,9,233,0,0),(5,9,234,0,0),(5,9,235,0,0),(5,9,236,0,0),(5,9,237,0,0),(5,9,238,0,0),(5,9,239,0,0),(5,9,240,0,0),(5,9,241,0,0),(5,9,242,0,0),(5,9,243,0,0),(5,9,244,0,1),(5,9,245,0,1),(5,9,246,0,0),(5,9,247,0,0),(5,9,248,0,0),(5,9,249,0,0),(5,9,250,0,0),(5,9,251,0,0),(5,9,252,0,0),(5,9,253,0,0),(5,9,254,0,0),(5,9,255,0,0),(5,16,256,0,0),(5,16,257,0,0),(5,16,258,0,0),(5,16,259,0,0),(5,16,260,0,0),(5,16,261,0,0),(5,16,262,0,0),(5,16,263,0,0),(5,16,264,0,0),(5,16,265,0,0),(5,16,266,0,0),(5,16,267,0,0),(5,16,268,0,0),(5,16,269,0,0),(5,16,270,0,1),(5,16,271,0,1),(5,16,272,0,0),(5,16,273,0,0),(5,16,274,0,0),(5,16,275,0,0),(5,16,276,0,0),(5,16,277,0,0),(5,16,278,0,0),(5,15,279,0,0),(5,15,280,0,0),(5,15,281,0,0),(5,15,282,0,0),(5,15,283,0,0),(5,15,284,0,0),(5,15,286,0,1),(5,15,287,0,1),(5,15,288,0,0),(5,18,289,0,0),(5,18,290,0,0),(5,18,291,0,0),(5,18,292,0,0),(5,18,293,0,0),(5,18,294,0,0),(5,18,295,0,0),(5,18,296,0,1),(5,18,297,0,1),(5,18,298,0,0),(5,18,299,0,0),(5,18,300,0,0),(5,18,301,0,0),(5,18,302,0,0),(5,18,303,0,0),(5,18,304,0,0),(5,18,305,0,0),(5,19,306,0,0),(5,19,307,0,0),(5,19,308,0,0),(5,19,309,0,1),(5,19,310,0,1),(5,19,311,0,0),(5,19,312,0,0),(5,19,313,0,0),(5,20,314,0,0),(5,20,315,0,0),(5,20,316,0,0),(5,20,317,0,0),(5,20,318,0,0),(5,20,319,0,0),(5,20,320,0,0),(5,20,321,0,0),(5,20,322,0,0),(5,20,323,0,0),(5,20,324,0,0),(5,20,325,0,0),(5,20,326,0,0),(5,20,327,0,0),(5,20,328,0,0),(5,20,329,0,0),(5,20,330,0,0),(5,20,331,0,0),(5,20,332,0,1),(5,20,333,0,1),(5,20,334,0,0),(5,20,335,0,0),(5,20,336,0,0),(5,20,337,0,0),(5,20,338,0,0),(5,20,339,0,0),(5,20,340,0,0),(5,20,341,0,0),(5,20,342,0,0),(5,20,343,0,0),(5,20,344,0,0),(5,20,345,0,0),(5,20,346,0,0),(5,20,347,0,0),(5,20,348,0,0),(5,20,349,0,0),(5,20,350,0,0),(5,21,351,0,0),(5,21,352,0,0),(5,21,353,0,0),(5,21,354,0,0),(5,21,355,0,0),(5,21,356,0,0),(5,21,357,0,0),(5,21,358,0,0),(5,21,359,0,0),(5,21,360,0,0),(5,21,361,0,0),(5,21,362,0,0),(5,21,363,0,0),(5,21,364,0,0),(5,21,365,0,0),(5,21,366,0,0),(5,21,367,0,0),(5,21,368,0,0),(5,21,369,0,0),(5,21,370,0,1),(5,21,371,0,1),(5,21,372,0,0),(5,21,373,0,0),(5,21,374,0,0),(5,21,375,0,0),(5,21,376,0,0),(5,21,377,0,0),(5,21,378,0,0),(5,21,379,0,0),(5,21,380,0,0),(5,21,381,0,0),(5,21,382,0,0),(5,21,383,0,0),(5,21,384,0,0),(5,21,385,0,0),(5,21,386,0,0),(5,21,387,0,0),(5,21,388,0,0),(5,22,389,0,0),(5,22,390,0,0),(5,22,391,0,0),(5,22,392,0,0),(5,22,393,0,0),(5,22,394,0,0),(5,22,395,0,0),(5,22,396,0,0),(5,22,397,0,0),(5,22,398,0,0),(5,22,399,0,0),(5,22,400,0,0),(5,22,401,0,0),(5,22,402,0,0),(5,22,403,0,0),(5,22,404,0,0),(5,22,405,0,0),(5,22,406,0,0),(5,22,407,0,0),(5,22,408,0,0),(5,22,409,0,0),(5,22,410,0,0),(5,22,411,0,1),(5,22,412,0,1),(5,22,413,0,0),(5,22,414,0,0),(5,22,415,0,0),(5,22,416,0,0),(5,22,417,0,0),(5,22,418,0,0),(5,22,419,0,0),(5,22,420,0,0),(5,22,421,0,0),(5,22,422,0,0),(5,22,423,0,0),(5,22,424,0,0),(5,22,425,0,0),(5,22,426,0,0),(5,22,427,0,0),(5,22,428,0,0),(5,22,429,0,0),(5,22,430,0,0),(5,22,431,0,0),(5,22,432,0,0),(5,22,433,0,0),(5,22,434,0,0),(5,22,435,0,0),(5,23,436,0,0),(5,23,437,0,0),(5,23,438,0,0),(5,23,439,0,0),(5,23,440,0,0),(5,23,441,0,0),(5,23,442,0,0),(5,23,443,0,0),(5,23,444,0,0),(5,23,445,0,0),(5,23,446,0,0),(5,23,447,0,0),(5,23,448,0,0),(5,23,449,0,0),(5,23,450,0,0),(5,23,451,0,0),(5,23,452,0,0),(5,23,453,0,0),(5,23,454,0,0),(5,23,455,0,1),(5,23,456,0,1),(5,23,457,0,0),(5,23,458,0,0),(5,23,459,0,0),(5,23,460,0,0),(5,23,461,0,0),(5,23,462,0,0),(5,23,463,0,0),(5,23,464,0,0),(5,23,465,0,0),(5,23,466,0,0),(5,23,467,0,0),(5,23,468,0,0),(5,23,469,0,0),(5,23,470,0,0),(5,23,471,0,0),(5,23,472,0,0),(5,23,473,0,0),(5,23,474,0,0),(5,29,475,0,0),(5,29,479,0,0),(5,29,480,0,0),(5,29,481,0,0),(5,29,482,0,0),(5,29,489,0,0),(5,29,490,0,0),(5,29,491,0,0),(5,29,492,0,0),(5,29,493,0,0),(5,29,494,0,0),(5,29,495,0,0),(5,29,496,0,0),(5,29,497,0,0),(5,29,498,0,0),(5,29,499,0,0),(5,29,504,0,0),(5,29,505,0,0),(5,29,506,0,0),(5,29,507,0,0),(5,29,510,0,0),(5,10,520,0,0),(5,10,521,0,0),(5,10,522,0,0),(5,10,523,0,0),(5,10,524,0,0),(5,10,525,0,0),(5,30,526,0,0),(5,30,527,0,0),(5,30,528,0,0),(5,30,529,0,0),(5,30,530,0,0),(5,30,531,0,0),(5,30,532,0,0),(5,30,533,0,0),(5,30,534,0,0),(5,30,535,0,0),(5,30,536,0,0),(5,30,537,0,0),(5,30,538,0,0),(5,30,539,0,0),(5,30,540,0,1),(5,30,541,0,1),(5,30,542,0,1),(5,29,543,0,0),(5,32,544,0,0),(5,32,545,0,0),(5,32,546,0,0),(5,32,547,0,0),(5,32,548,0,0),(5,32,549,0,0),(5,32,550,0,0),(5,32,551,0,0),(5,32,552,0,1),(5,32,553,0,1),(5,32,554,0,0),(5,32,555,0,0),(5,32,556,0,0),(5,32,557,0,0),(5,32,558,0,0),(5,32,559,0,0),(5,32,561,0,0),(5,32,562,0,0),(5,32,563,0,1),(5,32,564,0,0),(5,32,565,0,0),(5,34,566,0,0),(5,34,567,0,1),(5,34,568,0,1),(5,34,569,0,0),(5,34,570,0,1),(5,34,571,0,0),(5,34,572,0,0),(5,34,573,0,0),(5,34,574,0,0),(5,34,575,0,0),(5,34,576,0,0),(5,34,577,0,1),(5,34,578,0,1),(5,34,579,0,0),(5,34,580,0,0),(5,34,581,0,0),(5,34,582,0,1),(5,34,583,0,0),(5,34,584,0,0),(5,34,585,0,1),(5,34,586,0,0),(5,34,587,0,0),(5,40,588,0,0),(5,40,589,0,0),(5,40,590,0,0),(5,40,591,0,0),(5,40,592,0,0),(5,40,593,0,0),(5,40,594,0,0),(5,40,595,0,0),(5,40,596,0,0),(5,40,597,0,0),(5,40,598,0,0),(5,40,599,0,0),(5,40,600,0,0),(5,40,601,0,0),(5,40,602,0,1),(5,40,603,0,1),(5,40,604,0,0),(5,40,605,0,0),(5,40,606,0,1),(5,40,607,0,0),(5,40,608,0,0),(5,41,609,0,0),(5,41,610,0,0),(5,41,611,0,1),(5,41,612,0,1),(5,41,613,0,0),(5,41,614,0,1),(5,41,615,0,0),(5,41,616,0,1),(5,44,617,0,0),(5,44,618,0,0),(5,44,619,0,0),(5,44,620,0,0),(5,44,621,0,0),(5,44,622,0,0),(5,44,623,0,1),(5,44,624,0,1),(5,44,625,0,0),(5,44,626,0,0),(5,44,627,0,1),(5,44,628,0,0),(5,44,629,0,0),(5,45,630,0,0),(5,45,631,0,0),(5,45,632,0,0),(5,45,633,0,0),(5,45,634,0,0),(5,45,635,0,0),(5,45,636,0,0),(5,45,637,0,0),(5,45,638,0,0),(5,45,639,0,0),(5,45,640,0,0),(5,45,641,0,1),(5,45,642,0,1),(5,45,643,0,0),(5,45,644,0,0),(5,45,645,0,1),(5,45,646,0,0),(5,45,647,0,0),(5,46,648,0,0),(5,46,649,0,0),(5,46,650,0,0),(5,46,651,0,0),(5,46,652,0,0),(5,46,653,0,0),(5,46,654,0,0),(5,46,655,0,0),(5,46,656,0,0),(5,46,657,0,0),(5,46,658,0,0),(5,46,659,0,0),(5,46,660,0,0),(5,46,661,0,1),(5,46,662,0,1),(5,46,663,0,0),(5,46,664,0,0),(5,46,665,0,1),(5,46,666,0,0),(5,46,667,0,0),(5,47,668,0,0),(5,47,669,0,1),(5,47,670,0,1),(5,47,671,0,0),(5,47,672,0,0),(5,47,673,0,1),(5,2,674,0,0),(5,23,676,0,0),(5,23,677,0,0),(5,23,678,0,0),(5,23,679,0,0),(5,23,680,0,0),(5,23,681,0,0),(5,22,685,0,0),(5,22,686,0,0),(5,22,687,0,0),(5,22,688,0,0),(5,22,689,0,0),(5,22,690,0,0),(5,21,694,0,0),(5,21,695,0,0),(5,21,696,0,0),(5,21,697,0,0),(5,21,698,0,0),(5,21,699,0,0),(5,20,703,0,0),(5,20,704,0,0),(5,20,705,0,0),(5,20,706,0,0),(5,20,707,0,0),(5,20,708,0,0),(5,45,713,0,0),(5,41,714,0,0),(5,23,718,0,0),(5,22,719,0,0),(5,21,720,0,0),(5,20,721,0,0),(5,6,723,0,1),(5,4,724,0,1),(5,2,725,0,1),(5,23,727,0,0),(5,23,728,0,0),(5,21,729,0,0),(5,21,730,0,0),(5,18,731,0,0),(5,7,732,0,0),(5,41,733,0,0),(5,41,734,0,0),(5,23,735,0,0),(5,20,736,0,0),(5,21,737,0,0),(5,22,738,0,0),(5,2,740,0,0),(5,13,741,0,0),(5,14,772,0,0),(5,32,773,0,0),(5,23,774,0,0),(5,41,786,0,0),(5,41,787,0,0),(5,41,788,0,0),(5,2,789,0,1),(5,4,790,0,1),(5,6,791,0,1),(5,7,792,0,1),(5,8,793,0,1),(5,9,794,0,1),(5,10,795,0,1),(5,13,796,0,1),(5,14,797,0,1),(5,15,798,0,1),(5,16,799,0,1),(5,18,800,0,1),(5,19,801,0,1),(5,20,802,0,1),(5,21,803,0,1),(5,22,804,0,1),(5,23,805,0,1),(5,26,806,0,1),(5,10,807,0,0),(5,2,808,0,0),(5,4,809,0,0),(5,6,810,0,0),(5,7,811,0,0),(5,8,812,0,0),(5,9,813,0,0),(5,10,814,0,0),(5,13,815,0,0),(5,14,816,0,0),(5,15,817,0,0),(5,16,818,0,1),(5,18,819,0,0),(5,19,820,0,0),(5,20,821,0,0),(5,21,822,0,0),(5,22,823,0,0),(5,23,824,0,0),(5,26,825,0,0),(5,30,826,0,0),(5,2,827,0,0),(5,4,828,0,0),(5,6,829,0,0),(5,7,830,0,0),(5,8,831,0,0),(5,9,832,0,0),(5,10,833,0,0),(5,13,834,0,0),(5,14,835,0,0),(5,15,836,0,0),(5,16,837,0,1),(5,18,838,0,0),(5,19,839,0,0),(5,20,840,0,0),(5,21,841,0,0),(5,22,842,0,0),(5,23,843,0,0),(5,26,844,0,0),(5,30,845,0,0),(5,20,846,0,0),(5,21,847,0,0),(5,22,848,0,0),(5,23,849,0,0),(5,46,850,0,1),(5,46,851,0,0),(5,26,853,0,0),(5,4,855,0,0),(5,40,857,0,0),(5,23,858,0,0),(5,20,859,0,0),(5,21,860,0,0),(5,22,861,0,0),(6,6,1,0,0),(6,6,2,0,0),(6,6,3,0,0),(6,6,4,0,0),(6,6,5,0,0),(6,6,6,0,0),(6,6,7,0,0),(6,6,8,0,0),(6,6,9,0,0),(6,6,10,0,0),(6,6,11,0,0),(6,6,12,0,0),(6,6,13,0,0),(6,6,14,0,0),(6,6,15,0,0),(6,6,16,0,0),(6,6,17,0,0),(6,6,18,0,0),(6,6,19,0,0),(6,6,20,0,0),(6,6,21,0,1),(6,6,22,0,1),(6,6,23,0,0),(6,6,24,0,0),(6,6,25,0,0),(6,6,26,0,0),(6,6,27,0,0),(6,6,28,0,0),(6,6,29,0,0),(6,6,30,0,0),(6,6,31,0,0),(6,6,32,0,0),(6,6,33,0,0),(6,6,34,0,0),(6,6,35,0,0),(6,6,36,0,0),(6,7,37,0,0),(6,7,38,0,0),(6,7,39,0,0),(6,7,40,0,0),(6,7,41,0,0),(6,7,42,0,0),(6,7,43,0,0),(6,7,44,0,0),(6,7,45,0,0),(6,7,46,0,0),(6,7,47,0,0),(6,7,48,0,0),(6,7,49,0,0),(6,7,50,0,0),(6,7,51,0,0),(6,7,52,0,0),(6,7,53,0,0),(6,7,54,0,0),(6,7,55,0,0),(6,7,56,0,1),(6,7,57,0,1),(6,7,58,0,0),(6,7,59,0,0),(6,7,60,0,0),(6,7,61,0,0),(6,7,62,0,0),(6,7,63,0,0),(6,7,64,0,0),(6,7,65,0,0),(6,4,66,0,0),(6,4,67,0,0),(6,4,68,0,0),(6,4,69,0,0),(6,4,70,0,0),(6,4,71,0,0),(6,4,72,0,0),(6,4,73,0,0),(6,4,74,0,0),(6,4,75,0,0),(6,4,76,0,0),(6,4,77,0,0),(6,4,78,0,0),(6,4,79,0,0),(6,4,80,0,0),(6,4,81,0,0),(6,4,82,0,0),(6,4,83,0,0),(6,4,84,0,0),(6,4,85,0,0),(6,4,86,0,0),(6,4,87,0,0),(6,4,88,0,0),(6,4,89,0,0),(6,4,90,0,1),(6,4,91,0,1),(6,4,92,0,0),(6,4,93,0,0),(6,4,94,0,0),(6,4,95,0,0),(6,4,96,0,0),(6,4,97,0,0),(6,4,98,0,0),(6,4,99,0,0),(6,4,100,0,0),(6,4,101,0,0),(6,4,102,0,0),(6,4,103,0,0),(6,4,104,0,0),(6,4,105,0,0),(6,4,106,0,0),(6,4,107,0,0),(6,4,108,0,0),(6,4,109,0,0),(6,2,110,0,0),(6,2,111,0,0),(6,2,112,0,0),(6,2,113,0,0),(6,2,114,0,0),(6,2,115,0,0),(6,2,116,0,0),(6,2,117,0,0),(6,2,118,0,0),(6,2,119,0,0),(6,2,120,0,0),(6,2,121,0,0),(6,2,122,0,1),(6,2,123,0,1),(6,2,124,0,0),(6,2,125,0,0),(6,26,126,0,0),(6,26,127,0,0),(6,26,128,0,0),(6,26,129,0,0),(6,26,130,0,0),(6,26,131,0,0),(6,26,132,0,0),(6,26,133,0,0),(6,26,134,0,0),(6,26,135,0,0),(6,26,136,0,0),(6,26,137,0,1),(6,26,138,0,1),(6,26,139,0,0),(6,26,140,0,0),(6,26,141,0,0),(6,26,142,0,0),(6,26,143,0,0),(6,26,144,0,0),(6,26,145,0,0),(6,26,146,0,0),(6,26,147,0,0),(6,26,148,0,0),(6,26,149,0,0),(6,26,150,0,0),(6,13,155,0,0),(6,13,156,0,0),(6,13,157,0,0),(6,13,158,0,0),(6,13,159,0,0),(6,13,160,0,0),(6,13,161,0,0),(6,13,162,0,0),(6,13,164,0,0),(6,13,165,0,0),(6,13,166,0,1),(6,13,167,0,1),(6,13,168,0,0),(6,13,169,0,0),(6,13,170,0,0),(6,13,171,0,0),(6,13,172,0,0),(6,14,174,0,0),(6,14,175,0,0),(6,14,176,0,0),(6,14,177,0,0),(6,14,178,0,0),(6,14,179,0,0),(6,14,180,0,0),(6,14,181,0,0),(6,14,182,0,0),(6,14,183,0,0),(6,14,184,0,0),(6,14,185,0,0),(6,14,186,0,0),(6,14,187,0,0),(6,14,188,0,0),(6,14,189,0,0),(6,14,190,0,0),(6,14,191,0,1),(6,14,192,0,1),(6,14,193,0,0),(6,14,194,0,0),(6,14,195,0,0),(6,14,197,0,0),(6,14,198,0,0),(6,14,199,0,0),(6,14,200,0,0),(6,14,201,0,0),(6,14,202,0,0),(6,14,203,0,0),(6,14,204,0,0),(6,8,205,0,0),(6,8,206,0,1),(6,8,207,0,1),(6,8,208,0,0),(6,8,209,0,0),(6,8,210,0,0),(6,8,211,0,1),(6,8,212,0,1),(6,8,213,0,0),(6,8,214,0,0),(6,8,215,0,0),(6,8,216,0,1),(6,8,217,0,0),(6,8,218,0,0),(6,8,219,0,0),(6,10,220,0,0),(6,10,221,0,0),(6,10,222,0,0),(6,10,223,0,0),(6,10,224,0,0),(6,10,225,0,0),(6,10,226,0,0),(6,10,227,0,0),(6,10,228,0,0),(6,10,229,0,1),(6,10,230,0,0),(6,10,231,0,0),(6,9,232,0,0),(6,9,233,0,0),(6,9,234,0,0),(6,9,235,0,0),(6,9,236,0,0),(6,9,237,0,0),(6,9,238,0,0),(6,9,239,0,0),(6,9,240,0,0),(6,9,241,0,0),(6,9,242,0,0),(6,9,243,0,0),(6,9,244,0,1),(6,9,245,0,1),(6,9,246,0,0),(6,9,247,0,0),(6,9,248,0,0),(6,9,249,0,0),(6,9,250,0,0),(6,9,251,0,0),(6,9,252,0,0),(6,9,253,0,0),(6,9,254,0,0),(6,9,255,0,0),(6,16,256,0,0),(6,16,257,0,0),(6,16,258,0,0),(6,16,259,0,0),(6,16,260,0,0),(6,16,261,0,0),(6,16,262,0,0),(6,16,263,0,0),(6,16,264,0,0),(6,16,265,0,0),(6,16,266,0,0),(6,16,267,0,0),(6,16,268,0,0),(6,16,269,0,0),(6,16,270,0,1),(6,16,271,0,1),(6,16,272,0,0),(6,16,273,0,0),(6,16,274,0,0),(6,16,275,0,0),(6,16,276,0,0),(6,16,277,0,0),(6,16,278,0,0),(6,15,279,0,0),(6,15,280,0,0),(6,15,281,0,0),(6,15,282,0,0),(6,15,283,0,0),(6,15,284,0,0),(6,15,286,0,1),(6,15,287,0,1),(6,15,288,0,0),(6,18,289,0,0),(6,18,290,0,0),(6,18,291,0,0),(6,18,292,0,0),(6,18,293,0,0),(6,18,294,0,0),(6,18,295,0,0),(6,18,296,0,1),(6,18,297,0,1),(6,18,298,0,0),(6,18,299,0,0),(6,18,300,0,0),(6,18,301,0,0),(6,18,302,0,0),(6,18,303,0,0),(6,18,304,0,0),(6,18,305,0,0),(6,19,306,0,0),(6,19,307,0,0),(6,19,308,0,0),(6,19,309,0,1),(6,19,310,0,1),(6,19,311,0,0),(6,19,312,0,0),(6,19,313,0,0),(6,20,314,0,0),(6,20,315,0,0),(6,20,316,0,0),(6,20,317,0,0),(6,20,318,0,0),(6,20,319,0,0),(6,20,320,0,0),(6,20,321,0,0),(6,20,322,0,0),(6,20,323,0,0),(6,20,324,0,0),(6,20,325,0,0),(6,20,326,0,0),(6,20,327,0,0),(6,20,328,0,0),(6,20,329,0,0),(6,20,330,0,0),(6,20,331,0,0),(6,20,332,0,1),(6,20,333,0,1),(6,20,334,0,0),(6,20,335,0,0),(6,20,336,0,0),(6,20,337,0,0),(6,20,338,0,0),(6,20,339,0,0),(6,20,340,0,0),(6,20,341,0,0),(6,20,342,0,0),(6,20,343,0,0),(6,20,344,0,0),(6,20,345,0,0),(6,20,346,0,0),(6,20,347,0,0),(6,20,348,0,0),(6,20,349,0,0),(6,20,350,0,0),(6,21,351,0,0),(6,21,352,0,0),(6,21,353,0,0),(6,21,354,0,0),(6,21,355,0,0),(6,21,356,0,0),(6,21,357,0,0),(6,21,358,0,0),(6,21,359,0,0),(6,21,360,0,0),(6,21,361,0,0),(6,21,362,0,0),(6,21,363,0,0),(6,21,364,0,0),(6,21,365,0,0),(6,21,366,0,0),(6,21,367,0,0),(6,21,368,0,0),(6,21,369,0,0),(6,21,370,0,1),(6,21,371,0,1),(6,21,372,0,0),(6,21,373,0,0),(6,21,374,0,0),(6,21,375,0,0),(6,21,376,0,0),(6,21,377,0,0),(6,21,378,0,0),(6,21,379,0,0),(6,21,380,0,0),(6,21,381,0,0),(6,21,382,0,0),(6,21,383,0,0),(6,21,384,0,0),(6,21,385,0,0),(6,21,386,0,0),(6,21,387,0,0),(6,21,388,0,0),(6,22,389,0,0),(6,22,390,0,0),(6,22,391,0,0),(6,22,392,0,0),(6,22,393,0,0),(6,22,394,0,0),(6,22,395,0,0),(6,22,396,0,0),(6,22,397,0,0),(6,22,398,0,0),(6,22,399,0,0),(6,22,400,0,0),(6,22,401,0,0),(6,22,402,0,0),(6,22,403,0,0),(6,22,404,0,0),(6,22,405,0,0),(6,22,406,0,0),(6,22,407,0,0),(6,22,408,0,0),(6,22,409,0,0),(6,22,410,0,0),(6,22,411,0,1),(6,22,412,0,1),(6,22,413,0,0),(6,22,414,0,0),(6,22,415,0,0),(6,22,416,0,0),(6,22,417,0,0),(6,22,418,0,0),(6,22,419,0,0),(6,22,420,0,0),(6,22,421,0,0),(6,22,422,0,0),(6,22,423,0,0),(6,22,424,0,0),(6,22,425,0,0),(6,22,426,0,0),(6,22,427,0,0),(6,22,428,0,0),(6,22,429,0,0),(6,22,430,0,0),(6,22,431,0,0),(6,22,432,0,0),(6,22,433,0,0),(6,22,434,0,0),(6,22,435,0,0),(6,23,436,0,0),(6,23,437,0,0),(6,23,438,0,0),(6,23,439,0,0),(6,23,440,0,0),(6,23,441,0,0),(6,23,442,0,0),(6,23,443,0,0),(6,23,444,0,0),(6,23,445,0,0),(6,23,446,0,0),(6,23,447,0,0),(6,23,448,0,0),(6,23,449,0,0),(6,23,450,0,0),(6,23,451,0,0),(6,23,452,0,0),(6,23,453,0,0),(6,23,454,0,0),(6,23,455,0,1),(6,23,456,0,1),(6,23,457,0,0),(6,23,458,0,0),(6,23,459,0,0),(6,23,460,0,0),(6,23,461,0,0),(6,23,462,0,0),(6,23,463,0,0),(6,23,464,0,0),(6,23,465,0,0),(6,23,466,0,0),(6,23,467,0,0),(6,23,468,0,0),(6,23,469,0,0),(6,23,470,0,0),(6,23,471,0,0),(6,23,472,0,0),(6,23,473,0,0),(6,23,474,0,0),(6,29,475,0,0),(6,29,479,0,0),(6,29,480,0,0),(6,29,481,0,0),(6,29,482,0,0),(6,29,489,0,0),(6,29,490,0,0),(6,29,491,0,0),(6,29,492,0,0),(6,29,493,0,0),(6,29,494,0,0),(6,29,495,0,0),(6,29,496,0,0),(6,29,497,0,0),(6,29,498,0,0),(6,29,499,0,0),(6,29,504,0,0),(6,29,505,0,0),(6,29,506,0,0),(6,29,507,0,0),(6,29,510,0,0),(6,10,520,0,0),(6,10,521,0,0),(6,10,522,0,0),(6,10,523,0,0),(6,10,524,0,0),(6,10,525,0,0),(6,30,526,0,0),(6,30,527,0,0),(6,30,528,0,0),(6,30,529,0,0),(6,30,530,0,0),(6,30,531,0,0),(6,30,532,0,0),(6,30,533,0,0),(6,30,534,0,0),(6,30,535,0,0),(6,30,536,0,0),(6,30,537,0,0),(6,30,538,0,0),(6,30,539,0,0),(6,30,540,0,1),(6,30,541,0,1),(6,30,542,0,1),(6,29,543,0,0),(6,32,544,0,0),(6,32,545,0,0),(6,32,546,0,0),(6,32,547,0,0),(6,32,548,0,0),(6,32,549,0,0),(6,32,550,0,0),(6,32,551,0,0),(6,32,552,0,1),(6,32,553,0,1),(6,32,554,0,0),(6,32,555,0,0),(6,32,556,0,0),(6,32,557,0,0),(6,32,558,0,0),(6,32,559,0,0),(6,32,561,0,0),(6,32,562,0,0),(6,32,563,0,1),(6,32,564,0,0),(6,32,565,0,0),(6,34,566,0,0),(6,34,567,0,1),(6,34,568,0,1),(6,34,569,0,0),(6,34,570,0,1),(6,34,571,0,0),(6,34,572,0,0),(6,34,573,0,0),(6,34,574,0,0),(6,34,575,0,0),(6,34,576,0,0),(6,34,577,0,1),(6,34,578,0,1),(6,34,579,0,0),(6,34,580,0,0),(6,34,581,0,0),(6,34,582,0,1),(6,34,583,0,0),(6,34,584,0,0),(6,34,585,0,1),(6,34,586,0,0),(6,34,587,0,0),(6,40,588,0,0),(6,40,589,0,0),(6,40,590,0,0),(6,40,591,0,0),(6,40,592,0,0),(6,40,593,0,0),(6,40,594,0,0),(6,40,595,0,0),(6,40,596,0,0),(6,40,597,0,0),(6,40,598,0,0),(6,40,599,0,0),(6,40,600,0,0),(6,40,601,0,0),(6,40,602,0,1),(6,40,603,0,1),(6,40,604,0,0),(6,40,605,0,0),(6,40,606,0,1),(6,40,607,0,0),(6,40,608,0,0),(6,41,609,0,0),(6,41,610,0,0),(6,41,611,0,1),(6,41,612,0,1),(6,41,613,0,0),(6,41,614,0,1),(6,41,615,0,0),(6,41,616,0,1),(6,44,617,0,0),(6,44,618,0,0),(6,44,619,0,0),(6,44,620,0,0),(6,44,621,0,0),(6,44,622,0,0),(6,44,623,0,1),(6,44,624,0,1),(6,44,625,0,0),(6,44,626,0,0),(6,44,627,0,1),(6,44,628,0,0),(6,44,629,0,0),(6,45,630,0,0),(6,45,631,0,0),(6,45,632,0,0),(6,45,633,0,0),(6,45,634,0,0),(6,45,635,0,0),(6,45,636,0,0),(6,45,637,0,0),(6,45,638,0,0),(6,45,639,0,0),(6,45,640,0,0),(6,45,641,0,1),(6,45,642,0,1),(6,45,643,0,0),(6,45,644,0,0),(6,45,645,0,1),(6,45,646,0,0),(6,45,647,0,0),(6,46,648,0,0),(6,46,649,0,0),(6,46,650,0,0),(6,46,651,0,0),(6,46,652,0,0),(6,46,653,0,0),(6,46,654,0,0),(6,46,655,0,0),(6,46,656,0,0),(6,46,657,0,0),(6,46,658,0,0),(6,46,659,0,0),(6,46,660,0,0),(6,46,661,0,1),(6,46,662,0,1),(6,46,663,0,0),(6,46,664,0,0),(6,46,665,0,1),(6,46,666,0,0),(6,46,667,0,0),(6,47,668,0,0),(6,47,669,0,1),(6,47,670,0,1),(6,47,671,0,0),(6,47,672,0,0),(6,47,673,0,1),(6,2,674,0,0),(6,23,676,0,0),(6,23,677,0,0),(6,23,678,0,0),(6,23,679,0,0),(6,23,680,0,0),(6,23,681,0,0),(6,22,685,0,0),(6,22,686,0,0),(6,22,687,0,0),(6,22,688,0,0),(6,22,689,0,0),(6,22,690,0,0),(6,21,694,0,0),(6,21,695,0,0),(6,21,696,0,0),(6,21,697,0,0),(6,21,698,0,0),(6,21,699,0,0),(6,20,703,0,0),(6,20,704,0,0),(6,20,705,0,0),(6,20,706,0,0),(6,20,707,0,0),(6,20,708,0,0),(6,45,713,0,0),(6,41,714,0,0),(6,23,718,0,0),(6,22,719,0,0),(6,21,720,0,0),(6,20,721,0,0),(6,6,723,0,1),(6,4,724,0,1),(6,2,725,0,1),(6,23,727,0,0),(6,23,728,0,0),(6,21,729,0,0),(6,21,730,0,0),(6,18,731,0,0),(6,7,732,0,0),(6,41,733,0,0),(6,41,734,0,0),(6,23,735,0,0),(6,20,736,0,0),(6,21,737,0,0),(6,22,738,0,0),(6,2,740,0,0),(6,13,741,0,0),(6,14,772,0,0),(6,32,773,0,0),(6,23,774,0,0),(6,41,786,0,0),(6,41,787,0,0),(6,41,788,0,0),(6,2,789,0,1),(6,4,790,0,1),(6,6,791,0,1),(6,7,792,0,1),(6,8,793,0,1),(6,9,794,0,1),(6,10,795,0,1),(6,13,796,0,1),(6,14,797,0,1),(6,15,798,0,1),(6,16,799,0,1),(6,18,800,0,1),(6,19,801,0,1),(6,20,802,0,1),(6,21,803,0,1),(6,22,804,0,1),(6,23,805,0,1),(6,26,806,0,1),(6,10,807,0,0),(6,2,808,0,0),(6,4,809,0,0),(6,6,810,0,0),(6,7,811,0,0),(6,8,812,0,0),(6,9,813,0,0),(6,10,814,0,0),(6,13,815,0,0),(6,14,816,0,0),(6,15,817,0,0),(6,16,818,0,1),(6,18,819,0,0),(6,19,820,0,0),(6,20,821,0,0),(6,21,822,0,0),(6,22,823,0,0),(6,23,824,0,0),(6,26,825,0,0),(6,30,826,0,0),(6,2,827,0,0),(6,4,828,0,0),(6,6,829,0,0),(6,7,830,0,0),(6,8,831,0,0),(6,9,832,0,0),(6,10,833,0,0),(6,13,834,0,0),(6,14,835,0,0),(6,15,836,0,0),(6,16,837,0,1),(6,18,838,0,0),(6,19,839,0,0),(6,20,840,0,0),(6,21,841,0,0),(6,22,842,0,0),(6,23,843,0,0),(6,26,844,0,0),(6,30,845,0,0),(6,20,846,0,0),(6,21,847,0,0),(6,22,848,0,0),(6,23,849,0,0),(6,46,850,0,1),(6,46,851,0,0),(6,26,853,0,0),(6,4,855,0,0),(6,40,857,0,0),(6,23,858,0,0),(6,20,859,0,0),(6,21,860,0,0),(6,22,861,0,0),(7,6,1,0,0),(7,6,2,0,0),(7,6,3,0,0),(7,6,4,0,0),(7,6,5,0,0),(7,6,6,0,0),(7,6,7,0,0),(7,6,8,0,0),(7,6,9,0,0),(7,6,10,0,0),(7,6,11,0,0),(7,6,12,0,0),(7,6,13,0,0),(7,6,14,0,0),(7,6,15,0,0),(7,6,16,0,0),(7,6,17,0,0),(7,6,18,0,0),(7,6,19,0,0),(7,6,20,0,0),(7,6,21,0,1),(7,6,22,0,1),(7,6,23,0,0),(7,6,24,0,0),(7,6,25,0,0),(7,6,26,0,0),(7,6,27,0,0),(7,6,28,0,0),(7,6,29,0,0),(7,6,30,0,0),(7,6,31,0,0),(7,6,32,0,0),(7,6,33,0,0),(7,6,34,0,0),(7,6,35,0,0),(7,6,36,0,0),(7,7,37,0,0),(7,7,38,0,0),(7,7,39,0,0),(7,7,40,0,0),(7,7,41,0,0),(7,7,42,0,0),(7,7,43,0,0),(7,7,44,0,0),(7,7,45,0,0),(7,7,46,0,0),(7,7,47,0,0),(7,7,48,0,0),(7,7,49,0,0),(7,7,50,0,0),(7,7,51,0,0),(7,7,52,0,0),(7,7,53,0,0),(7,7,54,0,0),(7,7,55,0,0),(7,7,56,0,1),(7,7,57,0,1),(7,7,58,0,0),(7,7,59,0,0),(7,7,60,0,0),(7,7,61,0,0),(7,7,62,0,0),(7,7,63,0,0),(7,7,64,0,0),(7,7,65,0,0),(7,4,66,0,0),(7,4,67,0,0),(7,4,68,0,0),(7,4,69,0,0),(7,4,70,0,0),(7,4,71,0,0),(7,4,72,0,0),(7,4,73,0,0),(7,4,74,0,0),(7,4,75,0,0),(7,4,76,0,0),(7,4,77,0,0),(7,4,78,0,0),(7,4,79,0,0),(7,4,80,0,0),(7,4,81,0,0),(7,4,82,0,0),(7,4,83,0,0),(7,4,84,0,0),(7,4,85,0,0),(7,4,86,0,0),(7,4,87,0,0),(7,4,88,0,0),(7,4,89,0,0),(7,4,90,0,1),(7,4,91,0,1),(7,4,92,0,0),(7,4,93,0,0),(7,4,94,0,0),(7,4,95,0,0),(7,4,96,0,0),(7,4,97,0,0),(7,4,98,0,0),(7,4,99,0,0),(7,4,100,0,0),(7,4,101,0,0),(7,4,102,0,0),(7,4,103,0,0),(7,4,104,0,0),(7,4,105,0,0),(7,4,106,0,0),(7,4,107,0,0),(7,4,108,0,0),(7,4,109,0,0),(7,2,110,0,0),(7,2,111,0,0),(7,2,112,0,0),(7,2,113,0,0),(7,2,114,0,0),(7,2,115,0,0),(7,2,116,0,0),(7,2,117,0,0),(7,2,118,0,0),(7,2,119,0,0),(7,2,120,0,0),(7,2,121,0,0),(7,2,122,0,1),(7,2,123,0,1),(7,2,124,0,0),(7,2,125,0,0),(7,26,126,0,0),(7,26,127,0,0),(7,26,128,0,0),(7,26,129,0,0),(7,26,130,0,0),(7,26,131,0,0),(7,26,132,0,0),(7,26,133,0,0),(7,26,134,0,0),(7,26,135,0,0),(7,26,136,0,0),(7,26,137,0,1),(7,26,138,0,1),(7,26,139,0,0),(7,26,140,0,0),(7,26,141,0,0),(7,26,142,0,0),(7,26,143,0,0),(7,26,144,0,0),(7,26,145,0,0),(7,26,146,0,0),(7,26,147,0,0),(7,26,148,0,0),(7,26,149,0,0),(7,26,150,0,0),(7,13,155,0,0),(7,13,156,0,0),(7,13,157,0,0),(7,13,158,0,0),(7,13,159,0,0),(7,13,160,0,0),(7,13,161,0,0),(7,13,162,0,0),(7,13,164,0,0),(7,13,165,0,0),(7,13,166,0,1),(7,13,167,0,1),(7,13,168,0,0),(7,13,169,0,0),(7,13,170,0,0),(7,13,171,0,0),(7,13,172,0,0),(7,14,174,0,0),(7,14,175,0,0),(7,14,176,0,0),(7,14,177,0,0),(7,14,178,0,0),(7,14,179,0,0),(7,14,180,0,0),(7,14,181,0,0),(7,14,182,0,0),(7,14,183,0,0),(7,14,184,0,0),(7,14,185,0,0),(7,14,186,0,0),(7,14,187,0,0),(7,14,188,0,0),(7,14,189,0,0),(7,14,190,0,0),(7,14,191,0,1),(7,14,192,0,1),(7,14,193,0,0),(7,14,194,0,0),(7,14,195,0,0),(7,14,197,0,0),(7,14,198,0,0),(7,14,199,0,0),(7,14,200,0,0),(7,14,201,0,0),(7,14,202,0,0),(7,14,203,0,0),(7,14,204,0,0),(7,8,205,0,0),(7,8,206,0,1),(7,8,207,0,1),(7,8,208,0,0),(7,8,209,0,0),(7,8,210,0,0),(7,8,211,0,1),(7,8,212,0,1),(7,8,213,0,0),(7,8,214,0,0),(7,8,215,0,0),(7,8,216,0,1),(7,8,217,0,0),(7,8,218,0,0),(7,8,219,0,0),(7,10,220,0,0),(7,10,221,0,0),(7,10,222,0,0),(7,10,223,0,0),(7,10,224,0,0),(7,10,225,0,0),(7,10,226,0,0),(7,10,227,0,0),(7,10,228,0,0),(7,10,229,0,1),(7,10,230,0,0),(7,10,231,0,0),(7,9,232,0,0),(7,9,233,0,0),(7,9,234,0,0),(7,9,235,0,0),(7,9,236,0,0),(7,9,237,0,0),(7,9,238,0,0),(7,9,239,0,0),(7,9,240,0,0),(7,9,241,0,0),(7,9,242,0,0),(7,9,243,0,0),(7,9,244,0,1),(7,9,245,0,1),(7,9,246,0,0),(7,9,247,0,0),(7,9,248,0,0),(7,9,249,0,0),(7,9,250,0,0),(7,9,251,0,0),(7,9,252,0,0),(7,9,253,0,0),(7,9,254,0,0),(7,9,255,0,0),(7,16,256,0,0),(7,16,257,0,0),(7,16,258,0,0),(7,16,259,0,0),(7,16,260,0,0),(7,16,261,0,0),(7,16,262,0,0),(7,16,263,0,0),(7,16,264,0,0),(7,16,265,0,0),(7,16,266,0,0),(7,16,267,0,0),(7,16,268,0,0),(7,16,269,0,0),(7,16,270,0,1),(7,16,271,0,1),(7,16,272,0,0),(7,16,273,0,0),(7,16,274,0,0),(7,16,275,0,0),(7,16,276,0,0),(7,16,277,0,0),(7,16,278,0,0),(7,15,279,0,0),(7,15,280,0,0),(7,15,281,0,0),(7,15,282,0,0),(7,15,283,0,0),(7,15,284,0,0),(7,15,286,0,1),(7,15,287,0,1),(7,15,288,0,0),(7,18,289,0,0),(7,18,290,0,0),(7,18,291,0,0),(7,18,292,0,0),(7,18,293,0,0),(7,18,294,0,0),(7,18,295,0,0),(7,18,296,0,1),(7,18,297,0,1),(7,18,298,0,0),(7,18,299,0,0),(7,18,300,0,0),(7,18,301,0,0),(7,18,302,0,0),(7,18,303,0,0),(7,18,304,0,0),(7,18,305,0,0),(7,19,306,0,0),(7,19,307,0,0),(7,19,308,0,0),(7,19,309,0,1),(7,19,310,0,1),(7,19,311,0,0),(7,19,312,0,0),(7,19,313,0,0),(7,20,314,0,0),(7,20,315,0,0),(7,20,316,0,0),(7,20,317,0,0),(7,20,318,0,0),(7,20,319,0,0),(7,20,320,0,0),(7,20,321,0,0),(7,20,322,0,0),(7,20,323,0,0),(7,20,324,0,0),(7,20,325,0,0),(7,20,326,0,0),(7,20,327,0,0),(7,20,328,0,0),(7,20,329,0,0),(7,20,330,0,0),(7,20,331,0,0),(7,20,332,0,1),(7,20,333,0,1),(7,20,334,0,0),(7,20,335,0,0),(7,20,336,0,0),(7,20,337,0,0),(7,20,338,0,0),(7,20,339,0,0),(7,20,340,0,0),(7,20,341,0,0),(7,20,342,0,0),(7,20,343,0,0),(7,20,344,0,0),(7,20,345,0,0),(7,20,346,0,0),(7,20,347,0,0),(7,20,348,0,0),(7,20,349,0,0),(7,20,350,0,0),(7,21,351,0,0),(7,21,352,0,0),(7,21,353,0,0),(7,21,354,0,0),(7,21,355,0,0),(7,21,356,0,0),(7,21,357,0,0),(7,21,358,0,0),(7,21,359,0,0),(7,21,360,0,0),(7,21,361,0,0),(7,21,362,0,0),(7,21,363,0,0),(7,21,364,0,0),(7,21,365,0,0),(7,21,366,0,0),(7,21,367,0,0),(7,21,368,0,0),(7,21,369,0,0),(7,21,370,0,1),(7,21,371,0,1),(7,21,372,0,0),(7,21,373,0,0),(7,21,374,0,0),(7,21,375,0,0),(7,21,376,0,0),(7,21,377,0,0),(7,21,378,0,0),(7,21,379,0,0),(7,21,380,0,0),(7,21,381,0,0),(7,21,382,0,0),(7,21,383,0,0),(7,21,384,0,0),(7,21,385,0,0),(7,21,386,0,0),(7,21,387,0,0),(7,21,388,0,0),(7,22,389,0,0),(7,22,390,0,0),(7,22,391,0,0),(7,22,392,0,0),(7,22,393,0,0),(7,22,394,0,0),(7,22,395,0,0),(7,22,396,0,0),(7,22,397,0,0),(7,22,398,0,0),(7,22,399,0,0),(7,22,400,0,0),(7,22,401,0,0),(7,22,402,0,0),(7,22,403,0,0),(7,22,404,0,0),(7,22,405,0,0),(7,22,406,0,0),(7,22,407,0,0),(7,22,408,0,0),(7,22,409,0,0),(7,22,410,0,0),(7,22,411,0,1),(7,22,412,0,1),(7,22,413,0,0),(7,22,414,0,0),(7,22,415,0,0),(7,22,416,0,0),(7,22,417,0,0),(7,22,418,0,0),(7,22,419,0,0),(7,22,420,0,0),(7,22,421,0,0),(7,22,422,0,0),(7,22,423,0,0),(7,22,424,0,0),(7,22,425,0,0),(7,22,426,0,0),(7,22,427,0,0),(7,22,428,0,0),(7,22,429,0,0),(7,22,430,0,0),(7,22,431,0,0),(7,22,432,0,0),(7,22,433,0,0),(7,22,434,0,0),(7,22,435,0,0),(7,23,436,0,0),(7,23,437,0,0),(7,23,438,0,0),(7,23,439,0,0),(7,23,440,0,0),(7,23,441,0,0),(7,23,442,0,0),(7,23,443,0,0),(7,23,444,0,0),(7,23,445,0,0),(7,23,446,0,0),(7,23,447,0,0),(7,23,448,0,0),(7,23,449,0,0),(7,23,450,0,0),(7,23,451,0,0),(7,23,452,0,0),(7,23,453,0,0),(7,23,454,0,0),(7,23,455,0,1),(7,23,456,0,1),(7,23,457,0,0),(7,23,458,0,0),(7,23,459,0,0),(7,23,460,0,0),(7,23,461,0,0),(7,23,462,0,0),(7,23,463,0,0),(7,23,464,0,0),(7,23,465,0,0),(7,23,466,0,0),(7,23,467,0,0),(7,23,468,0,0),(7,23,469,0,0),(7,23,470,0,0),(7,23,471,0,0),(7,23,472,0,0),(7,23,473,0,0),(7,23,474,0,0),(7,29,475,0,0),(7,29,479,0,0),(7,29,480,0,0),(7,29,481,0,0),(7,29,482,0,0),(7,29,489,0,0),(7,29,490,0,0),(7,29,491,0,0),(7,29,492,0,0),(7,29,493,0,0),(7,29,494,0,0),(7,29,495,0,0),(7,29,496,0,0),(7,29,497,0,0),(7,29,498,0,0),(7,29,499,0,0),(7,29,504,0,0),(7,29,505,0,0),(7,29,506,0,0),(7,29,507,0,0),(7,29,510,0,0),(7,10,520,0,0),(7,10,521,0,0),(7,10,522,0,0),(7,10,523,0,0),(7,10,524,0,0),(7,10,525,0,0),(7,30,526,0,0),(7,30,527,0,0),(7,30,528,0,0),(7,30,529,0,0),(7,30,530,0,0),(7,30,531,0,0),(7,30,532,0,0),(7,30,533,0,0),(7,30,534,0,0),(7,30,535,0,0),(7,30,536,0,0),(7,30,537,0,0),(7,30,538,0,0),(7,30,539,0,0),(7,30,540,0,1),(7,30,541,0,1),(7,30,542,0,1),(7,29,543,0,0),(7,32,544,0,0),(7,32,545,0,0),(7,32,546,0,0),(7,32,547,0,0),(7,32,548,0,0),(7,32,549,0,0),(7,32,550,0,0),(7,32,551,0,0),(7,32,552,0,1),(7,32,553,0,1),(7,32,554,0,0),(7,32,555,0,0),(7,32,556,0,0),(7,32,557,0,0),(7,32,558,0,0),(7,32,559,0,0),(7,32,561,0,0),(7,32,562,0,0),(7,32,563,0,1),(7,32,564,0,0),(7,32,565,0,0),(7,34,566,0,0),(7,34,567,0,1),(7,34,568,0,1),(7,34,569,0,0),(7,34,570,0,1),(7,34,571,0,0),(7,34,572,0,0),(7,34,573,0,0),(7,34,574,0,0),(7,34,575,0,0),(7,34,576,0,0),(7,34,577,0,1),(7,34,578,0,1),(7,34,579,0,0),(7,34,580,0,0),(7,34,581,0,0),(7,34,582,0,1),(7,34,583,0,0),(7,34,584,0,0),(7,34,585,0,1),(7,34,586,0,0),(7,34,587,0,0),(7,40,588,0,0),(7,40,589,0,0),(7,40,590,0,0),(7,40,591,0,0),(7,40,592,0,0),(7,40,593,0,0),(7,40,594,0,0),(7,40,595,0,0),(7,40,596,0,0),(7,40,597,0,0),(7,40,598,0,0),(7,40,599,0,0),(7,40,600,0,0),(7,40,601,0,0),(7,40,602,0,1),(7,40,603,0,1),(7,40,604,0,0),(7,40,605,0,0),(7,40,606,0,1),(7,40,607,0,0),(7,40,608,0,0),(7,41,609,0,0),(7,41,610,0,0),(7,41,611,0,1),(7,41,612,0,1),(7,41,613,0,0),(7,41,614,0,1),(7,41,615,0,0),(7,41,616,0,1),(7,44,617,0,0),(7,44,618,0,0),(7,44,619,0,0),(7,44,620,0,0),(7,44,621,0,0),(7,44,622,0,0),(7,44,623,0,1),(7,44,624,0,1),(7,44,625,0,0),(7,44,626,0,0),(7,44,627,0,1),(7,44,628,0,0),(7,44,629,0,0),(7,45,630,0,0),(7,45,631,0,0),(7,45,632,0,0),(7,45,633,0,0),(7,45,634,0,0),(7,45,635,0,0),(7,45,636,0,0),(7,45,637,0,0),(7,45,638,0,0),(7,45,639,0,0),(7,45,640,0,0),(7,45,641,0,1),(7,45,642,0,1),(7,45,643,0,0),(7,45,644,0,0),(7,45,645,0,1),(7,45,646,0,0),(7,45,647,0,0),(7,46,648,0,0),(7,46,649,0,0),(7,46,650,0,0),(7,46,651,0,0),(7,46,652,0,0),(7,46,653,0,0),(7,46,654,0,0),(7,46,655,0,0),(7,46,656,0,0),(7,46,657,0,0),(7,46,658,0,0),(7,46,659,0,0),(7,46,660,0,0),(7,46,661,0,1),(7,46,662,0,1),(7,46,663,0,0),(7,46,664,0,0),(7,46,665,0,1),(7,46,666,0,0),(7,46,667,0,0),(7,47,668,0,0),(7,47,669,0,1),(7,47,670,0,1),(7,47,671,0,0),(7,47,672,0,0),(7,47,673,0,1),(7,2,674,0,0),(7,23,676,0,0),(7,23,677,0,0),(7,23,678,0,0),(7,23,679,0,0),(7,23,680,0,0),(7,23,681,0,0),(7,22,685,0,0),(7,22,686,0,0),(7,22,687,0,0),(7,22,688,0,0),(7,22,689,0,0),(7,22,690,0,0),(7,21,694,0,0),(7,21,695,0,0),(7,21,696,0,0),(7,21,697,0,0),(7,21,698,0,0),(7,21,699,0,0),(7,20,703,0,0),(7,20,704,0,0),(7,20,705,0,0),(7,20,706,0,0),(7,20,707,0,0),(7,20,708,0,0),(7,45,713,0,0),(7,41,714,0,0),(7,23,718,0,0),(7,22,719,0,0),(7,21,720,0,0),(7,20,721,0,0),(7,6,723,0,1),(7,4,724,0,1),(7,2,725,0,1),(7,23,727,0,0),(7,23,728,0,0),(7,21,729,0,0),(7,21,730,0,0),(7,18,731,0,0),(7,7,732,0,0),(7,41,733,0,0),(7,41,734,0,0),(7,23,735,0,0),(7,20,736,0,0),(7,21,737,0,0),(7,22,738,0,0),(7,2,740,0,0),(7,13,741,0,0),(7,14,772,0,0),(7,32,773,0,0),(7,23,774,0,0),(7,41,786,0,0),(7,41,787,0,0),(7,41,788,0,0),(7,2,789,0,1),(7,4,790,0,1),(7,6,791,0,1),(7,7,792,0,1),(7,8,793,0,1),(7,9,794,0,1),(7,10,795,0,1),(7,13,796,0,1),(7,14,797,0,1),(7,15,798,0,1),(7,16,799,0,1),(7,18,800,0,1),(7,19,801,0,1),(7,20,802,0,1),(7,21,803,0,1),(7,22,804,0,1),(7,23,805,0,1),(7,26,806,0,1),(7,10,807,0,0),(7,2,808,0,0),(7,4,809,0,0),(7,6,810,0,0),(7,7,811,0,0),(7,8,812,0,0),(7,9,813,0,0),(7,10,814,0,0),(7,13,815,0,0),(7,14,816,0,0),(7,15,817,0,0),(7,16,818,0,1),(7,18,819,0,0),(7,19,820,0,0),(7,20,821,0,0),(7,21,822,0,0),(7,22,823,0,0),(7,23,824,0,0),(7,26,825,0,0),(7,30,826,0,0),(7,2,827,0,0),(7,4,828,0,0),(7,6,829,0,0),(7,7,830,0,0),(7,8,831,0,0),(7,9,832,0,0),(7,10,833,0,0),(7,13,834,0,0),(7,14,835,0,0),(7,15,836,0,0),(7,16,837,0,1),(7,18,838,0,0),(7,19,839,0,0),(7,20,840,0,0),(7,21,841,0,0),(7,22,842,0,0),(7,23,843,0,0),(7,26,844,0,0),(7,30,845,0,0),(7,20,846,0,0),(7,21,847,0,0),(7,22,848,0,0),(7,23,849,0,0),(7,46,850,0,1),(7,46,851,0,0),(7,26,853,0,0),(7,4,855,0,0),(7,40,857,0,0),(7,23,858,0,0),(7,20,859,0,0),(7,21,860,0,0),(7,22,861,0,0);
/*!40000 ALTER TABLE `nectarcrm_profile2field` ENABLE KEYS */;
UNLOCK TABLES;

--
-- Table structure for table `nectarcrm_profile2globalpermissions`
--

DROP TABLE IF EXISTS `nectarcrm_profile2globalpermissions`;
/*!40101 SET @saved_cs_client     = @@character_set_client */;
/*!40101 SET character_set_client = utf8 */;
CREATE TABLE `nectarcrm_profile2globalpermissions` (
  `profileid` int(19) NOT NULL,
  `globalactionid` int(19) NOT NULL,
  `globalactionpermission` int(19) DEFAULT NULL,
  PRIMARY KEY (`profileid`,`globalactionid`),
  KEY `idx_profile2globalpermissions` (`profileid`,`globalactionid`),
  CONSTRAINT `fk_1_nectarcrm_profile2globalpermissions` FOREIGN KEY (`profileid`) REFERENCES `nectarcrm_profile` (`profileid`) ON DELETE CASCADE
) ENGINE=InnoDB DEFAULT CHARSET=utf8;
/*!40101 SET character_set_client = @saved_cs_client */;

--
-- Dumping data for table `nectarcrm_profile2globalpermissions`
--

LOCK TABLES `nectarcrm_profile2globalpermissions` WRITE;
/*!40000 ALTER TABLE `nectarcrm_profile2globalpermissions` DISABLE KEYS */;
INSERT INTO `nectarcrm_profile2globalpermissions` VALUES (1,1,0),(1,2,0),(2,1,1),(2,2,1),(3,1,1),(3,2,1),(4,1,1),(4,2,1),(5,1,1),(5,2,1),(6,1,0),(6,2,0),(7,1,0),(7,2,0);
/*!40000 ALTER TABLE `nectarcrm_profile2globalpermissions` ENABLE KEYS */;
UNLOCK TABLES;

--
-- Table structure for table `nectarcrm_profile2standardpermissions`
--

DROP TABLE IF EXISTS `nectarcrm_profile2standardpermissions`;
/*!40101 SET @saved_cs_client     = @@character_set_client */;
/*!40101 SET character_set_client = utf8 */;
CREATE TABLE `nectarcrm_profile2standardpermissions` (
  `profileid` int(11) NOT NULL,
  `tabid` int(10) NOT NULL,
  `operation` int(10) NOT NULL,
  `permissions` int(1) DEFAULT NULL,
  PRIMARY KEY (`profileid`,`tabid`,`operation`),
  KEY `profile2standardpermissions_profileid_tabid_operation_idx` (`profileid`,`tabid`,`operation`)
) ENGINE=InnoDB DEFAULT CHARSET=utf8;
/*!40101 SET character_set_client = @saved_cs_client */;

--
-- Dumping data for table `nectarcrm_profile2standardpermissions`
--

LOCK TABLES `nectarcrm_profile2standardpermissions` WRITE;
/*!40000 ALTER TABLE `nectarcrm_profile2standardpermissions` DISABLE KEYS */;
INSERT INTO `nectarcrm_profile2standardpermissions` VALUES (1,2,0,0),(1,2,1,0),(1,2,2,0),(1,2,3,0),(1,2,4,0),(1,2,7,0),(1,4,0,0),(1,4,1,0),(1,4,2,0),(1,4,3,0),(1,4,4,0),(1,4,7,0),(1,6,0,0),(1,6,1,0),(1,6,2,0),(1,6,3,0),(1,6,4,0),(1,6,7,0),(1,7,0,0),(1,7,1,0),(1,7,2,0),(1,7,3,0),(1,7,4,0),(1,7,7,0),(1,8,0,0),(1,8,1,0),(1,8,2,0),(1,8,3,0),(1,8,4,0),(1,8,7,0),(1,9,0,0),(1,9,1,0),(1,9,2,0),(1,9,3,0),(1,9,4,0),(1,9,7,0),(1,13,0,0),(1,13,1,0),(1,13,2,0),(1,13,3,0),(1,13,4,0),(1,13,7,0),(1,14,0,0),(1,14,1,0),(1,14,2,0),(1,14,3,0),(1,14,4,0),(1,14,7,0),(1,15,0,0),(1,15,1,0),(1,15,2,0),(1,15,3,0),(1,15,4,0),(1,15,7,0),(1,16,0,0),(1,16,1,0),(1,16,2,0),(1,16,3,0),(1,16,4,0),(1,16,7,0),(1,18,0,0),(1,18,1,0),(1,18,2,0),(1,18,3,0),(1,18,4,0),(1,18,7,0),(1,19,0,0),(1,19,1,0),(1,19,2,0),(1,19,3,0),(1,19,4,0),(1,19,7,0),(1,20,0,0),(1,20,1,0),(1,20,2,0),(1,20,3,0),(1,20,4,0),(1,20,7,0),(1,21,0,0),(1,21,1,0),(1,21,2,0),(1,21,3,0),(1,21,4,0),(1,21,7,0),(1,22,0,0),(1,22,1,0),(1,22,2,0),(1,22,3,0),(1,22,4,0),(1,22,7,0),(1,23,0,0),(1,23,1,0),(1,23,2,0),(1,23,3,0),(1,23,4,0),(1,23,7,0),(1,25,0,1),(1,25,1,1),(1,25,2,1),(1,25,3,0),(1,25,4,0),(1,25,7,1),(1,26,0,0),(1,26,1,0),(1,26,2,0),(1,26,3,0),(1,26,4,0),(1,26,7,0),(1,30,0,0),(1,30,1,0),(1,30,2,0),(1,30,3,0),(1,30,4,0),(1,30,7,0),(1,32,0,0),(1,32,1,0),(1,32,2,0),(1,32,3,0),(1,32,4,0),(1,32,7,0),(1,34,0,0),(1,34,1,0),(1,34,2,0),(1,34,3,0),(1,34,4,0),(1,34,7,0),(1,40,0,0),(1,40,1,0),(1,40,2,0),(1,40,3,0),(1,40,4,0),(1,40,7,0),(1,41,0,0),(1,41,1,0),(1,41,2,0),(1,41,3,0),(1,41,4,0),(1,41,7,0),(1,44,0,0),(1,44,1,0),(1,44,2,0),(1,44,3,0),(1,44,4,0),(1,44,7,0),(1,45,0,0),(1,45,1,0),(1,45,2,0),(1,45,3,0),(1,45,4,0),(1,45,7,0),(1,46,0,0),(1,46,1,0),(1,46,2,0),(1,46,3,0),(1,46,4,0),(1,46,7,0),(1,47,0,0),(1,47,1,0),(1,47,2,0),(1,47,3,0),(1,47,4,0),(1,47,7,0),(2,2,0,0),(2,2,1,0),(2,2,2,0),(2,2,3,0),(2,2,4,0),(2,2,7,0),(2,4,0,0),(2,4,1,0),(2,4,2,0),(2,4,3,0),(2,4,4,0),(2,4,7,0),(2,6,0,0),(2,6,1,0),(2,6,2,0),(2,6,3,0),(2,6,4,0),(2,6,7,0),(2,7,0,0),(2,7,1,0),(2,7,2,0),(2,7,3,0),(2,7,4,0),(2,7,7,0),(2,8,0,0),(2,8,1,0),(2,8,2,0),(2,8,3,0),(2,8,4,0),(2,8,7,0),(2,9,0,0),(2,9,1,0),(2,9,2,0),(2,9,3,0),(2,9,4,0),(2,9,7,0),(2,13,0,1),(2,13,1,1),(2,13,2,1),(2,13,3,0),(2,13,4,0),(2,13,7,1),(2,14,0,0),(2,14,1,0),(2,14,2,0),(2,14,3,0),(2,14,4,0),(2,14,7,0),(2,15,0,0),(2,15,1,0),(2,15,2,0),(2,15,3,0),(2,15,4,0),(2,15,7,0),(2,16,0,0),(2,16,1,0),(2,16,2,0),(2,16,3,0),(2,16,4,0),(2,16,7,0),(2,18,0,0),(2,18,1,0),(2,18,2,0),(2,18,3,0),(2,18,4,0),(2,18,7,0),(2,19,0,0),(2,19,1,0),(2,19,2,0),(2,19,3,0),(2,19,4,0),(2,19,7,0),(2,20,0,0),(2,20,1,0),(2,20,2,0),(2,20,3,0),(2,20,4,0),(2,20,7,0),(2,21,0,0),(2,21,1,0),(2,21,2,0),(2,21,3,0),(2,21,4,0),(2,21,7,0),(2,22,0,0),(2,22,1,0),(2,22,2,0),(2,22,3,0),(2,22,4,0),(2,22,7,0),(2,23,0,0),(2,23,1,0),(2,23,2,0),(2,23,3,0),(2,23,4,0),(2,23,7,0),(2,25,0,1),(2,25,1,1),(2,25,2,1),(2,25,3,0),(2,25,4,0),(2,25,7,1),(2,26,0,0),(2,26,1,0),(2,26,2,0),(2,26,3,0),(2,26,4,0),(2,26,7,0),(2,30,0,0),(2,30,1,0),(2,30,2,0),(2,30,3,0),(2,30,4,0),(2,30,7,0),(2,32,0,0),(2,32,1,0),(2,32,2,0),(2,32,3,0),(2,32,4,0),(2,32,7,0),(2,34,0,0),(2,34,1,0),(2,34,2,0),(2,34,3,0),(2,34,4,0),(2,34,7,0),(2,40,0,0),(2,40,1,0),(2,40,2,0),(2,40,3,0),(2,40,4,0),(2,40,7,0),(2,41,0,0),(2,41,1,0),(2,41,2,0),(2,41,3,0),(2,41,4,0),(2,41,7,0),(2,44,0,0),(2,44,1,0),(2,44,2,0),(2,44,3,0),(2,44,4,0),(2,44,7,0),(2,45,0,0),(2,45,1,0),(2,45,2,0),(2,45,3,0),(2,45,4,0),(2,45,7,0),(2,46,0,0),(2,46,1,0),(2,46,2,0),(2,46,3,0),(2,46,4,0),(2,46,7,0),(2,47,0,0),(2,47,1,0),(2,47,2,0),(2,47,3,0),(2,47,4,0),(2,47,7,0),(3,2,0,1),(3,2,1,1),(3,2,2,1),(3,2,3,0),(3,2,4,0),(3,2,7,1),(3,4,0,0),(3,4,1,0),(3,4,2,0),(3,4,3,0),(3,4,4,0),(3,4,7,0),(3,6,0,0),(3,6,1,0),(3,6,2,0),(3,6,3,0),(3,6,4,0),(3,6,7,0),(3,7,0,0),(3,7,1,0),(3,7,2,0),(3,7,3,0),(3,7,4,0),(3,7,7,0),(3,8,0,0),(3,8,1,0),(3,8,2,0),(3,8,3,0),(3,8,4,0),(3,8,7,0),(3,9,0,0),(3,9,1,0),(3,9,2,0),(3,9,3,0),(3,9,4,0),(3,9,7,0),(3,13,0,0),(3,13,1,0),(3,13,2,0),(3,13,3,0),(3,13,4,0),(3,13,7,0),(3,14,0,0),(3,14,1,0),(3,14,2,0),(3,14,3,0),(3,14,4,0),(3,14,7,0),(3,15,0,0),(3,15,1,0),(3,15,2,0),(3,15,3,0),(3,15,4,0),(3,15,7,0),(3,16,0,0),(3,16,1,0),(3,16,2,0),(3,16,3,0),(3,16,4,0),(3,16,7,0),(3,18,0,0),(3,18,1,0),(3,18,2,0),(3,18,3,0),(3,18,4,0),(3,18,7,0),(3,19,0,0),(3,19,1,0),(3,19,2,0),(3,19,3,0),(3,19,4,0),(3,19,7,0),(3,20,0,0),(3,20,1,0),(3,20,2,0),(3,20,3,0),(3,20,4,0),(3,20,7,0),(3,21,0,0),(3,21,1,0),(3,21,2,0),(3,21,3,0),(3,21,4,0),(3,21,7,0),(3,22,0,0),(3,22,1,0),(3,22,2,0),(3,22,3,0),(3,22,4,0),(3,22,7,0),(3,23,0,0),(3,23,1,0),(3,23,2,0),(3,23,3,0),(3,23,4,0),(3,23,7,0),(3,25,0,1),(3,25,1,1),(3,25,2,1),(3,25,3,0),(3,25,4,0),(3,25,7,1),(3,26,0,0),(3,26,1,0),(3,26,2,0),(3,26,3,0),(3,26,4,0),(3,26,7,0),(3,30,0,0),(3,30,1,0),(3,30,2,0),(3,30,3,0),(3,30,4,0),(3,30,7,0),(3,32,0,0),(3,32,1,0),(3,32,2,0),(3,32,3,0),(3,32,4,0),(3,32,7,0),(3,34,0,0),(3,34,1,0),(3,34,2,0),(3,34,3,0),(3,34,4,0),(3,34,7,0),(3,40,0,0),(3,40,1,0),(3,40,2,0),(3,40,3,0),(3,40,4,0),(3,40,7,0),(3,41,0,0),(3,41,1,0),(3,41,2,0),(3,41,3,0),(3,41,4,0),(3,41,7,0),(3,44,0,0),(3,44,1,0),(3,44,2,0),(3,44,3,0),(3,44,4,0),(3,44,7,0),(3,45,0,0),(3,45,1,0),(3,45,2,0),(3,45,3,0),(3,45,4,0),(3,45,7,0),(3,46,0,0),(3,46,1,0),(3,46,2,0),(3,46,3,0),(3,46,4,0),(3,46,7,0),(3,47,0,0),(3,47,1,0),(3,47,2,0),(3,47,3,0),(3,47,4,0),(3,47,7,0),(4,2,0,1),(4,2,1,1),(4,2,2,1),(4,2,3,0),(4,2,4,0),(4,2,7,1),(4,4,0,1),(4,4,1,1),(4,4,2,1),(4,4,3,0),(4,4,4,0),(4,4,7,1),(4,6,0,1),(4,6,1,1),(4,6,2,1),(4,6,3,0),(4,6,4,0),(4,6,7,1),(4,7,0,1),(4,7,1,1),(4,7,2,1),(4,7,3,0),(4,7,4,0),(4,7,7,1),(4,8,0,1),(4,8,1,1),(4,8,2,1),(4,8,3,0),(4,8,4,0),(4,8,7,1),(4,9,0,1),(4,9,1,1),(4,9,2,1),(4,9,3,0),(4,9,4,0),(4,9,7,1),(4,13,0,1),(4,13,1,1),(4,13,2,1),(4,13,3,0),(4,13,4,0),(4,13,7,1),(4,14,0,1),(4,14,1,1),(4,14,2,1),(4,14,3,0),(4,14,4,0),(4,14,7,1),(4,15,0,1),(4,15,1,1),(4,15,2,1),(4,15,3,0),(4,15,4,0),(4,15,7,1),(4,16,0,1),(4,16,1,1),(4,16,2,1),(4,16,3,0),(4,16,4,0),(4,16,7,1),(4,18,0,1),(4,18,1,1),(4,18,2,1),(4,18,3,0),(4,18,4,0),(4,18,7,1),(4,19,0,1),(4,19,1,1),(4,19,2,1),(4,19,3,0),(4,19,4,0),(4,19,7,1),(4,20,0,1),(4,20,1,1),(4,20,2,1),(4,20,3,0),(4,20,4,0),(4,20,7,1),(4,21,0,1),(4,21,1,1),(4,21,2,1),(4,21,3,0),(4,21,4,0),(4,21,7,1),(4,22,0,1),(4,22,1,1),(4,22,2,1),(4,22,3,0),(4,22,4,0),(4,22,7,1),(4,23,0,1),(4,23,1,1),(4,23,2,1),(4,23,3,0),(4,23,4,0),(4,23,7,1),(4,25,0,1),(4,25,1,1),(4,25,2,1),(4,25,3,0),(4,25,4,0),(4,25,7,1),(4,26,0,1),(4,26,1,1),(4,26,2,1),(4,26,3,0),(4,26,4,0),(4,26,7,1),(4,30,0,0),(4,30,1,0),(4,30,2,0),(4,30,3,0),(4,30,4,0),(4,30,7,0),(4,32,0,0),(4,32,1,0),(4,32,2,0),(4,32,3,0),(4,32,4,0),(4,32,7,0),(4,34,0,0),(4,34,1,0),(4,34,2,0),(4,34,3,0),(4,34,4,0),(4,34,7,0),(4,40,0,0),(4,40,1,0),(4,40,2,0),(4,40,3,0),(4,40,4,0),(4,40,7,0),(4,41,0,0),(4,41,1,0),(4,41,2,0),(4,41,3,0),(4,41,4,0),(4,41,7,0),(4,44,0,0),(4,44,1,0),(4,44,2,0),(4,44,3,0),(4,44,4,0),(4,44,7,0),(4,45,0,0),(4,45,1,0),(4,45,2,0),(4,45,3,0),(4,45,4,0),(4,45,7,0),(4,46,0,0),(4,46,1,0),(4,46,2,0),(4,46,3,0),(4,46,4,0),(4,46,7,0),(4,47,0,0),(4,47,1,0),(4,47,2,0),(4,47,3,0),(4,47,4,0),(4,47,7,0),(5,2,0,0),(5,2,1,0),(5,2,2,0),(5,2,4,0),(5,2,7,0),(5,4,0,0),(5,4,1,0),(5,4,2,0),(5,4,4,0),(5,4,7,0),(5,6,0,0),(5,6,1,0),(5,6,2,0),(5,6,4,0),(5,6,7,0),(5,7,0,0),(5,7,1,0),(5,7,2,0),(5,7,4,0),(5,7,7,0),(5,8,0,0),(5,8,1,0),(5,8,2,0),(5,8,4,0),(5,8,7,0),(5,9,0,0),(5,9,1,0),(5,9,2,0),(5,9,4,0),(5,9,7,0),(5,13,0,0),(5,13,1,0),(5,13,2,0),(5,13,4,0),(5,13,7,0),(5,14,0,0),(5,14,1,0),(5,14,2,0),(5,14,4,0),(5,14,7,0),(5,15,0,0),(5,15,1,0),(5,15,2,0),(5,15,4,0),(5,15,7,0),(5,16,0,0),(5,16,1,0),(5,16,2,0),(5,16,4,0),(5,16,7,0),(5,18,0,0),(5,18,1,0),(5,18,2,0),(5,18,4,0),(5,18,7,0),(5,19,0,0),(5,19,1,0),(5,19,2,0),(5,19,4,0),(5,19,7,0),(5,20,0,0),(5,20,1,0),(5,20,2,0),(5,20,4,0),(5,20,7,0),(5,21,0,0),(5,21,1,0),(5,21,2,0),(5,21,4,0),(5,21,7,0),(5,22,0,0),(5,22,1,0),(5,22,2,0),(5,22,4,0),(5,22,7,0),(5,23,0,0),(5,23,1,0),(5,23,2,0),(5,23,4,0),(5,23,7,0),(5,25,0,1),(5,25,1,0),(5,25,2,0),(5,25,4,0),(5,25,7,0),(5,26,0,0),(5,26,1,0),(5,26,2,0),(5,26,4,0),(5,26,7,0),(5,30,0,0),(5,30,1,0),(5,30,2,0),(5,30,4,0),(5,30,7,0),(5,32,0,0),(5,32,1,0),(5,32,2,0),(5,32,4,0),(5,32,7,0),(5,34,0,0),(5,34,1,0),(5,34,2,0),(5,34,4,0),(5,34,7,0),(5,40,0,0),(5,40,1,0),(5,40,2,0),(5,40,4,0),(5,40,7,0),(5,41,0,0),(5,41,1,0),(5,41,2,0),(5,41,4,0),(5,41,7,0),(5,44,0,0),(5,44,1,0),(5,44,2,0),(5,44,4,0),(5,44,7,0),(5,45,0,0),(5,45,1,0),(5,45,2,0),(5,45,4,0),(5,45,7,0),(5,46,0,0),(5,46,1,0),(5,46,2,0),(5,46,4,0),(5,46,7,0),(5,47,0,0),(5,47,1,0),(5,47,2,0),(5,47,4,0),(5,47,7,0),(6,2,0,0),(6,2,1,0),(6,2,2,0),(6,2,4,0),(6,2,7,0),(6,4,0,0),(6,4,1,0),(6,4,2,0),(6,4,4,0),(6,4,7,0),(6,6,0,0),(6,6,1,1),(6,6,2,1),(6,6,4,0),(6,6,7,0),(6,7,0,1),(6,7,1,1),(6,7,2,1),(6,7,4,1),(6,7,7,1),(6,8,0,0),(6,8,1,0),(6,8,2,0),(6,8,4,0),(6,8,7,0),(6,9,0,0),(6,9,1,0),(6,9,2,0),(6,9,4,0),(6,9,7,0),(6,13,0,1),(6,13,1,1),(6,13,2,1),(6,13,4,1),(6,13,7,1),(6,14,0,0),(6,14,1,0),(6,14,2,0),(6,14,4,0),(6,14,7,0),(6,15,0,0),(6,15,1,0),(6,15,2,0),(6,15,4,0),(6,15,7,0),(6,16,0,0),(6,16,1,0),(6,16,2,0),(6,16,4,0),(6,16,7,0),(6,18,0,0),(6,18,1,0),(6,18,2,0),(6,18,4,0),(6,18,7,0),(6,19,0,0),(6,19,1,0),(6,19,2,0),(6,19,4,0),(6,19,7,0),(6,20,0,1),(6,20,1,1),(6,20,2,1),(6,20,4,1),(6,20,7,1),(6,21,0,0),(6,21,1,0),(6,21,2,0),(6,21,4,0),(6,21,7,0),(6,22,0,0),(6,22,1,0),(6,22,2,0),(6,22,4,0),(6,22,7,0),(6,23,0,0),(6,23,1,0),(6,23,2,0),(6,23,4,0),(6,23,7,0),(6,25,0,1),(6,25,1,0),(6,25,2,0),(6,25,4,0),(6,25,7,0),(6,26,0,0),(6,26,1,0),(6,26,2,0),(6,26,4,0),(6,26,7,0),(6,30,0,0),(6,30,1,0),(6,30,2,0),(6,30,4,0),(6,30,7,0),(6,32,0,1),(6,32,1,1),(6,32,2,1),(6,32,4,1),(6,32,7,1),(6,34,0,0),(6,34,1,0),(6,34,2,0),(6,34,4,0),(6,34,7,0),(6,40,0,0),(6,40,1,0),(6,40,2,0),(6,40,4,0),(6,40,7,0),(6,41,0,0),(6,41,1,0),(6,41,2,0),(6,41,4,0),(6,41,7,0),(6,44,0,0),(6,44,1,0),(6,44,2,0),(6,44,4,0),(6,44,7,0),(6,45,0,1),(6,45,1,1),(6,45,2,1),(6,45,4,1),(6,45,7,1),(6,46,0,0),(6,46,1,0),(6,46,2,0),(6,46,4,0),(6,46,7,0),(6,47,0,0),(6,47,1,0),(6,47,2,0),(6,47,4,0),(6,47,7,0),(7,2,0,1),(7,2,1,1),(7,2,2,1),(7,2,4,0),(7,2,7,1),(7,4,0,0),(7,4,1,0),(7,4,2,0),(7,4,4,0),(7,4,7,0),(7,6,0,0),(7,6,1,0),(7,6,2,0),(7,6,4,0),(7,6,7,0),(7,7,0,0),(7,7,1,0),(7,7,2,0),(7,7,4,0),(7,7,7,0),(7,8,0,0),(7,8,1,0),(7,8,2,0),(7,8,4,0),(7,8,7,0),(7,9,0,0),(7,9,1,0),(7,9,2,0),(7,9,4,0),(7,9,7,0),(7,13,0,0),(7,13,1,0),(7,13,2,0),(7,13,4,0),(7,13,7,0),(7,14,0,0),(7,14,1,0),(7,14,2,0),(7,14,4,0),(7,14,7,0),(7,15,0,0),(7,15,1,0),(7,15,2,0),(7,15,4,0),(7,15,7,0),(7,16,0,0),(7,16,1,0),(7,16,2,0),(7,16,4,0),(7,16,7,0),(7,18,0,0),(7,18,1,0),(7,18,2,0),(7,18,4,0),(7,18,7,0),(7,19,0,0),(7,19,1,0),(7,19,2,0),(7,19,4,0),(7,19,7,0),(7,20,0,0),(7,20,1,0),(7,20,2,0),(7,20,4,0),(7,20,7,0),(7,21,0,0),(7,21,1,0),(7,21,2,0),(7,21,4,0),(7,21,7,0),(7,22,0,0),(7,22,1,0),(7,22,2,0),(7,22,4,0),(7,22,7,0),(7,23,0,0),(7,23,1,0),(7,23,2,0),(7,23,4,0),(7,23,7,0),(7,25,0,1),(7,25,1,0),(7,25,2,0),(7,25,4,0),(7,25,7,0),(7,26,0,0),(7,26,1,0),(7,26,2,0),(7,26,4,0),(7,26,7,0),(7,30,0,0),(7,30,1,0),(7,30,2,0),(7,30,4,0),(7,30,7,0),(7,32,0,0),(7,32,1,0),(7,32,2,0),(7,32,4,0),(7,32,7,0),(7,34,0,0),(7,34,1,0),(7,34,2,0),(7,34,4,0),(7,34,7,0),(7,40,0,0),(7,40,1,0),(7,40,2,0),(7,40,4,0),(7,40,7,0),(7,41,0,0),(7,41,1,0),(7,41,2,0),(7,41,4,0),(7,41,7,0),(7,44,0,0),(7,44,1,0),(7,44,2,0),(7,44,4,0),(7,44,7,0),(7,45,0,0),(7,45,1,0),(7,45,2,0),(7,45,4,0),(7,45,7,0),(7,46,0,0),(7,46,1,0),(7,46,2,0),(7,46,4,0),(7,46,7,0),(7,47,0,0),(7,47,1,0),(7,47,2,0),(7,47,4,0),(7,47,7,0);
/*!40000 ALTER TABLE `nectarcrm_profile2standardpermissions` ENABLE KEYS */;
UNLOCK TABLES;

--
-- Table structure for table `nectarcrm_profile2tab`
--

DROP TABLE IF EXISTS `nectarcrm_profile2tab`;
/*!40101 SET @saved_cs_client     = @@character_set_client */;
/*!40101 SET character_set_client = utf8 */;
CREATE TABLE `nectarcrm_profile2tab` (
  `profileid` int(11) DEFAULT NULL,
  `tabid` int(10) DEFAULT NULL,
  `permissions` int(10) NOT NULL DEFAULT '0',
  KEY `profile2tab_profileid_tabid_idx` (`profileid`,`tabid`)
) ENGINE=InnoDB DEFAULT CHARSET=utf8;
/*!40101 SET character_set_client = @saved_cs_client */;

--
-- Dumping data for table `nectarcrm_profile2tab`
--

LOCK TABLES `nectarcrm_profile2tab` WRITE;
/*!40000 ALTER TABLE `nectarcrm_profile2tab` DISABLE KEYS */;
INSERT INTO `nectarcrm_profile2tab` VALUES (1,1,0),(1,2,0),(1,3,0),(1,4,0),(1,6,0),(1,7,0),(1,8,0),(1,9,0),(1,10,0),(1,13,0),(1,14,0),(1,15,0),(1,16,0),(1,18,0),(1,19,0),(1,20,0),(1,21,0),(1,22,0),(1,23,0),(1,24,0),(1,25,0),(1,26,0),(1,27,0),(2,1,0),(2,2,0),(2,3,0),(2,4,0),(2,6,0),(2,7,0),(2,8,0),(2,9,0),(2,10,0),(2,13,0),(2,14,0),(2,15,0),(2,16,0),(2,18,0),(2,19,0),(2,20,0),(2,21,0),(2,22,0),(2,23,0),(2,24,0),(2,25,0),(2,26,0),(2,27,0),(3,1,0),(3,2,0),(3,3,0),(3,4,0),(3,6,0),(3,7,0),(3,8,0),(3,9,0),(3,10,0),(3,13,0),(3,14,0),(3,15,0),(3,16,0),(3,18,0),(3,19,0),(3,20,0),(3,21,0),(3,22,0),(3,23,0),(3,24,0),(3,25,0),(3,26,0),(3,27,0),(4,1,0),(4,2,0),(4,3,0),(4,4,0),(4,6,0),(4,7,0),(4,8,0),(4,9,0),(4,10,0),(4,13,0),(4,14,0),(4,15,0),(4,16,0),(4,18,0),(4,19,0),(4,20,0),(4,21,0),(4,22,0),(4,23,0),(4,24,0),(4,25,0),(4,26,0),(4,27,0),(1,30,0),(2,30,0),(3,30,0),(4,30,0),(1,31,0),(2,31,0),(3,31,0),(4,31,0),(1,32,0),(2,32,0),(3,32,0),(4,32,0),(1,33,0),(2,33,0),(3,33,0),(4,33,0),(1,34,0),(2,34,0),(3,34,0),(4,34,0),(1,35,0),(2,35,0),(3,35,0),(4,35,0),(1,36,0),(2,36,0),(3,36,0),(4,36,0),(1,37,0),(2,37,0),(3,37,0),(4,37,0),(1,38,0),(2,38,0),(3,38,0),(4,38,0),(1,39,0),(2,39,0),(3,39,0),(4,39,0),(1,40,0),(2,40,0),(3,40,0),(4,40,0),(1,41,0),(2,41,0),(3,41,0),(4,41,0),(1,42,0),(2,42,0),(3,42,0),(4,42,0),(1,43,0),(2,43,0),(3,43,0),(4,43,0),(1,44,0),(2,44,0),(3,44,0),(4,44,0),(1,45,0),(2,45,0),(3,45,0),(4,45,0),(1,46,0),(2,46,0),(3,46,0),(4,46,0),(1,47,0),(2,47,0),(3,47,0),(4,47,0),(1,48,0),(2,48,0),(3,48,0),(4,48,0),(1,49,0),(2,49,0),(3,49,0),(4,49,0),(5,1,0),(5,2,0),(5,4,0),(5,6,0),(5,7,0),(5,8,0),(5,9,0),(5,10,0),(5,13,0),(5,14,0),(5,15,0),(5,18,0),(5,19,0),(5,20,0),(5,21,0),(5,22,0),(5,23,0),(5,24,0),(5,25,0),(5,26,0),(5,27,0),(5,30,0),(5,32,0),(5,34,0),(5,37,0),(5,38,0),(5,39,0),(5,40,0),(5,41,0),(5,42,0),(5,44,0),(5,45,0),(5,46,0),(5,47,0),(5,48,0),(5,16,0),(6,1,0),(6,2,0),(6,4,0),(6,6,0),(6,7,1),(6,8,0),(6,9,0),(6,10,0),(6,13,1),(6,14,0),(6,15,0),(6,18,0),(6,19,0),(6,20,1),(6,21,0),(6,22,0),(6,23,0),(6,24,0),(6,25,1),(6,26,0),(6,27,0),(6,30,0),(6,32,1),(6,34,0),(6,37,1),(6,38,0),(6,39,0),(6,40,0),(6,41,0),(6,42,0),(6,44,1),(6,45,1),(6,46,0),(6,47,1),(6,48,0),(6,16,0),(7,1,0),(7,2,0),(7,4,0),(7,6,0),(7,7,0),(7,8,0),(7,9,0),(7,10,0),(7,13,0),(7,14,0),(7,15,0),(7,18,0),(7,19,0),(7,20,1),(7,21,1),(7,22,1),(7,23,1),(7,24,0),(7,25,0),(7,26,0),(7,27,0),(7,30,0),(7,32,0),(7,34,0),(7,37,0),(7,38,0),(7,39,0),(7,40,0),(7,41,0),(7,42,0),(7,44,0),(7,45,0),(7,46,0),(7,47,0),(7,48,0),(7,16,0);
/*!40000 ALTER TABLE `nectarcrm_profile2tab` ENABLE KEYS */;
UNLOCK TABLES;

--
-- Table structure for table `nectarcrm_profile2utility`
--

DROP TABLE IF EXISTS `nectarcrm_profile2utility`;
/*!40101 SET @saved_cs_client     = @@character_set_client */;
/*!40101 SET character_set_client = utf8 */;
CREATE TABLE `nectarcrm_profile2utility` (
  `profileid` int(11) NOT NULL,
  `tabid` int(11) NOT NULL,
  `activityid` int(11) NOT NULL,
  `permission` int(1) DEFAULT NULL,
  PRIMARY KEY (`profileid`,`tabid`,`activityid`),
  KEY `profile2utility_profileid_tabid_activityid_idx` (`profileid`,`tabid`,`activityid`)
) ENGINE=InnoDB DEFAULT CHARSET=utf8;
/*!40101 SET character_set_client = @saved_cs_client */;

--
-- Dumping data for table `nectarcrm_profile2utility`
--

LOCK TABLES `nectarcrm_profile2utility` WRITE;
/*!40000 ALTER TABLE `nectarcrm_profile2utility` DISABLE KEYS */;
INSERT INTO `nectarcrm_profile2utility` VALUES (1,2,5,0),(1,2,6,0),(1,2,10,0),(1,4,5,0),(1,4,6,0),(1,4,8,0),(1,4,10,0),(1,6,5,0),(1,6,6,0),(1,6,8,0),(1,6,10,0),(1,7,5,0),(1,7,6,0),(1,7,8,0),(1,7,9,0),(1,7,10,0),(1,8,6,0),(1,9,5,0),(1,9,6,0),(1,13,5,0),(1,13,6,0),(1,13,8,0),(1,13,10,0),(1,14,5,0),(1,14,6,0),(1,14,10,0),(1,18,5,0),(1,18,6,0),(1,18,10,0),(1,19,5,1),(1,19,6,1),(1,19,10,1),(1,20,5,0),(1,20,6,0),(1,21,5,0),(1,21,6,0),(1,22,5,0),(1,22,6,0),(1,23,5,0),(1,23,6,0),(1,25,6,0),(1,25,13,0),(1,30,11,0),(1,30,12,0),(1,32,5,0),(1,32,6,0),(1,32,10,0),(1,34,5,0),(1,34,6,0),(1,34,10,0),(1,44,5,1),(1,44,6,1),(1,44,10,1),(1,45,5,0),(1,45,6,0),(1,45,10,0),(1,46,5,0),(1,46,6,0),(1,46,10,0),(2,2,5,1),(2,2,6,1),(2,2,10,0),(2,4,5,1),(2,4,6,1),(2,4,8,0),(2,4,10,0),(2,6,5,1),(2,6,6,1),(2,6,8,0),(2,6,10,0),(2,7,5,1),(2,7,6,1),(2,7,8,0),(2,7,9,0),(2,7,10,0),(2,8,6,1),(2,9,5,0),(2,9,6,0),(2,13,5,1),(2,13,6,1),(2,13,8,0),(2,13,10,0),(2,14,5,1),(2,14,6,1),(2,14,10,0),(2,18,5,1),(2,18,6,1),(2,18,10,0),(2,19,5,1),(2,19,6,1),(2,19,10,1),(2,20,5,0),(2,20,6,0),(2,21,5,0),(2,21,6,0),(2,22,5,0),(2,22,6,0),(2,23,5,0),(2,23,6,0),(2,25,6,0),(2,25,13,0),(2,30,11,0),(2,30,12,0),(2,32,5,0),(2,32,6,0),(2,32,10,0),(2,34,5,0),(2,34,6,0),(2,34,10,0),(2,44,5,1),(2,44,6,1),(2,44,10,1),(2,45,5,0),(2,45,6,0),(2,45,10,0),(2,46,5,0),(2,46,6,0),(2,46,10,0),(3,2,5,1),(3,2,6,1),(3,2,10,0),(3,4,5,1),(3,4,6,1),(3,4,8,0),(3,4,10,0),(3,6,5,1),(3,6,6,1),(3,6,8,0),(3,6,10,0),(3,7,5,1),(3,7,6,1),(3,7,8,0),(3,7,9,0),(3,7,10,0),(3,8,6,1),(3,9,5,0),(3,9,6,0),(3,13,5,1),(3,13,6,1),(3,13,8,0),(3,13,10,0),(3,14,5,1),(3,14,6,1),(3,14,10,0),(3,18,5,1),(3,18,6,1),(3,18,10,0),(3,19,5,1),(3,19,6,1),(3,19,10,1),(3,20,5,0),(3,20,6,0),(3,21,5,0),(3,21,6,0),(3,22,5,0),(3,22,6,0),(3,23,5,0),(3,23,6,0),(3,25,6,0),(3,25,13,0),(3,30,11,0),(3,30,12,0),(3,32,5,0),(3,32,6,0),(3,32,10,0),(3,34,5,0),(3,34,6,0),(3,34,10,0),(3,44,5,1),(3,44,6,1),(3,44,10,1),(3,45,5,0),(3,45,6,0),(3,45,10,0),(3,46,5,0),(3,46,6,0),(3,46,10,0),(4,2,5,1),(4,2,6,1),(4,2,10,0),(4,4,5,1),(4,4,6,1),(4,4,8,1),(4,4,10,0),(4,6,5,1),(4,6,6,1),(4,6,8,1),(4,6,10,0),(4,7,5,1),(4,7,6,1),(4,7,8,1),(4,7,9,0),(4,7,10,0),(4,8,6,1),(4,9,5,0),(4,9,6,0),(4,13,5,1),(4,13,6,1),(4,13,8,1),(4,13,10,0),(4,14,5,1),(4,14,6,1),(4,14,10,0),(4,18,5,1),(4,18,6,1),(4,18,10,0),(4,19,5,1),(4,19,6,1),(4,19,10,1),(4,20,5,0),(4,20,6,0),(4,21,5,0),(4,21,6,0),(4,22,5,0),(4,22,6,0),(4,23,5,0),(4,23,6,0),(4,25,6,0),(4,25,13,0),(4,30,11,0),(4,30,12,0),(4,32,5,0),(4,32,6,0),(4,32,10,0),(4,34,5,0),(4,34,6,0),(4,34,10,0),(4,44,5,1),(4,44,6,1),(4,44,10,1),(4,45,5,0),(4,45,6,0),(4,45,10,0),(4,46,5,0),(4,46,6,0),(4,46,10,0),(5,2,5,0),(5,2,6,0),(5,2,10,0),(5,4,5,0),(5,4,6,0),(5,4,8,0),(5,4,10,0),(5,6,5,0),(5,6,6,0),(5,6,8,0),(5,6,10,0),(5,7,5,0),(5,7,6,0),(5,7,8,0),(5,7,9,0),(5,7,10,0),(5,8,6,0),(5,9,5,0),(5,9,6,0),(5,13,5,0),(5,13,6,0),(5,13,8,0),(5,13,10,0),(5,14,5,0),(5,14,6,0),(5,14,10,0),(5,16,5,0),(5,16,6,0),(5,18,5,0),(5,18,6,0),(5,18,10,0),(5,19,5,0),(5,19,6,0),(5,19,10,0),(5,20,5,0),(5,20,6,0),(5,21,5,0),(5,21,6,0),(5,22,5,0),(5,22,6,0),(5,23,5,0),(5,23,6,0),(5,25,6,0),(5,25,13,0),(5,30,5,1),(5,30,6,1),(5,30,8,1),(5,30,11,0),(5,30,12,0),(5,32,5,0),(5,32,6,0),(5,32,10,0),(5,34,5,0),(5,34,6,0),(5,34,10,0),(5,40,5,1),(5,40,6,1),(5,40,10,1),(5,44,5,0),(5,44,6,0),(5,44,10,0),(5,45,5,0),(5,45,6,0),(5,45,10,0),(5,46,5,0),(5,46,6,0),(5,46,10,0),(6,2,5,0),(6,2,6,0),(6,2,10,0),(6,4,5,0),(6,4,6,0),(6,4,8,0),(6,4,10,0),(6,6,5,0),(6,6,6,0),(6,6,8,0),(6,6,10,0),(6,7,5,0),(6,7,6,0),(6,7,8,0),(6,7,9,0),(6,7,10,0),(6,8,6,0),(6,9,5,0),(6,9,6,0),(6,13,5,0),(6,13,6,0),(6,13,8,0),(6,13,10,0),(6,14,5,0),(6,14,6,0),(6,14,10,0),(6,16,5,0),(6,16,6,0),(6,18,5,0),(6,18,6,0),(6,18,10,0),(6,19,5,1),(6,19,6,1),(6,20,5,0),(6,20,6,0),(6,21,5,0),(6,21,6,0),(6,22,5,0),(6,22,6,0),(6,23,5,0),(6,23,6,0),(6,25,6,1),(6,25,13,1),(6,30,5,1),(6,30,6,1),(6,30,8,1),(6,30,11,0),(6,30,12,0),(6,32,5,0),(6,32,6,0),(6,32,10,0),(6,34,5,0),(6,34,6,0),(6,34,10,0),(6,40,5,1),(6,40,6,1),(6,40,10,1),(6,44,5,1),(6,44,6,1),(6,44,10,1),(6,45,5,0),(6,45,6,0),(6,45,10,0),(6,46,5,0),(6,46,6,0),(6,46,10,0),(7,2,5,0),(7,2,6,0),(7,2,10,0),(7,4,5,0),(7,4,6,0),(7,4,8,0),(7,4,10,0),(7,6,5,0),(7,6,6,0),(7,6,8,0),(7,6,10,0),(7,7,5,0),(7,7,6,0),(7,7,8,0),(7,7,9,0),(7,7,10,0),(7,8,6,0),(7,9,5,0),(7,9,6,0),(7,13,5,0),(7,13,6,0),(7,13,8,0),(7,13,10,0),(7,14,5,0),(7,14,6,0),(7,14,10,0),(7,16,5,0),(7,16,6,0),(7,18,5,0),(7,18,6,0),(7,18,10,0),(7,19,5,1),(7,19,6,1),(7,20,5,0),(7,20,6,0),(7,21,5,0),(7,21,6,0),(7,22,5,0),(7,22,6,0),(7,23,5,0),(7,23,6,0),(7,25,6,0),(7,25,13,0),(7,30,5,1),(7,30,6,1),(7,30,8,1),(7,30,11,0),(7,30,12,0),(7,32,5,0),(7,32,6,0),(7,32,10,0),(7,34,5,0),(7,34,6,0),(7,34,10,0),(7,40,5,1),(7,40,6,1),(7,40,10,1),(7,44,5,1),(7,44,6,1),(7,44,10,1),(7,45,5,0),(7,45,6,0),(7,45,10,0),(7,46,5,0),(7,46,6,0),(7,46,10,0);
/*!40000 ALTER TABLE `nectarcrm_profile2utility` ENABLE KEYS */;
UNLOCK TABLES;

--
-- Table structure for table `nectarcrm_profile_seq`
--

DROP TABLE IF EXISTS `nectarcrm_profile_seq`;
/*!40101 SET @saved_cs_client     = @@character_set_client */;
/*!40101 SET character_set_client = utf8 */;
CREATE TABLE `nectarcrm_profile_seq` (
  `id` int(11) NOT NULL
) ENGINE=InnoDB DEFAULT CHARSET=utf8;
/*!40101 SET character_set_client = @saved_cs_client */;

--
-- Dumping data for table `nectarcrm_profile_seq`
--

LOCK TABLES `nectarcrm_profile_seq` WRITE;
/*!40000 ALTER TABLE `nectarcrm_profile_seq` DISABLE KEYS */;
INSERT INTO `nectarcrm_profile_seq` VALUES (8);
/*!40000 ALTER TABLE `nectarcrm_profile_seq` ENABLE KEYS */;
UNLOCK TABLES;

--
-- Table structure for table `nectarcrm_progress`
--

DROP TABLE IF EXISTS `nectarcrm_progress`;
/*!40101 SET @saved_cs_client     = @@character_set_client */;
/*!40101 SET character_set_client = utf8 */;
CREATE TABLE `nectarcrm_progress` (
  `progressid` int(11) NOT NULL AUTO_INCREMENT,
  `progress` varchar(200) NOT NULL,
  `presence` int(1) NOT NULL DEFAULT '1',
  `picklist_valueid` int(11) NOT NULL DEFAULT '0',
  `sortorderid` int(11) DEFAULT '0',
  `color` varchar(10) DEFAULT NULL,
  PRIMARY KEY (`progressid`)
) ENGINE=InnoDB AUTO_INCREMENT=12 DEFAULT CHARSET=utf8;
/*!40101 SET character_set_client = @saved_cs_client */;

--
-- Dumping data for table `nectarcrm_progress`
--

LOCK TABLES `nectarcrm_progress` WRITE;
/*!40000 ALTER TABLE `nectarcrm_progress` DISABLE KEYS */;
INSERT INTO `nectarcrm_progress` VALUES (2,'10%',1,278,2,NULL),(3,'20%',1,279,3,NULL),(4,'30%',1,280,4,NULL),(5,'40%',1,281,5,NULL),(6,'50%',1,282,6,NULL),(7,'60%',1,283,7,NULL),(8,'70%',1,284,8,NULL),(9,'80%',1,285,9,NULL),(10,'90%',1,286,10,NULL),(11,'100%',1,287,11,NULL);
/*!40000 ALTER TABLE `nectarcrm_progress` ENABLE KEYS */;
UNLOCK TABLES;

--
-- Table structure for table `nectarcrm_progress_seq`
--

DROP TABLE IF EXISTS `nectarcrm_progress_seq`;
/*!40101 SET @saved_cs_client     = @@character_set_client */;
/*!40101 SET character_set_client = utf8 */;
CREATE TABLE `nectarcrm_progress_seq` (
  `id` int(11) NOT NULL
) ENGINE=InnoDB DEFAULT CHARSET=utf8;
/*!40101 SET character_set_client = @saved_cs_client */;

--
-- Dumping data for table `nectarcrm_progress_seq`
--

LOCK TABLES `nectarcrm_progress_seq` WRITE;
/*!40000 ALTER TABLE `nectarcrm_progress_seq` DISABLE KEYS */;
INSERT INTO `nectarcrm_progress_seq` VALUES (11);
/*!40000 ALTER TABLE `nectarcrm_progress_seq` ENABLE KEYS */;
UNLOCK TABLES;

--
-- Table structure for table `nectarcrm_project`
--

DROP TABLE IF EXISTS `nectarcrm_project`;
/*!40101 SET @saved_cs_client     = @@character_set_client */;
/*!40101 SET character_set_client = utf8 */;
CREATE TABLE `nectarcrm_project` (
  `projectid` int(19) NOT NULL,
  `projectname` varchar(255) DEFAULT NULL,
  `project_no` varchar(100) DEFAULT NULL,
  `startdate` date DEFAULT NULL,
  `targetenddate` date DEFAULT NULL,
  `actualenddate` date DEFAULT NULL,
  `targetbudget` varchar(255) DEFAULT NULL,
  `projecturl` varchar(255) DEFAULT NULL,
  `projectstatus` varchar(100) DEFAULT NULL,
  `projectpriority` varchar(100) DEFAULT NULL,
  `projecttype` varchar(100) DEFAULT NULL,
  `progress` varchar(100) DEFAULT NULL,
  `linktoaccountscontacts` varchar(100) DEFAULT NULL,
  `tags` varchar(1) DEFAULT NULL,
  `isconvertedfrompotential` int(1) NOT NULL DEFAULT '0',
  `potentialid` varchar(100) DEFAULT NULL,
  PRIMARY KEY (`projectid`),
  CONSTRAINT `fk_crmid_nectarcrm_project` FOREIGN KEY (`projectid`) REFERENCES `nectarcrm_crmentity` (`crmid`) ON DELETE CASCADE
) ENGINE=InnoDB DEFAULT CHARSET=utf8;
/*!40101 SET character_set_client = @saved_cs_client */;

--
-- Dumping data for table `nectarcrm_project`
--

LOCK TABLES `nectarcrm_project` WRITE;
/*!40000 ALTER TABLE `nectarcrm_project` DISABLE KEYS */;
INSERT INTO `nectarcrm_project` VALUES (59,'Tender','PROJ1','2019-04-30','2019-09-30',NULL,'','','','','','','55','',0,'0'),(69,'Tender','PROJ3',NULL,NULL,NULL,'','','','','','','','',0,'0'),(126,'Tender1','PROJ4','2019-11-30','2019-11-30','2019-11-30','','','completed','','operative','','124','',0,'19');
/*!40000 ALTER TABLE `nectarcrm_project` ENABLE KEYS */;
UNLOCK TABLES;

--
-- Table structure for table `nectarcrm_projectcf`
--

DROP TABLE IF EXISTS `nectarcrm_projectcf`;
/*!40101 SET @saved_cs_client     = @@character_set_client */;
/*!40101 SET character_set_client = utf8 */;
CREATE TABLE `nectarcrm_projectcf` (
  `projectid` int(11) NOT NULL,
  PRIMARY KEY (`projectid`),
  CONSTRAINT `fk_projectid_nectarcrm_projectcf` FOREIGN KEY (`projectid`) REFERENCES `nectarcrm_project` (`projectid`) ON DELETE CASCADE
) ENGINE=InnoDB DEFAULT CHARSET=utf8;
/*!40101 SET character_set_client = @saved_cs_client */;

--
-- Dumping data for table `nectarcrm_projectcf`
--

LOCK TABLES `nectarcrm_projectcf` WRITE;
/*!40000 ALTER TABLE `nectarcrm_projectcf` DISABLE KEYS */;
INSERT INTO `nectarcrm_projectcf` VALUES (59),(69),(126);
/*!40000 ALTER TABLE `nectarcrm_projectcf` ENABLE KEYS */;
UNLOCK TABLES;

--
-- Table structure for table `nectarcrm_projectmilestone`
--

DROP TABLE IF EXISTS `nectarcrm_projectmilestone`;
/*!40101 SET @saved_cs_client     = @@character_set_client */;
/*!40101 SET character_set_client = utf8 */;
CREATE TABLE `nectarcrm_projectmilestone` (
  `projectmilestoneid` int(11) NOT NULL,
  `projectmilestonename` varchar(255) DEFAULT NULL,
  `projectmilestone_no` varchar(100) DEFAULT NULL,
  `projectmilestonedate` varchar(255) DEFAULT NULL,
  `projectid` varchar(100) DEFAULT NULL,
  `projectmilestonetype` varchar(100) DEFAULT NULL,
  `tags` varchar(1) DEFAULT NULL,
  PRIMARY KEY (`projectmilestoneid`),
  CONSTRAINT `fk_crmid_nectarcrm_projectmilestone` FOREIGN KEY (`projectmilestoneid`) REFERENCES `nectarcrm_crmentity` (`crmid`) ON DELETE CASCADE
) ENGINE=InnoDB DEFAULT CHARSET=utf8;
/*!40101 SET character_set_client = @saved_cs_client */;

--
-- Dumping data for table `nectarcrm_projectmilestone`
--

LOCK TABLES `nectarcrm_projectmilestone` WRITE;
/*!40000 ALTER TABLE `nectarcrm_projectmilestone` DISABLE KEYS */;
INSERT INTO `nectarcrm_projectmilestone` VALUES (129,'tender','PM1',NULL,'126','','');
/*!40000 ALTER TABLE `nectarcrm_projectmilestone` ENABLE KEYS */;
UNLOCK TABLES;

--
-- Table structure for table `nectarcrm_projectmilestonecf`
--

DROP TABLE IF EXISTS `nectarcrm_projectmilestonecf`;
/*!40101 SET @saved_cs_client     = @@character_set_client */;
/*!40101 SET character_set_client = utf8 */;
CREATE TABLE `nectarcrm_projectmilestonecf` (
  `projectmilestoneid` int(11) NOT NULL DEFAULT '0',
  PRIMARY KEY (`projectmilestoneid`),
  CONSTRAINT `fk_projectmilestoneid_nectarcrm_projectmilestonecf` FOREIGN KEY (`projectmilestoneid`) REFERENCES `nectarcrm_projectmilestone` (`projectmilestoneid`) ON DELETE CASCADE
) ENGINE=InnoDB DEFAULT CHARSET=utf8;
/*!40101 SET character_set_client = @saved_cs_client */;

--
-- Dumping data for table `nectarcrm_projectmilestonecf`
--

LOCK TABLES `nectarcrm_projectmilestonecf` WRITE;
/*!40000 ALTER TABLE `nectarcrm_projectmilestonecf` DISABLE KEYS */;
INSERT INTO `nectarcrm_projectmilestonecf` VALUES (129);
/*!40000 ALTER TABLE `nectarcrm_projectmilestonecf` ENABLE KEYS */;
UNLOCK TABLES;

--
-- Table structure for table `nectarcrm_projectmilestonetype`
--

DROP TABLE IF EXISTS `nectarcrm_projectmilestonetype`;
/*!40101 SET @saved_cs_client     = @@character_set_client */;
/*!40101 SET character_set_client = utf8 */;
CREATE TABLE `nectarcrm_projectmilestonetype` (
  `projectmilestonetypeid` int(11) NOT NULL AUTO_INCREMENT,
  `projectmilestonetype` varchar(200) NOT NULL,
  `presence` int(1) NOT NULL DEFAULT '1',
  `picklist_valueid` int(11) NOT NULL DEFAULT '0',
  `sortorderid` int(11) DEFAULT '0',
  `color` varchar(10) DEFAULT NULL,
  PRIMARY KEY (`projectmilestonetypeid`)
) ENGINE=InnoDB AUTO_INCREMENT=5 DEFAULT CHARSET=utf8;
/*!40101 SET character_set_client = @saved_cs_client */;

--
-- Dumping data for table `nectarcrm_projectmilestonetype`
--

LOCK TABLES `nectarcrm_projectmilestonetype` WRITE;
/*!40000 ALTER TABLE `nectarcrm_projectmilestonetype` DISABLE KEYS */;
INSERT INTO `nectarcrm_projectmilestonetype` VALUES (2,'administrative',1,238,2,NULL),(3,'operative',1,239,3,NULL),(4,'other',1,240,4,NULL);
/*!40000 ALTER TABLE `nectarcrm_projectmilestonetype` ENABLE KEYS */;
UNLOCK TABLES;

--
-- Table structure for table `nectarcrm_projectmilestonetype_seq`
--

DROP TABLE IF EXISTS `nectarcrm_projectmilestonetype_seq`;
/*!40101 SET @saved_cs_client     = @@character_set_client */;
/*!40101 SET character_set_client = utf8 */;
CREATE TABLE `nectarcrm_projectmilestonetype_seq` (
  `id` int(11) NOT NULL
) ENGINE=InnoDB DEFAULT CHARSET=utf8;
/*!40101 SET character_set_client = @saved_cs_client */;

--
-- Dumping data for table `nectarcrm_projectmilestonetype_seq`
--

LOCK TABLES `nectarcrm_projectmilestonetype_seq` WRITE;
/*!40000 ALTER TABLE `nectarcrm_projectmilestonetype_seq` DISABLE KEYS */;
INSERT INTO `nectarcrm_projectmilestonetype_seq` VALUES (4);
/*!40000 ALTER TABLE `nectarcrm_projectmilestonetype_seq` ENABLE KEYS */;
UNLOCK TABLES;

--
-- Table structure for table `nectarcrm_projectpriority`
--

DROP TABLE IF EXISTS `nectarcrm_projectpriority`;
/*!40101 SET @saved_cs_client     = @@character_set_client */;
/*!40101 SET character_set_client = utf8 */;
CREATE TABLE `nectarcrm_projectpriority` (
  `projectpriorityid` int(11) NOT NULL AUTO_INCREMENT,
  `projectpriority` varchar(200) NOT NULL,
  `presence` int(1) NOT NULL DEFAULT '1',
  `picklist_valueid` int(11) NOT NULL DEFAULT '0',
  `sortorderid` int(11) DEFAULT '0',
  `color` varchar(10) DEFAULT NULL,
  PRIMARY KEY (`projectpriorityid`)
) ENGINE=InnoDB AUTO_INCREMENT=5 DEFAULT CHARSET=utf8;
/*!40101 SET character_set_client = @saved_cs_client */;

--
-- Dumping data for table `nectarcrm_projectpriority`
--

LOCK TABLES `nectarcrm_projectpriority` WRITE;
/*!40000 ALTER TABLE `nectarcrm_projectpriority` DISABLE KEYS */;
INSERT INTO `nectarcrm_projectpriority` VALUES (2,'low',1,274,2,NULL),(3,'normal',1,275,3,NULL),(4,'high',1,276,4,NULL);
/*!40000 ALTER TABLE `nectarcrm_projectpriority` ENABLE KEYS */;
UNLOCK TABLES;

--
-- Table structure for table `nectarcrm_projectpriority_seq`
--

DROP TABLE IF EXISTS `nectarcrm_projectpriority_seq`;
/*!40101 SET @saved_cs_client     = @@character_set_client */;
/*!40101 SET character_set_client = utf8 */;
CREATE TABLE `nectarcrm_projectpriority_seq` (
  `id` int(11) NOT NULL
) ENGINE=InnoDB DEFAULT CHARSET=utf8;
/*!40101 SET character_set_client = @saved_cs_client */;

--
-- Dumping data for table `nectarcrm_projectpriority_seq`
--

LOCK TABLES `nectarcrm_projectpriority_seq` WRITE;
/*!40000 ALTER TABLE `nectarcrm_projectpriority_seq` DISABLE KEYS */;
INSERT INTO `nectarcrm_projectpriority_seq` VALUES (4);
/*!40000 ALTER TABLE `nectarcrm_projectpriority_seq` ENABLE KEYS */;
UNLOCK TABLES;

--
-- Table structure for table `nectarcrm_projectstatus`
--

DROP TABLE IF EXISTS `nectarcrm_projectstatus`;
/*!40101 SET @saved_cs_client     = @@character_set_client */;
/*!40101 SET character_set_client = utf8 */;
CREATE TABLE `nectarcrm_projectstatus` (
  `projectstatusid` int(11) NOT NULL AUTO_INCREMENT,
  `projectstatus` varchar(200) NOT NULL,
  `presence` int(1) NOT NULL DEFAULT '1',
  `picklist_valueid` int(11) NOT NULL DEFAULT '0',
  `sortorderid` int(11) DEFAULT '0',
  `color` varchar(10) DEFAULT NULL,
  PRIMARY KEY (`projectstatusid`)
) ENGINE=InnoDB AUTO_INCREMENT=10 DEFAULT CHARSET=utf8;
/*!40101 SET character_set_client = @saved_cs_client */;

--
-- Dumping data for table `nectarcrm_projectstatus`
--

LOCK TABLES `nectarcrm_projectstatus` WRITE;
/*!40000 ALTER TABLE `nectarcrm_projectstatus` DISABLE KEYS */;
INSERT INTO `nectarcrm_projectstatus` VALUES (2,'prospecting',1,261,2,NULL),(3,'initiated',1,262,3,NULL),(4,'in progress',1,263,4,NULL),(5,'waiting for feedback',1,264,5,NULL),(6,'on hold',1,265,6,NULL),(7,'completed',1,266,7,NULL),(8,'delivered',1,267,8,NULL),(9,'archived',1,268,9,NULL);
/*!40000 ALTER TABLE `nectarcrm_projectstatus` ENABLE KEYS */;
UNLOCK TABLES;

--
-- Table structure for table `nectarcrm_projectstatus_seq`
--

DROP TABLE IF EXISTS `nectarcrm_projectstatus_seq`;
/*!40101 SET @saved_cs_client     = @@character_set_client */;
/*!40101 SET character_set_client = utf8 */;
CREATE TABLE `nectarcrm_projectstatus_seq` (
  `id` int(11) NOT NULL
) ENGINE=InnoDB DEFAULT CHARSET=utf8;
/*!40101 SET character_set_client = @saved_cs_client */;

--
-- Dumping data for table `nectarcrm_projectstatus_seq`
--

LOCK TABLES `nectarcrm_projectstatus_seq` WRITE;
/*!40000 ALTER TABLE `nectarcrm_projectstatus_seq` DISABLE KEYS */;
INSERT INTO `nectarcrm_projectstatus_seq` VALUES (9);
/*!40000 ALTER TABLE `nectarcrm_projectstatus_seq` ENABLE KEYS */;
UNLOCK TABLES;

--
-- Table structure for table `nectarcrm_projecttask`
--

DROP TABLE IF EXISTS `nectarcrm_projecttask`;
/*!40101 SET @saved_cs_client     = @@character_set_client */;
/*!40101 SET character_set_client = utf8 */;
CREATE TABLE `nectarcrm_projecttask` (
  `projecttaskid` int(11) NOT NULL,
  `projecttaskname` varchar(255) DEFAULT NULL,
  `projecttask_no` varchar(100) DEFAULT NULL,
  `projecttasktype` varchar(100) DEFAULT NULL,
  `projecttaskpriority` varchar(100) DEFAULT NULL,
  `projecttaskprogress` varchar(100) DEFAULT NULL,
  `projecttaskhours` varchar(255) DEFAULT NULL,
  `startdate` date DEFAULT NULL,
  `enddate` date DEFAULT NULL,
  `projectid` varchar(100) DEFAULT NULL,
  `projecttasknumber` int(11) DEFAULT NULL,
  `tags` varchar(1) DEFAULT NULL,
  `projecttaskstatus` varchar(100) DEFAULT NULL,
  PRIMARY KEY (`projecttaskid`),
  CONSTRAINT `fk_crmid_nectarcrm_projecttask` FOREIGN KEY (`projecttaskid`) REFERENCES `nectarcrm_crmentity` (`crmid`) ON DELETE CASCADE
) ENGINE=InnoDB DEFAULT CHARSET=utf8;
/*!40101 SET character_set_client = @saved_cs_client */;

--
-- Dumping data for table `nectarcrm_projecttask`
--

LOCK TABLES `nectarcrm_projecttask` WRITE;
/*!40000 ALTER TABLE `nectarcrm_projecttask` DISABLE KEYS */;
INSERT INTO `nectarcrm_projecttask` VALUES (127,'demo','PT1','administrative','','','',NULL,NULL,'126',0,'',''),(128,'tender','PT2','','','','',NULL,NULL,'59',0,'','');
/*!40000 ALTER TABLE `nectarcrm_projecttask` ENABLE KEYS */;
UNLOCK TABLES;

--
-- Table structure for table `nectarcrm_projecttask_status_color`
--

DROP TABLE IF EXISTS `nectarcrm_projecttask_status_color`;
/*!40101 SET @saved_cs_client     = @@character_set_client */;
/*!40101 SET character_set_client = utf8 */;
CREATE TABLE `nectarcrm_projecttask_status_color` (
  `status` varchar(255) DEFAULT NULL,
  `defaultcolor` varchar(50) DEFAULT NULL,
  `color` varchar(50) DEFAULT NULL,
  UNIQUE KEY `status` (`status`)
) ENGINE=InnoDB DEFAULT CHARSET=utf8;
/*!40101 SET character_set_client = @saved_cs_client */;

--
-- Dumping data for table `nectarcrm_projecttask_status_color`
--

LOCK TABLES `nectarcrm_projecttask_status_color` WRITE;
/*!40000 ALTER TABLE `nectarcrm_projecttask_status_color` DISABLE KEYS */;
INSERT INTO `nectarcrm_projecttask_status_color` VALUES ('Open','#0099ff',NULL),('In Progress','#fdff00',NULL),('Completed','#3BBF67',NULL),('Deferred','#fbb11e',NULL),('Canceled','#660066',NULL);
/*!40000 ALTER TABLE `nectarcrm_projecttask_status_color` ENABLE KEYS */;
UNLOCK TABLES;

--
-- Table structure for table `nectarcrm_projecttaskcf`
--

DROP TABLE IF EXISTS `nectarcrm_projecttaskcf`;
/*!40101 SET @saved_cs_client     = @@character_set_client */;
/*!40101 SET character_set_client = utf8 */;
CREATE TABLE `nectarcrm_projecttaskcf` (
  `projecttaskid` int(11) NOT NULL DEFAULT '0',
  PRIMARY KEY (`projecttaskid`),
  CONSTRAINT `fk_projecttaskid_nectarcrm_projecttaskcf` FOREIGN KEY (`projecttaskid`) REFERENCES `nectarcrm_projecttask` (`projecttaskid`) ON DELETE CASCADE
) ENGINE=InnoDB DEFAULT CHARSET=utf8;
/*!40101 SET character_set_client = @saved_cs_client */;

--
-- Dumping data for table `nectarcrm_projecttaskcf`
--

LOCK TABLES `nectarcrm_projecttaskcf` WRITE;
/*!40000 ALTER TABLE `nectarcrm_projecttaskcf` DISABLE KEYS */;
INSERT INTO `nectarcrm_projecttaskcf` VALUES (127),(128);
/*!40000 ALTER TABLE `nectarcrm_projecttaskcf` ENABLE KEYS */;
UNLOCK TABLES;

--
-- Table structure for table `nectarcrm_projecttaskpriority`
--

DROP TABLE IF EXISTS `nectarcrm_projecttaskpriority`;
/*!40101 SET @saved_cs_client     = @@character_set_client */;
/*!40101 SET character_set_client = utf8 */;
CREATE TABLE `nectarcrm_projecttaskpriority` (
  `projecttaskpriorityid` int(11) NOT NULL AUTO_INCREMENT,
  `projecttaskpriority` varchar(200) NOT NULL,
  `presence` int(1) NOT NULL DEFAULT '1',
  `picklist_valueid` int(11) NOT NULL DEFAULT '0',
  `sortorderid` int(11) DEFAULT '0',
  `color` varchar(10) DEFAULT NULL,
  PRIMARY KEY (`projecttaskpriorityid`)
) ENGINE=InnoDB AUTO_INCREMENT=5 DEFAULT CHARSET=utf8;
/*!40101 SET character_set_client = @saved_cs_client */;

--
-- Dumping data for table `nectarcrm_projecttaskpriority`
--

LOCK TABLES `nectarcrm_projecttaskpriority` WRITE;
/*!40000 ALTER TABLE `nectarcrm_projecttaskpriority` DISABLE KEYS */;
INSERT INTO `nectarcrm_projecttaskpriority` VALUES (2,'low',1,246,2,NULL),(3,'normal',1,247,3,NULL),(4,'high',1,248,4,NULL);
/*!40000 ALTER TABLE `nectarcrm_projecttaskpriority` ENABLE KEYS */;
UNLOCK TABLES;

--
-- Table structure for table `nectarcrm_projecttaskpriority_seq`
--

DROP TABLE IF EXISTS `nectarcrm_projecttaskpriority_seq`;
/*!40101 SET @saved_cs_client     = @@character_set_client */;
/*!40101 SET character_set_client = utf8 */;
CREATE TABLE `nectarcrm_projecttaskpriority_seq` (
  `id` int(11) NOT NULL
) ENGINE=InnoDB DEFAULT CHARSET=utf8;
/*!40101 SET character_set_client = @saved_cs_client */;

--
-- Dumping data for table `nectarcrm_projecttaskpriority_seq`
--

LOCK TABLES `nectarcrm_projecttaskpriority_seq` WRITE;
/*!40000 ALTER TABLE `nectarcrm_projecttaskpriority_seq` DISABLE KEYS */;
INSERT INTO `nectarcrm_projecttaskpriority_seq` VALUES (4);
/*!40000 ALTER TABLE `nectarcrm_projecttaskpriority_seq` ENABLE KEYS */;
UNLOCK TABLES;

--
-- Table structure for table `nectarcrm_projecttaskprogress`
--

DROP TABLE IF EXISTS `nectarcrm_projecttaskprogress`;
/*!40101 SET @saved_cs_client     = @@character_set_client */;
/*!40101 SET character_set_client = utf8 */;
CREATE TABLE `nectarcrm_projecttaskprogress` (
  `projecttaskprogressid` int(11) NOT NULL AUTO_INCREMENT,
  `projecttaskprogress` varchar(200) NOT NULL,
  `presence` int(1) NOT NULL DEFAULT '1',
  `picklist_valueid` int(11) NOT NULL DEFAULT '0',
  `sortorderid` int(11) DEFAULT '0',
  `color` varchar(10) DEFAULT NULL,
  PRIMARY KEY (`projecttaskprogressid`)
) ENGINE=InnoDB AUTO_INCREMENT=12 DEFAULT CHARSET=utf8;
/*!40101 SET character_set_client = @saved_cs_client */;

--
-- Dumping data for table `nectarcrm_projecttaskprogress`
--

LOCK TABLES `nectarcrm_projecttaskprogress` WRITE;
/*!40000 ALTER TABLE `nectarcrm_projecttaskprogress` DISABLE KEYS */;
INSERT INTO `nectarcrm_projecttaskprogress` VALUES (2,'10%',1,250,2,NULL),(3,'20%',1,251,3,NULL),(4,'30%',1,252,4,NULL),(5,'40%',1,253,5,NULL),(6,'50%',1,254,6,NULL),(7,'60%',1,255,7,NULL),(8,'70%',1,256,8,NULL),(9,'80%',1,257,9,NULL),(10,'90%',1,258,10,NULL),(11,'100%',1,259,11,NULL);
/*!40000 ALTER TABLE `nectarcrm_projecttaskprogress` ENABLE KEYS */;
UNLOCK TABLES;

--
-- Table structure for table `nectarcrm_projecttaskprogress_seq`
--

DROP TABLE IF EXISTS `nectarcrm_projecttaskprogress_seq`;
/*!40101 SET @saved_cs_client     = @@character_set_client */;
/*!40101 SET character_set_client = utf8 */;
CREATE TABLE `nectarcrm_projecttaskprogress_seq` (
  `id` int(11) NOT NULL
) ENGINE=InnoDB DEFAULT CHARSET=utf8;
/*!40101 SET character_set_client = @saved_cs_client */;

--
-- Dumping data for table `nectarcrm_projecttaskprogress_seq`
--

LOCK TABLES `nectarcrm_projecttaskprogress_seq` WRITE;
/*!40000 ALTER TABLE `nectarcrm_projecttaskprogress_seq` DISABLE KEYS */;
INSERT INTO `nectarcrm_projecttaskprogress_seq` VALUES (11);
/*!40000 ALTER TABLE `nectarcrm_projecttaskprogress_seq` ENABLE KEYS */;
UNLOCK TABLES;

--
-- Table structure for table `nectarcrm_projecttaskstatus`
--

DROP TABLE IF EXISTS `nectarcrm_projecttaskstatus`;
/*!40101 SET @saved_cs_client     = @@character_set_client */;
/*!40101 SET character_set_client = utf8 */;
CREATE TABLE `nectarcrm_projecttaskstatus` (
  `projecttaskstatusid` int(11) NOT NULL AUTO_INCREMENT,
  `projecttaskstatus` varchar(200) NOT NULL,
  `presence` int(1) NOT NULL DEFAULT '1',
  `picklist_valueid` int(11) NOT NULL DEFAULT '0',
  `sortorderid` int(11) DEFAULT '0',
  `color` varchar(10) DEFAULT NULL,
  PRIMARY KEY (`projecttaskstatusid`)
) ENGINE=InnoDB AUTO_INCREMENT=7 DEFAULT CHARSET=utf8;
/*!40101 SET character_set_client = @saved_cs_client */;

--
-- Dumping data for table `nectarcrm_projecttaskstatus`
--

LOCK TABLES `nectarcrm_projecttaskstatus` WRITE;
/*!40000 ALTER TABLE `nectarcrm_projecttaskstatus` DISABLE KEYS */;
INSERT INTO `nectarcrm_projecttaskstatus` VALUES (2,'Open',0,290,2,NULL),(3,'In Progress',0,291,3,NULL),(4,'Completed',0,292,4,NULL),(5,'Deferred',0,293,5,NULL),(6,'Canceled ',0,294,6,NULL);
/*!40000 ALTER TABLE `nectarcrm_projecttaskstatus` ENABLE KEYS */;
UNLOCK TABLES;

--
-- Table structure for table `nectarcrm_projecttaskstatus_seq`
--

DROP TABLE IF EXISTS `nectarcrm_projecttaskstatus_seq`;
/*!40101 SET @saved_cs_client     = @@character_set_client */;
/*!40101 SET character_set_client = utf8 */;
CREATE TABLE `nectarcrm_projecttaskstatus_seq` (
  `id` int(11) NOT NULL
) ENGINE=InnoDB DEFAULT CHARSET=utf8;
/*!40101 SET character_set_client = @saved_cs_client */;

--
-- Dumping data for table `nectarcrm_projecttaskstatus_seq`
--

LOCK TABLES `nectarcrm_projecttaskstatus_seq` WRITE;
/*!40000 ALTER TABLE `nectarcrm_projecttaskstatus_seq` DISABLE KEYS */;
INSERT INTO `nectarcrm_projecttaskstatus_seq` VALUES (6);
/*!40000 ALTER TABLE `nectarcrm_projecttaskstatus_seq` ENABLE KEYS */;
UNLOCK TABLES;

--
-- Table structure for table `nectarcrm_projecttasktype`
--

DROP TABLE IF EXISTS `nectarcrm_projecttasktype`;
/*!40101 SET @saved_cs_client     = @@character_set_client */;
/*!40101 SET character_set_client = utf8 */;
CREATE TABLE `nectarcrm_projecttasktype` (
  `projecttasktypeid` int(11) NOT NULL AUTO_INCREMENT,
  `projecttasktype` varchar(200) NOT NULL,
  `presence` int(1) NOT NULL DEFAULT '1',
  `picklist_valueid` int(11) NOT NULL DEFAULT '0',
  `sortorderid` int(11) DEFAULT '0',
  `color` varchar(10) DEFAULT NULL,
  PRIMARY KEY (`projecttasktypeid`)
) ENGINE=InnoDB AUTO_INCREMENT=5 DEFAULT CHARSET=utf8;
/*!40101 SET character_set_client = @saved_cs_client */;

--
-- Dumping data for table `nectarcrm_projecttasktype`
--

LOCK TABLES `nectarcrm_projecttasktype` WRITE;
/*!40000 ALTER TABLE `nectarcrm_projecttasktype` DISABLE KEYS */;
INSERT INTO `nectarcrm_projecttasktype` VALUES (2,'administrative',1,242,2,NULL),(3,'operative',1,243,3,NULL),(4,'other',1,244,4,NULL);
/*!40000 ALTER TABLE `nectarcrm_projecttasktype` ENABLE KEYS */;
UNLOCK TABLES;

--
-- Table structure for table `nectarcrm_projecttasktype_seq`
--

DROP TABLE IF EXISTS `nectarcrm_projecttasktype_seq`;
/*!40101 SET @saved_cs_client     = @@character_set_client */;
/*!40101 SET character_set_client = utf8 */;
CREATE TABLE `nectarcrm_projecttasktype_seq` (
  `id` int(11) NOT NULL
) ENGINE=InnoDB DEFAULT CHARSET=utf8;
/*!40101 SET character_set_client = @saved_cs_client */;

--
-- Dumping data for table `nectarcrm_projecttasktype_seq`
--

LOCK TABLES `nectarcrm_projecttasktype_seq` WRITE;
/*!40000 ALTER TABLE `nectarcrm_projecttasktype_seq` DISABLE KEYS */;
INSERT INTO `nectarcrm_projecttasktype_seq` VALUES (4);
/*!40000 ALTER TABLE `nectarcrm_projecttasktype_seq` ENABLE KEYS */;
UNLOCK TABLES;

--
-- Table structure for table `nectarcrm_projecttype`
--

DROP TABLE IF EXISTS `nectarcrm_projecttype`;
/*!40101 SET @saved_cs_client     = @@character_set_client */;
/*!40101 SET character_set_client = utf8 */;
CREATE TABLE `nectarcrm_projecttype` (
  `projecttypeid` int(11) NOT NULL AUTO_INCREMENT,
  `projecttype` varchar(200) NOT NULL,
  `presence` int(1) NOT NULL DEFAULT '1',
  `picklist_valueid` int(11) NOT NULL DEFAULT '0',
  `sortorderid` int(11) DEFAULT '0',
  `color` varchar(10) DEFAULT NULL,
  PRIMARY KEY (`projecttypeid`)
) ENGINE=InnoDB AUTO_INCREMENT=5 DEFAULT CHARSET=utf8;
/*!40101 SET character_set_client = @saved_cs_client */;

--
-- Dumping data for table `nectarcrm_projecttype`
--

LOCK TABLES `nectarcrm_projecttype` WRITE;
/*!40000 ALTER TABLE `nectarcrm_projecttype` DISABLE KEYS */;
INSERT INTO `nectarcrm_projecttype` VALUES (2,'administrative',1,270,2,NULL),(3,'operative',1,271,3,NULL),(4,'other',1,272,4,NULL);
/*!40000 ALTER TABLE `nectarcrm_projecttype` ENABLE KEYS */;
UNLOCK TABLES;

--
-- Table structure for table `nectarcrm_projecttype_seq`
--

DROP TABLE IF EXISTS `nectarcrm_projecttype_seq`;
/*!40101 SET @saved_cs_client     = @@character_set_client */;
/*!40101 SET character_set_client = utf8 */;
CREATE TABLE `nectarcrm_projecttype_seq` (
  `id` int(11) NOT NULL
) ENGINE=InnoDB DEFAULT CHARSET=utf8;
/*!40101 SET character_set_client = @saved_cs_client */;

--
-- Dumping data for table `nectarcrm_projecttype_seq`
--

LOCK TABLES `nectarcrm_projecttype_seq` WRITE;
/*!40000 ALTER TABLE `nectarcrm_projecttype_seq` DISABLE KEYS */;
INSERT INTO `nectarcrm_projecttype_seq` VALUES (4);
/*!40000 ALTER TABLE `nectarcrm_projecttype_seq` ENABLE KEYS */;
UNLOCK TABLES;

--
-- Table structure for table `nectarcrm_purchaseorder`
--

DROP TABLE IF EXISTS `nectarcrm_purchaseorder`;
/*!40101 SET @saved_cs_client     = @@character_set_client */;
/*!40101 SET character_set_client = utf8 */;
CREATE TABLE `nectarcrm_purchaseorder` (
  `purchaseorderid` int(19) NOT NULL DEFAULT '0',
  `subject` varchar(100) DEFAULT NULL,
  `quoteid` int(19) DEFAULT NULL,
  `vendorid` int(19) DEFAULT NULL,
  `requisition_no` varchar(100) DEFAULT NULL,
  `purchaseorder_no` varchar(100) DEFAULT NULL,
  `tracking_no` varchar(100) DEFAULT NULL,
  `contactid` int(19) DEFAULT NULL,
  `duedate` date DEFAULT NULL,
  `carrier` varchar(200) DEFAULT NULL,
  `type` varchar(100) DEFAULT NULL,
  `adjustment` decimal(25,8) DEFAULT NULL,
  `salescommission` decimal(25,3) DEFAULT NULL,
  `exciseduty` decimal(25,3) DEFAULT NULL,
  `total` decimal(25,8) DEFAULT NULL,
  `subtotal` decimal(25,8) DEFAULT NULL,
  `taxtype` varchar(25) DEFAULT NULL,
  `discount_percent` decimal(25,3) DEFAULT NULL,
  `discount_amount` decimal(25,8) DEFAULT NULL,
  `s_h_amount` decimal(25,8) DEFAULT NULL,
  `terms_conditions` text,
  `postatus` varchar(200) DEFAULT NULL,
  `currency_id` int(19) NOT NULL DEFAULT '1',
  `conversion_rate` decimal(10,3) NOT NULL DEFAULT '1.000',
  `compound_taxes_info` text,
  `pre_tax_total` decimal(25,8) DEFAULT NULL,
  `paid` decimal(25,8) DEFAULT NULL,
  `balance` decimal(25,8) DEFAULT NULL,
  `s_h_percent` int(11) DEFAULT NULL,
  `tags` varchar(1) DEFAULT NULL,
  `region_id` int(19) DEFAULT NULL,
  PRIMARY KEY (`purchaseorderid`),
  KEY `purchaseorder_vendorid_idx` (`vendorid`),
  KEY `purchaseorder_quoteid_idx` (`quoteid`),
  KEY `purchaseorder_contactid_idx` (`contactid`),
  CONSTRAINT `fk_4_nectarcrm_purchaseorder` FOREIGN KEY (`vendorid`) REFERENCES `nectarcrm_vendor` (`vendorid`) ON DELETE CASCADE,
  CONSTRAINT `fk_crmid_nectarcrm_purchaseorder` FOREIGN KEY (`purchaseorderid`) REFERENCES `nectarcrm_crmentity` (`crmid`) ON DELETE CASCADE
) ENGINE=InnoDB DEFAULT CHARSET=utf8;
/*!40101 SET character_set_client = @saved_cs_client */;

--
-- Dumping data for table `nectarcrm_purchaseorder`
--

LOCK TABLES `nectarcrm_purchaseorder` WRITE;
/*!40000 ALTER TABLE `nectarcrm_purchaseorder` DISABLE KEYS */;
INSERT INTO `nectarcrm_purchaseorder` VALUES (82,'Hrms',NULL,81,'90','PO1','',72,'2019-11-30','FedEx',NULL,0.00000000,90.000,0.000,94.05000000,0.00000000,'group',NULL,NULL,90.00000000,'- Unless otherwise agreed in writing by the supplier all invoices are payable within thirty (30) days of the date of invoice, in the currency of the invoice, drawn on a bank based in India or by such other method as is agreed in advance by the Supplier.\n\n - All prices are not inclusive of VAT which shall be payable in addition by the Customer at the applicable rate.','Created',1,1.000,'{\"4\":[\"2\"]}',90.00000000,0.00000000,94.05000000,90,'',0),(84,'Hrms',NULL,83,'90','PO2','',72,'2019-11-30','FedEx',NULL,0.00000000,0.000,0.000,94.05000000,0.00000000,'group',NULL,NULL,90.00000000,'- Unless otherwise agreed in writing by the supplier all invoices are payable within thirty (30) days of the date of invoice, in the currency of the invoice, drawn on a bank based in India or by such other method as is agreed in advance by the Supplier.\n\n - All prices are not inclusive of VAT which shall be payable in addition by the Customer at the applicable rate.','Delivered',1,1.000,'{\"4\":[\"2\"]}',90.00000000,0.00000000,94.05000000,90,'',0),(87,'CRM',NULL,86,'90','PO3','',85,NULL,'',NULL,0.00000000,0.000,0.000,94.05000000,0.00000000,'group',NULL,NULL,90.00000000,'- Unless otherwise agreed in writing by the supplier all invoices are payable within thirty (30) days of the date of invoice, in the currency of the invoice, drawn on a bank based in India or by such other method as is agreed in advance by the Supplier.\n\n - All prices are not inclusive of VAT which shall be payable in addition by the Customer at the applicable rate.','Created',1,1.000,'{\"4\":[\"2\"]}',90.00000000,0.00000000,94.05000000,90,'',0),(92,'Hrms',NULL,83,'90','PO4','090',85,'2019-11-30','FedEx',NULL,0.00000000,90.000,0.000,23944.05000000,18000.00000000,'group',NULL,NULL,90.00000000,'- Unless otherwise agreed in writing by the supplier all invoices are payable within thirty (30) days of the date of invoice, in the currency of the invoice, drawn on a bank based in India or by such other method as is agreed in advance by the Supplier.\n\n - All prices are not inclusive of VAT which shall be payable in addition by the Customer at the applicable rate.','Created',1,1.000,'{\"4\":[\"2\"]}',18090.00000000,0.00000000,23944.05000000,90,'',0),(102,'CRM',NULL,83,'90','PO5','',70,NULL,'',NULL,0.00000000,0.000,0.000,94.05000000,0.00000000,'group',NULL,NULL,90.00000000,'- Unless otherwise agreed in writing by the supplier all invoices are payable within thirty (30) days of the date of invoice, in the currency of the invoice, drawn on a bank based in India or by such other method as is agreed in advance by the Supplier.\n\n - All prices are not inclusive of VAT which shall be payable in addition by the Customer at the applicable rate.','Created',1,1.000,'{\"4\":[\"2\"]}',90.00000000,0.00000000,94.05000000,90,'',0),(112,'Hrms',NULL,83,'90','PO6','',70,'2019-11-30','FedEx',NULL,0.00000000,0.000,0.000,105.98000000,9.00000000,'group',NULL,NULL,90.00000000,'- Unless otherwise agreed in writing by the supplier all invoices are payable within thirty (30) days of the date of invoice, in the currency of the invoice, drawn on a bank based in India or by such other method as is agreed in advance by the Supplier.\n\n - All prices are not inclusive of VAT which shall be payable in addition by the Customer at the applicable rate.','Created',1,1.000,'{\"4\":[\"2\"]}',99.00000000,0.00000000,105.98000000,90,'',0);
/*!40000 ALTER TABLE `nectarcrm_purchaseorder` ENABLE KEYS */;
UNLOCK TABLES;

--
-- Table structure for table `nectarcrm_purchaseordercf`
--

DROP TABLE IF EXISTS `nectarcrm_purchaseordercf`;
/*!40101 SET @saved_cs_client     = @@character_set_client */;
/*!40101 SET character_set_client = utf8 */;
CREATE TABLE `nectarcrm_purchaseordercf` (
  `purchaseorderid` int(19) NOT NULL DEFAULT '0',
  PRIMARY KEY (`purchaseorderid`),
  CONSTRAINT `fk_1_nectarcrm_purchaseordercf` FOREIGN KEY (`purchaseorderid`) REFERENCES `nectarcrm_purchaseorder` (`purchaseorderid`) ON DELETE CASCADE
) ENGINE=InnoDB DEFAULT CHARSET=utf8;
/*!40101 SET character_set_client = @saved_cs_client */;

--
-- Dumping data for table `nectarcrm_purchaseordercf`
--

LOCK TABLES `nectarcrm_purchaseordercf` WRITE;
/*!40000 ALTER TABLE `nectarcrm_purchaseordercf` DISABLE KEYS */;
INSERT INTO `nectarcrm_purchaseordercf` VALUES (82),(84),(87),(92),(102),(112);
/*!40000 ALTER TABLE `nectarcrm_purchaseordercf` ENABLE KEYS */;
UNLOCK TABLES;

--
-- Table structure for table `nectarcrm_quotes`
--

DROP TABLE IF EXISTS `nectarcrm_quotes`;
/*!40101 SET @saved_cs_client     = @@character_set_client */;
/*!40101 SET character_set_client = utf8 */;
CREATE TABLE `nectarcrm_quotes` (
  `quoteid` int(19) NOT NULL DEFAULT '0',
  `subject` varchar(100) DEFAULT NULL,
  `potentialid` int(19) DEFAULT NULL,
  `quotestage` varchar(200) DEFAULT NULL,
  `validtill` date DEFAULT NULL,
  `contactid` int(19) DEFAULT NULL,
  `quote_no` varchar(100) DEFAULT NULL,
  `subtotal` decimal(25,8) DEFAULT NULL,
  `carrier` varchar(200) DEFAULT NULL,
  `shipping` varchar(100) DEFAULT NULL,
  `inventorymanager` int(19) DEFAULT NULL,
  `type` varchar(100) DEFAULT NULL,
  `adjustment` decimal(25,8) DEFAULT NULL,
  `total` decimal(25,8) DEFAULT NULL,
  `taxtype` varchar(25) DEFAULT NULL,
  `discount_percent` decimal(25,3) DEFAULT NULL,
  `discount_amount` decimal(25,8) DEFAULT NULL,
  `s_h_amount` decimal(25,8) DEFAULT NULL,
  `accountid` int(19) DEFAULT NULL,
  `terms_conditions` text,
  `currency_id` int(19) NOT NULL DEFAULT '1',
  `conversion_rate` decimal(10,3) NOT NULL DEFAULT '1.000',
  `compound_taxes_info` text,
  `pre_tax_total` decimal(25,8) DEFAULT NULL,
  `s_h_percent` int(11) DEFAULT NULL,
  `tags` varchar(1) DEFAULT NULL,
  `region_id` int(19) DEFAULT NULL,
  PRIMARY KEY (`quoteid`),
  KEY `quote_quotestage_idx` (`quotestage`),
  KEY `quotes_potentialid_idx` (`potentialid`),
  KEY `quotes_contactid_idx` (`contactid`),
  CONSTRAINT `fk_3_nectarcrm_quotes` FOREIGN KEY (`potentialid`) REFERENCES `nectarcrm_potential` (`potentialid`) ON DELETE CASCADE,
  CONSTRAINT `fk_crmid_nectarcrm_quotes` FOREIGN KEY (`quoteid`) REFERENCES `nectarcrm_crmentity` (`crmid`) ON DELETE CASCADE
) ENGINE=InnoDB DEFAULT CHARSET=utf8;
/*!40101 SET character_set_client = @saved_cs_client */;

--
-- Dumping data for table `nectarcrm_quotes`
--

LOCK TABLES `nectarcrm_quotes` WRITE;
/*!40000 ALTER TABLE `nectarcrm_quotes` DISABLE KEYS */;
INSERT INTO `nectarcrm_quotes` VALUES (74,'Hrms',NULL,'Delivered','2019-11-30',72,'QUO1',9090.00000000,'FedEx','SP Infocity',1,NULL,0.00000000,12138.30000000,'group',NULL,NULL,90.00000000,73,'- Unless otherwise agreed in writing by the supplier all invoices are payable within thirty (30) days of the date of invoice, in the currency of the invoice, drawn on a bank based in India or by such other method as is agreed in advance by the Supplier.\n\n - All prices are not inclusive of VAT which shall be payable in addition by the Customer at the applicable rate.',1,1.000,'{\"4\":[\"2\"]}',9180.00000000,90,'',0),(76,'Hrms',NULL,'Delivered','2019-11-30',72,'QUO2',9090.00000000,'FedEx','SP Infocity',1,NULL,0.00000000,12138.30000000,'group',NULL,NULL,90.00000000,73,'- Unless otherwise agreed in writing by the supplier all invoices are payable within thirty (30) days of the date of invoice, in the currency of the invoice, drawn on a bank based in India or by such other method as is agreed in advance by the Supplier.\n\n - All prices are not inclusive of VAT which shall be payable in addition by the Customer at the applicable rate.',1,1.000,'{\"4\":[\"2\"]}',9180.00000000,90,'',0),(91,'Hrms',64,'Created','2019-11-30',85,'QUO3',20000.00000000,'UPS','Dubai',1,NULL,0.00000000,26594.05000000,'group',NULL,NULL,90.00000000,73,'- Unless otherwise agreed in writing by the supplier all invoices are payable within thirty (30) days of the date of invoice, in the currency of the invoice, drawn on a bank based in India or by such other method as is agreed in advance by the Supplier.\n\n - All prices are not inclusive of VAT which shall be payable in addition by the Customer at the applicable rate.',1,1.000,'{\"4\":[\"2\"]}',20090.00000000,90,'',0),(101,'Hrms',64,'Delivered','2019-11-30',70,'QUO4',20000.00000000,'UPS','Dubai',6,NULL,0.00000000,26594.05000000,'group',NULL,NULL,90.00000000,100,'- Unless otherwise agreed in writing by the supplier all invoices are payable within thirty (30) days of the date of invoice, in the currency of the invoice, drawn on a bank based in India or by such other method as is agreed in advance by the Supplier.\n\n - All prices are not inclusive of VAT which shall be payable in addition by the Customer at the applicable rate.',1,1.000,'{\"4\":[\"2\"]}',20090.00000000,90,'',0),(111,'Hrms',64,'Delivered','2019-11-30',72,'QUO5',200000.00000000,'UPS','Dubai',6,NULL,0.00000000,265094.05000000,'group',NULL,NULL,90.00000000,36,'- Unless otherwise agreed in writing by the supplier all invoices are payable within thirty (30) days of the date of invoice, in the currency of the invoice, drawn on a bank based in India or by such other method as is agreed in advance by the Supplier.\n\n - All prices are not inclusive of VAT which shall be payable in addition by the Customer at the applicable rate.',1,1.000,'{\"4\":[\"2\"]}',200090.00000000,90,'',0);
/*!40000 ALTER TABLE `nectarcrm_quotes` ENABLE KEYS */;
UNLOCK TABLES;

--
-- Table structure for table `nectarcrm_quotesbillads`
--

DROP TABLE IF EXISTS `nectarcrm_quotesbillads`;
/*!40101 SET @saved_cs_client     = @@character_set_client */;
/*!40101 SET character_set_client = utf8 */;
CREATE TABLE `nectarcrm_quotesbillads` (
  `quotebilladdressid` int(19) NOT NULL DEFAULT '0',
  `bill_city` varchar(30) DEFAULT NULL,
  `bill_code` varchar(30) DEFAULT NULL,
  `bill_country` varchar(30) DEFAULT NULL,
  `bill_state` varchar(30) DEFAULT NULL,
  `bill_street` varchar(250) DEFAULT NULL,
  `bill_pobox` varchar(30) DEFAULT NULL,
  PRIMARY KEY (`quotebilladdressid`),
  CONSTRAINT `fk_1_nectarcrm_quotesbillads` FOREIGN KEY (`quotebilladdressid`) REFERENCES `nectarcrm_quotes` (`quoteid`) ON DELETE CASCADE
) ENGINE=InnoDB DEFAULT CHARSET=utf8;
/*!40101 SET character_set_client = @saved_cs_client */;

--
-- Dumping data for table `nectarcrm_quotesbillads`
--

LOCK TABLES `nectarcrm_quotesbillads` WRITE;
/*!40000 ALTER TABLE `nectarcrm_quotesbillads` DISABLE KEYS */;
INSERT INTO `nectarcrm_quotesbillads` VALUES (74,'Pune','','','India  Maharashtra','SP Infocity',''),(76,'Pune','','','India  Maharashtra','SP Infocity',''),(91,'Pune','','','India  Maharashtra','SP Infocity',''),(101,'Pune','','','India  Maharashtra','SP Infocity',''),(111,'Pune','','','India  Maharashtra','SP Infocity','');
/*!40000 ALTER TABLE `nectarcrm_quotesbillads` ENABLE KEYS */;
UNLOCK TABLES;

--
-- Table structure for table `nectarcrm_quotescf`
--

DROP TABLE IF EXISTS `nectarcrm_quotescf`;
/*!40101 SET @saved_cs_client     = @@character_set_client */;
/*!40101 SET character_set_client = utf8 */;
CREATE TABLE `nectarcrm_quotescf` (
  `quoteid` int(19) NOT NULL DEFAULT '0',
  PRIMARY KEY (`quoteid`),
  CONSTRAINT `fk_1_nectarcrm_quotescf` FOREIGN KEY (`quoteid`) REFERENCES `nectarcrm_quotes` (`quoteid`) ON DELETE CASCADE
) ENGINE=InnoDB DEFAULT CHARSET=utf8;
/*!40101 SET character_set_client = @saved_cs_client */;

--
-- Dumping data for table `nectarcrm_quotescf`
--

LOCK TABLES `nectarcrm_quotescf` WRITE;
/*!40000 ALTER TABLE `nectarcrm_quotescf` DISABLE KEYS */;
INSERT INTO `nectarcrm_quotescf` VALUES (74),(76),(91),(101),(111);
/*!40000 ALTER TABLE `nectarcrm_quotescf` ENABLE KEYS */;
UNLOCK TABLES;

--
-- Table structure for table `nectarcrm_quotesshipads`
--

DROP TABLE IF EXISTS `nectarcrm_quotesshipads`;
/*!40101 SET @saved_cs_client     = @@character_set_client */;
/*!40101 SET character_set_client = utf8 */;
CREATE TABLE `nectarcrm_quotesshipads` (
  `quoteshipaddressid` int(19) NOT NULL DEFAULT '0',
  `ship_city` varchar(30) DEFAULT NULL,
  `ship_code` varchar(30) DEFAULT NULL,
  `ship_country` varchar(30) DEFAULT NULL,
  `ship_state` varchar(30) DEFAULT NULL,
  `ship_street` varchar(250) DEFAULT NULL,
  `ship_pobox` varchar(30) DEFAULT NULL,
  PRIMARY KEY (`quoteshipaddressid`),
  CONSTRAINT `fk_1_nectarcrm_quotesshipads` FOREIGN KEY (`quoteshipaddressid`) REFERENCES `nectarcrm_quotes` (`quoteid`) ON DELETE CASCADE
) ENGINE=InnoDB DEFAULT CHARSET=utf8;
/*!40101 SET character_set_client = @saved_cs_client */;

--
-- Dumping data for table `nectarcrm_quotesshipads`
--

LOCK TABLES `nectarcrm_quotesshipads` WRITE;
/*!40000 ALTER TABLE `nectarcrm_quotesshipads` DISABLE KEYS */;
INSERT INTO `nectarcrm_quotesshipads` VALUES (74,'Pune','','','India  Maharashtra','SP Infocity','412308'),(76,'Pune','','','India  Maharashtra','SP Infocity','412308'),(91,'Pune','','','India  Maharashtra','SP Infocity','412308'),(101,'Pune','','','India  Maharashtra','SP Infocity','412308'),(111,'Pune','','','India  Maharashtra','SP Infocity','412308');
/*!40000 ALTER TABLE `nectarcrm_quotesshipads` ENABLE KEYS */;
UNLOCK TABLES;

--
-- Table structure for table `nectarcrm_quotestage`
--

DROP TABLE IF EXISTS `nectarcrm_quotestage`;
/*!40101 SET @saved_cs_client     = @@character_set_client */;
/*!40101 SET character_set_client = utf8 */;
CREATE TABLE `nectarcrm_quotestage` (
  `quotestageid` int(19) NOT NULL AUTO_INCREMENT,
  `quotestage` varchar(200) NOT NULL,
  `presence` int(1) NOT NULL DEFAULT '1',
  `picklist_valueid` int(19) NOT NULL DEFAULT '0',
  `sortorderid` int(11) DEFAULT NULL,
  `color` varchar(10) DEFAULT NULL,
  PRIMARY KEY (`quotestageid`),
  UNIQUE KEY `quotestage_quotestage_idx` (`quotestage`)
) ENGINE=InnoDB AUTO_INCREMENT=6 DEFAULT CHARSET=utf8;
/*!40101 SET character_set_client = @saved_cs_client */;

--
-- Dumping data for table `nectarcrm_quotestage`
--

LOCK TABLES `nectarcrm_quotestage` WRITE;
/*!40000 ALTER TABLE `nectarcrm_quotestage` DISABLE KEYS */;
INSERT INTO `nectarcrm_quotestage` VALUES (1,'Created',0,139,0,NULL),(2,'Delivered',0,140,1,NULL),(3,'Reviewed',0,141,2,NULL),(4,'Accepted',0,142,3,NULL),(5,'Rejected',0,143,4,NULL);
/*!40000 ALTER TABLE `nectarcrm_quotestage` ENABLE KEYS */;
UNLOCK TABLES;

--
-- Table structure for table `nectarcrm_quotestage_seq`
--

DROP TABLE IF EXISTS `nectarcrm_quotestage_seq`;
/*!40101 SET @saved_cs_client     = @@character_set_client */;
/*!40101 SET character_set_client = utf8 */;
CREATE TABLE `nectarcrm_quotestage_seq` (
  `id` int(11) NOT NULL
) ENGINE=InnoDB DEFAULT CHARSET=utf8;
/*!40101 SET character_set_client = @saved_cs_client */;

--
-- Dumping data for table `nectarcrm_quotestage_seq`
--

LOCK TABLES `nectarcrm_quotestage_seq` WRITE;
/*!40000 ALTER TABLE `nectarcrm_quotestage_seq` DISABLE KEYS */;
INSERT INTO `nectarcrm_quotestage_seq` VALUES (5);
/*!40000 ALTER TABLE `nectarcrm_quotestage_seq` ENABLE KEYS */;
UNLOCK TABLES;

--
-- Table structure for table `nectarcrm_quotestagehistory`
--

DROP TABLE IF EXISTS `nectarcrm_quotestagehistory`;
/*!40101 SET @saved_cs_client     = @@character_set_client */;
/*!40101 SET character_set_client = utf8 */;
CREATE TABLE `nectarcrm_quotestagehistory` (
  `historyid` int(19) NOT NULL AUTO_INCREMENT,
  `quoteid` int(19) NOT NULL,
  `accountname` varchar(100) DEFAULT NULL,
  `total` decimal(10,0) DEFAULT NULL,
  `quotestage` varchar(200) DEFAULT NULL,
  `lastmodified` datetime DEFAULT NULL,
  PRIMARY KEY (`historyid`),
  KEY `quotestagehistory_quoteid_idx` (`quoteid`),
  CONSTRAINT `fk_1_nectarcrm_quotestagehistory` FOREIGN KEY (`quoteid`) REFERENCES `nectarcrm_quotes` (`quoteid`) ON DELETE CASCADE
) ENGINE=InnoDB DEFAULT CHARSET=utf8;
/*!40101 SET character_set_client = @saved_cs_client */;

--
-- Dumping data for table `nectarcrm_quotestagehistory`
--

LOCK TABLES `nectarcrm_quotestagehistory` WRITE;
/*!40000 ALTER TABLE `nectarcrm_quotestagehistory` DISABLE KEYS */;
/*!40000 ALTER TABLE `nectarcrm_quotestagehistory` ENABLE KEYS */;
UNLOCK TABLES;

--
-- Table structure for table `nectarcrm_rating`
--

DROP TABLE IF EXISTS `nectarcrm_rating`;
/*!40101 SET @saved_cs_client     = @@character_set_client */;
/*!40101 SET character_set_client = utf8 */;
CREATE TABLE `nectarcrm_rating` (
  `rating_id` int(19) NOT NULL AUTO_INCREMENT,
  `rating` varchar(200) DEFAULT NULL,
  `presence` int(1) NOT NULL DEFAULT '1',
  `picklist_valueid` int(19) NOT NULL DEFAULT '0',
  `sortorderid` int(11) DEFAULT NULL,
  `color` varchar(10) DEFAULT NULL,
  PRIMARY KEY (`rating_id`)
) ENGINE=InnoDB AUTO_INCREMENT=8 DEFAULT CHARSET=utf8;
/*!40101 SET character_set_client = @saved_cs_client */;

--
-- Dumping data for table `nectarcrm_rating`
--

LOCK TABLES `nectarcrm_rating` WRITE;
/*!40000 ALTER TABLE `nectarcrm_rating` DISABLE KEYS */;
INSERT INTO `nectarcrm_rating` VALUES (2,'Acquired',1,145,1,NULL),(3,'Active',1,146,2,NULL),(4,'Market Failed',1,147,3,NULL),(5,'Project Cancelled',1,148,4,NULL),(6,'Shutdown',1,149,5,NULL),(7,'1',1,313,1,NULL);
/*!40000 ALTER TABLE `nectarcrm_rating` ENABLE KEYS */;
UNLOCK TABLES;

--
-- Table structure for table `nectarcrm_rating_seq`
--

DROP TABLE IF EXISTS `nectarcrm_rating_seq`;
/*!40101 SET @saved_cs_client     = @@character_set_client */;
/*!40101 SET character_set_client = utf8 */;
CREATE TABLE `nectarcrm_rating_seq` (
  `id` int(11) NOT NULL
) ENGINE=InnoDB DEFAULT CHARSET=utf8;
/*!40101 SET character_set_client = @saved_cs_client */;

--
-- Dumping data for table `nectarcrm_rating_seq`
--

LOCK TABLES `nectarcrm_rating_seq` WRITE;
/*!40000 ALTER TABLE `nectarcrm_rating_seq` DISABLE KEYS */;
INSERT INTO `nectarcrm_rating_seq` VALUES (7);
/*!40000 ALTER TABLE `nectarcrm_rating_seq` ENABLE KEYS */;
UNLOCK TABLES;

--
-- Table structure for table `nectarcrm_recurring_frequency`
--

DROP TABLE IF EXISTS `nectarcrm_recurring_frequency`;
/*!40101 SET @saved_cs_client     = @@character_set_client */;
/*!40101 SET character_set_client = utf8 */;
CREATE TABLE `nectarcrm_recurring_frequency` (
  `recurring_frequency_id` int(11) DEFAULT NULL,
  `recurring_frequency` varchar(200) DEFAULT NULL,
  `sortorderid` int(11) DEFAULT NULL,
  `presence` int(11) DEFAULT NULL,
  `color` varchar(10) DEFAULT NULL
) ENGINE=InnoDB DEFAULT CHARSET=utf8;
/*!40101 SET character_set_client = @saved_cs_client */;

--
-- Dumping data for table `nectarcrm_recurring_frequency`
--

LOCK TABLES `nectarcrm_recurring_frequency` WRITE;
/*!40000 ALTER TABLE `nectarcrm_recurring_frequency` DISABLE KEYS */;
INSERT INTO `nectarcrm_recurring_frequency` VALUES (2,'Daily',1,1,NULL),(3,'Weekly',2,1,NULL),(4,'Monthly',3,1,NULL),(5,'Quarterly',4,1,NULL),(6,'Yearly',5,1,NULL);
/*!40000 ALTER TABLE `nectarcrm_recurring_frequency` ENABLE KEYS */;
UNLOCK TABLES;

--
-- Table structure for table `nectarcrm_recurring_frequency_seq`
--

DROP TABLE IF EXISTS `nectarcrm_recurring_frequency_seq`;
/*!40101 SET @saved_cs_client     = @@character_set_client */;
/*!40101 SET character_set_client = utf8 */;
CREATE TABLE `nectarcrm_recurring_frequency_seq` (
  `id` int(11) NOT NULL
) ENGINE=InnoDB DEFAULT CHARSET=utf8;
/*!40101 SET character_set_client = @saved_cs_client */;

--
-- Dumping data for table `nectarcrm_recurring_frequency_seq`
--

LOCK TABLES `nectarcrm_recurring_frequency_seq` WRITE;
/*!40000 ALTER TABLE `nectarcrm_recurring_frequency_seq` DISABLE KEYS */;
INSERT INTO `nectarcrm_recurring_frequency_seq` VALUES (6);
/*!40000 ALTER TABLE `nectarcrm_recurring_frequency_seq` ENABLE KEYS */;
UNLOCK TABLES;

--
-- Table structure for table `nectarcrm_recurringevents`
--

DROP TABLE IF EXISTS `nectarcrm_recurringevents`;
/*!40101 SET @saved_cs_client     = @@character_set_client */;
/*!40101 SET character_set_client = utf8 */;
CREATE TABLE `nectarcrm_recurringevents` (
  `recurringid` int(19) NOT NULL AUTO_INCREMENT,
  `activityid` int(19) NOT NULL,
  `recurringdate` date DEFAULT NULL,
  `recurringtype` varchar(30) DEFAULT NULL,
  `recurringfreq` int(19) DEFAULT NULL,
  `recurringinfo` varchar(50) DEFAULT NULL,
  `recurringenddate` date DEFAULT NULL,
  PRIMARY KEY (`recurringid`),
  KEY `fk_1_nectarcrm_recurringevents` (`activityid`),
  CONSTRAINT `fk_1_nectarcrm_recurringevents` FOREIGN KEY (`activityid`) REFERENCES `nectarcrm_activity` (`activityid`) ON DELETE CASCADE
) ENGINE=InnoDB DEFAULT CHARSET=utf8;
/*!40101 SET character_set_client = @saved_cs_client */;

--
-- Dumping data for table `nectarcrm_recurringevents`
--

LOCK TABLES `nectarcrm_recurringevents` WRITE;
/*!40000 ALTER TABLE `nectarcrm_recurringevents` DISABLE KEYS */;
/*!40000 ALTER TABLE `nectarcrm_recurringevents` ENABLE KEYS */;
UNLOCK TABLES;

--
-- Table structure for table `nectarcrm_recurringtype`
--

DROP TABLE IF EXISTS `nectarcrm_recurringtype`;
/*!40101 SET @saved_cs_client     = @@character_set_client */;
/*!40101 SET character_set_client = utf8 */;
CREATE TABLE `nectarcrm_recurringtype` (
  `recurringeventid` int(19) NOT NULL AUTO_INCREMENT,
  `recurringtype` varchar(200) NOT NULL,
  `sortorderid` int(19) NOT NULL DEFAULT '0',
  `presence` int(1) NOT NULL DEFAULT '1',
  `color` varchar(10) DEFAULT NULL,
  PRIMARY KEY (`recurringeventid`),
  UNIQUE KEY `recurringtype_status_idx` (`recurringtype`)
) ENGINE=InnoDB AUTO_INCREMENT=6 DEFAULT CHARSET=utf8;
/*!40101 SET character_set_client = @saved_cs_client */;

--
-- Dumping data for table `nectarcrm_recurringtype`
--

LOCK TABLES `nectarcrm_recurringtype` WRITE;
/*!40000 ALTER TABLE `nectarcrm_recurringtype` DISABLE KEYS */;
INSERT INTO `nectarcrm_recurringtype` VALUES (2,'Daily',1,1,NULL),(3,'Weekly',2,1,NULL),(4,'Monthly',3,1,NULL),(5,'Yearly',4,1,NULL);
/*!40000 ALTER TABLE `nectarcrm_recurringtype` ENABLE KEYS */;
UNLOCK TABLES;

--
-- Table structure for table `nectarcrm_recurringtype_seq`
--

DROP TABLE IF EXISTS `nectarcrm_recurringtype_seq`;
/*!40101 SET @saved_cs_client     = @@character_set_client */;
/*!40101 SET character_set_client = utf8 */;
CREATE TABLE `nectarcrm_recurringtype_seq` (
  `id` int(11) NOT NULL
) ENGINE=InnoDB DEFAULT CHARSET=utf8;
/*!40101 SET character_set_client = @saved_cs_client */;

--
-- Dumping data for table `nectarcrm_recurringtype_seq`
--

LOCK TABLES `nectarcrm_recurringtype_seq` WRITE;
/*!40000 ALTER TABLE `nectarcrm_recurringtype_seq` DISABLE KEYS */;
INSERT INTO `nectarcrm_recurringtype_seq` VALUES (5);
/*!40000 ALTER TABLE `nectarcrm_recurringtype_seq` ENABLE KEYS */;
UNLOCK TABLES;

--
-- Table structure for table `nectarcrm_relatedlists`
--

DROP TABLE IF EXISTS `nectarcrm_relatedlists`;
/*!40101 SET @saved_cs_client     = @@character_set_client */;
/*!40101 SET character_set_client = utf8 */;
CREATE TABLE `nectarcrm_relatedlists` (
  `relation_id` int(19) NOT NULL,
  `tabid` int(10) DEFAULT NULL,
  `related_tabid` int(10) DEFAULT NULL,
  `name` varchar(100) DEFAULT NULL,
  `sequence` int(10) DEFAULT NULL,
  `label` varchar(100) DEFAULT NULL,
  `presence` int(10) NOT NULL DEFAULT '0',
  `actions` varchar(50) NOT NULL DEFAULT '',
  `relationfieldid` int(19) DEFAULT NULL,
  `source` varchar(25) DEFAULT NULL,
  `relationtype` varchar(10) DEFAULT NULL,
  PRIMARY KEY (`relation_id`),
  KEY `relatedlists_relation_id_idx` (`relation_id`)
) ENGINE=InnoDB DEFAULT CHARSET=utf8;
/*!40101 SET character_set_client = @saved_cs_client */;

--
-- Dumping data for table `nectarcrm_relatedlists`
--

LOCK TABLES `nectarcrm_relatedlists` WRITE;
/*!40000 ALTER TABLE `nectarcrm_relatedlists` DISABLE KEYS */;
INSERT INTO `nectarcrm_relatedlists` VALUES (1,6,4,'get_contacts',2,'Contacts',0,'add',72,'','1:N'),(2,6,2,'get_opportunities',3,'Potentials',0,'add',113,'','1:N'),(3,6,20,'get_quotes',4,'Quotes',0,'add',330,'','1:N'),(4,6,22,'get_salesorder',5,'Sales Order',0,'add',409,'','1:N'),(5,6,23,'get_invoices',6,'Invoice',0,'add',452,'','1:N'),(6,6,9,'get_activities',7,'Activities',0,'add',238,'','1:N'),(7,6,10,'get_emails',8,'Emails',0,'add',0,'','1:N'),(8,6,9,'get_history',9,'Activity History',0,'add',238,'','1:N'),(9,6,8,'get_attachments',10,'Documents',0,'add,select',0,'','1:N'),(10,6,13,'get_tickets',11,'HelpDesk',0,'add',157,'','1:N'),(11,6,14,'get_products',12,'Products',0,'select',0,'','1:N'),(12,7,9,'get_activities',2,'Activities',0,'add',238,'','1:N'),(13,7,10,'get_emails',3,'Emails',0,'add',0,'','1:N'),(14,7,9,'get_history',4,'Activity History',0,'add',238,'','1:N'),(15,7,8,'get_attachments',5,'Documents',0,'add,select',0,'','1:N'),(16,7,14,'get_products',6,'Products',0,'select',0,'','1:N'),(17,7,26,'get_campaigns',7,'Campaigns',0,'select',0,'','1:N'),(18,4,2,'get_opportunities',2,'Potentials',0,'add',740,'','1:N'),(19,4,9,'get_activities',3,'Activities',0,'add',239,'','1:N'),(20,4,10,'get_emails',4,'Emails',0,'add',0,'','1:N'),(21,4,13,'get_tickets',5,'HelpDesk',0,'add',741,'','1:N'),(22,4,20,'get_quotes',6,'Quotes',0,'add',319,'','1:N'),(23,4,21,'get_purchase_orders',7,'Purchase Order',0,'add',356,'','1:N'),(24,4,22,'get_salesorder',8,'Sales Order',0,'add',395,'','1:N'),(25,4,14,'get_products',9,'Products',0,'select',0,'','1:N'),(26,4,9,'get_history',10,'Activity History',0,'add',239,'','1:N'),(27,4,8,'get_attachments',11,'Documents',0,'add,select',0,'','1:N'),(28,4,26,'get_campaigns',12,'Campaigns',0,'select',0,'','1:N'),(29,4,23,'get_invoices',13,'Invoice',0,'add',439,'','1:N'),(30,2,9,'get_activities',2,'Activities',0,'add',238,'','1:N'),(31,2,4,'get_contacts',3,'Contacts',0,'select',0,'','1:N'),(32,2,14,'get_products',4,'Products',0,'select',0,'','1:N'),(33,2,0,'get_stage_history',5,'Sales Stage History',0,'',0,'','1:N'),(34,2,8,'get_attachments',6,'Documents',0,'add,select',0,'','1:N'),(35,2,20,'get_Quotes',7,'Quotes',0,'add',316,'','1:N'),(36,2,22,'get_salesorder',8,'Sales Order',0,'add',391,'','1:N'),(37,2,9,'get_history',9,'Activity History',0,'',238,'','1:N'),(38,14,13,'get_tickets',1,'HelpDesk',0,'add',159,'','1:N'),(39,14,8,'get_attachments',3,'Documents',0,'add,select',0,'','1:N'),(40,14,20,'get_quotes',4,'Quotes',0,'add',703,'','1:N'),(41,14,21,'get_purchase_orders',5,'Purchase Order',0,'add',694,'','1:N'),(42,14,22,'get_salesorder',6,'Sales Order',0,'add',685,'','1:N'),(43,14,23,'get_invoices',7,'Invoice',0,'add',676,'','1:N'),(44,14,19,'get_product_pricebooks',8,'PriceBooks',0,'ADD,SELECT',0,'','1:N'),(45,14,7,'get_leads',9,'Leads',0,'select',0,'','1:N'),(46,14,6,'get_accounts',10,'Accounts',0,'select',0,'','1:N'),(47,14,4,'get_contacts',11,'Contacts',0,'select',0,'','1:N'),(48,14,2,'get_opportunities',12,'Potentials',0,'select',0,'','1:N'),(49,14,14,'get_products',13,'Product Bundles',0,'add,select',0,'','1:N'),(50,14,14,'get_parent_products',14,'Parent Product',0,'',0,'','1:N'),(51,10,4,'get_contacts',1,'Contacts',0,'select,bulkmail',0,'','1:N'),(52,10,0,'get_users',2,'Users',0,'',0,'','1:N'),(53,10,8,'get_attachments',3,'Documents',0,'add,select',0,'','1:N'),(54,13,9,'get_activities',2,'Activities',0,'add',238,'','1:N'),(55,13,8,'get_attachments',3,'Documents',0,'add,select',0,'','1:N'),(56,13,0,'get_ticket_history',4,'Ticket History',0,'',0,'','1:N'),(57,13,9,'get_history',5,'Activity History',0,'add',238,'','1:N'),(58,19,14,'get_pricebook_products',2,'Products',0,'select',0,'','1:N'),(59,18,14,'get_products',1,'Products',0,'add,select',185,'','1:N'),(60,18,21,'get_purchase_orders',2,'Purchase Order',0,'add',353,'','1:N'),(61,18,4,'get_contacts',3,'Contacts',0,'select',0,'','1:N'),(62,18,10,'get_emails',4,'Emails',0,'add',0,'','1:N'),(63,20,22,'get_salesorder',1,'Sales Order',0,'',393,'','1:N'),(64,20,9,'get_activities',2,'Activities',0,'add',0,'','1:N'),(65,20,8,'get_attachments',3,'Documents',0,'add,select',0,'','1:N'),(66,20,9,'get_history',4,'Activity History',0,'',0,'','1:N'),(67,20,0,'get_quotestagehistory',5,'Quote Stage History',0,'',0,'','1:N'),(68,21,9,'get_activities',1,'Activities',0,'add',0,'','1:N'),(69,21,8,'get_attachments',2,'Documents',0,'add,select',0,'','1:N'),(70,21,9,'get_history',3,'Activity History',0,'',0,'','1:N'),(71,21,0,'get_postatushistory',4,'PurchaseOrder Status History',0,'',0,'','1:N'),(72,22,9,'get_activities',1,'Activities',0,'add',0,'','1:N'),(73,22,8,'get_attachments',2,'Documents',0,'add,select',0,'','1:N'),(74,22,23,'get_invoices',3,'Invoice',0,'',437,'','1:N'),(75,22,9,'get_history',4,'Activity History',0,'',0,'','1:N'),(76,22,0,'get_sostatushistory',5,'SalesOrder Status History',0,'',0,'','1:N'),(77,23,9,'get_activities',1,'Activities',0,'add',0,'','1:N'),(78,23,8,'get_attachments',2,'Documents',0,'add,select',0,'','1:N'),(79,23,9,'get_history',3,'Activity History',0,'',0,'','1:N'),(80,23,0,'get_invoicestatushistory',4,'Invoice Status History',0,'',0,'','1:N'),(81,9,0,'get_users',1,'Users',0,'',0,'','1:N'),(82,9,4,'get_contacts',2,'Contacts',0,'',0,'','1:N'),(83,26,4,'get_contacts',1,'Contacts',0,'add,select',0,'','1:N'),(84,26,7,'get_leads',2,'Leads',0,'add,select',0,'','1:N'),(85,26,2,'get_opportunities',3,'Potentials',0,'add',121,'','1:N'),(86,26,9,'get_activities',4,'Activities',0,'add',238,'','1:N'),(87,6,26,'get_campaigns',14,'Campaigns',0,'select',0,'','1:N'),(88,26,6,'get_accounts',5,'Accounts',0,'add,select',0,'','1:N'),(89,15,8,'get_attachments',2,'Documents',0,'add,select',0,'','1:N'),(90,4,30,'get_dependents_list',14,'PBXManager',0,'',535,NULL,'1:N'),(91,7,30,'get_dependents_list',8,'PBXManager',0,'',535,NULL,'1:N'),(92,6,30,'get_merged_list',15,'PBXManager',0,'',535,NULL,'1:N'),(93,32,13,'get_related_list',1,'HelpDesk',0,'ADD,SELECT',NULL,NULL,'N:N'),(94,32,20,'get_quotes',2,'Quotes',0,'ADD',703,NULL,'1:N'),(95,32,21,'get_purchase_orders',3,'Purchase Order',0,'ADD',694,NULL,'1:N'),(96,32,22,'get_salesorder',4,'Sales Order',0,'ADD',685,NULL,'1:N'),(97,32,23,'get_invoices',5,'Invoice',0,'ADD',676,NULL,'1:N'),(98,32,19,'get_service_pricebooks',6,'PriceBooks',0,'ADD',NULL,NULL,'N:N'),(99,32,7,'get_related_list',7,'Leads',0,'SELECT',NULL,NULL,'N:N'),(100,32,6,'get_related_list',8,'Accounts',0,'SELECT',NULL,NULL,'N:N'),(101,32,4,'get_related_list',9,'Contacts',0,'SELECT',NULL,NULL,'N:N'),(102,32,2,'get_related_list',10,'Potentials',0,'SELECT',NULL,NULL,'N:N'),(103,32,8,'get_attachments',11,'Documents',0,'ADD,SELECT',NULL,NULL,'N:N'),(104,13,32,'get_related_list',6,'Services',0,'SELECT',NULL,NULL,'N:N'),(105,7,32,'get_related_list',9,'Services',0,'SELECT',NULL,NULL,'N:N'),(106,6,32,'get_related_list',16,'Services',0,'SELECT',NULL,NULL,'N:N'),(107,4,32,'get_related_list',15,'Services',0,'SELECT',NULL,NULL,'N:N'),(108,2,32,'get_related_list',10,'Services',0,'SELECT',NULL,NULL,'N:N'),(109,19,32,'get_pricebook_services',3,'Services',0,'SELECT',NULL,NULL,'N:N'),(110,34,13,'get_related_list',1,'Service Requests',0,'ADD,SELECT',NULL,NULL,'N:N'),(111,34,8,'get_attachments',2,'Documents',0,'ADD,SELECT',NULL,NULL,'N:N'),(112,6,34,'get_merged_list',17,'Service Contracts',0,'ADD',571,NULL,'1:N'),(113,4,34,'get_dependents_list',16,'Service Contracts',0,'ADD',571,NULL,'1:N'),(114,13,34,'get_related_list',7,'Service Contracts',0,'ADD,SELECT',NULL,NULL,'N:N'),(115,40,13,'get_related_list',1,'HelpDesk',0,'ADD,SELECT',NULL,NULL,'N:N'),(116,40,8,'get_attachments',2,'Documents',0,'ADD,SELECT',NULL,NULL,'N:N'),(117,6,40,'get_merged_list',18,'Assets',0,'ADD',600,NULL,'1:N'),(118,14,40,'get_dependents_list',15,'Assets',0,'ADD',589,NULL,'1:N'),(119,23,40,'get_dependents_list',5,'Assets',0,'ADD',595,NULL,'1:N'),(120,7,41,'get_comments',10,'ModComments',0,'',613,NULL,'1:N'),(121,4,41,'get_comments',17,'ModComments',0,'',613,NULL,'1:N'),(122,6,41,'get_comments',19,'ModComments',0,'',613,NULL,'1:N'),(123,2,41,'get_comments',11,'ModComments',0,'',613,NULL,'1:N'),(131,6,46,'get_merged_list',20,'Projects',0,'add',654,NULL,'1:N'),(132,4,46,'get_dependents_list',18,'Projects',0,'add',654,NULL,'1:N'),(133,13,46,'get_related_list',8,'Projects',0,'SELECT',NULL,NULL,'N:N'),(135,47,6,'get_related_list',1,'Accounts',0,' ',NULL,NULL,'N:N'),(136,47,4,'get_related_list',2,'Contacts',0,' ',NULL,NULL,'N:N'),(137,47,7,'get_related_list',3,'Leads',0,' ',NULL,NULL,'N:N'),(138,45,8,'get_attachments',2,'Documents',0,'ADD,SELECT',NULL,NULL,'N:N'),(139,45,41,'get_comments',3,'ModComments',0,'',613,NULL,'1:N'),(140,46,45,'get_dependents_list',2,'Project Tasks',0,'ADD',633,NULL,'1:N'),(141,46,44,'get_dependents_list',3,'Project Milestones',0,'ADD',619,NULL,'1:N'),(142,46,8,'get_attachments',4,'Documents',0,'ADD,SELECT',NULL,NULL,'N:N'),(143,46,13,'get_related_list',5,'HelpDesk',0,'ADD,SELECT',NULL,NULL,'N:N'),(144,46,0,'get_gantt_chart',6,'Charts',0,'',NULL,NULL,'N:N'),(145,46,41,'get_comments',7,'ModComments',0,'',613,NULL,'1:N'),(146,13,41,'get_comments',9,'ModComments',0,'',613,NULL,'1:N'),(147,15,41,'get_comments',3,'ModComments',0,'',613,NULL,'1:N'),(148,4,40,'get_dependents_list',19,'Assets',0,'ADD',601,NULL,'1:N'),(149,4,18,'get_vendors',20,'Vendors',0,'SELECT',0,'','1:N'),(150,2,23,'get_dependents_list',12,'Invoice',0,'ADD',774,NULL,'1:N'),(151,8,4,'get_related_list',1,'Contacts',0,'1',NULL,NULL,'N:N'),(152,8,6,'get_related_list',2,'Accounts',0,'1',NULL,NULL,'N:N'),(153,8,2,'get_related_list',3,'Potentials',0,'1',NULL,NULL,'N:N'),(154,8,7,'get_related_list',4,'Leads',0,'1',NULL,NULL,'N:N'),(155,8,14,'get_related_list',5,'Products',0,'1',NULL,NULL,'N:N'),(156,8,32,'get_related_list',6,'Services',0,'1',NULL,NULL,'N:N'),(157,8,46,'get_related_list',7,'Project',0,'1',NULL,NULL,'N:N'),(158,8,40,'get_related_list',8,'Assets',0,'1',NULL,NULL,'N:N'),(159,8,34,'get_related_list',9,'ServiceContracts',0,'1',NULL,NULL,'N:N'),(160,8,20,'get_related_list',10,'Quotes',0,'1',NULL,NULL,'N:N'),(161,8,23,'get_related_list',11,'Invoice',0,'1',NULL,NULL,'N:N'),(162,8,22,'get_related_list',12,'SalesOrder',0,'1',NULL,NULL,'N:N'),(163,8,21,'get_related_list',13,'PurchaseOrder',0,'1',NULL,NULL,'N:N'),(164,8,13,'get_related_list',14,'HelpDesk',0,'1',NULL,NULL,'N:N'),(165,8,15,'get_related_list',15,'Faq',0,'1',NULL,NULL,'N:N'),(166,46,10,'get_emails',8,'Emails',0,'ADD',NULL,NULL,'N:N'),(167,45,10,'get_emails',4,'Emails',0,'ADD',NULL,NULL,'N:N'),(168,46,9,'get_related_list',9,'Activities',0,'ADD',NULL,NULL,NULL),(169,46,20,'get_related_list',10,'Quotes',0,'SELECT',NULL,NULL,NULL),(170,14,21,'get_purchase_orders',16,'PurchaseOrder',0,'ADD',NULL,NULL,NULL);
/*!40000 ALTER TABLE `nectarcrm_relatedlists` ENABLE KEYS */;
UNLOCK TABLES;

--
-- Table structure for table `nectarcrm_relatedlists_rb`
--

DROP TABLE IF EXISTS `nectarcrm_relatedlists_rb`;
/*!40101 SET @saved_cs_client     = @@character_set_client */;
/*!40101 SET character_set_client = utf8 */;
CREATE TABLE `nectarcrm_relatedlists_rb` (
  `entityid` int(19) DEFAULT NULL,
  `action` varchar(50) DEFAULT NULL,
  `rel_table` varchar(200) DEFAULT NULL,
  `rel_column` varchar(200) DEFAULT NULL,
  `ref_column` varchar(200) DEFAULT NULL,
  `related_crm_ids` text
) ENGINE=InnoDB DEFAULT CHARSET=utf8;
/*!40101 SET character_set_client = @saved_cs_client */;

--
-- Dumping data for table `nectarcrm_relatedlists_rb`
--

LOCK TABLES `nectarcrm_relatedlists_rb` WRITE;
/*!40000 ALTER TABLE `nectarcrm_relatedlists_rb` DISABLE KEYS */;
/*!40000 ALTER TABLE `nectarcrm_relatedlists_rb` ENABLE KEYS */;
UNLOCK TABLES;

--
-- Table structure for table `nectarcrm_relatedlists_seq`
--

DROP TABLE IF EXISTS `nectarcrm_relatedlists_seq`;
/*!40101 SET @saved_cs_client     = @@character_set_client */;
/*!40101 SET character_set_client = utf8 */;
CREATE TABLE `nectarcrm_relatedlists_seq` (
  `id` int(11) NOT NULL
) ENGINE=InnoDB DEFAULT CHARSET=utf8;
/*!40101 SET character_set_client = @saved_cs_client */;

--
-- Dumping data for table `nectarcrm_relatedlists_seq`
--

LOCK TABLES `nectarcrm_relatedlists_seq` WRITE;
/*!40000 ALTER TABLE `nectarcrm_relatedlists_seq` DISABLE KEYS */;
INSERT INTO `nectarcrm_relatedlists_seq` VALUES (170);
/*!40000 ALTER TABLE `nectarcrm_relatedlists_seq` ENABLE KEYS */;
UNLOCK TABLES;

--
-- Table structure for table `nectarcrm_relcriteria`
--

DROP TABLE IF EXISTS `nectarcrm_relcriteria`;
/*!40101 SET @saved_cs_client     = @@character_set_client */;
/*!40101 SET character_set_client = utf8 */;
CREATE TABLE `nectarcrm_relcriteria` (
  `queryid` int(19) NOT NULL,
  `columnindex` int(11) NOT NULL,
  `columnname` varchar(250) DEFAULT '',
  `comparator` varchar(20) DEFAULT NULL,
  `value` varchar(512) DEFAULT NULL,
  `groupid` int(11) DEFAULT '1',
  `column_condition` varchar(256) DEFAULT 'and',
  PRIMARY KEY (`queryid`,`columnindex`),
  KEY `relcriteria_queryid_idx` (`queryid`),
  CONSTRAINT `fk_1_nectarcrm_relcriteria` FOREIGN KEY (`queryid`) REFERENCES `nectarcrm_selectquery` (`queryid`) ON DELETE CASCADE
) ENGINE=InnoDB DEFAULT CHARSET=utf8;
/*!40101 SET character_set_client = @saved_cs_client */;

--
-- Dumping data for table `nectarcrm_relcriteria`
--

LOCK TABLES `nectarcrm_relcriteria` WRITE;
/*!40000 ALTER TABLE `nectarcrm_relcriteria` DISABLE KEYS */;
INSERT INTO `nectarcrm_relcriteria` VALUES (1,0,'nectarcrm_contactdetails:accountid:Contacts_Account_Name:account_id:V','n','',1,'and'),(2,0,'nectarcrm_contactdetails:accountid:Contacts_Account_Name:account_id:V','e','',1,'and'),(3,0,'nectarcrm_potential:potentialname:Potentials_Potential_Name:potentialname:V','n','',1,'and'),(7,0,'nectarcrm_potential:sales_stage:Potentials_Sales_Stage:sales_stage:V','e','Closed Won',1,'and'),(12,0,'nectarcrm_troubletickets:status:HelpDesk_Status:ticketstatus:V','n','Closed',1,'and'),(15,0,'nectarcrm_quotes:quotestage:Quotes_Quote_Stage:quotestage:V','n','Accepted',1,'and'),(15,1,'nectarcrm_quotes:quotestage:Quotes_Quote_Stage:quotestage:V','n','Rejected',1,'and'),(22,0,'nectarcrm_email_track:access_count:Emails_Access_Count:access_count:V','n','',1,'and'),(23,0,'nectarcrm_email_track:access_count:Emails_Access_Count:access_count:V','n','',1,'and'),(24,0,'nectarcrm_email_track:access_count:Emails_Access_Count:access_count:V','n','',1,'and'),(25,0,'nectarcrm_email_track:access_count:Emails_Access_Count:access_count:V','n','',1,'and');
/*!40000 ALTER TABLE `nectarcrm_relcriteria` ENABLE KEYS */;
UNLOCK TABLES;

--
-- Table structure for table `nectarcrm_relcriteria_grouping`
--

DROP TABLE IF EXISTS `nectarcrm_relcriteria_grouping`;
/*!40101 SET @saved_cs_client     = @@character_set_client */;
/*!40101 SET character_set_client = utf8 */;
CREATE TABLE `nectarcrm_relcriteria_grouping` (
  `groupid` int(11) NOT NULL,
  `queryid` int(19) NOT NULL,
  `group_condition` varchar(256) DEFAULT NULL,
  `condition_expression` text,
  PRIMARY KEY (`groupid`,`queryid`)
) ENGINE=InnoDB DEFAULT CHARSET=utf8;
/*!40101 SET character_set_client = @saved_cs_client */;

--
-- Dumping data for table `nectarcrm_relcriteria_grouping`
--

LOCK TABLES `nectarcrm_relcriteria_grouping` WRITE;
/*!40000 ALTER TABLE `nectarcrm_relcriteria_grouping` DISABLE KEYS */;
INSERT INTO `nectarcrm_relcriteria_grouping` VALUES (1,1,'','0'),(1,2,'','0'),(1,3,'','0'),(1,7,'','0'),(1,12,'','0'),(1,15,'','0 and 1'),(1,22,'','0'),(1,23,'','0'),(1,24,'','0'),(1,25,'','0');
/*!40000 ALTER TABLE `nectarcrm_relcriteria_grouping` ENABLE KEYS */;
UNLOCK TABLES;

--
-- Table structure for table `nectarcrm_reminder_interval`
--

DROP TABLE IF EXISTS `nectarcrm_reminder_interval`;
/*!40101 SET @saved_cs_client     = @@character_set_client */;
/*!40101 SET character_set_client = utf8 */;
CREATE TABLE `nectarcrm_reminder_interval` (
  `reminder_intervalid` int(19) NOT NULL AUTO_INCREMENT,
  `reminder_interval` varchar(200) NOT NULL,
  `sortorderid` int(19) NOT NULL,
  `presence` int(1) NOT NULL,
  PRIMARY KEY (`reminder_intervalid`)
) ENGINE=InnoDB AUTO_INCREMENT=9 DEFAULT CHARSET=utf8;
/*!40101 SET character_set_client = @saved_cs_client */;

--
-- Dumping data for table `nectarcrm_reminder_interval`
--

LOCK TABLES `nectarcrm_reminder_interval` WRITE;
/*!40000 ALTER TABLE `nectarcrm_reminder_interval` DISABLE KEYS */;
INSERT INTO `nectarcrm_reminder_interval` VALUES (2,'1 Minute',1,1),(3,'5 Minutes',2,1),(4,'15 Minutes',3,1),(5,'30 Minutes',4,1),(6,'45 Minutes',5,1),(7,'1 Hour',6,1),(8,'1 Day',7,1);
/*!40000 ALTER TABLE `nectarcrm_reminder_interval` ENABLE KEYS */;
UNLOCK TABLES;

--
-- Table structure for table `nectarcrm_reminder_interval_seq`
--

DROP TABLE IF EXISTS `nectarcrm_reminder_interval_seq`;
/*!40101 SET @saved_cs_client     = @@character_set_client */;
/*!40101 SET character_set_client = utf8 */;
CREATE TABLE `nectarcrm_reminder_interval_seq` (
  `id` int(11) NOT NULL
) ENGINE=InnoDB DEFAULT CHARSET=utf8;
/*!40101 SET character_set_client = @saved_cs_client */;

--
-- Dumping data for table `nectarcrm_reminder_interval_seq`
--

LOCK TABLES `nectarcrm_reminder_interval_seq` WRITE;
/*!40000 ALTER TABLE `nectarcrm_reminder_interval_seq` DISABLE KEYS */;
INSERT INTO `nectarcrm_reminder_interval_seq` VALUES (8);
/*!40000 ALTER TABLE `nectarcrm_reminder_interval_seq` ENABLE KEYS */;
UNLOCK TABLES;

--
-- Table structure for table `nectarcrm_report`
--

DROP TABLE IF EXISTS `nectarcrm_report`;
/*!40101 SET @saved_cs_client     = @@character_set_client */;
/*!40101 SET character_set_client = utf8 */;
CREATE TABLE `nectarcrm_report` (
  `reportid` int(19) NOT NULL,
  `folderid` int(19) NOT NULL,
  `reportname` varchar(100) DEFAULT '',
  `description` varchar(250) DEFAULT '',
  `reporttype` varchar(50) DEFAULT '',
  `queryid` int(19) NOT NULL DEFAULT '0',
  `state` varchar(50) DEFAULT 'SAVED',
  `customizable` int(1) DEFAULT '1',
  `category` int(11) DEFAULT '1',
  `owner` int(11) DEFAULT '1',
  `sharingtype` varchar(200) DEFAULT 'Private',
  PRIMARY KEY (`reportid`),
  KEY `report_queryid_idx` (`queryid`),
  KEY `report_folderid_idx` (`folderid`),
  CONSTRAINT `fk_2_nectarcrm_report` FOREIGN KEY (`queryid`) REFERENCES `nectarcrm_selectquery` (`queryid`) ON DELETE CASCADE
) ENGINE=InnoDB DEFAULT CHARSET=utf8;
/*!40101 SET character_set_client = @saved_cs_client */;

--
-- Dumping data for table `nectarcrm_report`
--

LOCK TABLES `nectarcrm_report` WRITE;
/*!40000 ALTER TABLE `nectarcrm_report` DISABLE KEYS */;
INSERT INTO `nectarcrm_report` VALUES (1,1,'Contacts by Accounts','Contacts related to Accounts','tabular',1,'CUSTOM',1,1,1,'Public'),(2,1,'Contacts without Accounts','Contacts not related to Accounts','tabular',2,'CUSTOM',1,1,1,'Public'),(3,1,'Contacts by Potentials','Contacts related to Potentials','tabular',3,'CUSTOM',1,1,1,'Public'),(4,2,'Lead by Source','Lead by Source','summary',4,'CUSTOM',1,1,1,'Public'),(5,2,'Lead Status Report','Lead Status Report','summary',5,'CUSTOM',1,1,1,'Public'),(6,3,'Potential Pipeline','Potential Pipeline','summary',6,'CUSTOM',1,1,1,'Public'),(7,3,'Closed Potentials','Potential that have Won','tabular',7,'CUSTOM',1,1,1,'Public'),(8,4,'Last Month Activities','Last Month Activities','tabular',8,'CUSTOM',1,1,1,'Public'),(9,4,'This Month Activities','This Month Activities','tabular',9,'CUSTOM',1,1,1,'Public'),(10,5,'Tickets by Products','Tickets related to Products','tabular',10,'CUSTOM',1,1,1,'Public'),(11,5,'Tickets by Priority','Tickets by Priority','summary',11,'CUSTOM',1,1,1,'Public'),(12,5,'Open Tickets','Tickets that are Open','tabular',12,'CUSTOM',1,1,1,'Public'),(13,6,'Product Details','Product Detailed Report','tabular',13,'CUSTOM',1,1,1,'Public'),(14,6,'Products by Contacts','Products related to Contacts','tabular',14,'CUSTOM',1,1,1,'Public'),(15,7,'Open Quotes','Quotes that are Open','tabular',15,'CUSTOM',1,1,1,'Public'),(16,7,'Quotes Detailed Report','Quotes Detailed Report','tabular',16,'CUSTOM',1,1,1,'Public'),(17,8,'PurchaseOrder by Contacts','PurchaseOrder related to Contacts','tabular',17,'CUSTOM',1,1,1,'Public'),(18,8,'PurchaseOrder Detailed Report','PurchaseOrder Detailed Report','tabular',18,'CUSTOM',1,1,1,'Public'),(19,9,'Invoice Detailed Report','Invoice Detailed Report','tabular',19,'CUSTOM',1,1,1,'Public'),(20,10,'SalesOrder Detailed Report','SalesOrder Detailed Report','tabular',20,'CUSTOM',1,1,1,'Public'),(21,11,'Campaign Expectations and Actuals','Campaign Expectations and Actuals','tabular',21,'CUSTOM',1,1,1,'Public'),(22,12,'Contacts Email Report','Emails sent to Contacts','tabular',22,'CUSTOM',1,1,1,'Public'),(23,12,'Accounts Email Report','Emails sent to Organizations','tabular',23,'CUSTOM',1,1,1,'Public'),(24,12,'Leads Email Report','Emails sent to Leads','tabular',24,'CUSTOM',1,1,1,'Public'),(25,12,'Vendors Email Report','Emails sent to Vendors','tabular',25,'CUSTOM',1,1,1,'Public');
/*!40000 ALTER TABLE `nectarcrm_report` ENABLE KEYS */;
UNLOCK TABLES;

--
-- Table structure for table `nectarcrm_report_sharegroups`
--

DROP TABLE IF EXISTS `nectarcrm_report_sharegroups`;
/*!40101 SET @saved_cs_client     = @@character_set_client */;
/*!40101 SET character_set_client = utf8 */;
CREATE TABLE `nectarcrm_report_sharegroups` (
  `reportid` int(25) NOT NULL,
  `groupid` int(25) NOT NULL,
  KEY `nectarcrm_report_sharegroups_ibfk_1` (`reportid`),
  KEY `nectarcrm_groups_groupid_ibfk_1` (`groupid`),
  CONSTRAINT `nectarcrm_groups_groupid_ibfk_1` FOREIGN KEY (`groupid`) REFERENCES `nectarcrm_groups` (`groupid`) ON DELETE CASCADE,
  CONSTRAINT `nectarcrm_report_reportid_ibfk_2` FOREIGN KEY (`reportid`) REFERENCES `nectarcrm_report` (`reportid`) ON DELETE CASCADE
) ENGINE=InnoDB DEFAULT CHARSET=utf8;
/*!40101 SET character_set_client = @saved_cs_client */;

--
-- Dumping data for table `nectarcrm_report_sharegroups`
--

LOCK TABLES `nectarcrm_report_sharegroups` WRITE;
/*!40000 ALTER TABLE `nectarcrm_report_sharegroups` DISABLE KEYS */;
/*!40000 ALTER TABLE `nectarcrm_report_sharegroups` ENABLE KEYS */;
UNLOCK TABLES;

--
-- Table structure for table `nectarcrm_report_sharerole`
--

DROP TABLE IF EXISTS `nectarcrm_report_sharerole`;
/*!40101 SET @saved_cs_client     = @@character_set_client */;
/*!40101 SET character_set_client = utf8 */;
CREATE TABLE `nectarcrm_report_sharerole` (
  `reportid` int(25) NOT NULL,
  `roleid` varchar(255) NOT NULL,
  KEY `nectarcrm_report_sharerole_ibfk_1` (`reportid`),
  KEY `nectarcrm_role_roleid_ibfk_1` (`roleid`),
  CONSTRAINT `nectarcrm_report_reportid_ibfk_3` FOREIGN KEY (`reportid`) REFERENCES `nectarcrm_report` (`reportid`) ON DELETE CASCADE,
  CONSTRAINT `nectarcrm_role_roleid_ibfk_1` FOREIGN KEY (`roleid`) REFERENCES `nectarcrm_role` (`roleid`) ON DELETE CASCADE
) ENGINE=InnoDB DEFAULT CHARSET=utf8;
/*!40101 SET character_set_client = @saved_cs_client */;

--
-- Dumping data for table `nectarcrm_report_sharerole`
--

LOCK TABLES `nectarcrm_report_sharerole` WRITE;
/*!40000 ALTER TABLE `nectarcrm_report_sharerole` DISABLE KEYS */;
/*!40000 ALTER TABLE `nectarcrm_report_sharerole` ENABLE KEYS */;
UNLOCK TABLES;

--
-- Table structure for table `nectarcrm_report_sharers`
--

DROP TABLE IF EXISTS `nectarcrm_report_sharers`;
/*!40101 SET @saved_cs_client     = @@character_set_client */;
/*!40101 SET character_set_client = utf8 */;
CREATE TABLE `nectarcrm_report_sharers` (
  `reportid` int(25) NOT NULL,
  `rsid` varchar(255) NOT NULL,
  KEY `nectarcrm_report_sharers_ibfk_1` (`reportid`),
  KEY `nectarcrm_rolesd_rsid_ibfk_1` (`rsid`),
  CONSTRAINT `nectarcrm_report_reportid_ibfk_4` FOREIGN KEY (`reportid`) REFERENCES `nectarcrm_report` (`reportid`) ON DELETE CASCADE,
  CONSTRAINT `nectarcrm_rolesd_rsid_ibfk_1` FOREIGN KEY (`rsid`) REFERENCES `nectarcrm_role` (`roleid`) ON DELETE CASCADE
) ENGINE=InnoDB DEFAULT CHARSET=utf8;
/*!40101 SET character_set_client = @saved_cs_client */;

--
-- Dumping data for table `nectarcrm_report_sharers`
--

LOCK TABLES `nectarcrm_report_sharers` WRITE;
/*!40000 ALTER TABLE `nectarcrm_report_sharers` DISABLE KEYS */;
/*!40000 ALTER TABLE `nectarcrm_report_sharers` ENABLE KEYS */;
UNLOCK TABLES;

--
-- Table structure for table `nectarcrm_report_shareusers`
--

DROP TABLE IF EXISTS `nectarcrm_report_shareusers`;
/*!40101 SET @saved_cs_client     = @@character_set_client */;
/*!40101 SET character_set_client = utf8 */;
CREATE TABLE `nectarcrm_report_shareusers` (
  `reportid` int(25) NOT NULL,
  `userid` int(25) NOT NULL,
  KEY `nectarcrm_report_shareusers_ibfk_1` (`reportid`),
  KEY `nectarcrm_users_userid_ibfk_1` (`userid`),
  CONSTRAINT `nectarcrm_reports_reportid_ibfk_1` FOREIGN KEY (`reportid`) REFERENCES `nectarcrm_report` (`reportid`) ON DELETE CASCADE,
  CONSTRAINT `nectarcrm_users_userid_ibfk_1` FOREIGN KEY (`userid`) REFERENCES `nectarcrm_users` (`id`) ON DELETE CASCADE
) ENGINE=InnoDB DEFAULT CHARSET=utf8;
/*!40101 SET character_set_client = @saved_cs_client */;

--
-- Dumping data for table `nectarcrm_report_shareusers`
--

LOCK TABLES `nectarcrm_report_shareusers` WRITE;
/*!40000 ALTER TABLE `nectarcrm_report_shareusers` DISABLE KEYS */;
/*!40000 ALTER TABLE `nectarcrm_report_shareusers` ENABLE KEYS */;
UNLOCK TABLES;

--
-- Table structure for table `nectarcrm_reportdatefilter`
--

DROP TABLE IF EXISTS `nectarcrm_reportdatefilter`;
/*!40101 SET @saved_cs_client     = @@character_set_client */;
/*!40101 SET character_set_client = utf8 */;
CREATE TABLE `nectarcrm_reportdatefilter` (
  `datefilterid` int(19) NOT NULL,
  `datecolumnname` varchar(250) DEFAULT '',
  `datefilter` varchar(250) DEFAULT '',
  `startdate` date DEFAULT NULL,
  `enddate` date DEFAULT NULL,
  PRIMARY KEY (`datefilterid`),
  KEY `reportdatefilter_datefilterid_idx` (`datefilterid`),
  CONSTRAINT `fk_1_nectarcrm_reportdatefilter` FOREIGN KEY (`datefilterid`) REFERENCES `nectarcrm_report` (`reportid`) ON DELETE CASCADE
) ENGINE=InnoDB DEFAULT CHARSET=utf8;
/*!40101 SET character_set_client = @saved_cs_client */;

--
-- Dumping data for table `nectarcrm_reportdatefilter`
--

LOCK TABLES `nectarcrm_reportdatefilter` WRITE;
/*!40000 ALTER TABLE `nectarcrm_reportdatefilter` DISABLE KEYS */;
INSERT INTO `nectarcrm_reportdatefilter` VALUES (8,'nectarcrm_crmentity:modifiedtime:modifiedtime:Calendar_Modified_Time','lastmonth','2005-05-01','2005-05-31'),(9,'nectarcrm_crmentity:modifiedtime:modifiedtime:Calendar_Modified_Time','thismonth','2005-06-01','2005-06-30');
/*!40000 ALTER TABLE `nectarcrm_reportdatefilter` ENABLE KEYS */;
UNLOCK TABLES;

--
-- Table structure for table `nectarcrm_reportfilters`
--

DROP TABLE IF EXISTS `nectarcrm_reportfilters`;
/*!40101 SET @saved_cs_client     = @@character_set_client */;
/*!40101 SET character_set_client = utf8 */;
CREATE TABLE `nectarcrm_reportfilters` (
  `filterid` int(19) NOT NULL,
  `name` varchar(200) NOT NULL
) ENGINE=InnoDB DEFAULT CHARSET=utf8;
/*!40101 SET character_set_client = @saved_cs_client */;

--
-- Dumping data for table `nectarcrm_reportfilters`
--

LOCK TABLES `nectarcrm_reportfilters` WRITE;
/*!40000 ALTER TABLE `nectarcrm_reportfilters` DISABLE KEYS */;
INSERT INTO `nectarcrm_reportfilters` VALUES (1,'Private'),(2,'Public'),(3,'Shared');
/*!40000 ALTER TABLE `nectarcrm_reportfilters` ENABLE KEYS */;
UNLOCK TABLES;

--
-- Table structure for table `nectarcrm_reportfolder`
--

DROP TABLE IF EXISTS `nectarcrm_reportfolder`;
/*!40101 SET @saved_cs_client     = @@character_set_client */;
/*!40101 SET character_set_client = utf8 */;
CREATE TABLE `nectarcrm_reportfolder` (
  `folderid` int(19) NOT NULL AUTO_INCREMENT,
  `foldername` varchar(100) NOT NULL DEFAULT '',
  `description` varchar(250) DEFAULT '',
  `state` varchar(50) DEFAULT 'SAVED',
  PRIMARY KEY (`folderid`)
) ENGINE=InnoDB AUTO_INCREMENT=13 DEFAULT CHARSET=utf8;
/*!40101 SET character_set_client = @saved_cs_client */;

--
-- Dumping data for table `nectarcrm_reportfolder`
--

LOCK TABLES `nectarcrm_reportfolder` WRITE;
/*!40000 ALTER TABLE `nectarcrm_reportfolder` DISABLE KEYS */;
INSERT INTO `nectarcrm_reportfolder` VALUES (1,'Organization and Contact Reports','Account and Contact Reports','SAVED'),(2,'Lead Reports','Lead Reports','SAVED'),(3,'Opportunity Reports','Potential Reports','SAVED'),(4,'Activity Reports','Activity Reports','SAVED'),(5,'Tickets Reports','HelpDesk Reports','SAVED'),(6,'Product Reports','Product Reports','SAVED'),(7,'Quote Reports','Quote Reports','SAVED'),(8,'Purchase Order Reports','PurchaseOrder Reports','SAVED'),(9,'Invoice Reports','Invoice Reports','SAVED'),(10,'Sales Order Reports','SalesOrder Reports','SAVED'),(11,'Campaign Reports','Campaign Reports','SAVED'),(12,'Email Reports','Email Reports','SAVED');
/*!40000 ALTER TABLE `nectarcrm_reportfolder` ENABLE KEYS */;
UNLOCK TABLES;

--
-- Table structure for table `nectarcrm_reportgroupbycolumn`
--

DROP TABLE IF EXISTS `nectarcrm_reportgroupbycolumn`;
/*!40101 SET @saved_cs_client     = @@character_set_client */;
/*!40101 SET character_set_client = utf8 */;
CREATE TABLE `nectarcrm_reportgroupbycolumn` (
  `reportid` int(19) DEFAULT NULL,
  `sortid` int(19) DEFAULT NULL,
  `sortcolname` varchar(250) DEFAULT NULL,
  `dategroupbycriteria` varchar(250) DEFAULT NULL,
  KEY `fk_1_nectarcrm_reportgroupbycolumn` (`reportid`),
  CONSTRAINT `fk_1_nectarcrm_reportgroupbycolumn` FOREIGN KEY (`reportid`) REFERENCES `nectarcrm_report` (`reportid`) ON DELETE CASCADE
) ENGINE=InnoDB DEFAULT CHARSET=utf8;
/*!40101 SET character_set_client = @saved_cs_client */;

--
-- Dumping data for table `nectarcrm_reportgroupbycolumn`
--

LOCK TABLES `nectarcrm_reportgroupbycolumn` WRITE;
/*!40000 ALTER TABLE `nectarcrm_reportgroupbycolumn` DISABLE KEYS */;
/*!40000 ALTER TABLE `nectarcrm_reportgroupbycolumn` ENABLE KEYS */;
UNLOCK TABLES;

--
-- Table structure for table `nectarcrm_reportmodules`
--

DROP TABLE IF EXISTS `nectarcrm_reportmodules`;
/*!40101 SET @saved_cs_client     = @@character_set_client */;
/*!40101 SET character_set_client = utf8 */;
CREATE TABLE `nectarcrm_reportmodules` (
  `reportmodulesid` int(19) NOT NULL,
  `primarymodule` varchar(100) DEFAULT NULL,
  `secondarymodules` varchar(250) DEFAULT '',
  PRIMARY KEY (`reportmodulesid`),
  CONSTRAINT `fk_1_nectarcrm_reportmodules` FOREIGN KEY (`reportmodulesid`) REFERENCES `nectarcrm_report` (`reportid`) ON DELETE CASCADE
) ENGINE=InnoDB DEFAULT CHARSET=utf8;
/*!40101 SET character_set_client = @saved_cs_client */;

--
-- Dumping data for table `nectarcrm_reportmodules`
--

LOCK TABLES `nectarcrm_reportmodules` WRITE;
/*!40000 ALTER TABLE `nectarcrm_reportmodules` DISABLE KEYS */;
INSERT INTO `nectarcrm_reportmodules` VALUES (1,'Contacts','Accounts'),(2,'Contacts','Accounts'),(3,'Contacts','Potentials'),(4,'Leads',''),(5,'Leads',''),(6,'Potentials',''),(7,'Potentials',''),(8,'Calendar',''),(9,'Calendar',''),(10,'HelpDesk','Products'),(11,'HelpDesk',''),(12,'HelpDesk',''),(13,'Products',''),(14,'Products','Contacts'),(15,'Quotes',''),(16,'Quotes',''),(17,'PurchaseOrder','Contacts'),(18,'PurchaseOrder',''),(19,'Invoice',''),(20,'SalesOrder',''),(21,'Campaigns',''),(22,'Contacts','Emails'),(23,'Accounts','Emails'),(24,'Leads','Emails'),(25,'Vendors','Emails');
/*!40000 ALTER TABLE `nectarcrm_reportmodules` ENABLE KEYS */;
UNLOCK TABLES;

--
-- Table structure for table `nectarcrm_reportsharing`
--

DROP TABLE IF EXISTS `nectarcrm_reportsharing`;
/*!40101 SET @saved_cs_client     = @@character_set_client */;
/*!40101 SET character_set_client = utf8 */;
CREATE TABLE `nectarcrm_reportsharing` (
  `reportid` int(19) NOT NULL,
  `shareid` int(19) NOT NULL,
  `setype` varchar(200) NOT NULL
) ENGINE=InnoDB DEFAULT CHARSET=utf8;
/*!40101 SET character_set_client = @saved_cs_client */;

--
-- Dumping data for table `nectarcrm_reportsharing`
--

LOCK TABLES `nectarcrm_reportsharing` WRITE;
/*!40000 ALTER TABLE `nectarcrm_reportsharing` DISABLE KEYS */;
/*!40000 ALTER TABLE `nectarcrm_reportsharing` ENABLE KEYS */;
UNLOCK TABLES;

--
-- Table structure for table `nectarcrm_reportsortcol`
--

DROP TABLE IF EXISTS `nectarcrm_reportsortcol`;
/*!40101 SET @saved_cs_client     = @@character_set_client */;
/*!40101 SET character_set_client = utf8 */;
CREATE TABLE `nectarcrm_reportsortcol` (
  `sortcolid` int(19) NOT NULL,
  `reportid` int(19) NOT NULL,
  `columnname` varchar(250) DEFAULT '',
  `sortorder` varchar(250) DEFAULT 'Asc',
  PRIMARY KEY (`sortcolid`,`reportid`),
  KEY `fk_1_nectarcrm_reportsortcol` (`reportid`),
  CONSTRAINT `fk_1_nectarcrm_reportsortcol` FOREIGN KEY (`reportid`) REFERENCES `nectarcrm_report` (`reportid`) ON DELETE CASCADE
) ENGINE=InnoDB DEFAULT CHARSET=utf8;
/*!40101 SET character_set_client = @saved_cs_client */;

--
-- Dumping data for table `nectarcrm_reportsortcol`
--

LOCK TABLES `nectarcrm_reportsortcol` WRITE;
/*!40000 ALTER TABLE `nectarcrm_reportsortcol` DISABLE KEYS */;
INSERT INTO `nectarcrm_reportsortcol` VALUES (1,4,'nectarcrm_leaddetails:leadsource:Leads_Lead_Source:leadsource:V','Ascending'),(1,5,'nectarcrm_leaddetails:leadstatus:Leads_Lead_Status:leadstatus:V','Ascending'),(1,6,'nectarcrm_potential:sales_stage:Potentials_Sales_Stage:sales_stage:V','Ascending'),(1,11,'nectarcrm_troubletickets:priority:HelpDesk_Priority:ticketpriorities:V','Ascending');
/*!40000 ALTER TABLE `nectarcrm_reportsortcol` ENABLE KEYS */;
UNLOCK TABLES;

--
-- Table structure for table `nectarcrm_reportsummary`
--

DROP TABLE IF EXISTS `nectarcrm_reportsummary`;
/*!40101 SET @saved_cs_client     = @@character_set_client */;
/*!40101 SET character_set_client = utf8 */;
CREATE TABLE `nectarcrm_reportsummary` (
  `reportsummaryid` int(19) NOT NULL,
  `summarytype` int(19) NOT NULL,
  `columnname` varchar(250) NOT NULL DEFAULT '',
  PRIMARY KEY (`reportsummaryid`,`summarytype`,`columnname`),
  KEY `reportsummary_reportsummaryid_idx` (`reportsummaryid`),
  CONSTRAINT `fk_1_nectarcrm_reportsummary` FOREIGN KEY (`reportsummaryid`) REFERENCES `nectarcrm_report` (`reportid`) ON DELETE CASCADE
) ENGINE=InnoDB DEFAULT CHARSET=utf8;
/*!40101 SET character_set_client = @saved_cs_client */;

--
-- Dumping data for table `nectarcrm_reportsummary`
--

LOCK TABLES `nectarcrm_reportsummary` WRITE;
/*!40000 ALTER TABLE `nectarcrm_reportsummary` DISABLE KEYS */;
/*!40000 ALTER TABLE `nectarcrm_reportsummary` ENABLE KEYS */;
UNLOCK TABLES;

--
-- Table structure for table `nectarcrm_reporttype`
--

DROP TABLE IF EXISTS `nectarcrm_reporttype`;
/*!40101 SET @saved_cs_client     = @@character_set_client */;
/*!40101 SET character_set_client = utf8 */;
CREATE TABLE `nectarcrm_reporttype` (
  `reportid` int(10) NOT NULL,
  `data` text,
  PRIMARY KEY (`reportid`),
  CONSTRAINT `fk_1_nectarcrm_reporttype` FOREIGN KEY (`reportid`) REFERENCES `nectarcrm_report` (`reportid`) ON DELETE CASCADE
) ENGINE=InnoDB DEFAULT CHARSET=utf8;
/*!40101 SET character_set_client = @saved_cs_client */;

--
-- Dumping data for table `nectarcrm_reporttype`
--

LOCK TABLES `nectarcrm_reporttype` WRITE;
/*!40000 ALTER TABLE `nectarcrm_reporttype` DISABLE KEYS */;
/*!40000 ALTER TABLE `nectarcrm_reporttype` ENABLE KEYS */;
UNLOCK TABLES;

--
-- Table structure for table `nectarcrm_role`
--

DROP TABLE IF EXISTS `nectarcrm_role`;
/*!40101 SET @saved_cs_client     = @@character_set_client */;
/*!40101 SET character_set_client = utf8 */;
CREATE TABLE `nectarcrm_role` (
  `roleid` varchar(255) NOT NULL,
  `rolename` varchar(200) DEFAULT NULL,
  `parentrole` varchar(255) DEFAULT NULL,
  `depth` int(19) DEFAULT NULL,
  `allowassignedrecordsto` int(2) NOT NULL DEFAULT '1',
  PRIMARY KEY (`roleid`)
) ENGINE=InnoDB DEFAULT CHARSET=utf8;
/*!40101 SET character_set_client = @saved_cs_client */;

--
-- Dumping data for table `nectarcrm_role`
--

LOCK TABLES `nectarcrm_role` WRITE;
/*!40000 ALTER TABLE `nectarcrm_role` DISABLE KEYS */;
INSERT INTO `nectarcrm_role` VALUES ('H1','Organization','H1',0,1),('H2','CEO','H1::H2',1,1),('H3','Vice President','H1::H2::H3',2,1),('H4','Sales Manager','H1::H2::H3::H4',3,1),('H7','Sales Person','H1::H2::H3::H4::H7',4,1),('H8','salles','H1::H2::H3::H4::H8',4,1);
/*!40000 ALTER TABLE `nectarcrm_role` ENABLE KEYS */;
UNLOCK TABLES;

--
-- Table structure for table `nectarcrm_role2picklist`
--

DROP TABLE IF EXISTS `nectarcrm_role2picklist`;
/*!40101 SET @saved_cs_client     = @@character_set_client */;
/*!40101 SET character_set_client = utf8 */;
CREATE TABLE `nectarcrm_role2picklist` (
  `roleid` varchar(255) NOT NULL,
  `picklistvalueid` int(11) NOT NULL,
  `picklistid` int(11) NOT NULL,
  `sortid` int(11) DEFAULT NULL,
  PRIMARY KEY (`roleid`,`picklistvalueid`,`picklistid`),
  KEY `role2picklist_roleid_picklistid_idx` (`roleid`,`picklistid`,`picklistvalueid`),
  KEY `fk_2_nectarcrm_role2picklist` (`picklistid`),
  CONSTRAINT `fk_1_nectarcrm_role2picklist` FOREIGN KEY (`roleid`) REFERENCES `nectarcrm_role` (`roleid`) ON DELETE CASCADE,
  CONSTRAINT `fk_2_nectarcrm_role2picklist` FOREIGN KEY (`picklistid`) REFERENCES `nectarcrm_picklist` (`picklistid`) ON DELETE CASCADE
) ENGINE=InnoDB DEFAULT CHARSET=utf8;
/*!40101 SET character_set_client = @saved_cs_client */;

--
-- Dumping data for table `nectarcrm_role2picklist`
--

LOCK TABLES `nectarcrm_role2picklist` WRITE;
/*!40000 ALTER TABLE `nectarcrm_role2picklist` DISABLE KEYS */;
INSERT INTO `nectarcrm_role2picklist` VALUES ('H1',1,1,0),('H1',2,1,1),('H1',3,1,2),('H1',4,1,3),('H1',5,1,4),('H1',6,1,5),('H1',7,1,6),('H1',8,1,7),('H1',9,1,8),('H1',10,1,9),('H1',11,1,10),('H1',12,2,0),('H1',13,2,1),('H1',14,3,0),('H1',15,3,1),('H1',16,3,2),('H1',17,3,3),('H1',18,3,4),('H1',19,3,5),('H1',20,4,0),('H1',21,4,1),('H1',22,4,2),('H1',23,4,3),('H1',24,4,4),('H1',25,4,5),('H1',26,4,6),('H1',27,4,7),('H1',28,4,8),('H1',29,4,9),('H1',30,4,10),('H1',31,4,11),('H1',32,4,12),('H1',33,5,0),('H1',34,5,1),('H1',35,5,2),('H1',36,5,3),('H1',37,5,4),('H1',38,6,0),('H1',39,6,1),('H1',40,6,2),('H1',41,7,0),('H1',42,7,1),('H1',43,7,2),('H1',44,7,3),('H1',45,7,4),('H1',46,8,0),('H1',47,9,0),('H1',48,9,1),('H1',49,9,2),('H1',50,9,3),('H1',51,10,0),('H1',52,10,1),('H1',53,10,2),('H1',54,10,3),('H1',55,10,4),('H1',56,10,5),('H1',57,10,6),('H1',58,10,7),('H1',59,10,8),('H1',60,11,0),('H1',61,11,1),('H1',62,11,2),('H1',63,11,3),('H1',64,11,4),('H1',65,11,5),('H1',66,11,6),('H1',67,11,7),('H1',68,11,8),('H1',69,11,9),('H1',70,11,10),('H1',71,11,11),('H1',72,11,12),('H1',73,11,13),('H1',74,11,14),('H1',75,11,15),('H1',76,11,16),('H1',77,11,17),('H1',78,11,18),('H1',79,11,19),('H1',80,11,20),('H1',81,11,21),('H1',82,11,22),('H1',83,11,23),('H1',84,11,24),('H1',85,11,25),('H1',86,11,26),('H1',87,11,27),('H1',88,11,28),('H1',89,11,29),('H1',90,11,30),('H1',91,11,31),('H1',92,12,0),('H1',93,12,1),('H1',94,12,2),('H1',95,12,3),('H1',96,12,4),('H1',97,12,5),('H1',98,13,0),('H1',99,13,1),('H1',100,13,2),('H1',101,13,3),('H1',102,13,4),('H1',103,13,5),('H1',104,13,6),('H1',105,13,7),('H1',106,13,8),('H1',107,13,9),('H1',108,13,10),('H1',109,13,11),('H1',110,13,12),('H1',111,14,0),('H1',112,14,1),('H1',113,14,2),('H1',114,14,3),('H1',115,14,4),('H1',116,14,5),('H1',117,14,6),('H1',118,14,7),('H1',119,14,8),('H1',120,14,9),('H1',121,14,10),('H1',122,14,11),('H1',123,15,0),('H1',124,15,1),('H1',125,15,2),('H1',126,15,3),('H1',127,16,0),('H1',128,16,1),('H1',129,16,2),('H1',130,17,0),('H1',131,17,1),('H1',132,17,2),('H1',133,17,3),('H1',134,17,4),('H1',135,18,0),('H1',136,18,1),('H1',137,18,2),('H1',138,18,3),('H1',139,19,0),('H1',140,19,1),('H1',141,19,2),('H1',142,19,3),('H1',143,19,4),('H1',144,20,0),('H1',145,20,1),('H1',146,20,2),('H1',147,20,3),('H1',148,20,4),('H1',149,20,5),('H1',150,21,0),('H1',151,21,1),('H1',152,21,2),('H1',153,21,3),('H1',154,21,4),('H1',155,21,5),('H1',156,21,6),('H1',157,21,7),('H1',158,21,8),('H1',159,21,9),('H1',160,22,0),('H1',161,22,1),('H1',162,22,2),('H1',163,22,3),('H1',164,22,4),('H1',165,22,5),('H1',166,23,0),('H1',167,23,1),('H1',168,23,2),('H1',169,23,3),('H1',170,24,0),('H1',171,24,1),('H1',172,24,2),('H1',173,25,0),('H1',174,25,1),('H1',175,25,2),('H1',176,25,3),('H1',177,25,4),('H1',178,25,5),('H1',179,26,0),('H1',180,26,1),('H1',181,26,2),('H1',182,27,0),('H1',183,27,1),('H1',184,27,2),('H1',185,27,3),('H1',186,28,0),('H1',187,28,1),('H1',188,28,2),('H1',189,28,3),('H1',190,29,0),('H1',191,29,1),('H1',192,29,2),('H1',193,29,3),('H1',194,30,0),('H1',195,30,1),('H1',196,30,2),('H1',197,30,3),('H1',198,30,4),('H1',199,30,5),('H1',200,30,6),('H1',201,30,7),('H1',202,30,8),('H1',203,30,9),('H1',204,30,10),('H1',205,30,11),('H1',206,30,12),('H1',207,30,13),('H1',208,30,14),('H1',209,30,15),('H1',210,31,1),('H1',211,31,2),('H1',212,31,3),('H1',213,32,1),('H1',214,32,2),('H1',215,32,3),('H1',216,32,4),('H1',217,32,5),('H1',218,32,6),('H1',219,33,1),('H1',220,33,2),('H1',221,33,3),('H1',222,33,4),('H1',223,34,1),('H1',224,34,2),('H1',225,34,3),('H1',226,34,4),('H1',227,34,5),('H1',228,34,6),('H1',229,35,1),('H1',230,35,2),('H1',231,35,3),('H1',232,36,1),('H1',233,36,2),('H1',234,36,3),('H1',235,37,1),('H1',236,37,2),('H1',237,38,1),('H1',238,38,2),('H1',239,38,3),('H1',240,38,4),('H1',241,39,1),('H1',242,39,2),('H1',243,39,3),('H1',244,39,4),('H1',245,40,1),('H1',246,40,2),('H1',247,40,3),('H1',248,40,4),('H1',249,41,1),('H1',250,41,2),('H1',251,41,3),('H1',252,41,4),('H1',253,41,5),('H1',254,41,6),('H1',255,41,7),('H1',256,41,8),('H1',257,41,9),('H1',258,41,10),('H1',259,41,11),('H1',260,42,1),('H1',261,42,2),('H1',262,42,3),('H1',263,42,4),('H1',264,42,5),('H1',265,42,6),('H1',266,42,7),('H1',267,42,8),('H1',268,42,9),('H1',269,43,1),('H1',270,43,2),('H1',271,43,3),('H1',272,43,4),('H1',273,44,1),('H1',274,44,2),('H1',275,44,3),('H1',276,44,4),('H1',277,45,1),('H1',278,45,2),('H1',279,45,3),('H1',280,45,4),('H1',281,45,5),('H1',282,45,6),('H1',283,45,7),('H1',284,45,8),('H1',285,45,9),('H1',286,45,10),('H1',287,45,11),('H1',288,12,1),('H1',289,46,1),('H1',290,46,2),('H1',291,46,3),('H1',292,46,4),('H1',293,46,5),('H1',294,46,6),('H1',295,2,1),('H1',296,47,1),('H1',297,47,2),('H1',298,47,3),('H1',299,48,1),('H1',300,48,2),('H1',303,3,1),('H1',304,4,1),('H1',305,4,1),('H1',306,22,1),('H1',307,13,1),('H1',308,22,1),('H1',309,13,1),('H1',310,11,1),('H1',311,22,1),('H1',312,13,1),('H1',313,20,1),('H1',314,22,1),('H1',315,22,1),('H1',316,13,1),('H1',317,11,1),('H1',318,22,1),('H1',319,11,1),('H2',1,1,0),('H2',2,1,1),('H2',3,1,2),('H2',4,1,3),('H2',5,1,4),('H2',6,1,5),('H2',7,1,6),('H2',8,1,7),('H2',9,1,8),('H2',10,1,9),('H2',11,1,10),('H2',12,2,0),('H2',13,2,1),('H2',14,3,0),('H2',15,3,1),('H2',16,3,2),('H2',17,3,3),('H2',18,3,4),('H2',19,3,5),('H2',20,4,0),('H2',21,4,1),('H2',22,4,2),('H2',23,4,3),('H2',24,4,4),('H2',25,4,5),('H2',26,4,6),('H2',27,4,7),('H2',28,4,8),('H2',29,4,9),('H2',30,4,10),('H2',31,4,11),('H2',32,4,12),('H2',33,5,0),('H2',34,5,1),('H2',35,5,2),('H2',36,5,3),('H2',37,5,4),('H2',38,6,0),('H2',39,6,1),('H2',40,6,2),('H2',41,7,0),('H2',42,7,1),('H2',43,7,2),('H2',44,7,3),('H2',45,7,4),('H2',46,8,0),('H2',47,9,0),('H2',48,9,1),('H2',49,9,2),('H2',50,9,3),('H2',51,10,0),('H2',52,10,1),('H2',53,10,2),('H2',54,10,3),('H2',55,10,4),('H2',56,10,5),('H2',57,10,6),('H2',58,10,7),('H2',59,10,8),('H2',60,11,0),('H2',61,11,1),('H2',62,11,2),('H2',63,11,3),('H2',64,11,4),('H2',65,11,5),('H2',66,11,6),('H2',67,11,7),('H2',68,11,8),('H2',69,11,9),('H2',70,11,10),('H2',71,11,11),('H2',72,11,12),('H2',73,11,13),('H2',74,11,14),('H2',75,11,15),('H2',76,11,16),('H2',77,11,17),('H2',78,11,18),('H2',79,11,19),('H2',80,11,20),('H2',81,11,21),('H2',82,11,22),('H2',83,11,23),('H2',84,11,24),('H2',85,11,25),('H2',86,11,26),('H2',87,11,27),('H2',88,11,28),('H2',89,11,29),('H2',90,11,30),('H2',91,11,31),('H2',92,12,0),('H2',93,12,1),('H2',94,12,2),('H2',95,12,3),('H2',96,12,4),('H2',97,12,5),('H2',98,13,0),('H2',99,13,1),('H2',100,13,2),('H2',101,13,3),('H2',102,13,4),('H2',103,13,5),('H2',104,13,6),('H2',105,13,7),('H2',106,13,8),('H2',107,13,9),('H2',108,13,10),('H2',109,13,11),('H2',110,13,12),('H2',111,14,0),('H2',112,14,1),('H2',113,14,2),('H2',114,14,3),('H2',115,14,4),('H2',116,14,5),('H2',117,14,6),('H2',118,14,7),('H2',119,14,8),('H2',120,14,9),('H2',121,14,10),('H2',122,14,11),('H2',123,15,0),('H2',124,15,1),('H2',125,15,2),('H2',126,15,3),('H2',127,16,0),('H2',128,16,1),('H2',129,16,2),('H2',130,17,0),('H2',131,17,1),('H2',132,17,2),('H2',133,17,3),('H2',134,17,4),('H2',135,18,0),('H2',136,18,1),('H2',137,18,2),('H2',138,18,3),('H2',139,19,0),('H2',140,19,1),('H2',141,19,2),('H2',142,19,3),('H2',143,19,4),('H2',144,20,0),('H2',145,20,1),('H2',146,20,2),('H2',147,20,3),('H2',148,20,4),('H2',149,20,5),('H2',150,21,0),('H2',151,21,1),('H2',152,21,2),('H2',153,21,3),('H2',154,21,4),('H2',155,21,5),('H2',156,21,6),('H2',157,21,7),('H2',158,21,8),('H2',159,21,9),('H2',160,22,0),('H2',161,22,1),('H2',162,22,2),('H2',163,22,3),('H2',164,22,4),('H2',165,22,5),('H2',166,23,0),('H2',167,23,1),('H2',168,23,2),('H2',169,23,3),('H2',170,24,0),('H2',171,24,1),('H2',172,24,2),('H2',173,25,0),('H2',174,25,1),('H2',175,25,2),('H2',176,25,3),('H2',177,25,4),('H2',178,25,5),('H2',179,26,0),('H2',180,26,1),('H2',181,26,2),('H2',182,27,0),('H2',183,27,1),('H2',184,27,2),('H2',185,27,3),('H2',186,28,0),('H2',187,28,1),('H2',188,28,2),('H2',189,28,3),('H2',190,29,0),('H2',191,29,1),('H2',192,29,2),('H2',193,29,3),('H2',194,30,0),('H2',195,30,1),('H2',196,30,2),('H2',197,30,3),('H2',198,30,4),('H2',199,30,5),('H2',200,30,6),('H2',201,30,7),('H2',202,30,8),('H2',203,30,9),('H2',204,30,10),('H2',205,30,11),('H2',206,30,12),('H2',207,30,13),('H2',208,30,14),('H2',209,30,15),('H2',210,31,1),('H2',211,31,2),('H2',212,31,3),('H2',213,32,1),('H2',214,32,2),('H2',215,32,3),('H2',216,32,4),('H2',217,32,5),('H2',218,32,6),('H2',219,33,1),('H2',220,33,2),('H2',221,33,3),('H2',222,33,4),('H2',223,34,1),('H2',224,34,2),('H2',225,34,3),('H2',226,34,4),('H2',227,34,5),('H2',228,34,6),('H2',229,35,1),('H2',230,35,2),('H2',231,35,3),('H2',232,36,1),('H2',233,36,2),('H2',234,36,3),('H2',235,37,1),('H2',236,37,2),('H2',237,38,1),('H2',238,38,2),('H2',239,38,3),('H2',240,38,4),('H2',241,39,1),('H2',242,39,2),('H2',243,39,3),('H2',244,39,4),('H2',245,40,1),('H2',246,40,2),('H2',247,40,3),('H2',248,40,4),('H2',249,41,1),('H2',250,41,2),('H2',251,41,3),('H2',252,41,4),('H2',253,41,5),('H2',254,41,6),('H2',255,41,7),('H2',256,41,8),('H2',257,41,9),('H2',258,41,10),('H2',259,41,11),('H2',260,42,1),('H2',261,42,2),('H2',262,42,3),('H2',263,42,4),('H2',264,42,5),('H2',265,42,6),('H2',266,42,7),('H2',267,42,8),('H2',268,42,9),('H2',269,43,1),('H2',270,43,2),('H2',271,43,3),('H2',272,43,4),('H2',273,44,1),('H2',274,44,2),('H2',275,44,3),('H2',276,44,4),('H2',277,45,1),('H2',278,45,2),('H2',279,45,3),('H2',280,45,4),('H2',281,45,5),('H2',282,45,6),('H2',283,45,7),('H2',284,45,8),('H2',285,45,9),('H2',286,45,10),('H2',287,45,11),('H2',288,12,1),('H2',289,46,1),('H2',290,46,2),('H2',291,46,3),('H2',292,46,4),('H2',293,46,5),('H2',294,46,6),('H2',295,2,1),('H2',296,47,1),('H2',297,47,2),('H2',298,47,3),('H2',299,48,1),('H2',300,48,2),('H2',303,3,1),('H2',304,4,1),('H2',305,4,1),('H2',306,22,1),('H2',307,13,1),('H2',308,22,1),('H2',309,13,1),('H2',310,11,1),('H2',311,22,1),('H2',312,13,1),('H2',313,20,1),('H2',314,22,1),('H2',315,22,1),('H2',316,13,1),('H2',317,11,1),('H2',318,22,1),('H2',319,11,1),('H3',1,1,0),('H3',2,1,1),('H3',3,1,2),('H3',4,1,3),('H3',5,1,4),('H3',6,1,5),('H3',7,1,6),('H3',8,1,7),('H3',9,1,8),('H3',10,1,9),('H3',11,1,10),('H3',12,2,0),('H3',13,2,1),('H3',14,3,0),('H3',15,3,1),('H3',16,3,2),('H3',17,3,3),('H3',18,3,4),('H3',19,3,5),('H3',20,4,0),('H3',21,4,1),('H3',22,4,2),('H3',23,4,3),('H3',24,4,4),('H3',25,4,5),('H3',26,4,6),('H3',27,4,7),('H3',28,4,8),('H3',29,4,9),('H3',30,4,10),('H3',31,4,11),('H3',32,4,12),('H3',33,5,0),('H3',34,5,1),('H3',35,5,2),('H3',36,5,3),('H3',37,5,4),('H3',38,6,0),('H3',39,6,1),('H3',40,6,2),('H3',41,7,0),('H3',42,7,1),('H3',43,7,2),('H3',44,7,3),('H3',45,7,4),('H3',46,8,0),('H3',47,9,0),('H3',48,9,1),('H3',49,9,2),('H3',50,9,3),('H3',51,10,0),('H3',52,10,1),('H3',53,10,2),('H3',54,10,3),('H3',55,10,4),('H3',56,10,5),('H3',57,10,6),('H3',58,10,7),('H3',59,10,8),('H3',60,11,0),('H3',61,11,1),('H3',62,11,2),('H3',63,11,3),('H3',64,11,4),('H3',65,11,5),('H3',66,11,6),('H3',67,11,7),('H3',68,11,8),('H3',69,11,9),('H3',70,11,10),('H3',71,11,11),('H3',72,11,12),('H3',73,11,13),('H3',74,11,14),('H3',75,11,15),('H3',76,11,16),('H3',77,11,17),('H3',78,11,18),('H3',79,11,19),('H3',80,11,20),('H3',81,11,21),('H3',82,11,22),('H3',83,11,23),('H3',84,11,24),('H3',85,11,25),('H3',86,11,26),('H3',87,11,27),('H3',88,11,28),('H3',89,11,29),('H3',90,11,30),('H3',91,11,31),('H3',92,12,0),('H3',93,12,1),('H3',94,12,2),('H3',95,12,3),('H3',96,12,4),('H3',97,12,5),('H3',98,13,0),('H3',99,13,1),('H3',100,13,2),('H3',101,13,3),('H3',102,13,4),('H3',103,13,5),('H3',104,13,6),('H3',105,13,7),('H3',106,13,8),('H3',107,13,9),('H3',108,13,10),('H3',109,13,11),('H3',110,13,12),('H3',111,14,0),('H3',112,14,1),('H3',113,14,2),('H3',114,14,3),('H3',115,14,4),('H3',116,14,5),('H3',117,14,6),('H3',118,14,7),('H3',119,14,8),('H3',120,14,9),('H3',121,14,10),('H3',122,14,11),('H3',123,15,0),('H3',124,15,1),('H3',125,15,2),('H3',126,15,3),('H3',127,16,0),('H3',128,16,1),('H3',129,16,2),('H3',130,17,0),('H3',131,17,1),('H3',132,17,2),('H3',133,17,3),('H3',134,17,4),('H3',135,18,0),('H3',136,18,1),('H3',137,18,2),('H3',138,18,3),('H3',139,19,0),('H3',140,19,1),('H3',141,19,2),('H3',142,19,3),('H3',143,19,4),('H3',144,20,0),('H3',145,20,1),('H3',146,20,2),('H3',147,20,3),('H3',148,20,4),('H3',149,20,5),('H3',150,21,0),('H3',151,21,1),('H3',152,21,2),('H3',153,21,3),('H3',154,21,4),('H3',155,21,5),('H3',156,21,6),('H3',157,21,7),('H3',158,21,8),('H3',159,21,9),('H3',160,22,0),('H3',161,22,1),('H3',162,22,2),('H3',163,22,3),('H3',164,22,4),('H3',165,22,5),('H3',166,23,0),('H3',167,23,1),('H3',168,23,2),('H3',169,23,3),('H3',170,24,0),('H3',171,24,1),('H3',172,24,2),('H3',173,25,0),('H3',174,25,1),('H3',175,25,2),('H3',176,25,3),('H3',177,25,4),('H3',178,25,5),('H3',179,26,0),('H3',180,26,1),('H3',181,26,2),('H3',182,27,0),('H3',183,27,1),('H3',184,27,2),('H3',185,27,3),('H3',186,28,0),('H3',187,28,1),('H3',188,28,2),('H3',189,28,3),('H3',190,29,0),('H3',191,29,1),('H3',192,29,2),('H3',193,29,3),('H3',194,30,0),('H3',195,30,1),('H3',196,30,2),('H3',197,30,3),('H3',198,30,4),('H3',199,30,5),('H3',200,30,6),('H3',201,30,7),('H3',202,30,8),('H3',203,30,9),('H3',204,30,10),('H3',205,30,11),('H3',206,30,12),('H3',207,30,13),('H3',208,30,14),('H3',209,30,15),('H3',210,31,1),('H3',211,31,2),('H3',212,31,3),('H3',213,32,1),('H3',214,32,2),('H3',215,32,3),('H3',216,32,4),('H3',217,32,5),('H3',218,32,6),('H3',219,33,1),('H3',220,33,2),('H3',221,33,3),('H3',222,33,4),('H3',223,34,1),('H3',224,34,2),('H3',225,34,3),('H3',226,34,4),('H3',227,34,5),('H3',228,34,6),('H3',229,35,1),('H3',230,35,2),('H3',231,35,3),('H3',232,36,1),('H3',233,36,2),('H3',234,36,3),('H3',235,37,1),('H3',236,37,2),('H3',237,38,1),('H3',238,38,2),('H3',239,38,3),('H3',240,38,4),('H3',241,39,1),('H3',242,39,2),('H3',243,39,3),('H3',244,39,4),('H3',245,40,1),('H3',246,40,2),('H3',247,40,3),('H3',248,40,4),('H3',249,41,1),('H3',250,41,2),('H3',251,41,3),('H3',252,41,4),('H3',253,41,5),('H3',254,41,6),('H3',255,41,7),('H3',256,41,8),('H3',257,41,9),('H3',258,41,10),('H3',259,41,11),('H3',260,42,1),('H3',261,42,2),('H3',262,42,3),('H3',263,42,4),('H3',264,42,5),('H3',265,42,6),('H3',266,42,7),('H3',267,42,8),('H3',268,42,9),('H3',269,43,1),('H3',270,43,2),('H3',271,43,3),('H3',272,43,4),('H3',273,44,1),('H3',274,44,2),('H3',275,44,3),('H3',276,44,4),('H3',277,45,1),('H3',278,45,2),('H3',279,45,3),('H3',280,45,4),('H3',281,45,5),('H3',282,45,6),('H3',283,45,7),('H3',284,45,8),('H3',285,45,9),('H3',286,45,10),('H3',287,45,11),('H3',288,12,1),('H3',289,46,1),('H3',290,46,2),('H3',291,46,3),('H3',292,46,4),('H3',293,46,5),('H3',294,46,6),('H3',295,2,1),('H3',296,47,1),('H3',297,47,2),('H3',298,47,3),('H3',299,48,1),('H3',300,48,2),('H3',303,3,1),('H3',304,4,1),('H3',305,4,1),('H3',306,22,1),('H3',307,13,1),('H3',308,22,1),('H3',309,13,1),('H3',310,11,1),('H3',311,22,1),('H3',312,13,1),('H3',313,20,1),('H3',314,22,1),('H3',315,22,1),('H3',316,13,1),('H3',317,11,1),('H3',318,22,1),('H3',319,11,1),('H4',1,1,0),('H4',2,1,1),('H4',3,1,2),('H4',4,1,3),('H4',5,1,4),('H4',6,1,5),('H4',7,1,6),('H4',8,1,7),('H4',9,1,8),('H4',10,1,9),('H4',11,1,10),('H4',12,2,0),('H4',13,2,1),('H4',14,3,0),('H4',15,3,1),('H4',16,3,2),('H4',17,3,3),('H4',18,3,4),('H4',19,3,5),('H4',20,4,0),('H4',21,4,1),('H4',22,4,2),('H4',23,4,3),('H4',24,4,4),('H4',25,4,5),('H4',26,4,6),('H4',27,4,7),('H4',28,4,8),('H4',29,4,9),('H4',30,4,10),('H4',31,4,11),('H4',32,4,12),('H4',33,5,0),('H4',34,5,1),('H4',35,5,2),('H4',36,5,3),('H4',37,5,4),('H4',38,6,0),('H4',39,6,1),('H4',40,6,2),('H4',41,7,0),('H4',42,7,1),('H4',43,7,2),('H4',44,7,3),('H4',45,7,4),('H4',46,8,0),('H4',47,9,0),('H4',48,9,1),('H4',49,9,2),('H4',50,9,3),('H4',51,10,0),('H4',52,10,1),('H4',53,10,2),('H4',54,10,3),('H4',55,10,4),('H4',56,10,5),('H4',57,10,6),('H4',58,10,7),('H4',59,10,8),('H4',60,11,0),('H4',61,11,1),('H4',62,11,2),('H4',63,11,3),('H4',64,11,4),('H4',65,11,5),('H4',66,11,6),('H4',67,11,7),('H4',68,11,8),('H4',69,11,9),('H4',70,11,10),('H4',71,11,11),('H4',72,11,12),('H4',73,11,13),('H4',74,11,14),('H4',75,11,15),('H4',76,11,16),('H4',77,11,17),('H4',78,11,18),('H4',79,11,19),('H4',80,11,20),('H4',81,11,21),('H4',82,11,22),('H4',83,11,23),('H4',84,11,24),('H4',85,11,25),('H4',86,11,26),('H4',87,11,27),('H4',88,11,28),('H4',89,11,29),('H4',90,11,30),('H4',91,11,31),('H4',92,12,0),('H4',93,12,1),('H4',94,12,2),('H4',95,12,3),('H4',96,12,4),('H4',97,12,5),('H4',98,13,0),('H4',99,13,1),('H4',100,13,2),('H4',101,13,3),('H4',102,13,4),('H4',103,13,5),('H4',104,13,6),('H4',105,13,7),('H4',106,13,8),('H4',107,13,9),('H4',108,13,10),('H4',109,13,11),('H4',110,13,12),('H4',111,14,0),('H4',112,14,1),('H4',113,14,2),('H4',114,14,3),('H4',115,14,4),('H4',116,14,5),('H4',117,14,6),('H4',118,14,7),('H4',119,14,8),('H4',120,14,9),('H4',121,14,10),('H4',122,14,11),('H4',123,15,0),('H4',124,15,1),('H4',125,15,2),('H4',126,15,3),('H4',127,16,0),('H4',128,16,1),('H4',129,16,2),('H4',130,17,0),('H4',131,17,1),('H4',132,17,2),('H4',133,17,3),('H4',134,17,4),('H4',135,18,0),('H4',136,18,1),('H4',137,18,2),('H4',138,18,3),('H4',139,19,0),('H4',140,19,1),('H4',141,19,2),('H4',142,19,3),('H4',143,19,4),('H4',144,20,0),('H4',145,20,1),('H4',146,20,2),('H4',147,20,3),('H4',148,20,4),('H4',149,20,5),('H4',150,21,0),('H4',151,21,1),('H4',152,21,2),('H4',153,21,3),('H4',154,21,4),('H4',155,21,5),('H4',156,21,6),('H4',157,21,7),('H4',158,21,8),('H4',159,21,9),('H4',160,22,0),('H4',161,22,1),('H4',162,22,2),('H4',163,22,3),('H4',164,22,4),('H4',165,22,5),('H4',166,23,0),('H4',167,23,1),('H4',168,23,2),('H4',169,23,3),('H4',170,24,0),('H4',171,24,1),('H4',172,24,2),('H4',173,25,0),('H4',174,25,1),('H4',175,25,2),('H4',176,25,3),('H4',177,25,4),('H4',178,25,5),('H4',179,26,0),('H4',180,26,1),('H4',181,26,2),('H4',182,27,0),('H4',183,27,1),('H4',184,27,2),('H4',185,27,3),('H4',186,28,0),('H4',187,28,1),('H4',188,28,2),('H4',189,28,3),('H4',190,29,0),('H4',191,29,1),('H4',192,29,2),('H4',193,29,3),('H4',194,30,0),('H4',195,30,1),('H4',196,30,2),('H4',197,30,3),('H4',198,30,4),('H4',199,30,5),('H4',200,30,6),('H4',201,30,7),('H4',202,30,8),('H4',203,30,9),('H4',204,30,10),('H4',205,30,11),('H4',206,30,12),('H4',207,30,13),('H4',208,30,14),('H4',209,30,15),('H4',210,31,1),('H4',211,31,2),('H4',212,31,3),('H4',213,32,1),('H4',214,32,2),('H4',215,32,3),('H4',216,32,4),('H4',217,32,5),('H4',218,32,6),('H4',219,33,1),('H4',220,33,2),('H4',221,33,3),('H4',222,33,4),('H4',223,34,1),('H4',224,34,2),('H4',225,34,3),('H4',226,34,4),('H4',227,34,5),('H4',228,34,6),('H4',229,35,1),('H4',230,35,2),('H4',231,35,3),('H4',232,36,1),('H4',233,36,2),('H4',234,36,3),('H4',235,37,1),('H4',236,37,2),('H4',237,38,1),('H4',238,38,2),('H4',239,38,3),('H4',240,38,4),('H4',241,39,1),('H4',242,39,2),('H4',243,39,3),('H4',244,39,4),('H4',245,40,1),('H4',246,40,2),('H4',247,40,3),('H4',248,40,4),('H4',249,41,1),('H4',250,41,2),('H4',251,41,3),('H4',252,41,4),('H4',253,41,5),('H4',254,41,6),('H4',255,41,7),('H4',256,41,8),('H4',257,41,9),('H4',258,41,10),('H4',259,41,11),('H4',260,42,1),('H4',261,42,2),('H4',262,42,3),('H4',263,42,4),('H4',264,42,5),('H4',265,42,6),('H4',266,42,7),('H4',267,42,8),('H4',268,42,9),('H4',269,43,1),('H4',270,43,2),('H4',271,43,3),('H4',272,43,4),('H4',273,44,1),('H4',274,44,2),('H4',275,44,3),('H4',276,44,4),('H4',277,45,1),('H4',278,45,2),('H4',279,45,3),('H4',280,45,4),('H4',281,45,5),('H4',282,45,6),('H4',283,45,7),('H4',284,45,8),('H4',285,45,9),('H4',286,45,10),('H4',287,45,11),('H4',288,12,1),('H4',289,46,1),('H4',290,46,2),('H4',291,46,3),('H4',292,46,4),('H4',293,46,5),('H4',294,46,6),('H4',295,2,1),('H4',296,47,1),('H4',297,47,2),('H4',298,47,3),('H4',299,48,1),('H4',300,48,2),('H4',303,3,1),('H4',304,4,1),('H4',305,4,1),('H4',306,22,1),('H4',307,13,1),('H4',308,22,1),('H4',309,13,1),('H4',310,11,1),('H4',311,22,1),('H4',312,13,1),('H4',313,20,1),('H4',314,22,1),('H4',315,22,1),('H4',316,13,1),('H4',317,11,1),('H4',318,22,1),('H4',319,11,1),('H7',1,1,0),('H7',2,1,1),('H7',3,1,2),('H7',4,1,3),('H7',5,1,4),('H7',6,1,5),('H7',7,1,6),('H7',8,1,7),('H7',9,1,8),('H7',10,1,9),('H7',11,1,10),('H7',12,2,0),('H7',13,2,1),('H7',14,3,0),('H7',15,3,1),('H7',16,3,2),('H7',17,3,3),('H7',18,3,4),('H7',19,3,5),('H7',20,4,0),('H7',21,4,1),('H7',22,4,2),('H7',23,4,3),('H7',24,4,4),('H7',25,4,5),('H7',26,4,6),('H7',27,4,7),('H7',28,4,8),('H7',29,4,9),('H7',30,4,10),('H7',31,4,11),('H7',32,4,12),('H7',33,5,0),('H7',34,5,1),('H7',35,5,2),('H7',36,5,3),('H7',37,5,4),('H7',38,6,0),('H7',39,6,1),('H7',40,6,2),('H7',41,7,0),('H7',42,7,1),('H7',43,7,2),('H7',44,7,3),('H7',45,7,4),('H7',46,8,0),('H7',47,9,0),('H7',48,9,1),('H7',49,9,2),('H7',50,9,3),('H7',51,10,0),('H7',52,10,1),('H7',53,10,2),('H7',54,10,3),('H7',55,10,4),('H7',56,10,5),('H7',57,10,6),('H7',58,10,7),('H7',59,10,8),('H7',60,11,0),('H7',61,11,1),('H7',62,11,2),('H7',63,11,3),('H7',64,11,4),('H7',65,11,5),('H7',66,11,6),('H7',67,11,7),('H7',68,11,8),('H7',69,11,9),('H7',70,11,10),('H7',71,11,11),('H7',72,11,12),('H7',73,11,13),('H7',74,11,14),('H7',75,11,15),('H7',76,11,16),('H7',77,11,17),('H7',78,11,18),('H7',79,11,19),('H7',80,11,20),('H7',81,11,21),('H7',82,11,22),('H7',83,11,23),('H7',84,11,24),('H7',85,11,25),('H7',86,11,26),('H7',87,11,27),('H7',88,11,28),('H7',89,11,29),('H7',90,11,30),('H7',91,11,31),('H7',92,12,0),('H7',93,12,1),('H7',94,12,2),('H7',95,12,3),('H7',96,12,4),('H7',97,12,5),('H7',98,13,0),('H7',99,13,1),('H7',100,13,2),('H7',101,13,3),('H7',102,13,4),('H7',103,13,5),('H7',104,13,6),('H7',105,13,7),('H7',106,13,8),('H7',107,13,9),('H7',108,13,10),('H7',109,13,11),('H7',110,13,12),('H7',111,14,0),('H7',112,14,1),('H7',113,14,2),('H7',114,14,3),('H7',115,14,4),('H7',116,14,5),('H7',117,14,6),('H7',118,14,7),('H7',119,14,8),('H7',120,14,9),('H7',121,14,10),('H7',122,14,11),('H7',123,15,0),('H7',124,15,1),('H7',125,15,2),('H7',126,15,3),('H7',127,16,0),('H7',128,16,1),('H7',129,16,2),('H7',130,17,0),('H7',131,17,1),('H7',132,17,2),('H7',133,17,3),('H7',134,17,4),('H7',135,18,0),('H7',136,18,1),('H7',137,18,2),('H7',138,18,3),('H7',139,19,0),('H7',140,19,1),('H7',141,19,2),('H7',142,19,3),('H7',143,19,4),('H7',144,20,0),('H7',145,20,1),('H7',146,20,2),('H7',147,20,3),('H7',148,20,4),('H7',149,20,5),('H7',150,21,0),('H7',151,21,1),('H7',152,21,2),('H7',153,21,3),('H7',154,21,4),('H7',155,21,5),('H7',156,21,6),('H7',157,21,7),('H7',158,21,8),('H7',159,21,9),('H7',160,22,0),('H7',161,22,1),('H7',162,22,2),('H7',163,22,3),('H7',164,22,4),('H7',165,22,5),('H7',166,23,0),('H7',167,23,1),('H7',168,23,2),('H7',169,23,3),('H7',170,24,0),('H7',171,24,1),('H7',172,24,2),('H7',173,25,0),('H7',174,25,1),('H7',175,25,2),('H7',176,25,3),('H7',177,25,4),('H7',178,25,5),('H7',179,26,0),('H7',180,26,1),('H7',181,26,2),('H7',182,27,0),('H7',183,27,1),('H7',184,27,2),('H7',185,27,3),('H7',186,28,0),('H7',187,28,1),('H7',188,28,2),('H7',189,28,3),('H7',190,29,0),('H7',191,29,1),('H7',192,29,2),('H7',193,29,3),('H7',194,30,0),('H7',195,30,1),('H7',196,30,2),('H7',197,30,3),('H7',198,30,4),('H7',199,30,5),('H7',200,30,6),('H7',201,30,7),('H7',202,30,8),('H7',203,30,9),('H7',204,30,10),('H7',205,30,11),('H7',206,30,12),('H7',207,30,13),('H7',208,30,14),('H7',209,30,15),('H7',210,31,1),('H7',211,31,2),('H7',212,31,3),('H7',213,32,1),('H7',214,32,2),('H7',215,32,3),('H7',216,32,4),('H7',217,32,5),('H7',218,32,6),('H7',219,33,1),('H7',220,33,2),('H7',221,33,3),('H7',222,33,4),('H7',223,34,1),('H7',224,34,2),('H7',225,34,3),('H7',226,34,4),('H7',227,34,5),('H7',228,34,6),('H7',229,35,1),('H7',230,35,2),('H7',231,35,3),('H7',232,36,1),('H7',233,36,2),('H7',234,36,3),('H7',235,37,1),('H7',236,37,2),('H7',237,38,1),('H7',238,38,2),('H7',239,38,3),('H7',240,38,4),('H7',241,39,1),('H7',242,39,2),('H7',243,39,3),('H7',244,39,4),('H7',245,40,1),('H7',246,40,2),('H7',247,40,3),('H7',248,40,4),('H7',249,41,1),('H7',250,41,2),('H7',251,41,3),('H7',252,41,4),('H7',253,41,5),('H7',254,41,6),('H7',255,41,7),('H7',256,41,8),('H7',257,41,9),('H7',258,41,10),('H7',259,41,11),('H7',260,42,1),('H7',261,42,2),('H7',262,42,3),('H7',263,42,4),('H7',264,42,5),('H7',265,42,6),('H7',266,42,7),('H7',267,42,8),('H7',268,42,9),('H7',269,43,1),('H7',270,43,2),('H7',271,43,3),('H7',272,43,4),('H7',273,44,1),('H7',274,44,2),('H7',275,44,3),('H7',276,44,4),('H7',277,45,1),('H7',278,45,2),('H7',279,45,3),('H7',280,45,4),('H7',281,45,5),('H7',282,45,6),('H7',283,45,7),('H7',284,45,8),('H7',285,45,9),('H7',286,45,10),('H7',287,45,11),('H7',288,12,1),('H7',289,46,1),('H7',290,46,2),('H7',291,46,3),('H7',292,46,4),('H7',293,46,5),('H7',294,46,6),('H7',295,2,1),('H7',296,47,1),('H7',297,47,2),('H7',298,47,3),('H7',299,48,1),('H7',300,48,2),('H7',303,3,1),('H7',304,4,1),('H7',305,4,1),('H7',306,22,1),('H7',307,13,1),('H7',308,22,1),('H7',309,13,1),('H7',310,11,1),('H7',311,22,1),('H7',312,13,1),('H7',313,20,1),('H7',314,22,1),('H7',315,22,1),('H7',316,13,1),('H7',317,11,1),('H7',318,22,1),('H7',319,11,1),('H8',1,1,0),('H8',2,1,1),('H8',3,1,2),('H8',4,1,3),('H8',5,1,4),('H8',6,1,5),('H8',7,1,6),('H8',8,1,7),('H8',9,1,8),('H8',10,1,9),('H8',11,1,10),('H8',12,2,0),('H8',13,2,1),('H8',14,3,0),('H8',15,3,1),('H8',16,3,2),('H8',17,3,3),('H8',18,3,4),('H8',19,3,5),('H8',20,4,0),('H8',21,4,1),('H8',22,4,2),('H8',23,4,3),('H8',24,4,4),('H8',25,4,5),('H8',26,4,6),('H8',27,4,7),('H8',28,4,8),('H8',29,4,9),('H8',30,4,10),('H8',31,4,11),('H8',32,4,12),('H8',33,5,0),('H8',34,5,1),('H8',35,5,2),('H8',36,5,3),('H8',37,5,4),('H8',38,6,0),('H8',39,6,1),('H8',40,6,2),('H8',41,7,0),('H8',42,7,1),('H8',43,7,2),('H8',44,7,3),('H8',45,7,4),('H8',46,8,0),('H8',47,9,0),('H8',48,9,1),('H8',49,9,2),('H8',50,9,3),('H8',51,10,0),('H8',52,10,1),('H8',53,10,2),('H8',54,10,3),('H8',55,10,4),('H8',56,10,5),('H8',57,10,6),('H8',58,10,7),('H8',59,10,8),('H8',60,11,0),('H8',61,11,1),('H8',62,11,2),('H8',63,11,3),('H8',64,11,4),('H8',65,11,5),('H8',66,11,6),('H8',67,11,7),('H8',68,11,8),('H8',69,11,9),('H8',70,11,10),('H8',71,11,11),('H8',72,11,12),('H8',73,11,13),('H8',74,11,14),('H8',75,11,15),('H8',76,11,16),('H8',77,11,17),('H8',78,11,18),('H8',79,11,19),('H8',80,11,20),('H8',81,11,21),('H8',82,11,22),('H8',83,11,23),('H8',84,11,24),('H8',85,11,25),('H8',86,11,26),('H8',87,11,27),('H8',88,11,28),('H8',89,11,29),('H8',90,11,30),('H8',91,11,31),('H8',92,12,0),('H8',93,12,1),('H8',94,12,2),('H8',95,12,3),('H8',96,12,4),('H8',97,12,5),('H8',98,13,0),('H8',99,13,1),('H8',100,13,2),('H8',101,13,3),('H8',102,13,4),('H8',103,13,5),('H8',104,13,6),('H8',105,13,7),('H8',106,13,8),('H8',107,13,9),('H8',108,13,10),('H8',109,13,11),('H8',110,13,12),('H8',111,14,0),('H8',112,14,1),('H8',113,14,2),('H8',114,14,3),('H8',115,14,4),('H8',116,14,5),('H8',117,14,6),('H8',118,14,7),('H8',119,14,8),('H8',120,14,9),('H8',121,14,10),('H8',122,14,11),('H8',123,15,0),('H8',124,15,1),('H8',125,15,2),('H8',126,15,3),('H8',127,16,0),('H8',128,16,1),('H8',129,16,2),('H8',130,17,0),('H8',131,17,1),('H8',132,17,2),('H8',133,17,3),('H8',134,17,4),('H8',135,18,0),('H8',136,18,1),('H8',137,18,2),('H8',138,18,3),('H8',139,19,0),('H8',140,19,1),('H8',141,19,2),('H8',142,19,3),('H8',143,19,4),('H8',144,20,0),('H8',145,20,1),('H8',146,20,2),('H8',147,20,3),('H8',148,20,4),('H8',149,20,5),('H8',150,21,0),('H8',151,21,1),('H8',152,21,2),('H8',153,21,3),('H8',154,21,4),('H8',155,21,5),('H8',156,21,6),('H8',157,21,7),('H8',158,21,8),('H8',159,21,9),('H8',160,22,0),('H8',161,22,1),('H8',162,22,2),('H8',163,22,3),('H8',164,22,4),('H8',165,22,5),('H8',166,23,0),('H8',167,23,1),('H8',168,23,2),('H8',169,23,3),('H8',170,24,0),('H8',171,24,1),('H8',172,24,2),('H8',173,25,0),('H8',174,25,1),('H8',175,25,2),('H8',176,25,3),('H8',177,25,4),('H8',178,25,5),('H8',179,26,0),('H8',180,26,1),('H8',181,26,2),('H8',182,27,0),('H8',183,27,1),('H8',184,27,2),('H8',185,27,3),('H8',186,28,0),('H8',187,28,1),('H8',188,28,2),('H8',189,28,3),('H8',190,29,0),('H8',191,29,1),('H8',192,29,2),('H8',193,29,3),('H8',194,30,0),('H8',195,30,1),('H8',196,30,2),('H8',197,30,3),('H8',198,30,4),('H8',199,30,5),('H8',200,30,6),('H8',201,30,7),('H8',202,30,8),('H8',203,30,9),('H8',204,30,10),('H8',205,30,11),('H8',206,30,12),('H8',207,30,13),('H8',208,30,14),('H8',209,30,15),('H8',210,31,1),('H8',211,31,2),('H8',212,31,3),('H8',213,32,1),('H8',214,32,2),('H8',215,32,3),('H8',216,32,4),('H8',217,32,5),('H8',218,32,6),('H8',219,33,1),('H8',220,33,2),('H8',221,33,3),('H8',222,33,4),('H8',223,34,1),('H8',224,34,2),('H8',225,34,3),('H8',226,34,4),('H8',227,34,5),('H8',228,34,6),('H8',229,35,1),('H8',230,35,2),('H8',231,35,3),('H8',232,36,1),('H8',233,36,2),('H8',234,36,3),('H8',235,37,1),('H8',236,37,2),('H8',237,38,1),('H8',238,38,2),('H8',239,38,3),('H8',240,38,4),('H8',241,39,1),('H8',242,39,2),('H8',243,39,3),('H8',244,39,4),('H8',245,40,1),('H8',246,40,2),('H8',247,40,3),('H8',248,40,4),('H8',249,41,1),('H8',250,41,2),('H8',251,41,3),('H8',252,41,4),('H8',253,41,5),('H8',254,41,6),('H8',255,41,7),('H8',256,41,8),('H8',257,41,9),('H8',258,41,10),('H8',259,41,11),('H8',260,42,1),('H8',261,42,2),('H8',262,42,3),('H8',263,42,4),('H8',264,42,5),('H8',265,42,6),('H8',266,42,7),('H8',267,42,8),('H8',268,42,9),('H8',269,43,1),('H8',270,43,2),('H8',271,43,3),('H8',272,43,4),('H8',273,44,1),('H8',274,44,2),('H8',275,44,3),('H8',276,44,4),('H8',277,45,1),('H8',278,45,2),('H8',279,45,3),('H8',280,45,4),('H8',281,45,5),('H8',282,45,6),('H8',283,45,7),('H8',284,45,8),('H8',285,45,9),('H8',286,45,10),('H8',287,45,11),('H8',288,12,1),('H8',289,46,1),('H8',290,46,2),('H8',291,46,3),('H8',292,46,4),('H8',293,46,5),('H8',294,46,6),('H8',295,2,1),('H8',296,47,1),('H8',297,47,2),('H8',298,47,3),('H8',299,48,1),('H8',300,48,2),('H8',303,3,1),('H8',304,4,1),('H8',305,4,1),('H8',306,22,1),('H8',307,13,1),('H8',308,22,1),('H8',309,13,1),('H8',310,11,1),('H8',311,22,1),('H8',312,13,1),('H8',313,20,1),('H8',314,22,1),('H8',315,22,1),('H8',316,13,1),('H8',317,11,1),('H8',318,22,1),('H8',319,11,1);
/*!40000 ALTER TABLE `nectarcrm_role2picklist` ENABLE KEYS */;
UNLOCK TABLES;

--
-- Table structure for table `nectarcrm_role2profile`
--

DROP TABLE IF EXISTS `nectarcrm_role2profile`;
/*!40101 SET @saved_cs_client     = @@character_set_client */;
/*!40101 SET character_set_client = utf8 */;
CREATE TABLE `nectarcrm_role2profile` (
  `roleid` varchar(255) NOT NULL,
  `profileid` int(11) NOT NULL,
  PRIMARY KEY (`roleid`,`profileid`),
  KEY `role2profile_roleid_profileid_idx` (`roleid`,`profileid`)
) ENGINE=InnoDB DEFAULT CHARSET=utf8;
/*!40101 SET character_set_client = @saved_cs_client */;

--
-- Dumping data for table `nectarcrm_role2profile`
--

LOCK TABLES `nectarcrm_role2profile` WRITE;
/*!40000 ALTER TABLE `nectarcrm_role2profile` DISABLE KEYS */;
INSERT INTO `nectarcrm_role2profile` VALUES ('H2',1),('H3',2),('H4',2),('H7',6),('H8',7);
/*!40000 ALTER TABLE `nectarcrm_role2profile` ENABLE KEYS */;
UNLOCK TABLES;

--
-- Table structure for table `nectarcrm_role_seq`
--

DROP TABLE IF EXISTS `nectarcrm_role_seq`;
/*!40101 SET @saved_cs_client     = @@character_set_client */;
/*!40101 SET character_set_client = utf8 */;
CREATE TABLE `nectarcrm_role_seq` (
  `id` int(11) NOT NULL
) ENGINE=InnoDB DEFAULT CHARSET=utf8;
/*!40101 SET character_set_client = @saved_cs_client */;

--
-- Dumping data for table `nectarcrm_role_seq`
--

LOCK TABLES `nectarcrm_role_seq` WRITE;
/*!40000 ALTER TABLE `nectarcrm_role_seq` DISABLE KEYS */;
INSERT INTO `nectarcrm_role_seq` VALUES (8);
/*!40000 ALTER TABLE `nectarcrm_role_seq` ENABLE KEYS */;
UNLOCK TABLES;

--
-- Table structure for table `nectarcrm_rollupcomments_settings`
--

DROP TABLE IF EXISTS `nectarcrm_rollupcomments_settings`;
/*!40101 SET @saved_cs_client     = @@character_set_client */;
/*!40101 SET character_set_client = utf8 */;
CREATE TABLE `nectarcrm_rollupcomments_settings` (
  `rollupid` int(19) NOT NULL AUTO_INCREMENT,
  `userid` int(19) NOT NULL,
  `tabid` int(19) NOT NULL,
  `rollup_status` int(2) NOT NULL DEFAULT '0',
  PRIMARY KEY (`rollupid`)
) ENGINE=InnoDB AUTO_INCREMENT=2 DEFAULT CHARSET=utf8;
/*!40101 SET character_set_client = @saved_cs_client */;

--
-- Dumping data for table `nectarcrm_rollupcomments_settings`
--

LOCK TABLES `nectarcrm_rollupcomments_settings` WRITE;
/*!40000 ALTER TABLE `nectarcrm_rollupcomments_settings` DISABLE KEYS */;
INSERT INTO `nectarcrm_rollupcomments_settings` VALUES (1,1,4,0);
/*!40000 ALTER TABLE `nectarcrm_rollupcomments_settings` ENABLE KEYS */;
UNLOCK TABLES;

--
-- Table structure for table `nectarcrm_rowheight`
--

DROP TABLE IF EXISTS `nectarcrm_rowheight`;
/*!40101 SET @saved_cs_client     = @@character_set_client */;
/*!40101 SET character_set_client = utf8 */;
CREATE TABLE `nectarcrm_rowheight` (
  `rowheightid` int(11) NOT NULL AUTO_INCREMENT,
  `rowheight` varchar(200) NOT NULL,
  `sortorderid` int(11) DEFAULT NULL,
  `presence` int(11) NOT NULL DEFAULT '1',
  PRIMARY KEY (`rowheightid`)
) ENGINE=InnoDB AUTO_INCREMENT=4 DEFAULT CHARSET=utf8;
/*!40101 SET character_set_client = @saved_cs_client */;

--
-- Dumping data for table `nectarcrm_rowheight`
--

LOCK TABLES `nectarcrm_rowheight` WRITE;
/*!40000 ALTER TABLE `nectarcrm_rowheight` DISABLE KEYS */;
INSERT INTO `nectarcrm_rowheight` VALUES (1,'wide',0,1),(2,'medium',1,1),(3,'narrow',2,1);
/*!40000 ALTER TABLE `nectarcrm_rowheight` ENABLE KEYS */;
UNLOCK TABLES;

--
-- Table structure for table `nectarcrm_rowheight_seq`
--

DROP TABLE IF EXISTS `nectarcrm_rowheight_seq`;
/*!40101 SET @saved_cs_client     = @@character_set_client */;
/*!40101 SET character_set_client = utf8 */;
CREATE TABLE `nectarcrm_rowheight_seq` (
  `id` int(11) NOT NULL
) ENGINE=InnoDB DEFAULT CHARSET=utf8;
/*!40101 SET character_set_client = @saved_cs_client */;

--
-- Dumping data for table `nectarcrm_rowheight_seq`
--

LOCK TABLES `nectarcrm_rowheight_seq` WRITE;
/*!40000 ALTER TABLE `nectarcrm_rowheight_seq` DISABLE KEYS */;
INSERT INTO `nectarcrm_rowheight_seq` VALUES (3);
/*!40000 ALTER TABLE `nectarcrm_rowheight_seq` ENABLE KEYS */;
UNLOCK TABLES;

--
-- Table structure for table `nectarcrm_rss`
--

DROP TABLE IF EXISTS `nectarcrm_rss`;
/*!40101 SET @saved_cs_client     = @@character_set_client */;
/*!40101 SET character_set_client = utf8 */;
CREATE TABLE `nectarcrm_rss` (
  `rssid` int(19) NOT NULL,
  `rssurl` varchar(200) NOT NULL DEFAULT '',
  `rsstitle` varchar(200) DEFAULT NULL,
  `rsstype` int(10) DEFAULT '0',
  `starred` int(1) DEFAULT '0',
  PRIMARY KEY (`rssid`)
) ENGINE=InnoDB DEFAULT CHARSET=utf8;
/*!40101 SET character_set_client = @saved_cs_client */;

--
-- Dumping data for table `nectarcrm_rss`
--

LOCK TABLES `nectarcrm_rss` WRITE;
/*!40000 ALTER TABLE `nectarcrm_rss` DISABLE KEYS */;
/*!40000 ALTER TABLE `nectarcrm_rss` ENABLE KEYS */;
UNLOCK TABLES;

--
-- Table structure for table `nectarcrm_sales_stage`
--

DROP TABLE IF EXISTS `nectarcrm_sales_stage`;
/*!40101 SET @saved_cs_client     = @@character_set_client */;
/*!40101 SET character_set_client = utf8 */;
CREATE TABLE `nectarcrm_sales_stage` (
  `sales_stage_id` int(19) NOT NULL AUTO_INCREMENT,
  `sales_stage` varchar(200) DEFAULT NULL,
  `presence` int(1) NOT NULL DEFAULT '1',
  `picklist_valueid` int(19) NOT NULL DEFAULT '0',
  `sortorderid` int(11) DEFAULT NULL,
  `color` varchar(10) DEFAULT NULL,
  PRIMARY KEY (`sales_stage_id`)
) ENGINE=InnoDB AUTO_INCREMENT=11 DEFAULT CHARSET=utf8;
/*!40101 SET character_set_client = @saved_cs_client */;

--
-- Dumping data for table `nectarcrm_sales_stage`
--

LOCK TABLES `nectarcrm_sales_stage` WRITE;
/*!40000 ALTER TABLE `nectarcrm_sales_stage` DISABLE KEYS */;
INSERT INTO `nectarcrm_sales_stage` VALUES (1,'Prospecting',1,150,0,NULL),(2,'Qualification',1,151,1,NULL),(3,'Needs Analysis',1,152,2,NULL),(4,'Value Proposition',1,153,3,NULL),(5,'Id. Decision Makers',1,154,4,NULL),(6,'Perception Analysis',1,155,5,NULL),(7,'Proposal or Price Quote',1,156,6,NULL),(8,'Negotiation or Review',1,157,7,NULL),(9,'Closed Won',0,158,8,NULL),(10,'Closed Lost',0,159,9,NULL);
/*!40000 ALTER TABLE `nectarcrm_sales_stage` ENABLE KEYS */;
UNLOCK TABLES;

--
-- Table structure for table `nectarcrm_sales_stage_seq`
--

DROP TABLE IF EXISTS `nectarcrm_sales_stage_seq`;
/*!40101 SET @saved_cs_client     = @@character_set_client */;
/*!40101 SET character_set_client = utf8 */;
CREATE TABLE `nectarcrm_sales_stage_seq` (
  `id` int(11) NOT NULL
) ENGINE=InnoDB DEFAULT CHARSET=utf8;
/*!40101 SET character_set_client = @saved_cs_client */;

--
-- Dumping data for table `nectarcrm_sales_stage_seq`
--

LOCK TABLES `nectarcrm_sales_stage_seq` WRITE;
/*!40000 ALTER TABLE `nectarcrm_sales_stage_seq` DISABLE KEYS */;
INSERT INTO `nectarcrm_sales_stage_seq` VALUES (10);
/*!40000 ALTER TABLE `nectarcrm_sales_stage_seq` ENABLE KEYS */;
UNLOCK TABLES;

--
-- Table structure for table `nectarcrm_salesmanactivityrel`
--

DROP TABLE IF EXISTS `nectarcrm_salesmanactivityrel`;
/*!40101 SET @saved_cs_client     = @@character_set_client */;
/*!40101 SET character_set_client = utf8 */;
CREATE TABLE `nectarcrm_salesmanactivityrel` (
  `smid` int(19) NOT NULL DEFAULT '0',
  `activityid` int(19) NOT NULL DEFAULT '0',
  PRIMARY KEY (`smid`,`activityid`),
  KEY `salesmanactivityrel_activityid_idx` (`activityid`),
  KEY `salesmanactivityrel_smid_idx` (`smid`),
  CONSTRAINT `fk_2_nectarcrm_salesmanactivityrel` FOREIGN KEY (`smid`) REFERENCES `nectarcrm_users` (`id`) ON DELETE CASCADE
) ENGINE=InnoDB DEFAULT CHARSET=utf8;
/*!40101 SET character_set_client = @saved_cs_client */;

--
-- Dumping data for table `nectarcrm_salesmanactivityrel`
--

LOCK TABLES `nectarcrm_salesmanactivityrel` WRITE;
/*!40000 ALTER TABLE `nectarcrm_salesmanactivityrel` DISABLE KEYS */;
INSERT INTO `nectarcrm_salesmanactivityrel` VALUES (5,4),(5,5),(5,10),(1,11),(5,12),(5,13),(1,41),(1,42),(1,43),(1,75),(1,132),(1,133),(1,134),(1,135),(1,136),(1,137),(1,138),(1,139),(1,140),(1,141),(1,142),(1,143),(1,144),(1,145);
/*!40000 ALTER TABLE `nectarcrm_salesmanactivityrel` ENABLE KEYS */;
UNLOCK TABLES;

--
-- Table structure for table `nectarcrm_salesmanattachmentsrel`
--

DROP TABLE IF EXISTS `nectarcrm_salesmanattachmentsrel`;
/*!40101 SET @saved_cs_client     = @@character_set_client */;
/*!40101 SET character_set_client = utf8 */;
CREATE TABLE `nectarcrm_salesmanattachmentsrel` (
  `smid` int(19) NOT NULL DEFAULT '0',
  `attachmentsid` int(19) NOT NULL DEFAULT '0',
  PRIMARY KEY (`smid`,`attachmentsid`),
  KEY `salesmanattachmentsrel_smid_idx` (`smid`),
  KEY `salesmanattachmentsrel_attachmentsid_idx` (`attachmentsid`),
  CONSTRAINT `fk_2_nectarcrm_salesmanattachmentsrel` FOREIGN KEY (`attachmentsid`) REFERENCES `nectarcrm_attachments` (`attachmentsid`) ON DELETE CASCADE
) ENGINE=InnoDB DEFAULT CHARSET=utf8;
/*!40101 SET character_set_client = @saved_cs_client */;

--
-- Dumping data for table `nectarcrm_salesmanattachmentsrel`
--

LOCK TABLES `nectarcrm_salesmanattachmentsrel` WRITE;
/*!40000 ALTER TABLE `nectarcrm_salesmanattachmentsrel` DISABLE KEYS */;
/*!40000 ALTER TABLE `nectarcrm_salesmanattachmentsrel` ENABLE KEYS */;
UNLOCK TABLES;

--
-- Table structure for table `nectarcrm_salesmanticketrel`
--

DROP TABLE IF EXISTS `nectarcrm_salesmanticketrel`;
/*!40101 SET @saved_cs_client     = @@character_set_client */;
/*!40101 SET character_set_client = utf8 */;
CREATE TABLE `nectarcrm_salesmanticketrel` (
  `smid` int(19) NOT NULL DEFAULT '0',
  `id` int(19) NOT NULL DEFAULT '0',
  PRIMARY KEY (`smid`,`id`),
  KEY `salesmanticketrel_smid_idx` (`smid`),
  KEY `salesmanticketrel_id_idx` (`id`),
  CONSTRAINT `fk_2_nectarcrm_salesmanticketrel` FOREIGN KEY (`smid`) REFERENCES `nectarcrm_users` (`id`) ON DELETE CASCADE
) ENGINE=InnoDB DEFAULT CHARSET=utf8;
/*!40101 SET character_set_client = @saved_cs_client */;

--
-- Dumping data for table `nectarcrm_salesmanticketrel`
--

LOCK TABLES `nectarcrm_salesmanticketrel` WRITE;
/*!40000 ALTER TABLE `nectarcrm_salesmanticketrel` DISABLE KEYS */;
/*!40000 ALTER TABLE `nectarcrm_salesmanticketrel` ENABLE KEYS */;
UNLOCK TABLES;

--
-- Table structure for table `nectarcrm_salesorder`
--

DROP TABLE IF EXISTS `nectarcrm_salesorder`;
/*!40101 SET @saved_cs_client     = @@character_set_client */;
/*!40101 SET character_set_client = utf8 */;
CREATE TABLE `nectarcrm_salesorder` (
  `salesorderid` int(19) NOT NULL DEFAULT '0',
  `subject` varchar(100) DEFAULT NULL,
  `potentialid` int(19) DEFAULT NULL,
  `customerno` varchar(100) DEFAULT NULL,
  `salesorder_no` varchar(100) DEFAULT NULL,
  `quoteid` int(19) DEFAULT NULL,
  `vendorterms` varchar(100) DEFAULT NULL,
  `contactid` int(19) DEFAULT NULL,
  `vendorid` int(19) DEFAULT NULL,
  `duedate` date DEFAULT NULL,
  `carrier` varchar(200) DEFAULT NULL,
  `pending` varchar(200) DEFAULT NULL,
  `type` varchar(100) DEFAULT NULL,
  `adjustment` decimal(25,8) DEFAULT NULL,
  `salescommission` decimal(25,3) DEFAULT NULL,
  `exciseduty` decimal(25,3) DEFAULT NULL,
  `total` decimal(25,8) DEFAULT NULL,
  `subtotal` decimal(25,8) DEFAULT NULL,
  `taxtype` varchar(25) DEFAULT NULL,
  `discount_percent` decimal(25,3) DEFAULT NULL,
  `discount_amount` decimal(25,8) DEFAULT NULL,
  `s_h_amount` decimal(25,8) DEFAULT NULL,
  `accountid` int(19) DEFAULT NULL,
  `terms_conditions` text,
  `purchaseorder` varchar(200) DEFAULT NULL,
  `sostatus` varchar(200) DEFAULT NULL,
  `currency_id` int(19) NOT NULL DEFAULT '1',
  `conversion_rate` decimal(10,3) NOT NULL DEFAULT '1.000',
  `enable_recurring` int(11) DEFAULT '0',
  `compound_taxes_info` text,
  `pre_tax_total` decimal(25,8) DEFAULT NULL,
  `s_h_percent` int(11) DEFAULT NULL,
  `tags` varchar(1) DEFAULT NULL,
  `region_id` int(19) DEFAULT NULL,
  PRIMARY KEY (`salesorderid`),
  KEY `salesorder_vendorid_idx` (`vendorid`),
  KEY `salesorder_contactid_idx` (`contactid`),
  CONSTRAINT `fk_3_nectarcrm_salesorder` FOREIGN KEY (`vendorid`) REFERENCES `nectarcrm_vendor` (`vendorid`) ON DELETE CASCADE,
  CONSTRAINT `fk_crmid_nectarcrm_salesorder` FOREIGN KEY (`salesorderid`) REFERENCES `nectarcrm_crmentity` (`crmid`) ON DELETE CASCADE
) ENGINE=InnoDB DEFAULT CHARSET=utf8;
/*!40101 SET character_set_client = @saved_cs_client */;

--
-- Dumping data for table `nectarcrm_salesorder`
--

LOCK TABLES `nectarcrm_salesorder` WRITE;
/*!40000 ALTER TABLE `nectarcrm_salesorder` DISABLE KEYS */;
INSERT INTO `nectarcrm_salesorder` VALUES (93,'Hrms',64,'90','SO1',74,NULL,85,NULL,'2019-11-30','UPS','',NULL,0.00000000,0.000,0.000,53094.05000000,40000.00000000,'group',NULL,NULL,90.00000000,71,'- Unless otherwise agreed in writing by the supplier all invoices are payable within thirty (30) days of the date of invoice, in the currency of the invoice, drawn on a bank based in India or by such other method as is agreed in advance by the Supplier.\n\n - All prices are not inclusive of VAT which shall be payable in addition by the Customer at the applicable rate.','9090','Approved',1,1.000,1,'{\"4\":[\"2\"]}',40090.00000000,90,'',0),(107,'CRM',0,'','SO2',0,NULL,0,NULL,NULL,'','',NULL,0.00000000,0.000,0.000,53094.05000000,40000.00000000,'group',NULL,NULL,90.00000000,100,'- Unless otherwise agreed in writing by the supplier all invoices are payable within thirty (30) days of the date of invoice, in the currency of the invoice, drawn on a bank based in India or by such other method as is agreed in advance by the Supplier.\n\n - All prices are not inclusive of VAT which shall be payable in addition by the Customer at the applicable rate.','','Created',1,1.000,0,'{\"4\":[\"2\"]}',40090.00000000,90,'',0),(113,'Hrms',64,'90','SO3',101,NULL,72,NULL,'2019-11-30','UPS','',NULL,0.00000000,90.000,0.000,26594.05000000,20000.00000000,'group',NULL,NULL,90.00000000,71,'- Unless otherwise agreed in writing by the supplier all invoices are payable within thirty (30) days of the date of invoice, in the currency of the invoice, drawn on a bank based in India or by such other method as is agreed in advance by the Supplier.\n\n - All prices are not inclusive of VAT which shall be payable in addition by the Customer at the applicable rate.','9090','Created',1,1.000,1,'{\"4\":[\"2\"]}',20090.00000000,90,'',0),(118,'CRM',0,'','SO4',0,NULL,0,NULL,NULL,'','',NULL,0.00000000,0.000,0.000,26594.05000000,20000.00000000,'group',NULL,NULL,90.00000000,73,'- Unless otherwise agreed in writing by the supplier all invoices are payable within thirty (30) days of the date of invoice, in the currency of the invoice, drawn on a bank based in India or by such other method as is agreed in advance by the Supplier.\n\n - All prices are not inclusive of VAT which shall be payable in addition by the Customer at the applicable rate.','','Created',1,1.000,0,'{\"4\":[\"2\"]}',20090.00000000,90,'',0);
/*!40000 ALTER TABLE `nectarcrm_salesorder` ENABLE KEYS */;
UNLOCK TABLES;

--
-- Table structure for table `nectarcrm_salesordercf`
--

DROP TABLE IF EXISTS `nectarcrm_salesordercf`;
/*!40101 SET @saved_cs_client     = @@character_set_client */;
/*!40101 SET character_set_client = utf8 */;
CREATE TABLE `nectarcrm_salesordercf` (
  `salesorderid` int(19) NOT NULL DEFAULT '0',
  PRIMARY KEY (`salesorderid`),
  CONSTRAINT `fk_1_nectarcrm_salesordercf` FOREIGN KEY (`salesorderid`) REFERENCES `nectarcrm_salesorder` (`salesorderid`) ON DELETE CASCADE
) ENGINE=InnoDB DEFAULT CHARSET=utf8;
/*!40101 SET character_set_client = @saved_cs_client */;

--
-- Dumping data for table `nectarcrm_salesordercf`
--

LOCK TABLES `nectarcrm_salesordercf` WRITE;
/*!40000 ALTER TABLE `nectarcrm_salesordercf` DISABLE KEYS */;
INSERT INTO `nectarcrm_salesordercf` VALUES (93),(107),(113),(118);
/*!40000 ALTER TABLE `nectarcrm_salesordercf` ENABLE KEYS */;
UNLOCK TABLES;

--
-- Table structure for table `nectarcrm_salutationtype`
--

DROP TABLE IF EXISTS `nectarcrm_salutationtype`;
/*!40101 SET @saved_cs_client     = @@character_set_client */;
/*!40101 SET character_set_client = utf8 */;
CREATE TABLE `nectarcrm_salutationtype` (
  `salutationid` int(19) NOT NULL AUTO_INCREMENT,
  `salutationtype` varchar(200) NOT NULL,
  `presence` int(1) NOT NULL DEFAULT '1',
  `picklist_valueid` int(19) NOT NULL DEFAULT '0',
  `sortorderid` int(11) DEFAULT NULL,
  `color` varchar(10) DEFAULT NULL,
  PRIMARY KEY (`salutationid`)
) ENGINE=InnoDB AUTO_INCREMENT=13 DEFAULT CHARSET=utf8;
/*!40101 SET character_set_client = @saved_cs_client */;

--
-- Dumping data for table `nectarcrm_salutationtype`
--

LOCK TABLES `nectarcrm_salutationtype` WRITE;
/*!40000 ALTER TABLE `nectarcrm_salutationtype` DISABLE KEYS */;
INSERT INTO `nectarcrm_salutationtype` VALUES (2,'Mr.',1,161,1,NULL),(3,'Ms.',1,162,2,NULL),(4,'Mrs.',1,163,3,NULL),(5,'Dr.',1,164,4,NULL),(6,'Prof.',1,165,5,NULL),(7,'demo',1,306,1,NULL),(8,'Best',1,308,1,NULL),(9,'Nectardemo',1,311,1,NULL),(10,'nectar',1,314,1,NULL),(11,'Movicel',1,315,1,NULL),(12,'Traccar_Movicel',1,318,1,NULL);
/*!40000 ALTER TABLE `nectarcrm_salutationtype` ENABLE KEYS */;
UNLOCK TABLES;

--
-- Table structure for table `nectarcrm_salutationtype_seq`
--

DROP TABLE IF EXISTS `nectarcrm_salutationtype_seq`;
/*!40101 SET @saved_cs_client     = @@character_set_client */;
/*!40101 SET character_set_client = utf8 */;
CREATE TABLE `nectarcrm_salutationtype_seq` (
  `id` int(11) NOT NULL
) ENGINE=InnoDB DEFAULT CHARSET=utf8;
/*!40101 SET character_set_client = @saved_cs_client */;

--
-- Dumping data for table `nectarcrm_salutationtype_seq`
--

LOCK TABLES `nectarcrm_salutationtype_seq` WRITE;
/*!40000 ALTER TABLE `nectarcrm_salutationtype_seq` DISABLE KEYS */;
INSERT INTO `nectarcrm_salutationtype_seq` VALUES (12);
/*!40000 ALTER TABLE `nectarcrm_salutationtype_seq` ENABLE KEYS */;
UNLOCK TABLES;

--
-- Table structure for table `nectarcrm_scheduled_reports`
--

DROP TABLE IF EXISTS `nectarcrm_scheduled_reports`;
/*!40101 SET @saved_cs_client     = @@character_set_client */;
/*!40101 SET character_set_client = utf8 */;
CREATE TABLE `nectarcrm_scheduled_reports` (
  `reportid` int(11) NOT NULL,
  `recipients` text,
  `schedule` text,
  `format` varchar(10) DEFAULT NULL,
  `next_trigger_time` timestamp NOT NULL DEFAULT CURRENT_TIMESTAMP ON UPDATE CURRENT_TIMESTAMP,
  PRIMARY KEY (`reportid`)
) ENGINE=InnoDB DEFAULT CHARSET=utf8;
/*!40101 SET character_set_client = @saved_cs_client */;

--
-- Dumping data for table `nectarcrm_scheduled_reports`
--

LOCK TABLES `nectarcrm_scheduled_reports` WRITE;
/*!40000 ALTER TABLE `nectarcrm_scheduled_reports` DISABLE KEYS */;
/*!40000 ALTER TABLE `nectarcrm_scheduled_reports` ENABLE KEYS */;
UNLOCK TABLES;

--
-- Table structure for table `nectarcrm_schedulereports`
--

DROP TABLE IF EXISTS `nectarcrm_schedulereports`;
/*!40101 SET @saved_cs_client     = @@character_set_client */;
/*!40101 SET character_set_client = utf8 */;
CREATE TABLE `nectarcrm_schedulereports` (
  `reportid` int(10) DEFAULT NULL,
  `scheduleid` int(3) DEFAULT NULL,
  `recipients` text,
  `schdate` varchar(20) DEFAULT NULL,
  `schtime` time DEFAULT NULL,
  `schdayoftheweek` varchar(100) DEFAULT NULL,
  `schdayofthemonth` varchar(100) DEFAULT NULL,
  `schannualdates` varchar(500) DEFAULT NULL,
  `specificemails` varchar(500) DEFAULT NULL,
  `next_trigger_time` timestamp NOT NULL DEFAULT CURRENT_TIMESTAMP,
  `fileformat` varchar(10) DEFAULT 'CSV'
) ENGINE=InnoDB DEFAULT CHARSET=utf8;
/*!40101 SET character_set_client = @saved_cs_client */;

--
-- Dumping data for table `nectarcrm_schedulereports`
--

LOCK TABLES `nectarcrm_schedulereports` WRITE;
/*!40000 ALTER TABLE `nectarcrm_schedulereports` DISABLE KEYS */;
/*!40000 ALTER TABLE `nectarcrm_schedulereports` ENABLE KEYS */;
UNLOCK TABLES;

--
-- Table structure for table `nectarcrm_seactivityrel`
--

DROP TABLE IF EXISTS `nectarcrm_seactivityrel`;
/*!40101 SET @saved_cs_client     = @@character_set_client */;
/*!40101 SET character_set_client = utf8 */;
CREATE TABLE `nectarcrm_seactivityrel` (
  `crmid` int(19) NOT NULL,
  `activityid` int(19) NOT NULL,
  PRIMARY KEY (`crmid`,`activityid`),
  KEY `seactivityrel_activityid_idx` (`activityid`),
  KEY `seactivityrel_crmid_idx` (`crmid`),
  CONSTRAINT `fk_2_nectarcrm_seactivityrel` FOREIGN KEY (`crmid`) REFERENCES `nectarcrm_crmentity` (`crmid`) ON DELETE CASCADE
) ENGINE=InnoDB DEFAULT CHARSET=utf8;
/*!40101 SET character_set_client = @saved_cs_client */;

--
-- Dumping data for table `nectarcrm_seactivityrel`
--

LOCK TABLES `nectarcrm_seactivityrel` WRITE;
/*!40000 ALTER TABLE `nectarcrm_seactivityrel` DISABLE KEYS */;
INSERT INTO `nectarcrm_seactivityrel` VALUES (7,4),(7,5),(39,44),(72,77);
/*!40000 ALTER TABLE `nectarcrm_seactivityrel` ENABLE KEYS */;
UNLOCK TABLES;

--
-- Table structure for table `nectarcrm_seactivityrel_seq`
--

DROP TABLE IF EXISTS `nectarcrm_seactivityrel_seq`;
/*!40101 SET @saved_cs_client     = @@character_set_client */;
/*!40101 SET character_set_client = utf8 */;
CREATE TABLE `nectarcrm_seactivityrel_seq` (
  `id` int(11) NOT NULL
) ENGINE=InnoDB DEFAULT CHARSET=utf8;
/*!40101 SET character_set_client = @saved_cs_client */;

--
-- Dumping data for table `nectarcrm_seactivityrel_seq`
--

LOCK TABLES `nectarcrm_seactivityrel_seq` WRITE;
/*!40000 ALTER TABLE `nectarcrm_seactivityrel_seq` DISABLE KEYS */;
INSERT INTO `nectarcrm_seactivityrel_seq` VALUES (1);
/*!40000 ALTER TABLE `nectarcrm_seactivityrel_seq` ENABLE KEYS */;
UNLOCK TABLES;

--
-- Table structure for table `nectarcrm_seattachmentsrel`
--

DROP TABLE IF EXISTS `nectarcrm_seattachmentsrel`;
/*!40101 SET @saved_cs_client     = @@character_set_client */;
/*!40101 SET character_set_client = utf8 */;
CREATE TABLE `nectarcrm_seattachmentsrel` (
  `crmid` int(19) NOT NULL DEFAULT '0',
  `attachmentsid` int(19) NOT NULL DEFAULT '0',
  PRIMARY KEY (`crmid`,`attachmentsid`),
  KEY `seattachmentsrel_attachmentsid_idx` (`attachmentsid`),
  KEY `seattachmentsrel_crmid_idx` (`crmid`),
  KEY `seattachmentsrel_attachmentsid_crmid_idx` (`attachmentsid`,`crmid`),
  CONSTRAINT `fk_2_nectarcrm_seattachmentsrel` FOREIGN KEY (`crmid`) REFERENCES `nectarcrm_crmentity` (`crmid`) ON DELETE CASCADE
) ENGINE=InnoDB DEFAULT CHARSET=utf8;
/*!40101 SET character_set_client = @saved_cs_client */;

--
-- Dumping data for table `nectarcrm_seattachmentsrel`
--

LOCK TABLES `nectarcrm_seattachmentsrel` WRITE;
/*!40000 ALTER TABLE `nectarcrm_seattachmentsrel` DISABLE KEYS */;
INSERT INTO `nectarcrm_seattachmentsrel` VALUES (22,23),(24,25),(44,45),(46,47),(60,61),(21,66),(77,78),(77,79),(88,89),(105,106);
/*!40000 ALTER TABLE `nectarcrm_seattachmentsrel` ENABLE KEYS */;
UNLOCK TABLES;

--
-- Table structure for table `nectarcrm_selectcolumn`
--

DROP TABLE IF EXISTS `nectarcrm_selectcolumn`;
/*!40101 SET @saved_cs_client     = @@character_set_client */;
/*!40101 SET character_set_client = utf8 */;
CREATE TABLE `nectarcrm_selectcolumn` (
  `queryid` int(19) NOT NULL,
  `columnindex` int(11) NOT NULL DEFAULT '0',
  `columnname` varchar(250) DEFAULT '',
  PRIMARY KEY (`queryid`,`columnindex`),
  KEY `selectcolumn_queryid_idx` (`queryid`),
  CONSTRAINT `fk_1_nectarcrm_selectcolumn` FOREIGN KEY (`queryid`) REFERENCES `nectarcrm_selectquery` (`queryid`) ON DELETE CASCADE
) ENGINE=InnoDB DEFAULT CHARSET=utf8;
/*!40101 SET character_set_client = @saved_cs_client */;

--
-- Dumping data for table `nectarcrm_selectcolumn`
--

LOCK TABLES `nectarcrm_selectcolumn` WRITE;
/*!40000 ALTER TABLE `nectarcrm_selectcolumn` DISABLE KEYS */;
INSERT INTO `nectarcrm_selectcolumn` VALUES (1,0,'nectarcrm_contactdetails:firstname:Contacts_First_Name:firstname:V'),(1,1,'nectarcrm_contactdetails:lastname:Contacts_Last_Name:lastname:V'),(1,2,'nectarcrm_contactsubdetails:leadsource:Contacts_Lead_Source:leadsource:V'),(1,3,'nectarcrm_contactdetails:accountid:Contacts_Account_Name:account_id:V'),(1,4,'nectarcrm_account:industry:Accounts_industry:industry:V'),(1,5,'nectarcrm_contactdetails:email:Contacts_Email:email:E'),(2,0,'nectarcrm_contactdetails:firstname:Contacts_First_Name:firstname:V'),(2,1,'nectarcrm_contactdetails:lastname:Contacts_Last_Name:lastname:V'),(2,2,'nectarcrm_contactsubdetails:leadsource:Contacts_Lead_Source:leadsource:V'),(2,3,'nectarcrm_contactdetails:accountid:Contacts_Account_Name:account_id:V'),(2,4,'nectarcrm_account:industry:Accounts_industry:industry:V'),(2,5,'nectarcrm_contactdetails:email:Contacts_Email:email:E'),(3,0,'nectarcrm_contactdetails:firstname:Contacts_First_Name:firstname:V'),(3,1,'nectarcrm_contactdetails:lastname:Contacts_Last_Name:lastname:V'),(3,2,'nectarcrm_contactdetails:accountid:Contacts_Account_Name:account_id:V'),(3,3,'nectarcrm_contactdetails:email:Contacts_Email:email:E'),(3,4,'nectarcrm_potential:potentialname:Potentials_Potential_Name:potentialname:V'),(3,5,'nectarcrm_potential:sales_stage:Potentials_Sales_Stage:sales_stage:V'),(4,0,'nectarcrm_leaddetails:firstname:Leads_First_Name:firstname:V'),(4,1,'nectarcrm_leaddetails:lastname:Leads_Last_Name:lastname:V'),(4,2,'nectarcrm_leaddetails:company:Leads_Company:company:V'),(4,3,'nectarcrm_leaddetails:email:Leads_Email:email:E'),(4,4,'nectarcrm_leaddetails:leadsource:Leads_Lead_Source:leadsource:V'),(5,0,'nectarcrm_leaddetails:firstname:Leads_First_Name:firstname:V'),(5,1,'nectarcrm_leaddetails:lastname:Leads_Last_Name:lastname:V'),(5,2,'nectarcrm_leaddetails:company:Leads_Company:company:V'),(5,3,'nectarcrm_leaddetails:email:Leads_Email:email:E'),(5,4,'nectarcrm_leaddetails:leadsource:Leads_Lead_Source:leadsource:V'),(5,5,'nectarcrm_leaddetails:leadstatus:Leads_Lead_Status:leadstatus:V'),(6,0,'nectarcrm_potential:potentialname:Potentials_Potential_Name:potentialname:V'),(6,1,'nectarcrm_potential:amount:Potentials_Amount:amount:N'),(6,2,'nectarcrm_potential:potentialtype:Potentials_Type:opportunity_type:V'),(6,3,'nectarcrm_potential:leadsource:Potentials_Lead_Source:leadsource:V'),(6,4,'nectarcrm_potential:sales_stage:Potentials_Sales_Stage:sales_stage:V'),(7,0,'nectarcrm_potential:potentialname:Potentials_Potential_Name:potentialname:V'),(7,1,'nectarcrm_potential:amount:Potentials_Amount:amount:N'),(7,2,'nectarcrm_potential:potentialtype:Potentials_Type:opportunity_type:V'),(7,3,'nectarcrm_potential:leadsource:Potentials_Lead_Source:leadsource:V'),(7,4,'nectarcrm_potential:sales_stage:Potentials_Sales_Stage:sales_stage:V'),(8,0,'nectarcrm_activity:subject:Calendar_Subject:subject:V'),(8,1,'nectarcrm_contactdetailsCalendar:lastname:Calendar_Contact_Name:contact_id:I'),(8,2,'nectarcrm_activity:status:Calendar_Status:taskstatus:V'),(8,3,'nectarcrm_activity:priority:Calendar_Priority:taskpriority:V'),(8,4,'nectarcrm_usersCalendar:user_name:Calendar_Assigned_To:assigned_user_id:V'),(9,0,'nectarcrm_activity:subject:Calendar_Subject:subject:V'),(9,1,'nectarcrm_contactdetailsCalendar:lastname:Calendar_Contact_Name:contact_id:I'),(9,2,'nectarcrm_activity:status:Calendar_Status:taskstatus:V'),(9,3,'nectarcrm_activity:priority:Calendar_Priority:taskpriority:V'),(9,4,'nectarcrm_usersCalendar:user_name:Calendar_Assigned_To:assigned_user_id:V'),(10,0,'nectarcrm_troubletickets:title:HelpDesk_Title:ticket_title:V'),(10,1,'nectarcrm_troubletickets:status:HelpDesk_Status:ticketstatus:V'),(10,2,'nectarcrm_products:productname:Products_Product_Name:productname:V'),(10,3,'nectarcrm_products:discontinued:Products_Product_Active:discontinued:V'),(10,4,'nectarcrm_products:productcategory:Products_Product_Category:productcategory:V'),(10,5,'nectarcrm_products:manufacturer:Products_Manufacturer:manufacturer:V'),(11,0,'nectarcrm_troubletickets:title:HelpDesk_Title:ticket_title:V'),(11,1,'nectarcrm_troubletickets:priority:HelpDesk_Priority:ticketpriorities:V'),(11,2,'nectarcrm_troubletickets:severity:HelpDesk_Severity:ticketseverities:V'),(11,3,'nectarcrm_troubletickets:status:HelpDesk_Status:ticketstatus:V'),(11,4,'nectarcrm_troubletickets:category:HelpDesk_Category:ticketcategories:V'),(11,5,'nectarcrm_usersHelpDesk:user_name:HelpDesk_Assigned_To:assigned_user_id:V'),(12,0,'nectarcrm_troubletickets:title:HelpDesk_Title:ticket_title:V'),(12,1,'nectarcrm_troubletickets:priority:HelpDesk_Priority:ticketpriorities:V'),(12,2,'nectarcrm_troubletickets:severity:HelpDesk_Severity:ticketseverities:V'),(12,3,'nectarcrm_troubletickets:status:HelpDesk_Status:ticketstatus:V'),(12,4,'nectarcrm_troubletickets:category:HelpDesk_Category:ticketcategories:V'),(12,5,'nectarcrm_usersHelpDesk:user_name:HelpDesk_Assigned_To:assigned_user_id:V'),(13,0,'nectarcrm_products:productname:Products_Product_Name:productname:V'),(13,1,'nectarcrm_products:productcode:Products_Product_Code:productcode:V'),(13,2,'nectarcrm_products:discontinued:Products_Product_Active:discontinued:V'),(13,3,'nectarcrm_products:productcategory:Products_Product_Category:productcategory:V'),(13,4,'nectarcrm_products:website:Products_Website:website:V'),(13,5,'nectarcrm_vendorRelProducts:vendorname:Products_Vendor_Name:vendor_id:I'),(13,6,'nectarcrm_products:mfr_part_no:Products_Mfr_PartNo:mfr_part_no:V'),(14,0,'nectarcrm_products:productname:Products_Product_Name:productname:V'),(14,1,'nectarcrm_products:manufacturer:Products_Manufacturer:manufacturer:V'),(14,2,'nectarcrm_products:productcategory:Products_Product_Category:productcategory:V'),(14,3,'nectarcrm_contactdetails:firstname:Contacts_First_Name:firstname:V'),(14,4,'nectarcrm_contactdetails:lastname:Contacts_Last_Name:lastname:V'),(14,5,'nectarcrm_contactsubdetails:leadsource:Contacts_Lead_Source:leadsource:V'),(15,0,'nectarcrm_quotes:subject:Quotes_Subject:subject:V'),(15,1,'nectarcrm_potentialRelQuotes:potentialname:Quotes_Potential_Name:potential_id:I'),(15,2,'nectarcrm_quotes:quotestage:Quotes_Quote_Stage:quotestage:V'),(15,3,'nectarcrm_quotes:contactid:Quotes_Contact_Name:contact_id:V'),(15,4,'nectarcrm_usersRel1:user_name:Quotes_Inventory_Manager:assigned_user_id1:I'),(15,5,'nectarcrm_accountQuotes:accountname:Quotes_Account_Name:account_id:I'),(16,0,'nectarcrm_quotes:subject:Quotes_Subject:subject:V'),(16,1,'nectarcrm_potentialRelQuotes:potentialname:Quotes_Potential_Name:potential_id:I'),(16,2,'nectarcrm_quotes:quotestage:Quotes_Quote_Stage:quotestage:V'),(16,3,'nectarcrm_quotes:contactid:Quotes_Contact_Name:contact_id:V'),(16,4,'nectarcrm_usersRel1:user_name:Quotes_Inventory_Manager:assigned_user_id1:I'),(16,5,'nectarcrm_accountQuotes:accountname:Quotes_Account_Name:account_id:I'),(16,6,'nectarcrm_quotes:carrier:Quotes_Carrier:carrier:V'),(16,7,'nectarcrm_quotes:shipping:Quotes_Shipping:shipping:V'),(17,0,'nectarcrm_purchaseorder:subject:PurchaseOrder_Subject:subject:V'),(17,1,'nectarcrm_vendorRelPurchaseOrder:vendorname:PurchaseOrder_Vendor_Name:vendor_id:I'),(17,2,'nectarcrm_purchaseorder:tracking_no:PurchaseOrder_Tracking_Number:tracking_no:V'),(17,3,'nectarcrm_contactdetails:firstname:Contacts_First_Name:firstname:V'),(17,4,'nectarcrm_contactdetails:lastname:Contacts_Last_Name:lastname:V'),(17,5,'nectarcrm_contactsubdetails:leadsource:Contacts_Lead_Source:leadsource:V'),(17,6,'nectarcrm_contactdetails:email:Contacts_Email:email:E'),(18,0,'nectarcrm_purchaseorder:subject:PurchaseOrder_Subject:subject:V'),(18,1,'nectarcrm_vendorRelPurchaseOrder:vendorname:PurchaseOrder_Vendor_Name:vendor_id:I'),(18,2,'nectarcrm_purchaseorder:requisition_no:PurchaseOrder_Requisition_No:requisition_no:V'),(18,3,'nectarcrm_purchaseorder:tracking_no:PurchaseOrder_Tracking_Number:tracking_no:V'),(18,4,'nectarcrm_contactdetailsPurchaseOrder:lastname:PurchaseOrder_Contact_Name:contact_id:I'),(18,5,'nectarcrm_purchaseorder:carrier:PurchaseOrder_Carrier:carrier:V'),(18,6,'nectarcrm_purchaseorder:salescommission:PurchaseOrder_Sales_Commission:salescommission:N'),(18,7,'nectarcrm_purchaseorder:exciseduty:PurchaseOrder_Excise_Duty:exciseduty:N'),(18,8,'nectarcrm_usersPurchaseOrder:user_name:PurchaseOrder_Assigned_To:assigned_user_id:V'),(19,0,'nectarcrm_invoice:subject:Invoice_Subject:subject:V'),(19,1,'nectarcrm_invoice:salesorderid:Invoice_Sales_Order:salesorder_id:I'),(19,2,'nectarcrm_invoice:customerno:Invoice_Customer_No:customerno:V'),(19,3,'nectarcrm_invoice:exciseduty:Invoice_Excise_Duty:exciseduty:N'),(19,4,'nectarcrm_invoice:salescommission:Invoice_Sales_Commission:salescommission:N'),(19,5,'nectarcrm_accountInvoice:accountname:Invoice_Account_Name:account_id:I'),(20,0,'nectarcrm_salesorder:subject:SalesOrder_Subject:subject:V'),(20,1,'nectarcrm_quotesSalesOrder:subject:SalesOrder_Quote_Name:quote_id:I'),(20,2,'nectarcrm_contactdetailsSalesOrder:lastname:SalesOrder_Contact_Name:contact_id:I'),(20,3,'nectarcrm_salesorder:duedate:SalesOrder_Due_Date:duedate:D'),(20,4,'nectarcrm_salesorder:carrier:SalesOrder_Carrier:carrier:V'),(20,5,'nectarcrm_salesorder:sostatus:SalesOrder_Status:sostatus:V'),(20,6,'nectarcrm_accountSalesOrder:accountname:SalesOrder_Account_Name:account_id:I'),(20,7,'nectarcrm_salesorder:salescommission:SalesOrder_Sales_Commission:salescommission:N'),(20,8,'nectarcrm_salesorder:exciseduty:SalesOrder_Excise_Duty:exciseduty:N'),(20,9,'nectarcrm_usersSalesOrder:user_name:SalesOrder_Assigned_To:assigned_user_id:V'),(21,0,'nectarcrm_campaign:campaignname:Campaigns_Campaign_Name:campaignname:V'),(21,1,'nectarcrm_campaign:campaigntype:Campaigns_Campaign_Type:campaigntype:V'),(21,2,'nectarcrm_campaign:targetaudience:Campaigns_Target_Audience:targetaudience:V'),(21,3,'nectarcrm_campaign:budgetcost:Campaigns_Budget_Cost:budgetcost:I'),(21,4,'nectarcrm_campaign:actualcost:Campaigns_Actual_Cost:actualcost:I'),(21,5,'nectarcrm_campaign:expectedrevenue:Campaigns_Expected_Revenue:expectedrevenue:I'),(21,6,'nectarcrm_campaign:expectedsalescount:Campaigns_Expected_Sales_Count:expectedsalescount:N'),(21,7,'nectarcrm_campaign:actualsalescount:Campaigns_Actual_Sales_Count:actualsalescount:N'),(21,8,'nectarcrm_usersCampaigns:user_name:Campaigns_Assigned_To:assigned_user_id:V'),(22,0,'nectarcrm_contactdetails:lastname:Contacts_Last_Name:lastname:V'),(22,1,'nectarcrm_contactdetails:email:Contacts_Email:email:E'),(22,2,'nectarcrm_activity:subject:Emails_Subject:subject:V'),(22,3,'nectarcrm_email_track:access_count:Emails_Access_Count:access_count:V'),(23,0,'nectarcrm_account:accountname:Accounts_Account_Name:accountname:V'),(23,1,'nectarcrm_account:phone:Accounts_Phone:phone:V'),(23,2,'nectarcrm_account:email1:Accounts_Email:email1:E'),(23,3,'nectarcrm_activity:subject:Emails_Subject:subject:V'),(23,4,'nectarcrm_email_track:access_count:Emails_Access_Count:access_count:V'),(24,0,'nectarcrm_leaddetails:lastname:Leads_Last_Name:lastname:V'),(24,1,'nectarcrm_leaddetails:company:Leads_Company:company:V'),(24,2,'nectarcrm_leaddetails:email:Leads_Email:email:E'),(24,3,'nectarcrm_activity:subject:Emails_Subject:subject:V'),(24,4,'nectarcrm_email_track:access_count:Emails_Access_Count:access_count:V'),(25,0,'nectarcrm_vendor:vendorname:Vendors_Vendor_Name:vendorname:V'),(25,1,'nectarcrm_vendor:glacct:Vendors_GL_Account:glacct:V'),(25,2,'nectarcrm_vendor:email:Vendors_Email:email:E'),(25,3,'nectarcrm_activity:subject:Emails_Subject:subject:V'),(25,4,'nectarcrm_email_track:access_count:Emails_Access_Count:access_count:V');
/*!40000 ALTER TABLE `nectarcrm_selectcolumn` ENABLE KEYS */;
UNLOCK TABLES;

--
-- Table structure for table `nectarcrm_selectquery`
--

DROP TABLE IF EXISTS `nectarcrm_selectquery`;
/*!40101 SET @saved_cs_client     = @@character_set_client */;
/*!40101 SET character_set_client = utf8 */;
CREATE TABLE `nectarcrm_selectquery` (
  `queryid` int(19) NOT NULL,
  `startindex` int(19) DEFAULT '0',
  `numofobjects` int(19) DEFAULT '0',
  PRIMARY KEY (`queryid`),
  KEY `selectquery_queryid_idx` (`queryid`)
) ENGINE=InnoDB DEFAULT CHARSET=utf8;
/*!40101 SET character_set_client = @saved_cs_client */;

--
-- Dumping data for table `nectarcrm_selectquery`
--

LOCK TABLES `nectarcrm_selectquery` WRITE;
/*!40000 ALTER TABLE `nectarcrm_selectquery` DISABLE KEYS */;
INSERT INTO `nectarcrm_selectquery` VALUES (1,0,0),(2,0,0),(3,0,0),(4,0,0),(5,0,0),(6,0,0),(7,0,0),(8,0,0),(9,0,0),(10,0,0),(11,0,0),(12,0,0),(13,0,0),(14,0,0),(15,0,0),(16,0,0),(17,0,0),(18,0,0),(19,0,0),(20,0,0),(21,0,0),(22,0,0),(23,0,0),(24,0,0),(25,0,0);
/*!40000 ALTER TABLE `nectarcrm_selectquery` ENABLE KEYS */;
UNLOCK TABLES;

--
-- Table structure for table `nectarcrm_selectquery_seq`
--

DROP TABLE IF EXISTS `nectarcrm_selectquery_seq`;
/*!40101 SET @saved_cs_client     = @@character_set_client */;
/*!40101 SET character_set_client = utf8 */;
CREATE TABLE `nectarcrm_selectquery_seq` (
  `id` int(11) NOT NULL
) ENGINE=InnoDB DEFAULT CHARSET=utf8;
/*!40101 SET character_set_client = @saved_cs_client */;

--
-- Dumping data for table `nectarcrm_selectquery_seq`
--

LOCK TABLES `nectarcrm_selectquery_seq` WRITE;
/*!40000 ALTER TABLE `nectarcrm_selectquery_seq` DISABLE KEYS */;
INSERT INTO `nectarcrm_selectquery_seq` VALUES (25);
/*!40000 ALTER TABLE `nectarcrm_selectquery_seq` ENABLE KEYS */;
UNLOCK TABLES;

--
-- Table structure for table `nectarcrm_senotesrel`
--

DROP TABLE IF EXISTS `nectarcrm_senotesrel`;
/*!40101 SET @saved_cs_client     = @@character_set_client */;
/*!40101 SET character_set_client = utf8 */;
CREATE TABLE `nectarcrm_senotesrel` (
  `crmid` int(19) NOT NULL DEFAULT '0',
  `notesid` int(19) NOT NULL DEFAULT '0',
  PRIMARY KEY (`crmid`,`notesid`),
  KEY `senotesrel_notesid_idx` (`notesid`),
  KEY `senotesrel_crmid_idx` (`crmid`),
  CONSTRAINT `fk1_crmid` FOREIGN KEY (`crmid`) REFERENCES `nectarcrm_crmentity` (`crmid`) ON DELETE CASCADE,
  CONSTRAINT `fk_2_nectarcrm_senotesrel` FOREIGN KEY (`notesid`) REFERENCES `nectarcrm_notes` (`notesid`) ON DELETE CASCADE
) ENGINE=InnoDB DEFAULT CHARSET=utf8;
/*!40101 SET character_set_client = @saved_cs_client */;

--
-- Dumping data for table `nectarcrm_senotesrel`
--

LOCK TABLES `nectarcrm_senotesrel` WRITE;
/*!40000 ALTER TABLE `nectarcrm_senotesrel` DISABLE KEYS */;
INSERT INTO `nectarcrm_senotesrel` VALUES (18,24),(88,24),(98,105),(109,105);
/*!40000 ALTER TABLE `nectarcrm_senotesrel` ENABLE KEYS */;
UNLOCK TABLES;

--
-- Table structure for table `nectarcrm_seproductsrel`
--

DROP TABLE IF EXISTS `nectarcrm_seproductsrel`;
/*!40101 SET @saved_cs_client     = @@character_set_client */;
/*!40101 SET character_set_client = utf8 */;
CREATE TABLE `nectarcrm_seproductsrel` (
  `crmid` int(19) NOT NULL DEFAULT '0',
  `productid` int(19) NOT NULL DEFAULT '0',
  `setype` varchar(30) NOT NULL,
  `quantity` int(19) DEFAULT '1',
  PRIMARY KEY (`crmid`,`productid`),
  KEY `seproductsrel_productid_idx` (`productid`),
  KEY `seproductrel_crmid_idx` (`crmid`),
  CONSTRAINT `fk_2_nectarcrm_seproductsrel` FOREIGN KEY (`productid`) REFERENCES `nectarcrm_products` (`productid`) ON DELETE CASCADE
) ENGINE=InnoDB DEFAULT CHARSET=utf8;
/*!40101 SET character_set_client = @saved_cs_client */;

--
-- Dumping data for table `nectarcrm_seproductsrel`
--

LOCK TABLES `nectarcrm_seproductsrel` WRITE;
/*!40000 ALTER TABLE `nectarcrm_seproductsrel` DISABLE KEYS */;
INSERT INTO `nectarcrm_seproductsrel` VALUES (33,109,'Accounts',1),(36,88,'Accounts',1),(52,109,'Leads',1),(53,88,'Leads',1),(62,88,'Contacts',1),(64,65,'Potentials',1),(64,88,'Potentials',1),(70,109,'Contacts',1),(97,88,'Products',1);
/*!40000 ALTER TABLE `nectarcrm_seproductsrel` ENABLE KEYS */;
UNLOCK TABLES;

--
-- Table structure for table `nectarcrm_service`
--

DROP TABLE IF EXISTS `nectarcrm_service`;
/*!40101 SET @saved_cs_client     = @@character_set_client */;
/*!40101 SET character_set_client = utf8 */;
CREATE TABLE `nectarcrm_service` (
  `serviceid` int(11) NOT NULL,
  `service_no` varchar(100) NOT NULL,
  `servicename` varchar(50) NOT NULL,
  `servicecategory` varchar(200) DEFAULT NULL,
  `qty_per_unit` decimal(11,2) DEFAULT '0.00',
  `unit_price` decimal(25,8) DEFAULT NULL,
  `sales_start_date` date DEFAULT NULL,
  `sales_end_date` date DEFAULT NULL,
  `start_date` date DEFAULT NULL,
  `expiry_date` date DEFAULT NULL,
  `discontinued` int(1) NOT NULL DEFAULT '0',
  `service_usageunit` varchar(200) DEFAULT NULL,
  `website` varchar(100) DEFAULT NULL,
  `taxclass` varchar(200) DEFAULT NULL,
  `currency_id` int(19) NOT NULL DEFAULT '1',
  `commissionrate` decimal(7,3) DEFAULT NULL,
  `tags` varchar(1) DEFAULT NULL,
  `purchase_cost` decimal(27,8) DEFAULT NULL,
  PRIMARY KEY (`serviceid`),
  CONSTRAINT `fk_1_nectarcrm_service` FOREIGN KEY (`serviceid`) REFERENCES `nectarcrm_crmentity` (`crmid`) ON DELETE CASCADE
) ENGINE=InnoDB DEFAULT CHARSET=utf8;
/*!40101 SET character_set_client = @saved_cs_client */;

--
-- Dumping data for table `nectarcrm_service`
--

LOCK TABLES `nectarcrm_service` WRITE;
/*!40000 ALTER TABLE `nectarcrm_service` DISABLE KEYS */;
INSERT INTO `nectarcrm_service` VALUES (98,'SER1','Maintenance','Support',2.00,20000.00000000,'2019-11-23','2019-11-30','2019-11-30','2019-11-30',1,'Hours','nectarinfotel.com','',1,2.000,'',0.00000000),(116,'SER2','Support','',2.00,20000.00000000,'2019-11-30','2019-11-30','2019-11-30','2019-11-30',1,'Hours','nectarinfotel.com','',1,2.000,'',9.00000000);
/*!40000 ALTER TABLE `nectarcrm_service` ENABLE KEYS */;
UNLOCK TABLES;

--
-- Table structure for table `nectarcrm_service_usageunit`
--

DROP TABLE IF EXISTS `nectarcrm_service_usageunit`;
/*!40101 SET @saved_cs_client     = @@character_set_client */;
/*!40101 SET character_set_client = utf8 */;
CREATE TABLE `nectarcrm_service_usageunit` (
  `service_usageunitid` int(11) NOT NULL AUTO_INCREMENT,
  `service_usageunit` varchar(200) NOT NULL,
  `presence` int(1) NOT NULL DEFAULT '1',
  `picklist_valueid` int(11) NOT NULL DEFAULT '0',
  `sortorderid` int(11) DEFAULT '0',
  `color` varchar(10) DEFAULT NULL,
  PRIMARY KEY (`service_usageunitid`)
) ENGINE=InnoDB AUTO_INCREMENT=4 DEFAULT CHARSET=utf8;
/*!40101 SET character_set_client = @saved_cs_client */;

--
-- Dumping data for table `nectarcrm_service_usageunit`
--

LOCK TABLES `nectarcrm_service_usageunit` WRITE;
/*!40000 ALTER TABLE `nectarcrm_service_usageunit` DISABLE KEYS */;
INSERT INTO `nectarcrm_service_usageunit` VALUES (1,'Hours',1,210,1,NULL),(2,'Days',1,211,2,NULL),(3,'Incidents',1,212,3,NULL);
/*!40000 ALTER TABLE `nectarcrm_service_usageunit` ENABLE KEYS */;
UNLOCK TABLES;

--
-- Table structure for table `nectarcrm_service_usageunit_seq`
--

DROP TABLE IF EXISTS `nectarcrm_service_usageunit_seq`;
/*!40101 SET @saved_cs_client     = @@character_set_client */;
/*!40101 SET character_set_client = utf8 */;
CREATE TABLE `nectarcrm_service_usageunit_seq` (
  `id` int(11) NOT NULL
) ENGINE=InnoDB DEFAULT CHARSET=utf8;
/*!40101 SET character_set_client = @saved_cs_client */;

--
-- Dumping data for table `nectarcrm_service_usageunit_seq`
--

LOCK TABLES `nectarcrm_service_usageunit_seq` WRITE;
/*!40000 ALTER TABLE `nectarcrm_service_usageunit_seq` DISABLE KEYS */;
INSERT INTO `nectarcrm_service_usageunit_seq` VALUES (3);
/*!40000 ALTER TABLE `nectarcrm_service_usageunit_seq` ENABLE KEYS */;
UNLOCK TABLES;

--
-- Table structure for table `nectarcrm_servicecategory`
--

DROP TABLE IF EXISTS `nectarcrm_servicecategory`;
/*!40101 SET @saved_cs_client     = @@character_set_client */;
/*!40101 SET character_set_client = utf8 */;
CREATE TABLE `nectarcrm_servicecategory` (
  `servicecategoryid` int(11) NOT NULL AUTO_INCREMENT,
  `servicecategory` varchar(200) NOT NULL,
  `presence` int(1) NOT NULL DEFAULT '1',
  `picklist_valueid` int(11) NOT NULL DEFAULT '0',
  `sortorderid` int(11) DEFAULT '0',
  `color` varchar(10) DEFAULT NULL,
  PRIMARY KEY (`servicecategoryid`)
) ENGINE=InnoDB AUTO_INCREMENT=7 DEFAULT CHARSET=utf8;
/*!40101 SET character_set_client = @saved_cs_client */;

--
-- Dumping data for table `nectarcrm_servicecategory`
--

LOCK TABLES `nectarcrm_servicecategory` WRITE;
/*!40000 ALTER TABLE `nectarcrm_servicecategory` DISABLE KEYS */;
INSERT INTO `nectarcrm_servicecategory` VALUES (2,'Support',1,214,2,NULL),(3,'Installation',1,215,3,NULL),(4,'Migration',1,216,4,NULL),(5,'Customization',1,217,5,NULL),(6,'Training',1,218,6,NULL);
/*!40000 ALTER TABLE `nectarcrm_servicecategory` ENABLE KEYS */;
UNLOCK TABLES;

--
-- Table structure for table `nectarcrm_servicecategory_seq`
--

DROP TABLE IF EXISTS `nectarcrm_servicecategory_seq`;
/*!40101 SET @saved_cs_client     = @@character_set_client */;
/*!40101 SET character_set_client = utf8 */;
CREATE TABLE `nectarcrm_servicecategory_seq` (
  `id` int(11) NOT NULL
) ENGINE=InnoDB DEFAULT CHARSET=utf8;
/*!40101 SET character_set_client = @saved_cs_client */;

--
-- Dumping data for table `nectarcrm_servicecategory_seq`
--

LOCK TABLES `nectarcrm_servicecategory_seq` WRITE;
/*!40000 ALTER TABLE `nectarcrm_servicecategory_seq` DISABLE KEYS */;
INSERT INTO `nectarcrm_servicecategory_seq` VALUES (6);
/*!40000 ALTER TABLE `nectarcrm_servicecategory_seq` ENABLE KEYS */;
UNLOCK TABLES;

--
-- Table structure for table `nectarcrm_servicecf`
--

DROP TABLE IF EXISTS `nectarcrm_servicecf`;
/*!40101 SET @saved_cs_client     = @@character_set_client */;
/*!40101 SET character_set_client = utf8 */;
CREATE TABLE `nectarcrm_servicecf` (
  `serviceid` int(19) NOT NULL DEFAULT '0',
  PRIMARY KEY (`serviceid`),
  CONSTRAINT `fk_serviceid_nectarcrm_servicecf` FOREIGN KEY (`serviceid`) REFERENCES `nectarcrm_service` (`serviceid`) ON DELETE CASCADE
) ENGINE=InnoDB DEFAULT CHARSET=utf8;
/*!40101 SET character_set_client = @saved_cs_client */;

--
-- Dumping data for table `nectarcrm_servicecf`
--

LOCK TABLES `nectarcrm_servicecf` WRITE;
/*!40000 ALTER TABLE `nectarcrm_servicecf` DISABLE KEYS */;
INSERT INTO `nectarcrm_servicecf` VALUES (98),(116);
/*!40000 ALTER TABLE `nectarcrm_servicecf` ENABLE KEYS */;
UNLOCK TABLES;

--
-- Table structure for table `nectarcrm_servicecontracts`
--

DROP TABLE IF EXISTS `nectarcrm_servicecontracts`;
/*!40101 SET @saved_cs_client     = @@character_set_client */;
/*!40101 SET character_set_client = utf8 */;
CREATE TABLE `nectarcrm_servicecontracts` (
  `servicecontractsid` int(11) DEFAULT NULL,
  `start_date` date DEFAULT NULL,
  `end_date` date DEFAULT NULL,
  `sc_related_to` int(11) DEFAULT NULL,
  `tracking_unit` varchar(100) DEFAULT NULL,
  `total_units` decimal(5,2) DEFAULT NULL,
  `used_units` decimal(5,2) DEFAULT NULL,
  `subject` varchar(100) DEFAULT NULL,
  `due_date` date DEFAULT NULL,
  `planned_duration` varchar(256) DEFAULT NULL,
  `actual_duration` varchar(256) DEFAULT NULL,
  `contract_status` varchar(200) DEFAULT NULL,
  `priority` varchar(200) DEFAULT NULL,
  `contract_type` varchar(200) DEFAULT NULL,
  `progress` decimal(5,2) DEFAULT NULL,
  `contract_no` varchar(100) DEFAULT NULL,
  `tags` varchar(1) DEFAULT NULL,
  KEY `fk_crmid_nectarcrm_servicecontracts` (`servicecontractsid`),
  CONSTRAINT `fk_crmid_nectarcrm_servicecontracts` FOREIGN KEY (`servicecontractsid`) REFERENCES `nectarcrm_crmentity` (`crmid`) ON DELETE CASCADE
) ENGINE=InnoDB DEFAULT CHARSET=utf8;
/*!40101 SET character_set_client = @saved_cs_client */;

--
-- Dumping data for table `nectarcrm_servicecontracts`
--

LOCK TABLES `nectarcrm_servicecontracts` WRITE;
/*!40000 ALTER TABLE `nectarcrm_servicecontracts` DISABLE KEYS */;
INSERT INTO `nectarcrm_servicecontracts` VALUES (122,NULL,NULL,72,'Days',0.00,0.00,'Hrms',NULL,'','','','','',NULL,'SERCON1','');
/*!40000 ALTER TABLE `nectarcrm_servicecontracts` ENABLE KEYS */;
UNLOCK TABLES;

--
-- Table structure for table `nectarcrm_servicecontractscf`
--

DROP TABLE IF EXISTS `nectarcrm_servicecontractscf`;
/*!40101 SET @saved_cs_client     = @@character_set_client */;
/*!40101 SET character_set_client = utf8 */;
CREATE TABLE `nectarcrm_servicecontractscf` (
  `servicecontractsid` int(11) NOT NULL,
  PRIMARY KEY (`servicecontractsid`),
  CONSTRAINT `fk_servicecontractsid_nectarcrm_servicecontractscf` FOREIGN KEY (`servicecontractsid`) REFERENCES `nectarcrm_servicecontracts` (`servicecontractsid`) ON DELETE CASCADE
) ENGINE=InnoDB DEFAULT CHARSET=utf8;
/*!40101 SET character_set_client = @saved_cs_client */;

--
-- Dumping data for table `nectarcrm_servicecontractscf`
--

LOCK TABLES `nectarcrm_servicecontractscf` WRITE;
/*!40000 ALTER TABLE `nectarcrm_servicecontractscf` DISABLE KEYS */;
INSERT INTO `nectarcrm_servicecontractscf` VALUES (122);
/*!40000 ALTER TABLE `nectarcrm_servicecontractscf` ENABLE KEYS */;
UNLOCK TABLES;

--
-- Table structure for table `nectarcrm_seticketsrel`
--

DROP TABLE IF EXISTS `nectarcrm_seticketsrel`;
/*!40101 SET @saved_cs_client     = @@character_set_client */;
/*!40101 SET character_set_client = utf8 */;
CREATE TABLE `nectarcrm_seticketsrel` (
  `crmid` int(19) NOT NULL DEFAULT '0',
  `ticketid` int(19) NOT NULL DEFAULT '0',
  PRIMARY KEY (`crmid`,`ticketid`),
  KEY `seticketsrel_crmid_idx` (`crmid`),
  KEY `seticketsrel_ticketid_idx` (`ticketid`),
  CONSTRAINT `fk_2_nectarcrm_seticketsrel` FOREIGN KEY (`ticketid`) REFERENCES `nectarcrm_troubletickets` (`ticketid`) ON DELETE CASCADE
) ENGINE=InnoDB DEFAULT CHARSET=utf8;
/*!40101 SET character_set_client = @saved_cs_client */;

--
-- Dumping data for table `nectarcrm_seticketsrel`
--

LOCK TABLES `nectarcrm_seticketsrel` WRITE;
/*!40000 ALTER TABLE `nectarcrm_seticketsrel` DISABLE KEYS */;
/*!40000 ALTER TABLE `nectarcrm_seticketsrel` ENABLE KEYS */;
UNLOCK TABLES;

--
-- Table structure for table `nectarcrm_settings_blocks`
--

DROP TABLE IF EXISTS `nectarcrm_settings_blocks`;
/*!40101 SET @saved_cs_client     = @@character_set_client */;
/*!40101 SET character_set_client = utf8 */;
CREATE TABLE `nectarcrm_settings_blocks` (
  `blockid` int(19) NOT NULL,
  `label` varchar(250) DEFAULT NULL,
  `sequence` int(19) DEFAULT NULL,
  PRIMARY KEY (`blockid`)
) ENGINE=InnoDB DEFAULT CHARSET=utf8;
/*!40101 SET character_set_client = @saved_cs_client */;

--
-- Dumping data for table `nectarcrm_settings_blocks`
--

LOCK TABLES `nectarcrm_settings_blocks` WRITE;
/*!40000 ALTER TABLE `nectarcrm_settings_blocks` DISABLE KEYS */;
INSERT INTO `nectarcrm_settings_blocks` VALUES (1,'LBL_USER_MANAGEMENT',1),(4,'LBL_OTHER_SETTINGS',10),(5,'LBL_MODULE_MANAGER',2),(6,'LBL_INTEGRATION',8),(7,'LBL_AUTOMATION',3),(8,'LBL_CONFIGURATION',4),(9,'LBL_MARKETING_SALES',5),(10,'LBL_INVENTORY',6),(11,'LBL_MY_PREFERENCES',7),(12,'LBL_EXTENSIONS',9);
/*!40000 ALTER TABLE `nectarcrm_settings_blocks` ENABLE KEYS */;
UNLOCK TABLES;

--
-- Table structure for table `nectarcrm_settings_blocks_seq`
--

DROP TABLE IF EXISTS `nectarcrm_settings_blocks_seq`;
/*!40101 SET @saved_cs_client     = @@character_set_client */;
/*!40101 SET character_set_client = utf8 */;
CREATE TABLE `nectarcrm_settings_blocks_seq` (
  `id` int(11) NOT NULL
) ENGINE=InnoDB DEFAULT CHARSET=utf8;
/*!40101 SET character_set_client = @saved_cs_client */;

--
-- Dumping data for table `nectarcrm_settings_blocks_seq`
--

LOCK TABLES `nectarcrm_settings_blocks_seq` WRITE;
/*!40000 ALTER TABLE `nectarcrm_settings_blocks_seq` DISABLE KEYS */;
INSERT INTO `nectarcrm_settings_blocks_seq` VALUES (12);
/*!40000 ALTER TABLE `nectarcrm_settings_blocks_seq` ENABLE KEYS */;
UNLOCK TABLES;

--
-- Table structure for table `nectarcrm_settings_field`
--

DROP TABLE IF EXISTS `nectarcrm_settings_field`;
/*!40101 SET @saved_cs_client     = @@character_set_client */;
/*!40101 SET character_set_client = utf8 */;
CREATE TABLE `nectarcrm_settings_field` (
  `fieldid` int(19) NOT NULL,
  `blockid` int(19) DEFAULT NULL,
  `name` varchar(250) DEFAULT NULL,
  `iconpath` varchar(300) DEFAULT NULL,
  `description` text,
  `linkto` text,
  `sequence` int(19) DEFAULT NULL,
  `active` int(19) DEFAULT '0',
  `pinned` int(1) DEFAULT '0',
  PRIMARY KEY (`fieldid`),
  KEY `fk_1_nectarcrm_settings_field` (`blockid`),
  CONSTRAINT `fk_1_nectarcrm_settings_field` FOREIGN KEY (`blockid`) REFERENCES `nectarcrm_settings_blocks` (`blockid`) ON DELETE CASCADE
) ENGINE=InnoDB DEFAULT CHARSET=utf8;
/*!40101 SET character_set_client = @saved_cs_client */;

--
-- Dumping data for table `nectarcrm_settings_field`
--

LOCK TABLES `nectarcrm_settings_field` WRITE;
/*!40000 ALTER TABLE `nectarcrm_settings_field` DISABLE KEYS */;
INSERT INTO `nectarcrm_settings_field` VALUES (1,1,'LBL_USERS','ico-users.gif','LBL_USER_DESCRIPTION','index.php?module=Users&parent=Settings&view=List',1,0,1),(2,1,'LBL_ROLES','ico-roles.gif','LBL_ROLE_DESCRIPTION','index.php?module=Roles&parent=Settings&view=Index',2,0,0),(3,1,'LBL_PROFILES','ico-profile.gif','LBL_PROFILE_DESCRIPTION','index.php?module=Profiles&parent=Settings&view=List',3,0,0),(4,1,'USERGROUPLIST','ico-groups.gif','LBL_GROUP_DESCRIPTION','index.php?module=Groups&parent=Settings&view=List',5,0,0),(5,1,'LBL_SHARING_ACCESS','shareaccess.gif','LBL_SHARING_ACCESS_DESCRIPTION','index.php?module=SharingAccess&parent=Settings&view=Index',4,0,0),(7,1,'LBL_LOGIN_HISTORY_DETAILS','set-IcoLoginHistory.gif','LBL_LOGIN_HISTORY_DESCRIPTION','index.php?module=LoginHistory&parent=Settings&view=List',6,0,0),(8,5,'VTLIB_LBL_MODULE_MANAGER','vtlib_modmng.gif','VTLIB_LBL_MODULE_MANAGER_DESCRIPTION','index.php?module=ModuleManager&parent=Settings&view=List',1,0,1),(9,8,'LBL_PICKLIST_EDITOR','picklist.gif','LBL_PICKLIST_DESCRIPTION','index.php?parent=Settings&module=Picklist&view=Index',6,0,1),(10,8,'LBL_PICKLIST_DEPENDENCY','picklistdependency.gif','LBL_PICKLIST_DEPENDENCY_DESCRIPTION','index.php?parent=Settings&module=PickListDependency&view=List',7,0,0),(11,8,'LBL_MENU_EDITOR','menueditor.png','LBL_MENU_DESC','index.php?module=MenuEditor&parent=Settings&view=Index',8,0,0),(14,8,'LBL_COMPANY_DETAILS','company.gif','LBL_COMPANY_DESCRIPTION','index.php?parent=Settings&module=nectarcrm&view=CompanyDetails',1,0,0),(15,8,'LBL_MAIL_SERVER_SETTINGS','ogmailserver.gif','LBL_MAIL_SERVER_DESCRIPTION','index.php?parent=Settings&module=nectarcrm&view=OutgoingServerDetail',4,0,0),(16,8,'LBL_CURRENCY_SETTINGS','currency.gif','LBL_CURRENCY_DESCRIPTION','index.php?parent=Settings&module=Currency&view=List',3,0,0),(17,10,'LBL_TAX_SETTINGS','taxConfiguration.gif','LBL_TAX_DESCRIPTION','index.php?module=nectarcrm&parent=Settings&view=TaxIndex',1,0,0),(18,4,'LBL_SYSTEM_INFO','system.gif','LBL_SYSTEM_DESCRIPTION','index.php?module=Settings&submodule=Server&view=ProxyConfig',6,1,0),(20,4,'LBL_DEFAULT_MODULE_VIEW','set-IcoTwoTabConfig.gif','LBL_DEFAULT_MODULE_VIEW_DESC','index.php?module=Settings&action=DefModuleView&parenttab=Settings',2,0,0),(21,10,'INVENTORYTERMSANDCONDITIONS','terms.gif','LBL_INV_TANDC_DESCRIPTION','index.php?parent=Settings&module=nectarcrm&view=TermsAndConditionsEdit',2,0,0),(22,5,'LBL_CUSTOMIZE_MODENT_NUMBER','settingsInvNumber.gif','LBL_CUSTOMIZE_MODENT_NUMBER_DESCRIPTION','index.php?module=nectarcrm&parent=Settings&view=CustomRecordNumbering',4,0,0),(23,4,'LBL_MAIL_SCANNER','mailScanner.gif','LBL_MAIL_SCANNER_DESCRIPTION','index.php?parent=Settings&module=MailConverter&view=List',5,0,0),(24,7,'LBL_LIST_WORKFLOWS','settingsWorkflow.png','LBL_LIST_WORKFLOWS_DESCRIPTION','index.php?module=Workflows&parent=Settings&view=List',3,0,1),(25,8,'Configuration Editor','migrate.gif','LBL_CONFIG_EDITOR_DESCRIPTION','index.php?module=nectarcrm&parent=Settings&view=ConfigEditorDetail',5,0,0),(26,7,'Scheduler','Cron.png','Allows you to Configure Cron Task','index.php?module=CronTasks&parent=Settings&view=List',2,0,0),(28,6,'LBL_PBXMANAGER','','PBXManager module Configuration','index.php?module=PBXManager&parent=Settings&view=Index',2,0,0),(29,4,'ModTracker','set-IcoLoginHistory.gif','LBL_MODTRACKER_DESCRIPTION','index.php?module=ModTracker&action=BasicSettings&parenttab=Settings&formodule=ModTracker',9,0,0),(30,7,'Webforms','modules/Webforms/img/Webform.png','LBL_WEBFORMS_DESCRIPTION','index.php?module=Webforms&parent=Settings&view=List',1,0,0),(31,8,'LBL_CUSTOMER_PORTAL','portal_icon.png','PORTAL_EXTENSION_DESCRIPTION','index.php?module=CustomerPortal&parent=Settings&view=Index',2,0,0),(32,5,'LBL_EDIT_FIELDS','','LBL_LAYOUT_EDITOR_DESCRIPTION','index.php?module=LayoutEditor&parent=Settings&view=Index',2,0,0),(33,9,'LBL_LEAD_MAPPING','NULL','NULL','index.php?parent=Settings&module=Leads&view=MappingDetail',1,0,1),(34,9,'LBL_OPPORTUNITY_MAPPING','NULL','NULL','index.php?parent=Settings&module=Potentials&view=MappingDetail',2,0,1),(35,11,'My Preferences','NULL','NULL','index.php?module=Users&view=PreferenceDetail&parent=Settings&record=1',1,0,1),(36,11,'Calendar Settings','NULL','NULL','index.php?module=Users&parent=Settings&view=Calendar&record=1',2,0,1),(37,11,'LBL_MY_TAGS','NULL','NULL','index.php?module=Tags&parent=Settings&view=List&record=1',3,0,1),(38,12,'LBL_EXTENSION_STORE','NULL','NULL','index.php?module=ExtensionStore&parent=Settings&view=ExtensionStore',1,0,1),(39,12,'LBL_GOOGLE','NULL','NULL','index.php?module=Contacts&parent=Settings&view=Extension&extensionModule=Google&extensionView=Index&mode=settings',2,0,1);
/*!40000 ALTER TABLE `nectarcrm_settings_field` ENABLE KEYS */;
UNLOCK TABLES;

--
-- Table structure for table `nectarcrm_settings_field_seq`
--

DROP TABLE IF EXISTS `nectarcrm_settings_field_seq`;
/*!40101 SET @saved_cs_client     = @@character_set_client */;
/*!40101 SET character_set_client = utf8 */;
CREATE TABLE `nectarcrm_settings_field_seq` (
  `id` int(11) NOT NULL
) ENGINE=InnoDB DEFAULT CHARSET=utf8;
/*!40101 SET character_set_client = @saved_cs_client */;

--
-- Dumping data for table `nectarcrm_settings_field_seq`
--

LOCK TABLES `nectarcrm_settings_field_seq` WRITE;
/*!40000 ALTER TABLE `nectarcrm_settings_field_seq` DISABLE KEYS */;
INSERT INTO `nectarcrm_settings_field_seq` VALUES (39);
/*!40000 ALTER TABLE `nectarcrm_settings_field_seq` ENABLE KEYS */;
UNLOCK TABLES;

--
-- Table structure for table `nectarcrm_sharedcalendar`
--

DROP TABLE IF EXISTS `nectarcrm_sharedcalendar`;
/*!40101 SET @saved_cs_client     = @@character_set_client */;
/*!40101 SET character_set_client = utf8 */;
CREATE TABLE `nectarcrm_sharedcalendar` (
  `userid` int(19) NOT NULL,
  `sharedid` int(19) NOT NULL,
  PRIMARY KEY (`userid`,`sharedid`)
) ENGINE=InnoDB DEFAULT CHARSET=utf8;
/*!40101 SET character_set_client = @saved_cs_client */;

--
-- Dumping data for table `nectarcrm_sharedcalendar`
--

LOCK TABLES `nectarcrm_sharedcalendar` WRITE;
/*!40000 ALTER TABLE `nectarcrm_sharedcalendar` DISABLE KEYS */;
/*!40000 ALTER TABLE `nectarcrm_sharedcalendar` ENABLE KEYS */;
UNLOCK TABLES;

--
-- Table structure for table `nectarcrm_shareduserinfo`
--

DROP TABLE IF EXISTS `nectarcrm_shareduserinfo`;
/*!40101 SET @saved_cs_client     = @@character_set_client */;
/*!40101 SET character_set_client = utf8 */;
CREATE TABLE `nectarcrm_shareduserinfo` (
  `userid` int(19) NOT NULL DEFAULT '0',
  `shareduserid` int(19) NOT NULL DEFAULT '0',
  `color` varchar(50) DEFAULT NULL,
  `visible` int(19) DEFAULT '1'
) ENGINE=InnoDB DEFAULT CHARSET=utf8;
/*!40101 SET character_set_client = @saved_cs_client */;

--
-- Dumping data for table `nectarcrm_shareduserinfo`
--

LOCK TABLES `nectarcrm_shareduserinfo` WRITE;
/*!40000 ALTER TABLE `nectarcrm_shareduserinfo` DISABLE KEYS */;
/*!40000 ALTER TABLE `nectarcrm_shareduserinfo` ENABLE KEYS */;
UNLOCK TABLES;

--
-- Table structure for table `nectarcrm_shippingtaxinfo`
--

DROP TABLE IF EXISTS `nectarcrm_shippingtaxinfo`;
/*!40101 SET @saved_cs_client     = @@character_set_client */;
/*!40101 SET character_set_client = utf8 */;
CREATE TABLE `nectarcrm_shippingtaxinfo` (
  `taxid` int(3) NOT NULL,
  `taxname` varchar(50) DEFAULT NULL,
  `taxlabel` varchar(50) DEFAULT NULL,
  `percentage` decimal(7,3) DEFAULT NULL,
  `deleted` int(1) DEFAULT NULL,
  `method` varchar(10) DEFAULT NULL,
  `type` varchar(10) DEFAULT NULL,
  `compoundon` varchar(400) DEFAULT NULL,
  `regions` text,
  PRIMARY KEY (`taxid`),
  KEY `shippingtaxinfo_taxname_idx` (`taxname`)
) ENGINE=InnoDB DEFAULT CHARSET=utf8;
/*!40101 SET character_set_client = @saved_cs_client */;

--
-- Dumping data for table `nectarcrm_shippingtaxinfo`
--

LOCK TABLES `nectarcrm_shippingtaxinfo` WRITE;
/*!40000 ALTER TABLE `nectarcrm_shippingtaxinfo` DISABLE KEYS */;
INSERT INTO `nectarcrm_shippingtaxinfo` VALUES (1,'shtax1','VAT',4.500,0,'Simple','Fixed','[]','[]'),(2,'shtax2','Sales',10.000,0,'Simple','Fixed','[]','[]'),(3,'shtax3','Service',12.500,0,'Simple','Fixed','[]','[]'),(4,'shtax4','SGST',71.000,0,'Simple','Fixed','[]','[]');
/*!40000 ALTER TABLE `nectarcrm_shippingtaxinfo` ENABLE KEYS */;
UNLOCK TABLES;

--
-- Table structure for table `nectarcrm_shippingtaxinfo_seq`
--

DROP TABLE IF EXISTS `nectarcrm_shippingtaxinfo_seq`;
/*!40101 SET @saved_cs_client     = @@character_set_client */;
/*!40101 SET character_set_client = utf8 */;
CREATE TABLE `nectarcrm_shippingtaxinfo_seq` (
  `id` int(11) NOT NULL
) ENGINE=InnoDB DEFAULT CHARSET=utf8;
/*!40101 SET character_set_client = @saved_cs_client */;

--
-- Dumping data for table `nectarcrm_shippingtaxinfo_seq`
--

LOCK TABLES `nectarcrm_shippingtaxinfo_seq` WRITE;
/*!40000 ALTER TABLE `nectarcrm_shippingtaxinfo_seq` DISABLE KEYS */;
INSERT INTO `nectarcrm_shippingtaxinfo_seq` VALUES (4);
/*!40000 ALTER TABLE `nectarcrm_shippingtaxinfo_seq` ENABLE KEYS */;
UNLOCK TABLES;

--
-- Table structure for table `nectarcrm_shorturls`
--

DROP TABLE IF EXISTS `nectarcrm_shorturls`;
/*!40101 SET @saved_cs_client     = @@character_set_client */;
/*!40101 SET character_set_client = utf8 */;
CREATE TABLE `nectarcrm_shorturls` (
  `id` int(11) NOT NULL AUTO_INCREMENT,
  `uid` varchar(50) DEFAULT NULL,
  `handler_path` varchar(400) DEFAULT NULL,
  `handler_class` varchar(100) DEFAULT NULL,
  `handler_function` varchar(100) DEFAULT NULL,
  `handler_data` varchar(255) DEFAULT NULL,
  `onetime` int(5) DEFAULT NULL,
  PRIMARY KEY (`id`),
  KEY `uid` (`uid`)
) ENGINE=InnoDB AUTO_INCREMENT=8 DEFAULT CHARSET=utf8;
/*!40101 SET character_set_client = @saved_cs_client */;

--
-- Dumping data for table `nectarcrm_shorturls`
--

LOCK TABLES `nectarcrm_shorturls` WRITE;
/*!40000 ALTER TABLE `nectarcrm_shorturls` DISABLE KEYS */;
INSERT INTO `nectarcrm_shorturls` VALUES (1,'5b7e54058e4929.78391284','modules/Users/handlers/ForgotPassword.php','Users_ForgotPassword_Handler','changePassword','{\"username\":\"Bhaskar\",\"email\":\"bhaskar.v@nectarinfotel.com\",\"time\":1535005701,\"hash\":\"8f684d1d6039df679bb2b4451f69fdd5\"}',0),(2,'5b7fd253550276.15503460','modules/Emails/handlers/ViewInBrowser.php','Emails_ViewInBrowser_Handler','viewInBrowser','{\"emailId\":10,\"parentModule\":\"Users\"}',0),(3,'5b7fd2670fc7c8.56914801','modules/Emails/handlers/ViewInBrowser.php','Emails_ViewInBrowser_Handler','viewInBrowser','{\"emailId\":11,\"parentModule\":\"Users\"}',0),(4,'5b7fd289606bf1.01888001','modules/Emails/handlers/ViewInBrowser.php','Emails_ViewInBrowser_Handler','viewInBrowser','{\"emailId\":12,\"parentModule\":\"Users\"}',0),(5,'5b7fd299212346.30140068','modules/Emails/handlers/ViewInBrowser.php','Emails_ViewInBrowser_Handler','viewInBrowser','{\"emailId\":13,\"parentModule\":\"Users\"}',0),(6,'5dd267bf3261d8.09044445','modules/Emails/handlers/ViewInBrowser.php','Emails_ViewInBrowser_Handler','viewInBrowser','{\"emailId\":44,\"parentModule\":\"Leads\"}',0),(7,'5dd3ac053b9ea5.61805699','modules/Emails/handlers/ViewInBrowser.php','Emails_ViewInBrowser_Handler','viewInBrowser','{\"emailId\":77,\"parentModule\":\"Contacts\"}',0);
/*!40000 ALTER TABLE `nectarcrm_shorturls` ENABLE KEYS */;
UNLOCK TABLES;

--
-- Table structure for table `nectarcrm_smsnotifier`
--

DROP TABLE IF EXISTS `nectarcrm_smsnotifier`;
/*!40101 SET @saved_cs_client     = @@character_set_client */;
/*!40101 SET character_set_client = utf8 */;
CREATE TABLE `nectarcrm_smsnotifier` (
  `smsnotifierid` int(19) NOT NULL,
  `message` text,
  `status` varchar(100) DEFAULT NULL,
  PRIMARY KEY (`smsnotifierid`),
  CONSTRAINT `fk_crmid_nectarcrm_smsnotifier` FOREIGN KEY (`smsnotifierid`) REFERENCES `nectarcrm_crmentity` (`crmid`) ON DELETE CASCADE
) ENGINE=InnoDB DEFAULT CHARSET=utf8;
/*!40101 SET character_set_client = @saved_cs_client */;

--
-- Dumping data for table `nectarcrm_smsnotifier`
--

LOCK TABLES `nectarcrm_smsnotifier` WRITE;
/*!40000 ALTER TABLE `nectarcrm_smsnotifier` DISABLE KEYS */;
/*!40000 ALTER TABLE `nectarcrm_smsnotifier` ENABLE KEYS */;
UNLOCK TABLES;

--
-- Table structure for table `nectarcrm_smsnotifier_servers`
--

DROP TABLE IF EXISTS `nectarcrm_smsnotifier_servers`;
/*!40101 SET @saved_cs_client     = @@character_set_client */;
/*!40101 SET character_set_client = utf8 */;
CREATE TABLE `nectarcrm_smsnotifier_servers` (
  `id` int(11) NOT NULL AUTO_INCREMENT,
  `password` varchar(255) DEFAULT NULL,
  `isactive` int(1) DEFAULT NULL,
  `providertype` varchar(50) DEFAULT NULL,
  `username` varchar(255) DEFAULT NULL,
  `parameters` text,
  PRIMARY KEY (`id`)
) ENGINE=InnoDB DEFAULT CHARSET=utf8;
/*!40101 SET character_set_client = @saved_cs_client */;

--
-- Dumping data for table `nectarcrm_smsnotifier_servers`
--

LOCK TABLES `nectarcrm_smsnotifier_servers` WRITE;
/*!40000 ALTER TABLE `nectarcrm_smsnotifier_servers` DISABLE KEYS */;
/*!40000 ALTER TABLE `nectarcrm_smsnotifier_servers` ENABLE KEYS */;
UNLOCK TABLES;

--
-- Table structure for table `nectarcrm_smsnotifier_status`
--

DROP TABLE IF EXISTS `nectarcrm_smsnotifier_status`;
/*!40101 SET @saved_cs_client     = @@character_set_client */;
/*!40101 SET character_set_client = utf8 */;
CREATE TABLE `nectarcrm_smsnotifier_status` (
  `smsnotifierid` int(19) DEFAULT NULL,
  `tonumber` varchar(20) DEFAULT NULL,
  `status` varchar(10) DEFAULT NULL,
  `smsmessageid` varchar(50) DEFAULT NULL,
  `needlookup` int(1) DEFAULT '1',
  `statusid` int(11) NOT NULL AUTO_INCREMENT,
  `statusmessage` varchar(100) DEFAULT NULL,
  PRIMARY KEY (`statusid`)
) ENGINE=InnoDB DEFAULT CHARSET=utf8;
/*!40101 SET character_set_client = @saved_cs_client */;

--
-- Dumping data for table `nectarcrm_smsnotifier_status`
--

LOCK TABLES `nectarcrm_smsnotifier_status` WRITE;
/*!40000 ALTER TABLE `nectarcrm_smsnotifier_status` DISABLE KEYS */;
/*!40000 ALTER TABLE `nectarcrm_smsnotifier_status` ENABLE KEYS */;
UNLOCK TABLES;

--
-- Table structure for table `nectarcrm_smsnotifiercf`
--

DROP TABLE IF EXISTS `nectarcrm_smsnotifiercf`;
/*!40101 SET @saved_cs_client     = @@character_set_client */;
/*!40101 SET character_set_client = utf8 */;
CREATE TABLE `nectarcrm_smsnotifiercf` (
  `smsnotifierid` int(19) NOT NULL,
  PRIMARY KEY (`smsnotifierid`),
  CONSTRAINT `fk_smsnotifierid_nectarcrm_smsnotifiercf` FOREIGN KEY (`smsnotifierid`) REFERENCES `nectarcrm_smsnotifier` (`smsnotifierid`) ON DELETE CASCADE
) ENGINE=InnoDB DEFAULT CHARSET=utf8;
/*!40101 SET character_set_client = @saved_cs_client */;

--
-- Dumping data for table `nectarcrm_smsnotifiercf`
--

LOCK TABLES `nectarcrm_smsnotifiercf` WRITE;
/*!40000 ALTER TABLE `nectarcrm_smsnotifiercf` DISABLE KEYS */;
/*!40000 ALTER TABLE `nectarcrm_smsnotifiercf` ENABLE KEYS */;
UNLOCK TABLES;

--
-- Table structure for table `nectarcrm_soapservice`
--

DROP TABLE IF EXISTS `nectarcrm_soapservice`;
/*!40101 SET @saved_cs_client     = @@character_set_client */;
/*!40101 SET character_set_client = utf8 */;
CREATE TABLE `nectarcrm_soapservice` (
  `id` int(19) DEFAULT NULL,
  `type` varchar(25) DEFAULT NULL,
  `sessionid` varchar(100) DEFAULT NULL
) ENGINE=InnoDB DEFAULT CHARSET=utf8;
/*!40101 SET character_set_client = @saved_cs_client */;

--
-- Dumping data for table `nectarcrm_soapservice`
--

LOCK TABLES `nectarcrm_soapservice` WRITE;
/*!40000 ALTER TABLE `nectarcrm_soapservice` DISABLE KEYS */;
/*!40000 ALTER TABLE `nectarcrm_soapservice` ENABLE KEYS */;
UNLOCK TABLES;

--
-- Table structure for table `nectarcrm_sobillads`
--

DROP TABLE IF EXISTS `nectarcrm_sobillads`;
/*!40101 SET @saved_cs_client     = @@character_set_client */;
/*!40101 SET character_set_client = utf8 */;
CREATE TABLE `nectarcrm_sobillads` (
  `sobilladdressid` int(19) NOT NULL DEFAULT '0',
  `bill_city` varchar(30) DEFAULT NULL,
  `bill_code` varchar(30) DEFAULT NULL,
  `bill_country` varchar(30) DEFAULT NULL,
  `bill_state` varchar(30) DEFAULT NULL,
  `bill_street` varchar(250) DEFAULT NULL,
  `bill_pobox` varchar(30) DEFAULT NULL,
  PRIMARY KEY (`sobilladdressid`),
  CONSTRAINT `fk_1_nectarcrm_sobillads` FOREIGN KEY (`sobilladdressid`) REFERENCES `nectarcrm_salesorder` (`salesorderid`) ON DELETE CASCADE
) ENGINE=InnoDB DEFAULT CHARSET=utf8;
/*!40101 SET character_set_client = @saved_cs_client */;

--
-- Dumping data for table `nectarcrm_sobillads`
--

LOCK TABLES `nectarcrm_sobillads` WRITE;
/*!40000 ALTER TABLE `nectarcrm_sobillads` DISABLE KEYS */;
INSERT INTO `nectarcrm_sobillads` VALUES (93,'Pune','412308','','India  Maharashtra','SP Infocity',''),(107,'Pune','412308','','India  Maharashtra','SP Infocity',''),(113,'Pune','412308','','India  Maharashtra','SP Infocity',''),(118,'Pune','','','India  Maharashtra','SP Infocity','');
/*!40000 ALTER TABLE `nectarcrm_sobillads` ENABLE KEYS */;
UNLOCK TABLES;

--
-- Table structure for table `nectarcrm_soshipads`
--

DROP TABLE IF EXISTS `nectarcrm_soshipads`;
/*!40101 SET @saved_cs_client     = @@character_set_client */;
/*!40101 SET character_set_client = utf8 */;
CREATE TABLE `nectarcrm_soshipads` (
  `soshipaddressid` int(19) NOT NULL DEFAULT '0',
  `ship_city` varchar(30) DEFAULT NULL,
  `ship_code` varchar(30) DEFAULT NULL,
  `ship_country` varchar(30) DEFAULT NULL,
  `ship_state` varchar(30) DEFAULT NULL,
  `ship_street` varchar(250) DEFAULT NULL,
  `ship_pobox` varchar(30) DEFAULT NULL,
  PRIMARY KEY (`soshipaddressid`),
  CONSTRAINT `fk_1_nectarcrm_soshipads` FOREIGN KEY (`soshipaddressid`) REFERENCES `nectarcrm_salesorder` (`salesorderid`) ON DELETE CASCADE
) ENGINE=InnoDB DEFAULT CHARSET=utf8;
/*!40101 SET character_set_client = @saved_cs_client */;

--
-- Dumping data for table `nectarcrm_soshipads`
--

LOCK TABLES `nectarcrm_soshipads` WRITE;
/*!40000 ALTER TABLE `nectarcrm_soshipads` DISABLE KEYS */;
INSERT INTO `nectarcrm_soshipads` VALUES (93,'Pune','412308','','India  Maharashtra','SP Infocity','412308'),(107,'Pune','412308','','India  Maharashtra','SP Infocity',''),(113,'Pune','412308','','India  Maharashtra','SP Infocity','412308'),(118,'Pune','','','India  Maharashtra','SP Infocity','412308');
/*!40000 ALTER TABLE `nectarcrm_soshipads` ENABLE KEYS */;
UNLOCK TABLES;

--
-- Table structure for table `nectarcrm_sostatus`
--

DROP TABLE IF EXISTS `nectarcrm_sostatus`;
/*!40101 SET @saved_cs_client     = @@character_set_client */;
/*!40101 SET character_set_client = utf8 */;
CREATE TABLE `nectarcrm_sostatus` (
  `sostatusid` int(19) NOT NULL AUTO_INCREMENT,
  `sostatus` varchar(200) NOT NULL,
  `presence` int(1) NOT NULL DEFAULT '1',
  `picklist_valueid` int(19) NOT NULL DEFAULT '0',
  `sortorderid` int(11) DEFAULT NULL,
  `color` varchar(10) DEFAULT NULL,
  PRIMARY KEY (`sostatusid`),
  UNIQUE KEY `sostatus_sostatus_idx` (`sostatus`)
) ENGINE=InnoDB AUTO_INCREMENT=5 DEFAULT CHARSET=utf8;
/*!40101 SET character_set_client = @saved_cs_client */;

--
-- Dumping data for table `nectarcrm_sostatus`
--

LOCK TABLES `nectarcrm_sostatus` WRITE;
/*!40000 ALTER TABLE `nectarcrm_sostatus` DISABLE KEYS */;
INSERT INTO `nectarcrm_sostatus` VALUES (1,'Created',0,166,0,NULL),(2,'Approved',0,167,1,NULL),(3,'Delivered',0,168,2,NULL),(4,'Cancelled',0,169,3,NULL);
/*!40000 ALTER TABLE `nectarcrm_sostatus` ENABLE KEYS */;
UNLOCK TABLES;

--
-- Table structure for table `nectarcrm_sostatus_seq`
--

DROP TABLE IF EXISTS `nectarcrm_sostatus_seq`;
/*!40101 SET @saved_cs_client     = @@character_set_client */;
/*!40101 SET character_set_client = utf8 */;
CREATE TABLE `nectarcrm_sostatus_seq` (
  `id` int(11) NOT NULL
) ENGINE=InnoDB DEFAULT CHARSET=utf8;
/*!40101 SET character_set_client = @saved_cs_client */;

--
-- Dumping data for table `nectarcrm_sostatus_seq`
--

LOCK TABLES `nectarcrm_sostatus_seq` WRITE;
/*!40000 ALTER TABLE `nectarcrm_sostatus_seq` DISABLE KEYS */;
INSERT INTO `nectarcrm_sostatus_seq` VALUES (4);
/*!40000 ALTER TABLE `nectarcrm_sostatus_seq` ENABLE KEYS */;
UNLOCK TABLES;

--
-- Table structure for table `nectarcrm_sostatushistory`
--

DROP TABLE IF EXISTS `nectarcrm_sostatushistory`;
/*!40101 SET @saved_cs_client     = @@character_set_client */;
/*!40101 SET character_set_client = utf8 */;
CREATE TABLE `nectarcrm_sostatushistory` (
  `historyid` int(19) NOT NULL AUTO_INCREMENT,
  `salesorderid` int(19) NOT NULL,
  `accountname` varchar(100) DEFAULT NULL,
  `total` decimal(10,0) DEFAULT NULL,
  `sostatus` varchar(200) DEFAULT NULL,
  `lastmodified` datetime DEFAULT NULL,
  PRIMARY KEY (`historyid`),
  KEY `sostatushistory_salesorderid_idx` (`salesorderid`),
  CONSTRAINT `fk_1_nectarcrm_sostatushistory` FOREIGN KEY (`salesorderid`) REFERENCES `nectarcrm_salesorder` (`salesorderid`) ON DELETE CASCADE
) ENGINE=InnoDB DEFAULT CHARSET=utf8;
/*!40101 SET character_set_client = @saved_cs_client */;

--
-- Dumping data for table `nectarcrm_sostatushistory`
--

LOCK TABLES `nectarcrm_sostatushistory` WRITE;
/*!40000 ALTER TABLE `nectarcrm_sostatushistory` DISABLE KEYS */;
/*!40000 ALTER TABLE `nectarcrm_sostatushistory` ENABLE KEYS */;
UNLOCK TABLES;

--
-- Table structure for table `nectarcrm_sqltimelog`
--

DROP TABLE IF EXISTS `nectarcrm_sqltimelog`;
/*!40101 SET @saved_cs_client     = @@character_set_client */;
/*!40101 SET character_set_client = utf8 */;
CREATE TABLE `nectarcrm_sqltimelog` (
  `id` int(11) DEFAULT NULL,
  `type` varchar(10) DEFAULT NULL,
  `data` text,
  `started` decimal(20,6) DEFAULT NULL,
  `ended` decimal(20,6) DEFAULT NULL,
  `loggedon` datetime DEFAULT NULL
) ENGINE=InnoDB DEFAULT CHARSET=utf8;
/*!40101 SET character_set_client = @saved_cs_client */;

--
-- Dumping data for table `nectarcrm_sqltimelog`
--

LOCK TABLES `nectarcrm_sqltimelog` WRITE;
/*!40000 ALTER TABLE `nectarcrm_sqltimelog` DISABLE KEYS */;
/*!40000 ALTER TABLE `nectarcrm_sqltimelog` ENABLE KEYS */;
UNLOCK TABLES;

--
-- Table structure for table `nectarcrm_start_hour`
--

DROP TABLE IF EXISTS `nectarcrm_start_hour`;
/*!40101 SET @saved_cs_client     = @@character_set_client */;
/*!40101 SET character_set_client = utf8 */;
CREATE TABLE `nectarcrm_start_hour` (
  `start_hourid` int(11) NOT NULL AUTO_INCREMENT,
  `start_hour` varchar(200) NOT NULL,
  `sortorderid` int(11) DEFAULT NULL,
  `presence` int(11) NOT NULL DEFAULT '1',
  PRIMARY KEY (`start_hourid`)
) ENGINE=InnoDB AUTO_INCREMENT=25 DEFAULT CHARSET=utf8;
/*!40101 SET character_set_client = @saved_cs_client */;

--
-- Dumping data for table `nectarcrm_start_hour`
--

LOCK TABLES `nectarcrm_start_hour` WRITE;
/*!40000 ALTER TABLE `nectarcrm_start_hour` DISABLE KEYS */;
INSERT INTO `nectarcrm_start_hour` VALUES (1,'00:00',0,1),(2,'01:00',1,1),(3,'02:00',2,1),(4,'03:00',3,1),(5,'04:00',4,1),(6,'05:00',5,1),(7,'06:00',6,1),(8,'07:00',7,1),(9,'08:00',8,1),(10,'09:00',9,1),(11,'10:00',10,1),(12,'11:00',11,1),(13,'12:00',12,1),(14,'13:00',13,1),(15,'14:00',14,1),(16,'15:00',15,1),(17,'16:00',16,1),(18,'17:00',17,1),(19,'18:00',18,1),(20,'19:00',19,1),(21,'20:00',20,1),(22,'21:00',21,1),(23,'22:00',22,1),(24,'23:00',23,1);
/*!40000 ALTER TABLE `nectarcrm_start_hour` ENABLE KEYS */;
UNLOCK TABLES;

--
-- Table structure for table `nectarcrm_start_hour_seq`
--

DROP TABLE IF EXISTS `nectarcrm_start_hour_seq`;
/*!40101 SET @saved_cs_client     = @@character_set_client */;
/*!40101 SET character_set_client = utf8 */;
CREATE TABLE `nectarcrm_start_hour_seq` (
  `id` int(11) NOT NULL
) ENGINE=InnoDB DEFAULT CHARSET=utf8;
/*!40101 SET character_set_client = @saved_cs_client */;

--
-- Dumping data for table `nectarcrm_start_hour_seq`
--

LOCK TABLES `nectarcrm_start_hour_seq` WRITE;
/*!40000 ALTER TABLE `nectarcrm_start_hour_seq` DISABLE KEYS */;
INSERT INTO `nectarcrm_start_hour_seq` VALUES (24);
/*!40000 ALTER TABLE `nectarcrm_start_hour_seq` ENABLE KEYS */;
UNLOCK TABLES;

--
-- Table structure for table `nectarcrm_status`
--

DROP TABLE IF EXISTS `nectarcrm_status`;
/*!40101 SET @saved_cs_client     = @@character_set_client */;
/*!40101 SET character_set_client = utf8 */;
CREATE TABLE `nectarcrm_status` (
  `statusid` int(19) NOT NULL AUTO_INCREMENT,
  `status` varchar(200) NOT NULL,
  `presence` int(1) NOT NULL DEFAULT '1',
  `picklist_valueid` int(19) NOT NULL DEFAULT '0',
  PRIMARY KEY (`statusid`)
) ENGINE=InnoDB AUTO_INCREMENT=3 DEFAULT CHARSET=utf8;
/*!40101 SET character_set_client = @saved_cs_client */;

--
-- Dumping data for table `nectarcrm_status`
--

LOCK TABLES `nectarcrm_status` WRITE;
/*!40000 ALTER TABLE `nectarcrm_status` DISABLE KEYS */;
INSERT INTO `nectarcrm_status` VALUES (1,'Active',0,1),(2,'Inactive',1,1);
/*!40000 ALTER TABLE `nectarcrm_status` ENABLE KEYS */;
UNLOCK TABLES;

--
-- Table structure for table `nectarcrm_status_seq`
--

DROP TABLE IF EXISTS `nectarcrm_status_seq`;
/*!40101 SET @saved_cs_client     = @@character_set_client */;
/*!40101 SET character_set_client = utf8 */;
CREATE TABLE `nectarcrm_status_seq` (
  `id` int(11) NOT NULL
) ENGINE=InnoDB DEFAULT CHARSET=utf8;
/*!40101 SET character_set_client = @saved_cs_client */;

--
-- Dumping data for table `nectarcrm_status_seq`
--

LOCK TABLES `nectarcrm_status_seq` WRITE;
/*!40000 ALTER TABLE `nectarcrm_status_seq` DISABLE KEYS */;
INSERT INTO `nectarcrm_status_seq` VALUES (2);
/*!40000 ALTER TABLE `nectarcrm_status_seq` ENABLE KEYS */;
UNLOCK TABLES;

--
-- Table structure for table `nectarcrm_systems`
--

DROP TABLE IF EXISTS `nectarcrm_systems`;
/*!40101 SET @saved_cs_client     = @@character_set_client */;
/*!40101 SET character_set_client = utf8 */;
CREATE TABLE `nectarcrm_systems` (
  `id` int(19) NOT NULL,
  `server` varchar(100) DEFAULT NULL,
  `server_port` int(19) DEFAULT NULL,
  `server_username` varchar(100) DEFAULT NULL,
  `server_password` varchar(100) DEFAULT NULL,
  `server_type` varchar(20) DEFAULT NULL,
  `smtp_auth` varchar(5) DEFAULT NULL,
  `server_path` varchar(256) DEFAULT NULL,
  `from_email_field` varchar(50) DEFAULT NULL,
  PRIMARY KEY (`id`)
) ENGINE=InnoDB DEFAULT CHARSET=utf8;
/*!40101 SET character_set_client = @saved_cs_client */;

--
-- Dumping data for table `nectarcrm_systems`
--

LOCK TABLES `nectarcrm_systems` WRITE;
/*!40000 ALTER TABLE `nectarcrm_systems` DISABLE KEYS */;
/*!40000 ALTER TABLE `nectarcrm_systems` ENABLE KEYS */;
UNLOCK TABLES;

--
-- Table structure for table `nectarcrm_tab`
--

DROP TABLE IF EXISTS `nectarcrm_tab`;
/*!40101 SET @saved_cs_client     = @@character_set_client */;
/*!40101 SET character_set_client = utf8 */;
CREATE TABLE `nectarcrm_tab` (
  `tabid` int(19) NOT NULL DEFAULT '0',
  `name` varchar(25) NOT NULL,
  `presence` int(19) NOT NULL DEFAULT '1',
  `tabsequence` int(10) DEFAULT NULL,
  `tablabel` varchar(100) DEFAULT NULL,
  `modifiedby` int(19) DEFAULT NULL,
  `modifiedtime` int(19) DEFAULT NULL,
  `customized` int(19) DEFAULT NULL,
  `ownedby` int(19) DEFAULT NULL,
  `isentitytype` int(11) NOT NULL DEFAULT '1',
  `trial` int(1) NOT NULL DEFAULT '0',
  `version` varchar(10) DEFAULT NULL,
  `parent` varchar(30) DEFAULT NULL,
  `source` varchar(255) DEFAULT 'custom',
  `issyncable` tinyint(1) DEFAULT '0',
  `allowduplicates` tinyint(1) DEFAULT '1',
  `sync_action_for_duplicates` int(1) DEFAULT '1',
  PRIMARY KEY (`tabid`),
  UNIQUE KEY `tab_name_idx` (`name`),
  KEY `tab_modifiedby_idx` (`modifiedby`),
  KEY `tab_tabid_idx` (`tabid`)
) ENGINE=InnoDB DEFAULT CHARSET=utf8;
/*!40101 SET character_set_client = @saved_cs_client */;

--
-- Dumping data for table `nectarcrm_tab`
--

LOCK TABLES `nectarcrm_tab` WRITE;
/*!40000 ALTER TABLE `nectarcrm_tab` DISABLE KEYS */;
INSERT INTO `nectarcrm_tab` VALUES (1,'Dashboard',0,12,'Dashboards',NULL,NULL,0,1,0,0,NULL,'Analytics',NULL,1,1,1),(2,'Potentials',0,7,'Potentials',NULL,NULL,0,0,1,0,NULL,'Sales',NULL,1,1,1),(3,'Home',0,1,'Home',NULL,NULL,0,1,0,0,NULL,NULL,NULL,1,1,1),(4,'Contacts',0,6,'Contacts',NULL,NULL,0,0,1,0,NULL,'Sales',NULL,1,1,1),(6,'Accounts',0,5,'Accounts',NULL,NULL,0,0,1,0,NULL,'Sales',NULL,1,0,1),(7,'Leads',0,4,'Leads',NULL,NULL,0,0,1,0,NULL,'Sales',NULL,1,1,1),(8,'Documents',0,9,'Documents',NULL,NULL,0,0,1,0,NULL,'Tools',NULL,1,1,1),(9,'Calendar',0,3,'Calendar',NULL,NULL,0,0,1,0,NULL,'Tools',NULL,1,1,1),(10,'Emails',0,10,'Emails',NULL,NULL,0,1,1,0,NULL,'Tools',NULL,1,1,1),(13,'HelpDesk',0,11,'HelpDesk',NULL,NULL,0,0,1,0,NULL,'Support',NULL,1,1,1),(14,'Products',0,8,'Products',NULL,NULL,0,0,1,0,NULL,'Inventory',NULL,1,1,1),(15,'Faq',0,-1,'Faq',NULL,NULL,0,1,1,0,NULL,'Support',NULL,1,1,1),(16,'Events',2,-1,'Events',NULL,NULL,0,0,1,0,NULL,NULL,NULL,1,1,1),(18,'Vendors',0,-1,'Vendors',NULL,NULL,0,0,1,0,NULL,'Inventory',NULL,1,1,1),(19,'PriceBooks',0,-1,'PriceBooks',NULL,NULL,0,1,1,0,NULL,'Inventory',NULL,1,1,1),(20,'Quotes',0,-1,'Quotes',NULL,NULL,0,0,1,0,NULL,'Sales',NULL,1,1,1),(21,'PurchaseOrder',0,-1,'PurchaseOrder',NULL,NULL,0,0,1,0,NULL,'Inventory',NULL,1,1,1),(22,'SalesOrder',0,-1,'SalesOrder',NULL,NULL,0,0,1,0,NULL,'Sales',NULL,1,1,1),(23,'Invoice',0,-1,'Invoice',NULL,NULL,0,0,1,0,NULL,'Sales',NULL,1,1,1),(24,'Rss',0,-1,'Rss',NULL,NULL,0,1,0,0,NULL,'Tools',NULL,1,1,1),(25,'Reports',0,-1,'Reports',NULL,NULL,0,1,0,0,NULL,'Analytics',NULL,1,1,1),(26,'Campaigns',0,-1,'Campaigns',NULL,NULL,0,0,1,0,NULL,'Marketing',NULL,1,0,1),(27,'Portal',0,-1,'Portal',NULL,NULL,0,1,0,0,NULL,'Tools',NULL,1,1,1),(28,'Webmails',0,-1,'Webmails',NULL,NULL,0,1,1,0,NULL,NULL,NULL,1,1,1),(29,'Users',0,-1,'Users',NULL,NULL,0,1,0,0,NULL,NULL,NULL,1,1,1),(30,'PBXManager',0,-1,'PBXManager',NULL,NULL,1,0,1,0,'2.2','Tools',NULL,1,1,1),(31,'WSAPP',0,-1,'WSAPP',NULL,NULL,1,0,0,0,'3.4.4','',NULL,1,1,1),(32,'Services',0,-1,'Services',NULL,NULL,0,0,1,0,'2.6','Inventory',NULL,1,1,1),(33,'Mobile',0,-1,'Mobile',NULL,NULL,1,0,0,0,'2.0','',NULL,1,1,1),(34,'ServiceContracts',0,-1,'Service Contracts',NULL,NULL,0,0,1,0,'2.4','Support',NULL,1,1,1),(35,'ModTracker',0,-1,'ModTracker',NULL,NULL,0,0,0,0,'1.2','',NULL,1,1,1),(36,'Import',0,-1,'Import',NULL,NULL,1,0,0,0,'1.7','',NULL,1,1,1),(37,'MailManager',0,-1,'MailManager',NULL,NULL,1,0,0,0,'1.9','Tools',NULL,1,1,1),(38,'EmailTemplates',0,-1,'Email Templates',NULL,NULL,1,0,0,0,'1.0','Tools',NULL,1,1,1),(39,'Webforms',0,-1,'Webforms',NULL,NULL,0,0,0,0,'1.6','',NULL,1,1,1),(40,'Assets',0,-1,'Assets',NULL,NULL,0,0,1,0,'2.0','Inventory',NULL,1,0,2),(41,'ModComments',0,-1,'Comments',NULL,NULL,0,0,1,0,'2.1','',NULL,1,1,1),(42,'RecycleBin',0,-1,'Recycle Bin',NULL,NULL,0,0,0,0,'1.5','Tools',NULL,1,1,1),(43,'CustomerPortal',0,-1,'CustomerPortal',NULL,NULL,0,0,0,0,'1.4','',NULL,1,1,1),(44,'ProjectMilestone',0,-1,'ProjectMilestone',NULL,NULL,0,0,1,0,'3.0','Support',NULL,1,1,1),(45,'ProjectTask',0,-1,'ProjectTask',NULL,NULL,0,0,1,0,'3.1','Support',NULL,1,1,1),(46,'Project',0,-1,'Project',NULL,NULL,0,0,1,0,'3.3','Support',NULL,1,1,1),(47,'SMSNotifier',0,-1,'SMSNotifier',NULL,NULL,0,0,1,0,'2.1','Sales',NULL,1,1,1),(48,'Google',0,-1,'Google',NULL,NULL,0,0,0,0,'1.5','',NULL,1,1,1),(49,'ExtensionStore',0,-1,'Extension Store',NULL,NULL,1,0,0,0,'1.2',NULL,NULL,1,1,1);
/*!40000 ALTER TABLE `nectarcrm_tab` ENABLE KEYS */;
UNLOCK TABLES;

--
-- Table structure for table `nectarcrm_tab_info`
--

DROP TABLE IF EXISTS `nectarcrm_tab_info`;
/*!40101 SET @saved_cs_client     = @@character_set_client */;
/*!40101 SET character_set_client = utf8 */;
CREATE TABLE `nectarcrm_tab_info` (
  `tabid` int(19) DEFAULT NULL,
  `prefname` varchar(256) DEFAULT NULL,
  `prefvalue` varchar(256) DEFAULT NULL,
  KEY `fk_1_nectarcrm_tab_info` (`tabid`),
  CONSTRAINT `fk_1_nectarcrm_tab_info` FOREIGN KEY (`tabid`) REFERENCES `nectarcrm_tab` (`tabid`) ON DELETE CASCADE ON UPDATE CASCADE
) ENGINE=InnoDB DEFAULT CHARSET=utf8;
/*!40101 SET character_set_client = @saved_cs_client */;

--
-- Dumping data for table `nectarcrm_tab_info`
--

LOCK TABLES `nectarcrm_tab_info` WRITE;
/*!40000 ALTER TABLE `nectarcrm_tab_info` DISABLE KEYS */;
INSERT INTO `nectarcrm_tab_info` VALUES (30,'nectarcrm_min_version','6.0.0'),(30,'nectarcrm_max_version','7.*'),(31,'nectarcrm_min_version','6.0.0rc'),(32,'nectarcrm_min_version','6.0.0rc'),(32,'nectarcrm_max_version','7.*'),(33,'nectarcrm_min_version','6.0.0rc'),(34,'nectarcrm_min_version','6.0.0rc'),(35,'nectarcrm_min_version','6.0.0rc'),(36,'nectarcrm_min_version','6.0.0rc'),(36,'nectarcrm_max_version','7.*'),(37,'nectarcrm_min_version','6.0.0RC'),(38,'nectarcrm_min_version','6.0.0rc'),(38,'nectarcrm_max_version','7.*'),(39,'nectarcrm_min_version','6.0.0rc'),(39,'nectarcrm_max_version','7.*'),(40,'nectarcrm_min_version','6.0.0rc'),(40,'nectarcrm_max_version','7.*'),(41,'nectarcrm_min_version','6.0.0rc'),(41,'nectarcrm_max_version','7.*'),(42,'nectarcrm_min_version','6.0.0rc'),(42,'nectarcrm_max_version','7.*'),(43,'nectarcrm_min_version','6.0.0rc'),(43,'nectarcrm_max_version','7.*'),(44,'nectarcrm_min_version','6.0.0rc'),(44,'nectarcrm_max_version','7.*'),(45,'nectarcrm_min_version','6.0.0rc'),(46,'nectarcrm_min_version','6.0.0rc'),(47,'nectarcrm_min_version','6.0.0'),(47,'nectarcrm_max_version','7.*'),(48,'nectarcrm_min_version','6.0.0rc'),(48,'nectarcrm_max_version','7.*'),(49,'nectarcrm_min_version','6.0.0'),(49,'nectarcrm_max_version','6.*');
/*!40000 ALTER TABLE `nectarcrm_tab_info` ENABLE KEYS */;
UNLOCK TABLES;

--
-- Table structure for table `nectarcrm_taskpriority`
--

DROP TABLE IF EXISTS `nectarcrm_taskpriority`;
/*!40101 SET @saved_cs_client     = @@character_set_client */;
/*!40101 SET character_set_client = utf8 */;
CREATE TABLE `nectarcrm_taskpriority` (
  `taskpriorityid` int(19) NOT NULL AUTO_INCREMENT,
  `taskpriority` varchar(200) DEFAULT NULL,
  `presence` int(1) NOT NULL DEFAULT '1',
  `picklist_valueid` int(19) NOT NULL DEFAULT '0',
  `sortorderid` int(11) DEFAULT NULL,
  `color` varchar(10) DEFAULT NULL,
  PRIMARY KEY (`taskpriorityid`)
) ENGINE=InnoDB AUTO_INCREMENT=4 DEFAULT CHARSET=utf8;
/*!40101 SET character_set_client = @saved_cs_client */;

--
-- Dumping data for table `nectarcrm_taskpriority`
--

LOCK TABLES `nectarcrm_taskpriority` WRITE;
/*!40000 ALTER TABLE `nectarcrm_taskpriority` DISABLE KEYS */;
INSERT INTO `nectarcrm_taskpriority` VALUES (1,'High',1,170,0,NULL),(2,'Medium',1,171,1,NULL),(3,'Low',1,172,2,NULL);
/*!40000 ALTER TABLE `nectarcrm_taskpriority` ENABLE KEYS */;
UNLOCK TABLES;

--
-- Table structure for table `nectarcrm_taskpriority_seq`
--

DROP TABLE IF EXISTS `nectarcrm_taskpriority_seq`;
/*!40101 SET @saved_cs_client     = @@character_set_client */;
/*!40101 SET character_set_client = utf8 */;
CREATE TABLE `nectarcrm_taskpriority_seq` (
  `id` int(11) NOT NULL
) ENGINE=InnoDB DEFAULT CHARSET=utf8;
/*!40101 SET character_set_client = @saved_cs_client */;

--
-- Dumping data for table `nectarcrm_taskpriority_seq`
--

LOCK TABLES `nectarcrm_taskpriority_seq` WRITE;
/*!40000 ALTER TABLE `nectarcrm_taskpriority_seq` DISABLE KEYS */;
INSERT INTO `nectarcrm_taskpriority_seq` VALUES (3);
/*!40000 ALTER TABLE `nectarcrm_taskpriority_seq` ENABLE KEYS */;
UNLOCK TABLES;

--
-- Table structure for table `nectarcrm_taskstatus`
--

DROP TABLE IF EXISTS `nectarcrm_taskstatus`;
/*!40101 SET @saved_cs_client     = @@character_set_client */;
/*!40101 SET character_set_client = utf8 */;
CREATE TABLE `nectarcrm_taskstatus` (
  `taskstatusid` int(19) NOT NULL AUTO_INCREMENT,
  `taskstatus` varchar(200) DEFAULT NULL,
  `presence` int(1) NOT NULL DEFAULT '1',
  `picklist_valueid` int(19) NOT NULL DEFAULT '0',
  `sortorderid` int(11) DEFAULT NULL,
  `color` varchar(10) DEFAULT NULL,
  PRIMARY KEY (`taskstatusid`)
) ENGINE=InnoDB AUTO_INCREMENT=7 DEFAULT CHARSET=utf8;
/*!40101 SET character_set_client = @saved_cs_client */;

--
-- Dumping data for table `nectarcrm_taskstatus`
--

LOCK TABLES `nectarcrm_taskstatus` WRITE;
/*!40000 ALTER TABLE `nectarcrm_taskstatus` DISABLE KEYS */;
INSERT INTO `nectarcrm_taskstatus` VALUES (1,'Not Started',0,173,0,NULL),(2,'In Progress',0,174,1,NULL),(3,'Completed',0,175,2,NULL),(4,'Pending Input',0,176,3,NULL),(5,'Deferred',0,177,4,NULL),(6,'Planned',0,178,5,NULL);
/*!40000 ALTER TABLE `nectarcrm_taskstatus` ENABLE KEYS */;
UNLOCK TABLES;

--
-- Table structure for table `nectarcrm_taskstatus_seq`
--

DROP TABLE IF EXISTS `nectarcrm_taskstatus_seq`;
/*!40101 SET @saved_cs_client     = @@character_set_client */;
/*!40101 SET character_set_client = utf8 */;
CREATE TABLE `nectarcrm_taskstatus_seq` (
  `id` int(11) NOT NULL
) ENGINE=InnoDB DEFAULT CHARSET=utf8;
/*!40101 SET character_set_client = @saved_cs_client */;

--
-- Dumping data for table `nectarcrm_taskstatus_seq`
--

LOCK TABLES `nectarcrm_taskstatus_seq` WRITE;
/*!40000 ALTER TABLE `nectarcrm_taskstatus_seq` DISABLE KEYS */;
INSERT INTO `nectarcrm_taskstatus_seq` VALUES (6);
/*!40000 ALTER TABLE `nectarcrm_taskstatus_seq` ENABLE KEYS */;
UNLOCK TABLES;

--
-- Table structure for table `nectarcrm_taxclass`
--

DROP TABLE IF EXISTS `nectarcrm_taxclass`;
/*!40101 SET @saved_cs_client     = @@character_set_client */;
/*!40101 SET character_set_client = utf8 */;
CREATE TABLE `nectarcrm_taxclass` (
  `taxclassid` int(19) NOT NULL AUTO_INCREMENT,
  `taxclass` varchar(200) NOT NULL,
  `sortorderid` int(19) NOT NULL DEFAULT '0',
  `presence` int(1) NOT NULL DEFAULT '1',
  PRIMARY KEY (`taxclassid`),
  UNIQUE KEY `taxclass_carrier_idx` (`taxclass`)
) ENGINE=InnoDB AUTO_INCREMENT=3 DEFAULT CHARSET=utf8;
/*!40101 SET character_set_client = @saved_cs_client */;

--
-- Dumping data for table `nectarcrm_taxclass`
--

LOCK TABLES `nectarcrm_taxclass` WRITE;
/*!40000 ALTER TABLE `nectarcrm_taxclass` DISABLE KEYS */;
INSERT INTO `nectarcrm_taxclass` VALUES (1,'SalesTax',0,1),(2,'Vat',1,1);
/*!40000 ALTER TABLE `nectarcrm_taxclass` ENABLE KEYS */;
UNLOCK TABLES;

--
-- Table structure for table `nectarcrm_taxclass_seq`
--

DROP TABLE IF EXISTS `nectarcrm_taxclass_seq`;
/*!40101 SET @saved_cs_client     = @@character_set_client */;
/*!40101 SET character_set_client = utf8 */;
CREATE TABLE `nectarcrm_taxclass_seq` (
  `id` int(11) NOT NULL
) ENGINE=InnoDB DEFAULT CHARSET=utf8;
/*!40101 SET character_set_client = @saved_cs_client */;

--
-- Dumping data for table `nectarcrm_taxclass_seq`
--

LOCK TABLES `nectarcrm_taxclass_seq` WRITE;
/*!40000 ALTER TABLE `nectarcrm_taxclass_seq` DISABLE KEYS */;
INSERT INTO `nectarcrm_taxclass_seq` VALUES (2);
/*!40000 ALTER TABLE `nectarcrm_taxclass_seq` ENABLE KEYS */;
UNLOCK TABLES;

--
-- Table structure for table `nectarcrm_taxregions`
--

DROP TABLE IF EXISTS `nectarcrm_taxregions`;
/*!40101 SET @saved_cs_client     = @@character_set_client */;
/*!40101 SET character_set_client = utf8 */;
CREATE TABLE `nectarcrm_taxregions` (
  `regionid` int(10) NOT NULL AUTO_INCREMENT,
  `name` varchar(100) NOT NULL,
  PRIMARY KEY (`regionid`)
) ENGINE=InnoDB DEFAULT CHARSET=utf8;
/*!40101 SET character_set_client = @saved_cs_client */;

--
-- Dumping data for table `nectarcrm_taxregions`
--

LOCK TABLES `nectarcrm_taxregions` WRITE;
/*!40000 ALTER TABLE `nectarcrm_taxregions` DISABLE KEYS */;
/*!40000 ALTER TABLE `nectarcrm_taxregions` ENABLE KEYS */;
UNLOCK TABLES;

--
-- Table structure for table `nectarcrm_ticketcategories`
--

DROP TABLE IF EXISTS `nectarcrm_ticketcategories`;
/*!40101 SET @saved_cs_client     = @@character_set_client */;
/*!40101 SET character_set_client = utf8 */;
CREATE TABLE `nectarcrm_ticketcategories` (
  `ticketcategories_id` int(19) NOT NULL AUTO_INCREMENT,
  `ticketcategories` varchar(200) DEFAULT NULL,
  `presence` int(1) NOT NULL DEFAULT '0',
  `picklist_valueid` int(19) NOT NULL DEFAULT '0',
  `sortorderid` int(11) DEFAULT NULL,
  `color` varchar(10) DEFAULT NULL,
  PRIMARY KEY (`ticketcategories_id`)
) ENGINE=InnoDB AUTO_INCREMENT=4 DEFAULT CHARSET=utf8;
/*!40101 SET character_set_client = @saved_cs_client */;

--
-- Dumping data for table `nectarcrm_ticketcategories`
--

LOCK TABLES `nectarcrm_ticketcategories` WRITE;
/*!40000 ALTER TABLE `nectarcrm_ticketcategories` DISABLE KEYS */;
INSERT INTO `nectarcrm_ticketcategories` VALUES (1,'Big Problem',1,179,0,NULL),(2,'Small Problem',1,180,1,NULL),(3,'Other Problem',1,181,2,NULL);
/*!40000 ALTER TABLE `nectarcrm_ticketcategories` ENABLE KEYS */;
UNLOCK TABLES;

--
-- Table structure for table `nectarcrm_ticketcategories_seq`
--

DROP TABLE IF EXISTS `nectarcrm_ticketcategories_seq`;
/*!40101 SET @saved_cs_client     = @@character_set_client */;
/*!40101 SET character_set_client = utf8 */;
CREATE TABLE `nectarcrm_ticketcategories_seq` (
  `id` int(11) NOT NULL
) ENGINE=InnoDB DEFAULT CHARSET=utf8;
/*!40101 SET character_set_client = @saved_cs_client */;

--
-- Dumping data for table `nectarcrm_ticketcategories_seq`
--

LOCK TABLES `nectarcrm_ticketcategories_seq` WRITE;
/*!40000 ALTER TABLE `nectarcrm_ticketcategories_seq` DISABLE KEYS */;
INSERT INTO `nectarcrm_ticketcategories_seq` VALUES (3);
/*!40000 ALTER TABLE `nectarcrm_ticketcategories_seq` ENABLE KEYS */;
UNLOCK TABLES;

--
-- Table structure for table `nectarcrm_ticketcf`
--

DROP TABLE IF EXISTS `nectarcrm_ticketcf`;
/*!40101 SET @saved_cs_client     = @@character_set_client */;
/*!40101 SET character_set_client = utf8 */;
CREATE TABLE `nectarcrm_ticketcf` (
  `ticketid` int(19) NOT NULL DEFAULT '0',
  `from_portal` varchar(3) DEFAULT NULL,
  PRIMARY KEY (`ticketid`),
  CONSTRAINT `fk_1_nectarcrm_ticketcf` FOREIGN KEY (`ticketid`) REFERENCES `nectarcrm_troubletickets` (`ticketid`) ON DELETE CASCADE
) ENGINE=InnoDB DEFAULT CHARSET=utf8;
/*!40101 SET character_set_client = @saved_cs_client */;

--
-- Dumping data for table `nectarcrm_ticketcf`
--

LOCK TABLES `nectarcrm_ticketcf` WRITE;
/*!40000 ALTER TABLE `nectarcrm_ticketcf` DISABLE KEYS */;
INSERT INTO `nectarcrm_ticketcf` VALUES (90,'0'),(99,'0'),(110,'0'),(120,'0');
/*!40000 ALTER TABLE `nectarcrm_ticketcf` ENABLE KEYS */;
UNLOCK TABLES;

--
-- Table structure for table `nectarcrm_ticketcomments`
--

DROP TABLE IF EXISTS `nectarcrm_ticketcomments`;
/*!40101 SET @saved_cs_client     = @@character_set_client */;
/*!40101 SET character_set_client = utf8 */;
CREATE TABLE `nectarcrm_ticketcomments` (
  `commentid` int(19) NOT NULL AUTO_INCREMENT,
  `ticketid` int(19) DEFAULT NULL,
  `comments` text,
  `ownerid` int(19) NOT NULL DEFAULT '0',
  `ownertype` varchar(10) DEFAULT NULL,
  `createdtime` datetime NOT NULL,
  PRIMARY KEY (`commentid`),
  KEY `ticketcomments_ticketid_idx` (`ticketid`),
  CONSTRAINT `fk_1_nectarcrm_ticketcomments` FOREIGN KEY (`ticketid`) REFERENCES `nectarcrm_troubletickets` (`ticketid`) ON DELETE CASCADE
) ENGINE=InnoDB DEFAULT CHARSET=utf8;
/*!40101 SET character_set_client = @saved_cs_client */;

--
-- Dumping data for table `nectarcrm_ticketcomments`
--

LOCK TABLES `nectarcrm_ticketcomments` WRITE;
/*!40000 ALTER TABLE `nectarcrm_ticketcomments` DISABLE KEYS */;
/*!40000 ALTER TABLE `nectarcrm_ticketcomments` ENABLE KEYS */;
UNLOCK TABLES;

--
-- Table structure for table `nectarcrm_ticketpriorities`
--

DROP TABLE IF EXISTS `nectarcrm_ticketpriorities`;
/*!40101 SET @saved_cs_client     = @@character_set_client */;
/*!40101 SET character_set_client = utf8 */;
CREATE TABLE `nectarcrm_ticketpriorities` (
  `ticketpriorities_id` int(19) NOT NULL AUTO_INCREMENT,
  `ticketpriorities` varchar(200) DEFAULT NULL,
  `presence` int(1) NOT NULL DEFAULT '0',
  `picklist_valueid` int(19) NOT NULL DEFAULT '0',
  `sortorderid` int(11) DEFAULT NULL,
  `color` varchar(10) DEFAULT NULL,
  PRIMARY KEY (`ticketpriorities_id`)
) ENGINE=InnoDB AUTO_INCREMENT=5 DEFAULT CHARSET=utf8;
/*!40101 SET character_set_client = @saved_cs_client */;

--
-- Dumping data for table `nectarcrm_ticketpriorities`
--

LOCK TABLES `nectarcrm_ticketpriorities` WRITE;
/*!40000 ALTER TABLE `nectarcrm_ticketpriorities` DISABLE KEYS */;
INSERT INTO `nectarcrm_ticketpriorities` VALUES (1,'Low',1,182,0,NULL),(2,'Normal',1,183,1,NULL),(3,'High',1,184,2,NULL),(4,'Urgent',1,185,3,NULL);
/*!40000 ALTER TABLE `nectarcrm_ticketpriorities` ENABLE KEYS */;
UNLOCK TABLES;

--
-- Table structure for table `nectarcrm_ticketpriorities_seq`
--

DROP TABLE IF EXISTS `nectarcrm_ticketpriorities_seq`;
/*!40101 SET @saved_cs_client     = @@character_set_client */;
/*!40101 SET character_set_client = utf8 */;
CREATE TABLE `nectarcrm_ticketpriorities_seq` (
  `id` int(11) NOT NULL
) ENGINE=InnoDB DEFAULT CHARSET=utf8;
/*!40101 SET character_set_client = @saved_cs_client */;

--
-- Dumping data for table `nectarcrm_ticketpriorities_seq`
--

LOCK TABLES `nectarcrm_ticketpriorities_seq` WRITE;
/*!40000 ALTER TABLE `nectarcrm_ticketpriorities_seq` DISABLE KEYS */;
INSERT INTO `nectarcrm_ticketpriorities_seq` VALUES (4);
/*!40000 ALTER TABLE `nectarcrm_ticketpriorities_seq` ENABLE KEYS */;
UNLOCK TABLES;

--
-- Table structure for table `nectarcrm_ticketseverities`
--

DROP TABLE IF EXISTS `nectarcrm_ticketseverities`;
/*!40101 SET @saved_cs_client     = @@character_set_client */;
/*!40101 SET character_set_client = utf8 */;
CREATE TABLE `nectarcrm_ticketseverities` (
  `ticketseverities_id` int(19) NOT NULL AUTO_INCREMENT,
  `ticketseverities` varchar(200) DEFAULT NULL,
  `presence` int(1) NOT NULL DEFAULT '0',
  `picklist_valueid` int(19) NOT NULL DEFAULT '0',
  `sortorderid` int(11) DEFAULT NULL,
  `color` varchar(10) DEFAULT NULL,
  PRIMARY KEY (`ticketseverities_id`)
) ENGINE=InnoDB AUTO_INCREMENT=5 DEFAULT CHARSET=utf8;
/*!40101 SET character_set_client = @saved_cs_client */;

--
-- Dumping data for table `nectarcrm_ticketseverities`
--

LOCK TABLES `nectarcrm_ticketseverities` WRITE;
/*!40000 ALTER TABLE `nectarcrm_ticketseverities` DISABLE KEYS */;
INSERT INTO `nectarcrm_ticketseverities` VALUES (1,'Minor',1,186,0,NULL),(2,'Major',1,187,1,NULL),(3,'Feature',1,188,2,NULL),(4,'Critical',1,189,3,NULL);
/*!40000 ALTER TABLE `nectarcrm_ticketseverities` ENABLE KEYS */;
UNLOCK TABLES;

--
-- Table structure for table `nectarcrm_ticketseverities_seq`
--

DROP TABLE IF EXISTS `nectarcrm_ticketseverities_seq`;
/*!40101 SET @saved_cs_client     = @@character_set_client */;
/*!40101 SET character_set_client = utf8 */;
CREATE TABLE `nectarcrm_ticketseverities_seq` (
  `id` int(11) NOT NULL
) ENGINE=InnoDB DEFAULT CHARSET=utf8;
/*!40101 SET character_set_client = @saved_cs_client */;

--
-- Dumping data for table `nectarcrm_ticketseverities_seq`
--

LOCK TABLES `nectarcrm_ticketseverities_seq` WRITE;
/*!40000 ALTER TABLE `nectarcrm_ticketseverities_seq` DISABLE KEYS */;
INSERT INTO `nectarcrm_ticketseverities_seq` VALUES (4);
/*!40000 ALTER TABLE `nectarcrm_ticketseverities_seq` ENABLE KEYS */;
UNLOCK TABLES;

--
-- Table structure for table `nectarcrm_ticketstatus`
--

DROP TABLE IF EXISTS `nectarcrm_ticketstatus`;
/*!40101 SET @saved_cs_client     = @@character_set_client */;
/*!40101 SET character_set_client = utf8 */;
CREATE TABLE `nectarcrm_ticketstatus` (
  `ticketstatus_id` int(19) NOT NULL AUTO_INCREMENT,
  `ticketstatus` varchar(200) DEFAULT NULL,
  `presence` int(1) NOT NULL DEFAULT '0',
  `picklist_valueid` int(19) NOT NULL DEFAULT '0',
  `sortorderid` int(11) DEFAULT NULL,
  `color` varchar(10) DEFAULT NULL,
  PRIMARY KEY (`ticketstatus_id`)
) ENGINE=InnoDB AUTO_INCREMENT=5 DEFAULT CHARSET=utf8;
/*!40101 SET character_set_client = @saved_cs_client */;

--
-- Dumping data for table `nectarcrm_ticketstatus`
--

LOCK TABLES `nectarcrm_ticketstatus` WRITE;
/*!40000 ALTER TABLE `nectarcrm_ticketstatus` DISABLE KEYS */;
INSERT INTO `nectarcrm_ticketstatus` VALUES (1,'Open',0,190,0,NULL),(2,'In Progress',0,191,1,NULL),(3,'Wait For Response',0,192,2,NULL),(4,'Closed',0,193,3,NULL);
/*!40000 ALTER TABLE `nectarcrm_ticketstatus` ENABLE KEYS */;
UNLOCK TABLES;

--
-- Table structure for table `nectarcrm_ticketstatus_seq`
--

DROP TABLE IF EXISTS `nectarcrm_ticketstatus_seq`;
/*!40101 SET @saved_cs_client     = @@character_set_client */;
/*!40101 SET character_set_client = utf8 */;
CREATE TABLE `nectarcrm_ticketstatus_seq` (
  `id` int(11) NOT NULL
) ENGINE=InnoDB DEFAULT CHARSET=utf8;
/*!40101 SET character_set_client = @saved_cs_client */;

--
-- Dumping data for table `nectarcrm_ticketstatus_seq`
--

LOCK TABLES `nectarcrm_ticketstatus_seq` WRITE;
/*!40000 ALTER TABLE `nectarcrm_ticketstatus_seq` DISABLE KEYS */;
INSERT INTO `nectarcrm_ticketstatus_seq` VALUES (4);
/*!40000 ALTER TABLE `nectarcrm_ticketstatus_seq` ENABLE KEYS */;
UNLOCK TABLES;

--
-- Table structure for table `nectarcrm_time_zone`
--

DROP TABLE IF EXISTS `nectarcrm_time_zone`;
/*!40101 SET @saved_cs_client     = @@character_set_client */;
/*!40101 SET character_set_client = utf8 */;
CREATE TABLE `nectarcrm_time_zone` (
  `time_zoneid` int(19) NOT NULL AUTO_INCREMENT,
  `time_zone` varchar(200) NOT NULL,
  `sortorderid` int(19) NOT NULL DEFAULT '0',
  `presence` int(1) NOT NULL DEFAULT '1',
  PRIMARY KEY (`time_zoneid`)
) ENGINE=InnoDB AUTO_INCREMENT=98 DEFAULT CHARSET=utf8;
/*!40101 SET character_set_client = @saved_cs_client */;

--
-- Dumping data for table `nectarcrm_time_zone`
--

LOCK TABLES `nectarcrm_time_zone` WRITE;
/*!40000 ALTER TABLE `nectarcrm_time_zone` DISABLE KEYS */;
INSERT INTO `nectarcrm_time_zone` VALUES (1,'Pacific/Midway',1,1),(2,'Pacific/Samoa',0,1),(3,'Pacific/Honolulu',2,1),(4,'America/Anchorage',3,1),(5,'America/Los_Angeles',5,1),(6,'America/Tijuana',4,1),(7,'America/Denver',6,1),(8,'America/Chihuahua',8,1),(9,'America/Mazatlan',7,1),(10,'America/Phoenix',9,1),(11,'America/Regina',10,1),(12,'America/Tegucigalpa',14,1),(13,'America/Chicago',13,1),(14,'America/Mexico_City',12,1),(15,'America/Monterrey',11,1),(16,'America/New_York',18,1),(17,'America/Bogota',19,1),(18,'America/Lima',16,1),(19,'America/Rio_Branco',15,1),(20,'America/Indiana/Indianapolis',17,1),(21,'America/Caracas',20,1),(22,'America/Halifax',25,1),(23,'America/Manaus',22,1),(24,'America/Santiago',21,1),(25,'America/La_Paz',23,1),(26,'America/Cuiaba',24,1),(27,'America/Asuncion',26,1),(28,'America/St_Johns',27,1),(29,'America/Argentina/Buenos_Aires',30,1),(30,'America/Sao_Paulo',31,1),(31,'America/Godthab',29,1),(32,'America/Montevideo',28,1),(33,'Atlantic/South_Georgia',32,1),(34,'Atlantic/Azores',34,1),(35,'Atlantic/Cape_Verde',33,1),(36,'Europe/London',37,1),(37,'UTC',36,1),(38,'Africa/Monrovia',38,1),(39,'Africa/Casablanca',35,1),(40,'Europe/Belgrade',40,1),(41,'Europe/Sarajevo',42,1),(42,'Europe/Brussels',41,1),(43,'Africa/Algiers',43,1),(44,'Europe/Amsterdam',39,1),(45,'Europe/Minsk',52,1),(46,'Africa/Cairo',47,1),(47,'Europe/Helsinki',49,1),(48,'Europe/Athens',45,1),(49,'Europe/Istanbul',50,1),(50,'Asia/Jerusalem',51,1),(51,'Asia/Amman',44,1),(52,'Asia/Beirut',46,1),(53,'Africa/Windhoek',53,1),(54,'Africa/Harare',48,1),(55,'Asia/Kuwait',55,1),(56,'Asia/Baghdad',54,1),(57,'Africa/Nairobi',57,1),(58,'Asia/Tehran',58,1),(59,'Asia/Tbilisi',61,1),(60,'Europe/Moscow',56,1),(61,'Asia/Muscat',59,1),(62,'Asia/Baku',60,1),(63,'Asia/Yerevan',62,1),(64,'Asia/Karachi',63,1),(65,'Asia/Tashkent',64,1),(66,'Asia/Kolkata',65,1),(67,'Asia/Colombo',66,1),(68,'Asia/Katmandu',67,1),(69,'Asia/Dhaka',69,1),(70,'Asia/Almaty',68,1),(71,'Asia/Yekaterinburg',70,1),(72,'Asia/Rangoon',71,1),(73,'Asia/Novosibirsk',73,1),(74,'Asia/Bangkok',72,1),(75,'Asia/Brunei',74,1),(76,'Asia/Krasnoyarsk',75,1),(77,'Asia/Ulaanbaatar',79,1),(78,'Asia/Kuala_Lumpur',76,1),(79,'Asia/Taipei',78,1),(80,'Australia/Perth',77,1),(81,'Asia/Irkutsk',80,1),(82,'Asia/Seoul',81,1),(83,'Asia/Tokyo',82,1),(84,'Australia/Darwin',84,1),(85,'Australia/Adelaide',83,1),(86,'Australia/Canberra',86,1),(87,'Australia/Brisbane',85,1),(88,'Australia/Hobart',88,1),(89,'Asia/Vladivostok',89,1),(90,'Pacific/Guam',87,1),(91,'Asia/Yakutsk',90,1),(92,'Pacific/Fiji',93,1),(93,'Asia/Kamchatka',94,1),(94,'Pacific/Auckland',92,1),(95,'Asia/Magadan',95,1),(96,'Pacific/Tongatapu',96,1),(97,'Etc/GMT-11',91,1);
/*!40000 ALTER TABLE `nectarcrm_time_zone` ENABLE KEYS */;
UNLOCK TABLES;

--
-- Table structure for table `nectarcrm_time_zone_seq`
--

DROP TABLE IF EXISTS `nectarcrm_time_zone_seq`;
/*!40101 SET @saved_cs_client     = @@character_set_client */;
/*!40101 SET character_set_client = utf8 */;
CREATE TABLE `nectarcrm_time_zone_seq` (
  `id` int(11) NOT NULL
) ENGINE=InnoDB DEFAULT CHARSET=utf8;
/*!40101 SET character_set_client = @saved_cs_client */;

--
-- Dumping data for table `nectarcrm_time_zone_seq`
--

LOCK TABLES `nectarcrm_time_zone_seq` WRITE;
/*!40000 ALTER TABLE `nectarcrm_time_zone_seq` DISABLE KEYS */;
INSERT INTO `nectarcrm_time_zone_seq` VALUES (96);
/*!40000 ALTER TABLE `nectarcrm_time_zone_seq` ENABLE KEYS */;
UNLOCK TABLES;

--
-- Table structure for table `nectarcrm_tmp_read_group_rel_sharing_per`
--

DROP TABLE IF EXISTS `nectarcrm_tmp_read_group_rel_sharing_per`;
/*!40101 SET @saved_cs_client     = @@character_set_client */;
/*!40101 SET character_set_client = utf8 */;
CREATE TABLE `nectarcrm_tmp_read_group_rel_sharing_per` (
  `userid` int(11) NOT NULL,
  `tabid` int(11) NOT NULL,
  `relatedtabid` int(11) NOT NULL,
  `sharedgroupid` int(11) NOT NULL,
  PRIMARY KEY (`userid`,`tabid`,`relatedtabid`,`sharedgroupid`),
  KEY `tmp_read_group_rel_sharing_per_userid_sharedgroupid_tabid` (`userid`,`sharedgroupid`,`tabid`),
  CONSTRAINT `fk_4_nectarcrm_tmp_read_group_rel_sharing_per` FOREIGN KEY (`userid`) REFERENCES `nectarcrm_users` (`id`) ON DELETE CASCADE
) ENGINE=InnoDB DEFAULT CHARSET=utf8;
/*!40101 SET character_set_client = @saved_cs_client */;

--
-- Dumping data for table `nectarcrm_tmp_read_group_rel_sharing_per`
--

LOCK TABLES `nectarcrm_tmp_read_group_rel_sharing_per` WRITE;
/*!40000 ALTER TABLE `nectarcrm_tmp_read_group_rel_sharing_per` DISABLE KEYS */;
/*!40000 ALTER TABLE `nectarcrm_tmp_read_group_rel_sharing_per` ENABLE KEYS */;
UNLOCK TABLES;

--
-- Table structure for table `nectarcrm_tmp_read_group_sharing_per`
--

DROP TABLE IF EXISTS `nectarcrm_tmp_read_group_sharing_per`;
/*!40101 SET @saved_cs_client     = @@character_set_client */;
/*!40101 SET character_set_client = utf8 */;
CREATE TABLE `nectarcrm_tmp_read_group_sharing_per` (
  `userid` int(11) NOT NULL,
  `tabid` int(11) NOT NULL,
  `sharedgroupid` int(11) NOT NULL,
  PRIMARY KEY (`userid`,`tabid`,`sharedgroupid`),
  KEY `tmp_read_group_sharing_per_userid_sharedgroupid_idx` (`userid`,`sharedgroupid`),
  CONSTRAINT `fk_3_nectarcrm_tmp_read_group_sharing_per` FOREIGN KEY (`userid`) REFERENCES `nectarcrm_users` (`id`) ON DELETE CASCADE
) ENGINE=InnoDB DEFAULT CHARSET=utf8;
/*!40101 SET character_set_client = @saved_cs_client */;

--
-- Dumping data for table `nectarcrm_tmp_read_group_sharing_per`
--

LOCK TABLES `nectarcrm_tmp_read_group_sharing_per` WRITE;
/*!40000 ALTER TABLE `nectarcrm_tmp_read_group_sharing_per` DISABLE KEYS */;
/*!40000 ALTER TABLE `nectarcrm_tmp_read_group_sharing_per` ENABLE KEYS */;
UNLOCK TABLES;

--
-- Table structure for table `nectarcrm_tmp_read_user_rel_sharing_per`
--

DROP TABLE IF EXISTS `nectarcrm_tmp_read_user_rel_sharing_per`;
/*!40101 SET @saved_cs_client     = @@character_set_client */;
/*!40101 SET character_set_client = utf8 */;
CREATE TABLE `nectarcrm_tmp_read_user_rel_sharing_per` (
  `userid` int(11) NOT NULL,
  `tabid` int(11) NOT NULL,
  `relatedtabid` int(11) NOT NULL,
  `shareduserid` int(11) NOT NULL,
  PRIMARY KEY (`userid`,`tabid`,`relatedtabid`,`shareduserid`),
  KEY `tmp_read_user_rel_sharing_per_userid_shared_reltabid_idx` (`userid`,`shareduserid`,`relatedtabid`),
  CONSTRAINT `fk_4_nectarcrm_tmp_read_user_rel_sharing_per` FOREIGN KEY (`userid`) REFERENCES `nectarcrm_users` (`id`) ON DELETE CASCADE
) ENGINE=InnoDB DEFAULT CHARSET=utf8;
/*!40101 SET character_set_client = @saved_cs_client */;

--
-- Dumping data for table `nectarcrm_tmp_read_user_rel_sharing_per`
--

LOCK TABLES `nectarcrm_tmp_read_user_rel_sharing_per` WRITE;
/*!40000 ALTER TABLE `nectarcrm_tmp_read_user_rel_sharing_per` DISABLE KEYS */;
/*!40000 ALTER TABLE `nectarcrm_tmp_read_user_rel_sharing_per` ENABLE KEYS */;
UNLOCK TABLES;

--
-- Table structure for table `nectarcrm_tmp_read_user_sharing_per`
--

DROP TABLE IF EXISTS `nectarcrm_tmp_read_user_sharing_per`;
/*!40101 SET @saved_cs_client     = @@character_set_client */;
/*!40101 SET character_set_client = utf8 */;
CREATE TABLE `nectarcrm_tmp_read_user_sharing_per` (
  `userid` int(11) NOT NULL,
  `tabid` int(11) NOT NULL,
  `shareduserid` int(11) NOT NULL,
  PRIMARY KEY (`userid`,`tabid`,`shareduserid`),
  KEY `tmp_read_user_sharing_per_userid_shareduserid_idx` (`userid`,`shareduserid`),
  CONSTRAINT `fk_3_nectarcrm_tmp_read_user_sharing_per` FOREIGN KEY (`userid`) REFERENCES `nectarcrm_users` (`id`) ON DELETE CASCADE
) ENGINE=InnoDB DEFAULT CHARSET=utf8;
/*!40101 SET character_set_client = @saved_cs_client */;

--
-- Dumping data for table `nectarcrm_tmp_read_user_sharing_per`
--

LOCK TABLES `nectarcrm_tmp_read_user_sharing_per` WRITE;
/*!40000 ALTER TABLE `nectarcrm_tmp_read_user_sharing_per` DISABLE KEYS */;
/*!40000 ALTER TABLE `nectarcrm_tmp_read_user_sharing_per` ENABLE KEYS */;
UNLOCK TABLES;

--
-- Table structure for table `nectarcrm_tmp_write_group_rel_sharing_per`
--

DROP TABLE IF EXISTS `nectarcrm_tmp_write_group_rel_sharing_per`;
/*!40101 SET @saved_cs_client     = @@character_set_client */;
/*!40101 SET character_set_client = utf8 */;
CREATE TABLE `nectarcrm_tmp_write_group_rel_sharing_per` (
  `userid` int(11) NOT NULL,
  `tabid` int(11) NOT NULL,
  `relatedtabid` int(11) NOT NULL,
  `sharedgroupid` int(11) NOT NULL,
  PRIMARY KEY (`userid`,`tabid`,`relatedtabid`,`sharedgroupid`),
  KEY `tmp_write_group_rel_sharing_per_userid_sharedgroupid_tabid_idx` (`userid`,`sharedgroupid`,`tabid`),
  CONSTRAINT `fk_4_nectarcrm_tmp_write_group_rel_sharing_per` FOREIGN KEY (`userid`) REFERENCES `nectarcrm_users` (`id`) ON DELETE CASCADE
) ENGINE=InnoDB DEFAULT CHARSET=utf8;
/*!40101 SET character_set_client = @saved_cs_client */;

--
-- Dumping data for table `nectarcrm_tmp_write_group_rel_sharing_per`
--

LOCK TABLES `nectarcrm_tmp_write_group_rel_sharing_per` WRITE;
/*!40000 ALTER TABLE `nectarcrm_tmp_write_group_rel_sharing_per` DISABLE KEYS */;
/*!40000 ALTER TABLE `nectarcrm_tmp_write_group_rel_sharing_per` ENABLE KEYS */;
UNLOCK TABLES;

--
-- Table structure for table `nectarcrm_tmp_write_group_sharing_per`
--

DROP TABLE IF EXISTS `nectarcrm_tmp_write_group_sharing_per`;
/*!40101 SET @saved_cs_client     = @@character_set_client */;
/*!40101 SET character_set_client = utf8 */;
CREATE TABLE `nectarcrm_tmp_write_group_sharing_per` (
  `userid` int(11) NOT NULL,
  `tabid` int(11) NOT NULL,
  `sharedgroupid` int(11) NOT NULL,
  PRIMARY KEY (`userid`,`tabid`,`sharedgroupid`),
  KEY `tmp_write_group_sharing_per_UK1` (`userid`,`sharedgroupid`),
  CONSTRAINT `fk_3_nectarcrm_tmp_write_group_sharing_per` FOREIGN KEY (`userid`) REFERENCES `nectarcrm_users` (`id`) ON DELETE CASCADE
) ENGINE=InnoDB DEFAULT CHARSET=utf8;
/*!40101 SET character_set_client = @saved_cs_client */;

--
-- Dumping data for table `nectarcrm_tmp_write_group_sharing_per`
--

LOCK TABLES `nectarcrm_tmp_write_group_sharing_per` WRITE;
/*!40000 ALTER TABLE `nectarcrm_tmp_write_group_sharing_per` DISABLE KEYS */;
/*!40000 ALTER TABLE `nectarcrm_tmp_write_group_sharing_per` ENABLE KEYS */;
UNLOCK TABLES;

--
-- Table structure for table `nectarcrm_tmp_write_user_rel_sharing_per`
--

DROP TABLE IF EXISTS `nectarcrm_tmp_write_user_rel_sharing_per`;
/*!40101 SET @saved_cs_client     = @@character_set_client */;
/*!40101 SET character_set_client = utf8 */;
CREATE TABLE `nectarcrm_tmp_write_user_rel_sharing_per` (
  `userid` int(11) NOT NULL,
  `tabid` int(11) NOT NULL,
  `relatedtabid` int(11) NOT NULL,
  `shareduserid` int(11) NOT NULL,
  PRIMARY KEY (`userid`,`tabid`,`relatedtabid`,`shareduserid`),
  KEY `tmp_write_user_rel_sharing_per_userid_sharduserid_tabid_idx` (`userid`,`shareduserid`,`tabid`),
  CONSTRAINT `fk_4_nectarcrm_tmp_write_user_rel_sharing_per` FOREIGN KEY (`userid`) REFERENCES `nectarcrm_users` (`id`) ON DELETE CASCADE
) ENGINE=InnoDB DEFAULT CHARSET=utf8;
/*!40101 SET character_set_client = @saved_cs_client */;

--
-- Dumping data for table `nectarcrm_tmp_write_user_rel_sharing_per`
--

LOCK TABLES `nectarcrm_tmp_write_user_rel_sharing_per` WRITE;
/*!40000 ALTER TABLE `nectarcrm_tmp_write_user_rel_sharing_per` DISABLE KEYS */;
/*!40000 ALTER TABLE `nectarcrm_tmp_write_user_rel_sharing_per` ENABLE KEYS */;
UNLOCK TABLES;

--
-- Table structure for table `nectarcrm_tmp_write_user_sharing_per`
--

DROP TABLE IF EXISTS `nectarcrm_tmp_write_user_sharing_per`;
/*!40101 SET @saved_cs_client     = @@character_set_client */;
/*!40101 SET character_set_client = utf8 */;
CREATE TABLE `nectarcrm_tmp_write_user_sharing_per` (
  `userid` int(11) NOT NULL,
  `tabid` int(11) NOT NULL,
  `shareduserid` int(11) NOT NULL,
  PRIMARY KEY (`userid`,`tabid`,`shareduserid`),
  KEY `tmp_write_user_sharing_per_userid_shareduserid_idx` (`userid`,`shareduserid`),
  CONSTRAINT `fk_3_nectarcrm_tmp_write_user_sharing_per` FOREIGN KEY (`userid`) REFERENCES `nectarcrm_users` (`id`) ON DELETE CASCADE
) ENGINE=InnoDB DEFAULT CHARSET=utf8;
/*!40101 SET character_set_client = @saved_cs_client */;

--
-- Dumping data for table `nectarcrm_tmp_write_user_sharing_per`
--

LOCK TABLES `nectarcrm_tmp_write_user_sharing_per` WRITE;
/*!40000 ALTER TABLE `nectarcrm_tmp_write_user_sharing_per` DISABLE KEYS */;
/*!40000 ALTER TABLE `nectarcrm_tmp_write_user_sharing_per` ENABLE KEYS */;
UNLOCK TABLES;

--
-- Table structure for table `nectarcrm_tracker`
--

DROP TABLE IF EXISTS `nectarcrm_tracker`;
/*!40101 SET @saved_cs_client     = @@character_set_client */;
/*!40101 SET character_set_client = utf8 */;
CREATE TABLE `nectarcrm_tracker` (
  `id` int(11) NOT NULL AUTO_INCREMENT,
  `user_id` varchar(36) DEFAULT NULL,
  `module_name` varchar(25) DEFAULT NULL,
  `item_id` varchar(36) DEFAULT NULL,
  `item_summary` varchar(255) DEFAULT NULL,
  PRIMARY KEY (`id`)
) ENGINE=InnoDB DEFAULT CHARSET=utf8;
/*!40101 SET character_set_client = @saved_cs_client */;

--
-- Dumping data for table `nectarcrm_tracker`
--

LOCK TABLES `nectarcrm_tracker` WRITE;
/*!40000 ALTER TABLE `nectarcrm_tracker` DISABLE KEYS */;
/*!40000 ALTER TABLE `nectarcrm_tracker` ENABLE KEYS */;
UNLOCK TABLES;

--
-- Table structure for table `nectarcrm_tracking_unit`
--

DROP TABLE IF EXISTS `nectarcrm_tracking_unit`;
/*!40101 SET @saved_cs_client     = @@character_set_client */;
/*!40101 SET character_set_client = utf8 */;
CREATE TABLE `nectarcrm_tracking_unit` (
  `tracking_unitid` int(11) NOT NULL AUTO_INCREMENT,
  `tracking_unit` varchar(200) NOT NULL,
  `presence` int(1) NOT NULL DEFAULT '1',
  `picklist_valueid` int(11) NOT NULL DEFAULT '0',
  `sortorderid` int(11) DEFAULT '0',
  `color` varchar(10) DEFAULT NULL,
  PRIMARY KEY (`tracking_unitid`)
) ENGINE=InnoDB AUTO_INCREMENT=5 DEFAULT CHARSET=utf8;
/*!40101 SET character_set_client = @saved_cs_client */;

--
-- Dumping data for table `nectarcrm_tracking_unit`
--

LOCK TABLES `nectarcrm_tracking_unit` WRITE;
/*!40000 ALTER TABLE `nectarcrm_tracking_unit` DISABLE KEYS */;
INSERT INTO `nectarcrm_tracking_unit` VALUES (2,'Hours',1,220,2,NULL),(3,'Days',1,221,3,NULL),(4,'Incidents',1,222,4,NULL);
/*!40000 ALTER TABLE `nectarcrm_tracking_unit` ENABLE KEYS */;
UNLOCK TABLES;

--
-- Table structure for table `nectarcrm_tracking_unit_seq`
--

DROP TABLE IF EXISTS `nectarcrm_tracking_unit_seq`;
/*!40101 SET @saved_cs_client     = @@character_set_client */;
/*!40101 SET character_set_client = utf8 */;
CREATE TABLE `nectarcrm_tracking_unit_seq` (
  `id` int(11) NOT NULL
) ENGINE=InnoDB DEFAULT CHARSET=utf8;
/*!40101 SET character_set_client = @saved_cs_client */;

--
-- Dumping data for table `nectarcrm_tracking_unit_seq`
--

LOCK TABLES `nectarcrm_tracking_unit_seq` WRITE;
/*!40000 ALTER TABLE `nectarcrm_tracking_unit_seq` DISABLE KEYS */;
INSERT INTO `nectarcrm_tracking_unit_seq` VALUES (4);
/*!40000 ALTER TABLE `nectarcrm_tracking_unit_seq` ENABLE KEYS */;
UNLOCK TABLES;

--
-- Table structure for table `nectarcrm_troubletickets`
--

DROP TABLE IF EXISTS `nectarcrm_troubletickets`;
/*!40101 SET @saved_cs_client     = @@character_set_client */;
/*!40101 SET character_set_client = utf8 */;
CREATE TABLE `nectarcrm_troubletickets` (
  `ticketid` int(19) NOT NULL,
  `ticket_no` varchar(100) NOT NULL,
  `groupname` varchar(100) DEFAULT NULL,
  `parent_id` varchar(100) DEFAULT NULL,
  `product_id` varchar(100) DEFAULT NULL,
  `priority` varchar(200) DEFAULT NULL,
  `severity` varchar(200) DEFAULT NULL,
  `status` varchar(200) DEFAULT NULL,
  `category` varchar(200) DEFAULT NULL,
  `title` varchar(255) NOT NULL,
  `solution` text,
  `update_log` text,
  `version_id` int(11) DEFAULT NULL,
  `hours` decimal(25,8) DEFAULT NULL,
  `days` decimal(25,8) DEFAULT NULL,
  `contact_id` int(19) DEFAULT NULL,
  `tags` varchar(1) DEFAULT NULL,
  PRIMARY KEY (`ticketid`),
  KEY `troubletickets_ticketid_idx` (`ticketid`),
  KEY `troubletickets_status_idx` (`status`),
  CONSTRAINT `fk_1_nectarcrm_troubletickets` FOREIGN KEY (`ticketid`) REFERENCES `nectarcrm_crmentity` (`crmid`) ON DELETE CASCADE
) ENGINE=InnoDB DEFAULT CHARSET=utf8;
/*!40101 SET character_set_client = @saved_cs_client */;

--
-- Dumping data for table `nectarcrm_troubletickets`
--

LOCK TABLES `nectarcrm_troubletickets` WRITE;
/*!40000 ALTER TABLE `nectarcrm_troubletickets` DISABLE KEYS */;
INSERT INTO `nectarcrm_troubletickets` VALUES (90,'TT1',NULL,'0','88','Normal','','Open','','ticket1','',NULL,NULL,0.00000000,0.00000000,0,''),(99,'TT2',NULL,'0','0','Normal','','Open','','ticket2','',NULL,NULL,0.00000000,0.00000000,0,''),(110,'TT3',NULL,'0','109','Normal','','Open','','ticket3','',NULL,NULL,0.00000000,0.00000000,0,''),(120,'TT4',NULL,'73','109','Low','','Open','','ticket4','',NULL,NULL,0.00000000,0.00000000,72,'');
/*!40000 ALTER TABLE `nectarcrm_troubletickets` ENABLE KEYS */;
UNLOCK TABLES;

--
-- Table structure for table `nectarcrm_usageunit`
--

DROP TABLE IF EXISTS `nectarcrm_usageunit`;
/*!40101 SET @saved_cs_client     = @@character_set_client */;
/*!40101 SET character_set_client = utf8 */;
CREATE TABLE `nectarcrm_usageunit` (
  `usageunitid` int(19) NOT NULL AUTO_INCREMENT,
  `usageunit` varchar(200) NOT NULL,
  `presence` int(1) NOT NULL DEFAULT '1',
  `picklist_valueid` int(19) NOT NULL DEFAULT '0',
  `sortorderid` int(11) DEFAULT NULL,
  `color` varchar(10) DEFAULT NULL,
  PRIMARY KEY (`usageunitid`),
  UNIQUE KEY `usageunit_usageunit_idx` (`usageunit`)
) ENGINE=InnoDB AUTO_INCREMENT=17 DEFAULT CHARSET=utf8;
/*!40101 SET character_set_client = @saved_cs_client */;

--
-- Dumping data for table `nectarcrm_usageunit`
--

LOCK TABLES `nectarcrm_usageunit` WRITE;
/*!40000 ALTER TABLE `nectarcrm_usageunit` DISABLE KEYS */;
INSERT INTO `nectarcrm_usageunit` VALUES (1,'Box',1,194,0,NULL),(2,'Carton',1,195,1,NULL),(3,'Dozen',1,196,2,NULL),(4,'Each',1,197,3,NULL),(5,'Hours',1,198,4,NULL),(6,'Impressions',1,199,5,NULL),(7,'Lb',1,200,6,NULL),(8,'M',1,201,7,NULL),(9,'Pack',1,202,8,NULL),(10,'Pages',1,203,9,NULL),(11,'Pieces',1,204,10,NULL),(12,'Quantity',1,205,11,NULL),(13,'Reams',1,206,12,NULL),(14,'Sheet',1,207,13,NULL),(15,'Spiral Binder',1,208,14,NULL),(16,'Sq Ft',1,209,15,NULL);
/*!40000 ALTER TABLE `nectarcrm_usageunit` ENABLE KEYS */;
UNLOCK TABLES;

--
-- Table structure for table `nectarcrm_usageunit_seq`
--

DROP TABLE IF EXISTS `nectarcrm_usageunit_seq`;
/*!40101 SET @saved_cs_client     = @@character_set_client */;
/*!40101 SET character_set_client = utf8 */;
CREATE TABLE `nectarcrm_usageunit_seq` (
  `id` int(11) NOT NULL
) ENGINE=InnoDB DEFAULT CHARSET=utf8;
/*!40101 SET character_set_client = @saved_cs_client */;

--
-- Dumping data for table `nectarcrm_usageunit_seq`
--

LOCK TABLES `nectarcrm_usageunit_seq` WRITE;
/*!40000 ALTER TABLE `nectarcrm_usageunit_seq` DISABLE KEYS */;
INSERT INTO `nectarcrm_usageunit_seq` VALUES (16);
/*!40000 ALTER TABLE `nectarcrm_usageunit_seq` ENABLE KEYS */;
UNLOCK TABLES;

--
-- Table structure for table `nectarcrm_user2mergefields`
--

DROP TABLE IF EXISTS `nectarcrm_user2mergefields`;
/*!40101 SET @saved_cs_client     = @@character_set_client */;
/*!40101 SET character_set_client = utf8 */;
CREATE TABLE `nectarcrm_user2mergefields` (
  `userid` int(11) DEFAULT NULL,
  `tabid` int(19) DEFAULT NULL,
  `fieldid` int(19) DEFAULT NULL,
  `visible` int(2) DEFAULT NULL,
  KEY `userid_tabid_idx` (`userid`,`tabid`)
) ENGINE=InnoDB DEFAULT CHARSET=utf8;
/*!40101 SET character_set_client = @saved_cs_client */;

--
-- Dumping data for table `nectarcrm_user2mergefields`
--

LOCK TABLES `nectarcrm_user2mergefields` WRITE;
/*!40000 ALTER TABLE `nectarcrm_user2mergefields` DISABLE KEYS */;
/*!40000 ALTER TABLE `nectarcrm_user2mergefields` ENABLE KEYS */;
UNLOCK TABLES;

--
-- Table structure for table `nectarcrm_user2role`
--

DROP TABLE IF EXISTS `nectarcrm_user2role`;
/*!40101 SET @saved_cs_client     = @@character_set_client */;
/*!40101 SET character_set_client = utf8 */;
CREATE TABLE `nectarcrm_user2role` (
  `userid` int(11) NOT NULL,
  `roleid` varchar(255) NOT NULL,
  PRIMARY KEY (`userid`),
  KEY `user2role_roleid_idx` (`roleid`),
  CONSTRAINT `fk_2_nectarcrm_user2role` FOREIGN KEY (`userid`) REFERENCES `nectarcrm_users` (`id`) ON DELETE CASCADE
) ENGINE=InnoDB DEFAULT CHARSET=utf8;
/*!40101 SET character_set_client = @saved_cs_client */;

--
-- Dumping data for table `nectarcrm_user2role`
--

LOCK TABLES `nectarcrm_user2role` WRITE;
/*!40000 ALTER TABLE `nectarcrm_user2role` DISABLE KEYS */;
INSERT INTO `nectarcrm_user2role` VALUES (13,'H2'),(11,'H3'),(1,'H4'),(5,'H4'),(6,'H4'),(8,'H4'),(12,'H4'),(9,'H7'),(10,'H8');
/*!40000 ALTER TABLE `nectarcrm_user2role` ENABLE KEYS */;
UNLOCK TABLES;

--
-- Table structure for table `nectarcrm_user_module_preferences`
--

DROP TABLE IF EXISTS `nectarcrm_user_module_preferences`;
/*!40101 SET @saved_cs_client     = @@character_set_client */;
/*!40101 SET character_set_client = utf8 */;
CREATE TABLE `nectarcrm_user_module_preferences` (
  `userid` int(19) NOT NULL,
  `tabid` int(19) NOT NULL,
  `default_cvid` int(19) NOT NULL,
  PRIMARY KEY (`userid`,`tabid`),
  KEY `fk_2_nectarcrm_user_module_preferences` (`tabid`),
  CONSTRAINT `fk_2_nectarcrm_user_module_preferences` FOREIGN KEY (`tabid`) REFERENCES `nectarcrm_tab` (`tabid`) ON DELETE CASCADE ON UPDATE CASCADE
) ENGINE=InnoDB DEFAULT CHARSET=utf8;
/*!40101 SET character_set_client = @saved_cs_client */;

--
-- Dumping data for table `nectarcrm_user_module_preferences`
--

LOCK TABLES `nectarcrm_user_module_preferences` WRITE;
/*!40000 ALTER TABLE `nectarcrm_user_module_preferences` DISABLE KEYS */;
/*!40000 ALTER TABLE `nectarcrm_user_module_preferences` ENABLE KEYS */;
UNLOCK TABLES;

--
-- Table structure for table `nectarcrm_users`
--

DROP TABLE IF EXISTS `nectarcrm_users`;
/*!40101 SET @saved_cs_client     = @@character_set_client */;
/*!40101 SET character_set_client = utf8 */;
CREATE TABLE `nectarcrm_users` (
  `id` int(11) NOT NULL AUTO_INCREMENT,
  `user_name` varchar(255) DEFAULT NULL,
  `user_password` varchar(200) DEFAULT NULL,
  `user_hash` varchar(32) DEFAULT NULL,
  `cal_color` varchar(25) DEFAULT '#E6FAD8',
  `first_name` varchar(30) DEFAULT NULL,
  `last_name` varchar(30) DEFAULT NULL,
  `reports_to_id` varchar(36) DEFAULT NULL,
  `is_admin` varchar(3) DEFAULT '0',
  `currency_id` int(19) NOT NULL DEFAULT '1',
  `description` text,
  `date_entered` timestamp NOT NULL DEFAULT CURRENT_TIMESTAMP ON UPDATE CURRENT_TIMESTAMP,
  `date_modified` datetime DEFAULT NULL,
  `modified_user_id` varchar(36) DEFAULT NULL,
  `title` varchar(50) DEFAULT NULL,
  `department` varchar(50) DEFAULT NULL,
  `phone_home` varchar(50) DEFAULT NULL,
  `phone_mobile` varchar(50) DEFAULT NULL,
  `phone_work` varchar(50) DEFAULT NULL,
  `phone_other` varchar(50) DEFAULT NULL,
  `phone_fax` varchar(50) DEFAULT NULL,
  `email1` varchar(100) DEFAULT NULL,
  `email2` varchar(100) DEFAULT NULL,
  `secondaryemail` varchar(100) DEFAULT NULL,
  `status` varchar(25) DEFAULT NULL,
  `signature` text,
  `address_street` varchar(150) DEFAULT NULL,
  `address_city` varchar(100) DEFAULT NULL,
  `address_state` varchar(100) DEFAULT NULL,
  `address_country` varchar(25) DEFAULT NULL,
  `address_postalcode` varchar(9) DEFAULT NULL,
  `user_preferences` text,
  `tz` varchar(30) DEFAULT NULL,
  `holidays` varchar(60) DEFAULT NULL,
  `namedays` varchar(60) DEFAULT NULL,
  `workdays` varchar(30) DEFAULT NULL,
  `weekstart` int(11) DEFAULT NULL,
  `date_format` varchar(200) DEFAULT NULL,
  `hour_format` varchar(30) DEFAULT 'am/pm',
  `start_hour` varchar(30) DEFAULT '10:00',
  `end_hour` varchar(30) DEFAULT '23:00',
  `is_owner` varchar(100) DEFAULT '0',
  `activity_view` varchar(200) DEFAULT 'Today',
  `lead_view` varchar(200) DEFAULT 'Today',
  `imagename` varchar(250) DEFAULT NULL,
  `deleted` int(1) NOT NULL DEFAULT '0',
  `confirm_password` varchar(300) DEFAULT NULL,
  `internal_mailer` varchar(3) NOT NULL DEFAULT '1',
  `reminder_interval` varchar(100) DEFAULT NULL,
  `reminder_next_time` varchar(100) DEFAULT NULL,
  `crypt_type` varchar(20) NOT NULL DEFAULT 'MD5',
  `accesskey` varchar(36) DEFAULT NULL,
  `theme` varchar(100) DEFAULT NULL,
  `language` varchar(36) DEFAULT NULL,
  `time_zone` varchar(200) DEFAULT NULL,
  `currency_grouping_pattern` varchar(100) DEFAULT NULL,
  `currency_decimal_separator` varchar(2) DEFAULT NULL,
  `currency_grouping_separator` varchar(2) DEFAULT NULL,
  `currency_symbol_placement` varchar(20) DEFAULT NULL,
  `phone_crm_extension` varchar(100) DEFAULT NULL,
  `no_of_currency_decimals` varchar(2) DEFAULT NULL,
  `truncate_trailing_zeros` varchar(3) DEFAULT NULL,
  `dayoftheweek` varchar(100) DEFAULT NULL,
  `callduration` varchar(100) DEFAULT NULL,
  `othereventduration` varchar(100) DEFAULT NULL,
  `calendarsharedtype` varchar(100) DEFAULT NULL,
  `default_record_view` varchar(10) DEFAULT NULL,
  `leftpanelhide` varchar(3) DEFAULT NULL,
  `rowheight` varchar(10) DEFAULT NULL,
  `defaulteventstatus` varchar(50) DEFAULT NULL,
  `defaultactivitytype` varchar(50) DEFAULT NULL,
  `hidecompletedevents` int(11) DEFAULT NULL,
  `defaultcalendarview` varchar(100) DEFAULT NULL,
  PRIMARY KEY (`id`),
  KEY `user_user_name_idx` (`user_name`),
  KEY `user_user_password_idx` (`user_password`)
) ENGINE=InnoDB AUTO_INCREMENT=14 DEFAULT CHARSET=utf8;
/*!40101 SET character_set_client = @saved_cs_client */;

--
-- Dumping data for table `nectarcrm_users`
--

LOCK TABLES `nectarcrm_users` WRITE;
/*!40000 ALTER TABLE `nectarcrm_users` DISABLE KEYS */;
INSERT INTO `nectarcrm_users` VALUES (1,'admin','$1$ad000000$hzXFXvL3XVlnUE/X.1n9t/','21232f297a57a5a743894a0e4a801fc3','#E6FAD8','Demo','User','','on',1,'','2019-11-19 07:10:15',NULL,NULL,'','','','','','','','contact@nectarinfotel.com','bean@gmail.com','','Active','','','','','','',NULL,NULL,NULL,NULL,NULL,NULL,'yyyy-mm-dd','12','00:00','23:00','1','This Week','Today','',0,'$1$ad000000$hzXFXvL3XVlnUE/X.1n9t/','1','1 Minute',NULL,'PHP5.3MD5','0yoJQ1gFArbSd9hi','alphagrey','en_us','Asia/Kolkata','123,456,789','.',',','$1.0','','2','1','Sunday','5','5','public','Summary','1','','Planned','Call',0,'MyCalendar'),(5,'Bhaskar','$1$Bh000000$ZhZadInO8P8qAI6AmyRHf/','c93ccd78b2076528346216b3b2f701e6','#E6FAD8','Bhaskar','Viswanatha','','off',1,'','2018-08-23 06:28:00',NULL,NULL,'Sr. Sales Manager','Sales / Business Development','','+919923950170','','','','bhaskar.v@nectarinfotel.com','bvis1983@gmail.com','bhaskar1983@hotmail.com','Active','','Manik Baug','Pune','','India','411051',NULL,NULL,NULL,NULL,NULL,NULL,'mm-dd-yyyy','12','09:00','','','Today','Today','',0,'$1$Bh000000$ZhZadInO8P8qAI6AmyRHf/','0','',NULL,'PHP5.3MD5','feGrkH7t0l8BbF8e','softed','en_us','Asia/Kolkata','123,456,789','.',',','$1.0','','2','0','Sunday','5','5','public','Summary','0','medium',NULL,NULL,0,''),(6,'rashmi','$1$ra000000$yQ3IPRWjomVNeF0geU1uq1','0ce4ff80e8a029c19abaa08a2019a980','#E6FAD8','Rashmi','Chaudhari','','on',1,'','2018-08-27 08:49:32',NULL,NULL,'','','','','','','','rashmi.chaudhari@nectarinfotel.com','','','Active','','','','','','',NULL,NULL,NULL,NULL,NULL,NULL,'yyyy-mm-dd','12','09:00','','','Today','Today','',0,'$1$ra000000$yQ3IPRWjomVNeF0geU1uq1','0','',NULL,'PHP5.3MD5','2HVDvZpz2Hdx3ebk','softed','en_us','UTC','123,456,789','.',',','$1.0','','2','0','Sunday','5','5','public','Summary','0','medium',NULL,NULL,0,''),(8,'Ali','$1$Al000000$36.M8ZXN7vnCf4l0ePUfN0','7b8b965ad4bca0e41ab51de7b31363a1','#E6FAD8','','John','','off',1,'','2019-11-14 08:57:43',NULL,NULL,'','','','','','','','bean@gmail.com','','','Active','','','','','','',NULL,NULL,NULL,NULL,NULL,NULL,'mm-dd-yyyy','12','09:00','','','Today','Today','',0,'$1$Al000000$36.M8ZXN7vnCf4l0ePUfN0','0','',NULL,'PHP5.3MD5','dYdASPgPzI5y70sr','softed','en_us','UTC','123,456,789','.',',','$1.0','','2','0','Sunday','5','5','public','Summary','0','medium',NULL,NULL,0,''),(9,'sales','$1$sa000000$S.oD6MG9pCYSNyKh63r8b/','21232f297a57a5a743894a0e4a801fc3','#E6FAD8','John','Shen','','off',1,'','2019-11-19 05:20:05',NULL,NULL,'','','','','','','','rashmi.chaudhari@nectarinfotel.com','','','Active','','','','','','',NULL,NULL,NULL,NULL,NULL,NULL,'yyyy-mm-dd','12','09:00','','','Today','Today','',0,'$1$sa000000$S.oD6MG9pCYSNyKh63r8b/','0','',NULL,'PHP5.3MD5','PC9vdottbt2FhJRj','softed','en_us','UTC','123,456,789','.',',','$1.0','','2','0','Sunday','5','5','public','Summary','0','medium',NULL,NULL,0,''),(10,'user','$1$us000000$NnQJTRkDhBAWoNJZM6KyT1','21232f297a57a5a743894a0e4a801fc3','#E6FAD8','Asmee','John','','off',1,'','2019-11-19 05:31:42',NULL,NULL,'','','','','','','','bean@gmail.com','','','Active','','','','','','',NULL,NULL,NULL,NULL,NULL,NULL,'yyyy-mm-dd','12','09:00','','','Today','Today','',0,'$1$us000000$NnQJTRkDhBAWoNJZM6KyT1','0','',NULL,'PHP5.3MD5','ChdbgnV6BgvEm7OA','softed','en_us','UTC','123,456,789','.',',','$1.0','','2','0','Sunday','5','5','public','Summary','0','medium',NULL,NULL,0,''),(11,'viceuser','$1$vi000000$HXwixbBxE5x6GvYQutsTZ.','21232f297a57a5a743894a0e4a801fc3','#E6FAD8','Anmol','Watson','','off',1,'','2019-11-19 05:36:06',NULL,NULL,'','','','','','','','rashmi.chaudhari@nectarinfotel.com','','','Active','','','','','','',NULL,NULL,NULL,NULL,NULL,NULL,'yyyy-mm-dd','12','09:00','','','Today','Today','',0,'$1$vi000000$HXwixbBxE5x6GvYQutsTZ.','0','',NULL,'PHP5.3MD5','aPxRkSQqYsCj6Di9','softed','en_us','UTC','123,456,789','.',',','$1.0','','2','0','Sunday','5','5','public','Summary','0','medium',NULL,NULL,0,''),(12,'salesmanager','$1$sa000000$S.oD6MG9pCYSNyKh63r8b/','21232f297a57a5a743894a0e4a801fc3','#E6FAD8','Kashvi','Watson','','off',1,'','2019-11-19 05:41:06',NULL,NULL,'','','','','','','','demo@gmail.com','','','Active','','','','','','',NULL,NULL,NULL,NULL,NULL,NULL,'yyyy-mm-dd','12','09:00','','','Today','Today','',0,'$1$sa000000$S.oD6MG9pCYSNyKh63r8b/','0','',NULL,'PHP5.3MD5','YLLyadau1lEush7c','softed','en_us','UTC','123,456,789','.',',','$1.0','','2','0','Sunday','5','5','public','Summary','0','medium',NULL,NULL,0,''),(13,'ceo','$1$ce000000$.mjsA7dxtb2PL0ilmiRll.','21232f297a57a5a743894a0e4a801fc3','#E6FAD8','Asmee','Watson','','1',1,'','2019-11-19 05:47:22',NULL,NULL,'','','','','','','','rashmi.chaudhari@nectarinfotel.com','','','Active','','','','','','',NULL,NULL,NULL,NULL,NULL,NULL,'yyyy-mm-dd','12','09:00','','','Today','Today','',0,'$1$ce000000$.mjsA7dxtb2PL0ilmiRll.','0','',NULL,'PHP5.3MD5','gNqiELsW5VWHW4y4','softed','en_us','UTC','123,456,789','.',',','$1.0','','2','0','Sunday','5','5','public','Summary','0','medium',NULL,NULL,0,'');
/*!40000 ALTER TABLE `nectarcrm_users` ENABLE KEYS */;
UNLOCK TABLES;

--
-- Table structure for table `nectarcrm_users2group`
--

DROP TABLE IF EXISTS `nectarcrm_users2group`;
/*!40101 SET @saved_cs_client     = @@character_set_client */;
/*!40101 SET character_set_client = utf8 */;
CREATE TABLE `nectarcrm_users2group` (
  `groupid` int(19) NOT NULL,
  `userid` int(19) NOT NULL,
  PRIMARY KEY (`groupid`,`userid`),
  KEY `users2group_groupname_uerid_idx` (`groupid`,`userid`),
  KEY `fk_2_nectarcrm_users2group` (`userid`),
  CONSTRAINT `fk_2_nectarcrm_users2group` FOREIGN KEY (`userid`) REFERENCES `nectarcrm_users` (`id`) ON DELETE CASCADE
) ENGINE=InnoDB DEFAULT CHARSET=utf8;
/*!40101 SET character_set_client = @saved_cs_client */;

--
-- Dumping data for table `nectarcrm_users2group`
--

LOCK TABLES `nectarcrm_users2group` WRITE;
/*!40000 ALTER TABLE `nectarcrm_users2group` DISABLE KEYS */;
INSERT INTO `nectarcrm_users2group` VALUES (3,1),(7,1),(7,5),(7,6),(14,6),(14,10),(14,11),(14,13);
/*!40000 ALTER TABLE `nectarcrm_users2group` ENABLE KEYS */;
UNLOCK TABLES;

--
-- Table structure for table `nectarcrm_users_last_import`
--

DROP TABLE IF EXISTS `nectarcrm_users_last_import`;
/*!40101 SET @saved_cs_client     = @@character_set_client */;
/*!40101 SET character_set_client = utf8 */;
CREATE TABLE `nectarcrm_users_last_import` (
  `id` int(36) NOT NULL AUTO_INCREMENT,
  `assigned_user_id` varchar(36) DEFAULT NULL,
  `bean_type` varchar(36) DEFAULT NULL,
  `bean_id` varchar(36) DEFAULT NULL,
  `deleted` int(1) NOT NULL DEFAULT '0',
  PRIMARY KEY (`id`),
  KEY `idx_user_id` (`assigned_user_id`)
) ENGINE=InnoDB DEFAULT CHARSET=utf8;
/*!40101 SET character_set_client = @saved_cs_client */;

--
-- Dumping data for table `nectarcrm_users_last_import`
--

LOCK TABLES `nectarcrm_users_last_import` WRITE;
/*!40000 ALTER TABLE `nectarcrm_users_last_import` DISABLE KEYS */;
/*!40000 ALTER TABLE `nectarcrm_users_last_import` ENABLE KEYS */;
UNLOCK TABLES;

--
-- Table structure for table `nectarcrm_users_seq`
--

DROP TABLE IF EXISTS `nectarcrm_users_seq`;
/*!40101 SET @saved_cs_client     = @@character_set_client */;
/*!40101 SET character_set_client = utf8 */;
CREATE TABLE `nectarcrm_users_seq` (
  `id` int(11) NOT NULL
) ENGINE=InnoDB DEFAULT CHARSET=utf8;
/*!40101 SET character_set_client = @saved_cs_client */;

--
-- Dumping data for table `nectarcrm_users_seq`
--

LOCK TABLES `nectarcrm_users_seq` WRITE;
/*!40000 ALTER TABLE `nectarcrm_users_seq` DISABLE KEYS */;
INSERT INTO `nectarcrm_users_seq` VALUES (14);
/*!40000 ALTER TABLE `nectarcrm_users_seq` ENABLE KEYS */;
UNLOCK TABLES;

--
-- Table structure for table `nectarcrm_vendor`
--

DROP TABLE IF EXISTS `nectarcrm_vendor`;
/*!40101 SET @saved_cs_client     = @@character_set_client */;
/*!40101 SET character_set_client = utf8 */;
CREATE TABLE `nectarcrm_vendor` (
  `vendorid` int(19) NOT NULL DEFAULT '0',
  `vendor_no` varchar(100) NOT NULL,
  `vendorname` varchar(100) DEFAULT NULL,
  `phone` varchar(100) DEFAULT NULL,
  `email` varchar(100) DEFAULT NULL,
  `website` varchar(100) DEFAULT NULL,
  `glacct` varchar(200) DEFAULT NULL,
  `category` varchar(50) DEFAULT NULL,
  `street` text,
  `city` varchar(30) DEFAULT NULL,
  `state` varchar(30) DEFAULT NULL,
  `pobox` varchar(30) DEFAULT NULL,
  `postalcode` varchar(100) DEFAULT NULL,
  `country` varchar(100) DEFAULT NULL,
  `description` text,
  `tags` varchar(1) DEFAULT NULL,
  PRIMARY KEY (`vendorid`),
  CONSTRAINT `fk_1_nectarcrm_vendor` FOREIGN KEY (`vendorid`) REFERENCES `nectarcrm_crmentity` (`crmid`) ON DELETE CASCADE
) ENGINE=InnoDB DEFAULT CHARSET=utf8;
/*!40101 SET character_set_client = @saved_cs_client */;

--
-- Dumping data for table `nectarcrm_vendor`
--

LOCK TABLES `nectarcrm_vendor` WRITE;
/*!40000 ALTER TABLE `nectarcrm_vendor` DISABLE KEYS */;
INSERT INTO `nectarcrm_vendor` VALUES (81,'VEN1','Suchit','','','','','','','','','','','',NULL,''),(83,'VEN2','nectar','','','','','','','','','','','',NULL,''),(86,'VEN3','nectar','','','','','','','','','','','',NULL,''),(108,'VEN4','nectar','978','bean@gmail.com','','','','','','','','','',NULL,''),(119,'VEN5','Suchit','808098080','bean@gmail.com','nectarinfotel.com','300-Sales-Software','','Dubai','Tirana','Tirana','412308','','',NULL,'');
/*!40000 ALTER TABLE `nectarcrm_vendor` ENABLE KEYS */;
UNLOCK TABLES;

--
-- Table structure for table `nectarcrm_vendorcf`
--

DROP TABLE IF EXISTS `nectarcrm_vendorcf`;
/*!40101 SET @saved_cs_client     = @@character_set_client */;
/*!40101 SET character_set_client = utf8 */;
CREATE TABLE `nectarcrm_vendorcf` (
  `vendorid` int(19) NOT NULL DEFAULT '0',
  PRIMARY KEY (`vendorid`),
  CONSTRAINT `fk_1_nectarcrm_vendorcf` FOREIGN KEY (`vendorid`) REFERENCES `nectarcrm_vendor` (`vendorid`) ON DELETE CASCADE
) ENGINE=InnoDB DEFAULT CHARSET=utf8;
/*!40101 SET character_set_client = @saved_cs_client */;

--
-- Dumping data for table `nectarcrm_vendorcf`
--

LOCK TABLES `nectarcrm_vendorcf` WRITE;
/*!40000 ALTER TABLE `nectarcrm_vendorcf` DISABLE KEYS */;
INSERT INTO `nectarcrm_vendorcf` VALUES (81),(83),(86),(108),(119);
/*!40000 ALTER TABLE `nectarcrm_vendorcf` ENABLE KEYS */;
UNLOCK TABLES;

--
-- Table structure for table `nectarcrm_vendorcontactrel`
--

DROP TABLE IF EXISTS `nectarcrm_vendorcontactrel`;
/*!40101 SET @saved_cs_client     = @@character_set_client */;
/*!40101 SET character_set_client = utf8 */;
CREATE TABLE `nectarcrm_vendorcontactrel` (
  `vendorid` int(19) NOT NULL DEFAULT '0',
  `contactid` int(19) NOT NULL DEFAULT '0',
  PRIMARY KEY (`vendorid`,`contactid`),
  KEY `vendorcontactrel_vendorid_idx` (`vendorid`),
  KEY `vendorcontactrel_contact_idx` (`contactid`),
  CONSTRAINT `fk_2_nectarcrm_vendorcontactrel` FOREIGN KEY (`vendorid`) REFERENCES `nectarcrm_vendor` (`vendorid`) ON DELETE CASCADE
) ENGINE=InnoDB DEFAULT CHARSET=utf8;
/*!40101 SET character_set_client = @saved_cs_client */;

--
-- Dumping data for table `nectarcrm_vendorcontactrel`
--

LOCK TABLES `nectarcrm_vendorcontactrel` WRITE;
/*!40000 ALTER TABLE `nectarcrm_vendorcontactrel` DISABLE KEYS */;
/*!40000 ALTER TABLE `nectarcrm_vendorcontactrel` ENABLE KEYS */;
UNLOCK TABLES;

--
-- Table structure for table `nectarcrm_version`
--

DROP TABLE IF EXISTS `nectarcrm_version`;
/*!40101 SET @saved_cs_client     = @@character_set_client */;
/*!40101 SET character_set_client = utf8 */;
CREATE TABLE `nectarcrm_version` (
  `id` int(11) NOT NULL AUTO_INCREMENT,
  `old_version` varchar(30) DEFAULT NULL,
  `current_version` varchar(30) DEFAULT NULL,
  PRIMARY KEY (`id`)
) ENGINE=InnoDB AUTO_INCREMENT=2 DEFAULT CHARSET=utf8;
/*!40101 SET character_set_client = @saved_cs_client */;

--
-- Dumping data for table `nectarcrm_version`
--

LOCK TABLES `nectarcrm_version` WRITE;
/*!40000 ALTER TABLE `nectarcrm_version` DISABLE KEYS */;
INSERT INTO `nectarcrm_version` VALUES (1,'7.1.0','7.1.0');
/*!40000 ALTER TABLE `nectarcrm_version` ENABLE KEYS */;
UNLOCK TABLES;

--
-- Table structure for table `nectarcrm_version_seq`
--

DROP TABLE IF EXISTS `nectarcrm_version_seq`;
/*!40101 SET @saved_cs_client     = @@character_set_client */;
/*!40101 SET character_set_client = utf8 */;
CREATE TABLE `nectarcrm_version_seq` (
  `id` int(11) NOT NULL
) ENGINE=InnoDB DEFAULT CHARSET=utf8;
/*!40101 SET character_set_client = @saved_cs_client */;

--
-- Dumping data for table `nectarcrm_version_seq`
--

LOCK TABLES `nectarcrm_version_seq` WRITE;
/*!40000 ALTER TABLE `nectarcrm_version_seq` DISABLE KEYS */;
INSERT INTO `nectarcrm_version_seq` VALUES (1);
/*!40000 ALTER TABLE `nectarcrm_version_seq` ENABLE KEYS */;
UNLOCK TABLES;

--
-- Table structure for table `nectarcrm_visibility`
--

DROP TABLE IF EXISTS `nectarcrm_visibility`;
/*!40101 SET @saved_cs_client     = @@character_set_client */;
/*!40101 SET character_set_client = utf8 */;
CREATE TABLE `nectarcrm_visibility` (
  `visibilityid` int(19) NOT NULL AUTO_INCREMENT,
  `visibility` varchar(200) NOT NULL,
  `sortorderid` int(19) NOT NULL DEFAULT '0',
  `presence` int(1) NOT NULL DEFAULT '1',
  `color` varchar(10) DEFAULT NULL,
  PRIMARY KEY (`visibilityid`),
  UNIQUE KEY `visibility_visibility_idx` (`visibility`)
) ENGINE=InnoDB AUTO_INCREMENT=3 DEFAULT CHARSET=utf8;
/*!40101 SET character_set_client = @saved_cs_client */;

--
-- Dumping data for table `nectarcrm_visibility`
--

LOCK TABLES `nectarcrm_visibility` WRITE;
/*!40000 ALTER TABLE `nectarcrm_visibility` DISABLE KEYS */;
INSERT INTO `nectarcrm_visibility` VALUES (1,'Private',0,1,NULL),(2,'Public',1,1,NULL);
/*!40000 ALTER TABLE `nectarcrm_visibility` ENABLE KEYS */;
UNLOCK TABLES;

--
-- Table structure for table `nectarcrm_visibility_seq`
--

DROP TABLE IF EXISTS `nectarcrm_visibility_seq`;
/*!40101 SET @saved_cs_client     = @@character_set_client */;
/*!40101 SET character_set_client = utf8 */;
CREATE TABLE `nectarcrm_visibility_seq` (
  `id` int(11) NOT NULL
) ENGINE=InnoDB DEFAULT CHARSET=utf8;
/*!40101 SET character_set_client = @saved_cs_client */;

--
-- Dumping data for table `nectarcrm_visibility_seq`
--

LOCK TABLES `nectarcrm_visibility_seq` WRITE;
/*!40000 ALTER TABLE `nectarcrm_visibility_seq` DISABLE KEYS */;
INSERT INTO `nectarcrm_visibility_seq` VALUES (2);
/*!40000 ALTER TABLE `nectarcrm_visibility_seq` ENABLE KEYS */;
UNLOCK TABLES;

--
-- Table structure for table `nectarcrm_webform_file_fields`
--

DROP TABLE IF EXISTS `nectarcrm_webform_file_fields`;
/*!40101 SET @saved_cs_client     = @@character_set_client */;
/*!40101 SET character_set_client = utf8 */;
CREATE TABLE `nectarcrm_webform_file_fields` (
  `id` int(19) NOT NULL AUTO_INCREMENT,
  `webformid` int(19) NOT NULL,
  `fieldname` varchar(100) NOT NULL,
  `fieldlabel` varchar(100) NOT NULL,
  `required` int(1) NOT NULL DEFAULT '0',
  PRIMARY KEY (`id`),
  KEY `fk_nectarcrm_webforms` (`webformid`),
  CONSTRAINT `fk_nectarcrm_webforms` FOREIGN KEY (`webformid`) REFERENCES `nectarcrm_webforms` (`id`) ON DELETE CASCADE
) ENGINE=InnoDB AUTO_INCREMENT=2 DEFAULT CHARSET=utf8;
/*!40101 SET character_set_client = @saved_cs_client */;

--
-- Dumping data for table `nectarcrm_webform_file_fields`
--

LOCK TABLES `nectarcrm_webform_file_fields` WRITE;
/*!40000 ALTER TABLE `nectarcrm_webform_file_fields` DISABLE KEYS */;
INSERT INTO `nectarcrm_webform_file_fields` VALUES (1,2,'file_2_1','demo',0);
/*!40000 ALTER TABLE `nectarcrm_webform_file_fields` ENABLE KEYS */;
UNLOCK TABLES;

--
-- Table structure for table `nectarcrm_webforms`
--

DROP TABLE IF EXISTS `nectarcrm_webforms`;
/*!40101 SET @saved_cs_client     = @@character_set_client */;
/*!40101 SET character_set_client = utf8 */;
CREATE TABLE `nectarcrm_webforms` (
  `id` int(19) NOT NULL AUTO_INCREMENT,
  `name` varchar(100) NOT NULL,
  `publicid` varchar(100) NOT NULL,
  `enabled` int(1) NOT NULL DEFAULT '1',
  `targetmodule` varchar(50) NOT NULL,
  `description` text,
  `ownerid` int(19) NOT NULL,
  `returnurl` varchar(250) DEFAULT NULL,
  `captcha` int(1) NOT NULL DEFAULT '0',
  `roundrobin` int(1) NOT NULL DEFAULT '0',
  `roundrobin_userid` varchar(256) DEFAULT NULL,
  `roundrobin_logic` int(11) NOT NULL DEFAULT '0',
  PRIMARY KEY (`id`),
  UNIQUE KEY `webformname` (`name`),
  UNIQUE KEY `publicid` (`id`),
  KEY `webforms_webforms_id_idx` (`id`)
) ENGINE=InnoDB AUTO_INCREMENT=3 DEFAULT CHARSET=utf8;
/*!40101 SET character_set_client = @saved_cs_client */;

--
-- Dumping data for table `nectarcrm_webforms`
--

LOCK TABLES `nectarcrm_webforms` WRITE;
/*!40000 ALTER TABLE `nectarcrm_webforms` DISABLE KEYS */;
INSERT INTO `nectarcrm_webforms` VALUES (2,'Test','ac680b26802e09d9ae52fc0ad6f17a32',1,'Contacts','demo',1,'google.com',0,1,'{\"0\":\"9\"}',0);
/*!40000 ALTER TABLE `nectarcrm_webforms` ENABLE KEYS */;
UNLOCK TABLES;

--
-- Table structure for table `nectarcrm_webforms_field`
--

DROP TABLE IF EXISTS `nectarcrm_webforms_field`;
/*!40101 SET @saved_cs_client     = @@character_set_client */;
/*!40101 SET character_set_client = utf8 */;
CREATE TABLE `nectarcrm_webforms_field` (
  `id` int(19) NOT NULL AUTO_INCREMENT,
  `webformid` int(19) NOT NULL,
  `fieldname` varchar(50) NOT NULL,
  `neutralizedfield` varchar(50) NOT NULL,
  `defaultvalue` text,
  `required` int(10) NOT NULL DEFAULT '0',
  `sequence` int(10) DEFAULT NULL,
  `hidden` int(10) DEFAULT NULL,
  PRIMARY KEY (`id`),
  KEY `webforms_webforms_field_idx` (`id`),
  KEY `fk_1_nectarcrm_webforms_field` (`webformid`),
  KEY `fk_2_nectarcrm_webforms_field` (`fieldname`),
  CONSTRAINT `fk_1_nectarcrm_webforms_field` FOREIGN KEY (`webformid`) REFERENCES `nectarcrm_webforms` (`id`) ON DELETE CASCADE,
  CONSTRAINT `fk_3_nectarcrm_webforms_field` FOREIGN KEY (`fieldname`) REFERENCES `nectarcrm_field` (`fieldname`) ON DELETE CASCADE
) ENGINE=InnoDB AUTO_INCREMENT=15 DEFAULT CHARSET=utf8;
/*!40101 SET character_set_client = @saved_cs_client */;

--
-- Dumping data for table `nectarcrm_webforms_field`
--

LOCK TABLES `nectarcrm_webforms_field` WRITE;
/*!40000 ALTER TABLE `nectarcrm_webforms_field` DISABLE KEYS */;
INSERT INTO `nectarcrm_webforms_field` VALUES (13,2,'lastname','lastname','demo',1,1,0),(14,2,'cf_854','label:Nn','User',1,2,0);
/*!40000 ALTER TABLE `nectarcrm_webforms_field` ENABLE KEYS */;
UNLOCK TABLES;

--
-- Table structure for table `nectarcrm_wordtemplates`
--

DROP TABLE IF EXISTS `nectarcrm_wordtemplates`;
/*!40101 SET @saved_cs_client     = @@character_set_client */;
/*!40101 SET character_set_client = utf8 */;
CREATE TABLE `nectarcrm_wordtemplates` (
  `templateid` int(19) NOT NULL,
  `filename` varchar(100) NOT NULL,
  `module` varchar(30) NOT NULL,
  `date_entered` timestamp NOT NULL DEFAULT CURRENT_TIMESTAMP ON UPDATE CURRENT_TIMESTAMP,
  `parent_type` varchar(50) NOT NULL,
  `data` longblob,
  `description` text,
  `filesize` varchar(50) NOT NULL,
  `filetype` varchar(20) NOT NULL,
  `deleted` int(1) NOT NULL DEFAULT '0',
  PRIMARY KEY (`templateid`)
) ENGINE=InnoDB DEFAULT CHARSET=utf8;
/*!40101 SET character_set_client = @saved_cs_client */;

--
-- Dumping data for table `nectarcrm_wordtemplates`
--

LOCK TABLES `nectarcrm_wordtemplates` WRITE;
/*!40000 ALTER TABLE `nectarcrm_wordtemplates` DISABLE KEYS */;
/*!40000 ALTER TABLE `nectarcrm_wordtemplates` ENABLE KEYS */;
UNLOCK TABLES;

--
-- Table structure for table `nectarcrm_ws_entity`
--

DROP TABLE IF EXISTS `nectarcrm_ws_entity`;
/*!40101 SET @saved_cs_client     = @@character_set_client */;
/*!40101 SET character_set_client = utf8 */;
CREATE TABLE `nectarcrm_ws_entity` (
  `id` int(11) NOT NULL AUTO_INCREMENT,
  `name` varchar(25) NOT NULL,
  `handler_path` varchar(255) NOT NULL,
  `handler_class` varchar(64) NOT NULL,
  `ismodule` int(3) NOT NULL,
  PRIMARY KEY (`id`)
) ENGINE=InnoDB AUTO_INCREMENT=36 DEFAULT CHARSET=utf8;
/*!40101 SET character_set_client = @saved_cs_client */;

--
-- Dumping data for table `nectarcrm_ws_entity`
--

LOCK TABLES `nectarcrm_ws_entity` WRITE;
/*!40000 ALTER TABLE `nectarcrm_ws_entity` DISABLE KEYS */;
INSERT INTO `nectarcrm_ws_entity` VALUES (1,'Campaigns','include/Webservices/nectarcrmModuleOperation.php','nectarcrmModuleOperation',1),(2,'Invoice','include/Webservices/LineItem/nectarcrmInventoryOperation.php','nectarcrmInventoryOperation',1),(3,'SalesOrder','include/Webservices/LineItem/nectarcrmInventoryOperation.php','nectarcrmInventoryOperation',1),(4,'PurchaseOrder','include/Webservices/LineItem/nectarcrmInventoryOperation.php','nectarcrmInventoryOperation',1),(5,'Quotes','include/Webservices/LineItem/nectarcrmInventoryOperation.php','nectarcrmInventoryOperation',1),(6,'Faq','include/Webservices/nectarcrmModuleOperation.php','nectarcrmModuleOperation',1),(7,'Vendors','include/Webservices/nectarcrmModuleOperation.php','nectarcrmModuleOperation',1),(8,'PriceBooks','include/Webservices/nectarcrmModuleOperation.php','nectarcrmModuleOperation',1),(9,'Calendar','include/Webservices/nectarcrmModuleOperation.php','nectarcrmModuleOperation',1),(10,'Leads','include/Webservices/nectarcrmModuleOperation.php','nectarcrmModuleOperation',1),(11,'Accounts','include/Webservices/nectarcrmModuleOperation.php','nectarcrmModuleOperation',1),(12,'Contacts','include/Webservices/nectarcrmModuleOperation.php','nectarcrmModuleOperation',1),(13,'Potentials','include/Webservices/nectarcrmModuleOperation.php','nectarcrmModuleOperation',1),(14,'Products','include/Webservices/nectarcrmProductOperation.php','nectarcrmProductOperation',1),(15,'Documents','include/Webservices/nectarcrmModuleOperation.php','nectarcrmModuleOperation',1),(16,'Emails','include/Webservices/nectarcrmModuleOperation.php','nectarcrmModuleOperation',1),(17,'HelpDesk','include/Webservices/nectarcrmModuleOperation.php','nectarcrmModuleOperation',1),(18,'Events','include/Webservices/nectarcrmModuleOperation.php','nectarcrmModuleOperation',1),(19,'Users','include/Webservices/nectarcrmModuleOperation.php','nectarcrmModuleOperation',1),(20,'Groups','include/Webservices/nectarcrmActorOperation.php','nectarcrmActorOperation',0),(21,'Currency','include/Webservices/nectarcrmActorOperation.php','nectarcrmActorOperation',0),(22,'DocumentFolders','include/Webservices/nectarcrmActorOperation.php','nectarcrmActorOperation',0),(23,'CompanyDetails','include/Webservices/nectarcrmCompanyDetails.php','nectarcrmCompanyDetails',0),(24,'PBXManager','include/Webservices/nectarcrmModuleOperation.php','nectarcrmModuleOperation',1),(25,'Services','include/Webservices/nectarcrmProductOperation.php','nectarcrmProductOperation',1),(26,'ServiceContracts','include/Webservices/nectarcrmModuleOperation.php','nectarcrmModuleOperation',1),(27,'Assets','include/Webservices/nectarcrmModuleOperation.php','nectarcrmModuleOperation',1),(28,'ModComments','include/Webservices/nectarcrmModuleOperation.php','nectarcrmModuleOperation',1),(29,'ProjectMilestone','include/Webservices/nectarcrmModuleOperation.php','nectarcrmModuleOperation',1),(30,'ProjectTask','include/Webservices/nectarcrmModuleOperation.php','nectarcrmModuleOperation',1),(31,'Project','include/Webservices/nectarcrmModuleOperation.php','nectarcrmModuleOperation',1),(32,'SMSNotifier','include/Webservices/nectarcrmModuleOperation.php','nectarcrmModuleOperation',1),(33,'LineItem','include/Webservices/LineItem/nectarcrmLineItemOperation.php','nectarcrmLineItemOperation',0),(34,'Tax','include/Webservices/LineItem/nectarcrmTaxOperation.php','nectarcrmTaxOperation',0),(35,'ProductTaxes','include/Webservices/LineItem/nectarcrmProductTaxesOperation.php','nectarcrmProductTaxesOperation',0);
/*!40000 ALTER TABLE `nectarcrm_ws_entity` ENABLE KEYS */;
UNLOCK TABLES;

--
-- Table structure for table `nectarcrm_ws_entity_fieldtype`
--

DROP TABLE IF EXISTS `nectarcrm_ws_entity_fieldtype`;
/*!40101 SET @saved_cs_client     = @@character_set_client */;
/*!40101 SET character_set_client = utf8 */;
CREATE TABLE `nectarcrm_ws_entity_fieldtype` (
  `fieldtypeid` int(19) NOT NULL AUTO_INCREMENT,
  `table_name` varchar(50) NOT NULL,
  `field_name` varchar(50) NOT NULL,
  `fieldtype` varchar(200) NOT NULL,
  PRIMARY KEY (`fieldtypeid`),
  UNIQUE KEY `nectarcrm_idx_1_tablename_fieldname` (`table_name`,`field_name`)
) ENGINE=InnoDB AUTO_INCREMENT=11 DEFAULT CHARSET=utf8;
/*!40101 SET character_set_client = @saved_cs_client */;

--
-- Dumping data for table `nectarcrm_ws_entity_fieldtype`
--

LOCK TABLES `nectarcrm_ws_entity_fieldtype` WRITE;
/*!40000 ALTER TABLE `nectarcrm_ws_entity_fieldtype` DISABLE KEYS */;
INSERT INTO `nectarcrm_ws_entity_fieldtype` VALUES (1,'nectarcrm_attachmentsfolder','createdby','reference'),(2,'nectarcrm_organizationdetails','logoname','file'),(3,'nectarcrm_organizationdetails','phone','phone'),(4,'nectarcrm_organizationdetails','fax','phone'),(5,'nectarcrm_organizationdetails','website','url'),(6,'nectarcrm_inventoryproductrel','productid','reference'),(7,'nectarcrm_inventoryproductrel','id','reference'),(8,'nectarcrm_inventoryproductrel','incrementondel','autogenerated'),(9,'nectarcrm_producttaxrel','productid','reference'),(10,'nectarcrm_producttaxrel','taxid','reference');
/*!40000 ALTER TABLE `nectarcrm_ws_entity_fieldtype` ENABLE KEYS */;
UNLOCK TABLES;

--
-- Table structure for table `nectarcrm_ws_entity_fieldtype_seq`
--

DROP TABLE IF EXISTS `nectarcrm_ws_entity_fieldtype_seq`;
/*!40101 SET @saved_cs_client     = @@character_set_client */;
/*!40101 SET character_set_client = utf8 */;
CREATE TABLE `nectarcrm_ws_entity_fieldtype_seq` (
  `id` int(11) NOT NULL
) ENGINE=InnoDB DEFAULT CHARSET=utf8;
/*!40101 SET character_set_client = @saved_cs_client */;

--
-- Dumping data for table `nectarcrm_ws_entity_fieldtype_seq`
--

LOCK TABLES `nectarcrm_ws_entity_fieldtype_seq` WRITE;
/*!40000 ALTER TABLE `nectarcrm_ws_entity_fieldtype_seq` DISABLE KEYS */;
INSERT INTO `nectarcrm_ws_entity_fieldtype_seq` VALUES (10);
/*!40000 ALTER TABLE `nectarcrm_ws_entity_fieldtype_seq` ENABLE KEYS */;
UNLOCK TABLES;

--
-- Table structure for table `nectarcrm_ws_entity_name`
--

DROP TABLE IF EXISTS `nectarcrm_ws_entity_name`;
/*!40101 SET @saved_cs_client     = @@character_set_client */;
/*!40101 SET character_set_client = utf8 */;
CREATE TABLE `nectarcrm_ws_entity_name` (
  `entity_id` int(11) NOT NULL,
  `name_fields` varchar(50) NOT NULL,
  `index_field` varchar(50) NOT NULL,
  `table_name` varchar(50) NOT NULL,
  PRIMARY KEY (`entity_id`)
) ENGINE=InnoDB DEFAULT CHARSET=utf8;
/*!40101 SET character_set_client = @saved_cs_client */;

--
-- Dumping data for table `nectarcrm_ws_entity_name`
--

LOCK TABLES `nectarcrm_ws_entity_name` WRITE;
/*!40000 ALTER TABLE `nectarcrm_ws_entity_name` DISABLE KEYS */;
INSERT INTO `nectarcrm_ws_entity_name` VALUES (20,'groupname','groupid','nectarcrm_groups'),(21,'currency_name','id','nectarcrm_currency_info'),(22,'foldername','folderid','nectarcrm_attachmentsfolder'),(23,'organizationname','groupid','nectarcrm_organizationdetails'),(34,'taxlabel','taxid','nectarcrm_inventorytaxinfo');
/*!40000 ALTER TABLE `nectarcrm_ws_entity_name` ENABLE KEYS */;
UNLOCK TABLES;

--
-- Table structure for table `nectarcrm_ws_entity_referencetype`
--

DROP TABLE IF EXISTS `nectarcrm_ws_entity_referencetype`;
/*!40101 SET @saved_cs_client     = @@character_set_client */;
/*!40101 SET character_set_client = utf8 */;
CREATE TABLE `nectarcrm_ws_entity_referencetype` (
  `fieldtypeid` int(19) NOT NULL,
  `type` varchar(25) NOT NULL,
  PRIMARY KEY (`fieldtypeid`,`type`),
  CONSTRAINT `nectarcrm_fk_1_actors_referencetype` FOREIGN KEY (`fieldtypeid`) REFERENCES `nectarcrm_ws_entity_fieldtype` (`fieldtypeid`) ON DELETE CASCADE
) ENGINE=InnoDB DEFAULT CHARSET=utf8;
/*!40101 SET character_set_client = @saved_cs_client */;

--
-- Dumping data for table `nectarcrm_ws_entity_referencetype`
--

LOCK TABLES `nectarcrm_ws_entity_referencetype` WRITE;
/*!40000 ALTER TABLE `nectarcrm_ws_entity_referencetype` DISABLE KEYS */;
INSERT INTO `nectarcrm_ws_entity_referencetype` VALUES (5,'Users'),(6,'Products'),(7,'Invoice'),(7,'PurchaseOrder'),(7,'Quotes'),(7,'SalesOrder'),(9,'Products'),(10,'Tax');
/*!40000 ALTER TABLE `nectarcrm_ws_entity_referencetype` ENABLE KEYS */;
UNLOCK TABLES;

--
-- Table structure for table `nectarcrm_ws_entity_seq`
--

DROP TABLE IF EXISTS `nectarcrm_ws_entity_seq`;
/*!40101 SET @saved_cs_client     = @@character_set_client */;
/*!40101 SET character_set_client = utf8 */;
CREATE TABLE `nectarcrm_ws_entity_seq` (
  `id` int(11) NOT NULL
) ENGINE=InnoDB DEFAULT CHARSET=utf8;
/*!40101 SET character_set_client = @saved_cs_client */;

--
-- Dumping data for table `nectarcrm_ws_entity_seq`
--

LOCK TABLES `nectarcrm_ws_entity_seq` WRITE;
/*!40000 ALTER TABLE `nectarcrm_ws_entity_seq` DISABLE KEYS */;
INSERT INTO `nectarcrm_ws_entity_seq` VALUES (35);
/*!40000 ALTER TABLE `nectarcrm_ws_entity_seq` ENABLE KEYS */;
UNLOCK TABLES;

--
-- Table structure for table `nectarcrm_ws_entity_tables`
--

DROP TABLE IF EXISTS `nectarcrm_ws_entity_tables`;
/*!40101 SET @saved_cs_client     = @@character_set_client */;
/*!40101 SET character_set_client = utf8 */;
CREATE TABLE `nectarcrm_ws_entity_tables` (
  `webservice_entity_id` int(11) NOT NULL,
  `table_name` varchar(50) NOT NULL,
  PRIMARY KEY (`webservice_entity_id`,`table_name`),
  CONSTRAINT `fk_1_nectarcrm_ws_actor_tables` FOREIGN KEY (`webservice_entity_id`) REFERENCES `nectarcrm_ws_entity` (`id`) ON DELETE CASCADE
) ENGINE=InnoDB DEFAULT CHARSET=utf8;
/*!40101 SET character_set_client = @saved_cs_client */;

--
-- Dumping data for table `nectarcrm_ws_entity_tables`
--

LOCK TABLES `nectarcrm_ws_entity_tables` WRITE;
/*!40000 ALTER TABLE `nectarcrm_ws_entity_tables` DISABLE KEYS */;
INSERT INTO `nectarcrm_ws_entity_tables` VALUES (20,'nectarcrm_groups'),(21,'nectarcrm_currency_info'),(22,'nectarcrm_attachmentsfolder'),(23,'nectarcrm_organizationdetails'),(33,'nectarcrm_inventoryproductrel'),(34,'nectarcrm_inventorytaxinfo'),(35,'nectarcrm_producttaxrel');
/*!40000 ALTER TABLE `nectarcrm_ws_entity_tables` ENABLE KEYS */;
UNLOCK TABLES;

--
-- Table structure for table `nectarcrm_ws_fieldinfo`
--

DROP TABLE IF EXISTS `nectarcrm_ws_fieldinfo`;
/*!40101 SET @saved_cs_client     = @@character_set_client */;
/*!40101 SET character_set_client = utf8 */;
CREATE TABLE `nectarcrm_ws_fieldinfo` (
  `id` varchar(64) NOT NULL,
  `property_name` varchar(32) DEFAULT NULL,
  `property_value` varchar(64) DEFAULT NULL,
  PRIMARY KEY (`id`)
) ENGINE=InnoDB DEFAULT CHARSET=utf8;
/*!40101 SET character_set_client = @saved_cs_client */;

--
-- Dumping data for table `nectarcrm_ws_fieldinfo`
--

LOCK TABLES `nectarcrm_ws_fieldinfo` WRITE;
/*!40000 ALTER TABLE `nectarcrm_ws_fieldinfo` DISABLE KEYS */;
INSERT INTO `nectarcrm_ws_fieldinfo` VALUES ('nectarcrm_organizationdetails.organization_id','upload.path','1');
/*!40000 ALTER TABLE `nectarcrm_ws_fieldinfo` ENABLE KEYS */;
UNLOCK TABLES;

--
-- Table structure for table `nectarcrm_ws_fieldtype`
--

DROP TABLE IF EXISTS `nectarcrm_ws_fieldtype`;
/*!40101 SET @saved_cs_client     = @@character_set_client */;
/*!40101 SET character_set_client = utf8 */;
CREATE TABLE `nectarcrm_ws_fieldtype` (
  `fieldtypeid` int(19) NOT NULL AUTO_INCREMENT,
  `uitype` varchar(30) NOT NULL,
  `fieldtype` varchar(200) NOT NULL,
  PRIMARY KEY (`fieldtypeid`),
  UNIQUE KEY `uitype_idx` (`uitype`)
) ENGINE=InnoDB AUTO_INCREMENT=41 DEFAULT CHARSET=utf8;
/*!40101 SET character_set_client = @saved_cs_client */;

--
-- Dumping data for table `nectarcrm_ws_fieldtype`
--

LOCK TABLES `nectarcrm_ws_fieldtype` WRITE;
/*!40000 ALTER TABLE `nectarcrm_ws_fieldtype` DISABLE KEYS */;
INSERT INTO `nectarcrm_ws_fieldtype` VALUES (1,'15','picklist'),(2,'16','picklist'),(3,'19','text'),(4,'20','text'),(5,'21','text'),(6,'24','text'),(7,'3','autogenerated'),(8,'11','phone'),(9,'33','multipicklist'),(10,'17','url'),(11,'85','skype'),(12,'56','boolean'),(13,'156','boolean'),(14,'53','owner'),(15,'61','file'),(16,'28','file'),(17,'13','email'),(18,'71','currency'),(19,'72','currency'),(20,'50','reference'),(21,'51','reference'),(22,'57','reference'),(23,'58','reference'),(24,'73','reference'),(25,'75','reference'),(26,'76','reference'),(27,'78','reference'),(28,'80','reference'),(29,'81','reference'),(30,'101','reference'),(31,'52','reference'),(32,'357','reference'),(33,'59','reference'),(34,'66','reference'),(35,'77','reference'),(36,'68','reference'),(37,'117','reference'),(38,'26','reference'),(39,'10','reference'),(40,'98','reference');
/*!40000 ALTER TABLE `nectarcrm_ws_fieldtype` ENABLE KEYS */;
UNLOCK TABLES;

--
-- Table structure for table `nectarcrm_ws_operation`
--

DROP TABLE IF EXISTS `nectarcrm_ws_operation`;
/*!40101 SET @saved_cs_client     = @@character_set_client */;
/*!40101 SET character_set_client = utf8 */;
CREATE TABLE `nectarcrm_ws_operation` (
  `operationid` int(11) NOT NULL AUTO_INCREMENT,
  `name` varchar(128) NOT NULL,
  `handler_path` varchar(255) NOT NULL,
  `handler_method` varchar(64) NOT NULL,
  `type` varchar(8) NOT NULL,
  `prelogin` int(3) NOT NULL,
  PRIMARY KEY (`operationid`)
) ENGINE=InnoDB AUTO_INCREMENT=38 DEFAULT CHARSET=utf8;
/*!40101 SET character_set_client = @saved_cs_client */;

--
-- Dumping data for table `nectarcrm_ws_operation`
--

LOCK TABLES `nectarcrm_ws_operation` WRITE;
/*!40000 ALTER TABLE `nectarcrm_ws_operation` DISABLE KEYS */;
INSERT INTO `nectarcrm_ws_operation` VALUES (1,'login','include/Webservices/Login.php','vtws_login','POST',1),(2,'retrieve','include/Webservices/Retrieve.php','vtws_retrieve','GET',0),(3,'create','include/Webservices/Create.php','vtws_create','POST',0),(4,'update','include/Webservices/Update.php','vtws_update','POST',0),(5,'delete','include/Webservices/Delete.php','vtws_delete','POST',0),(6,'sync','include/Webservices/GetUpdates.php','vtws_sync','GET',0),(7,'query','include/Webservices/Query.php','vtws_query','GET',0),(8,'logout','include/Webservices/Logout.php','vtws_logout','POST',0),(9,'listtypes','include/Webservices/ModuleTypes.php','vtws_listtypes','GET',0),(10,'getchallenge','include/Webservices/AuthToken.php','vtws_getchallenge','GET',1),(11,'describe','include/Webservices/DescribeObject.php','vtws_describe','GET',0),(12,'extendsession','include/Webservices/ExtendSession.php','vtws_extendSession','POST',1),(13,'convertlead','include/Webservices/ConvertLead.php','vtws_convertlead','POST',0),(14,'revise','include/Webservices/Revise.php','vtws_revise','POST',0),(15,'changePassword','include/Webservices/ChangePassword.php','vtws_changePassword','POST',0),(16,'deleteUser','include/Webservices/DeleteUser.php','vtws_deleteUser','POST',0),(17,'wsapp_register','modules/WSAPP/api/ws/Register.php','wsapp_register','POST',0),(18,'wsapp_deregister','modules/WSAPP/api/ws/DeRegister.php','wsapp_deregister','POST',0),(19,'wsapp_get','modules/WSAPP/api/ws/Get.php','wsapp_get','POST',0),(20,'wsapp_put','modules/WSAPP/api/ws/Put.php','wsapp_put','POST',0),(21,'wsapp_map','modules/WSAPP/api/ws/Map.php','wsapp_map','POST',0),(22,'mobile.fetchallalerts','modules/Mobile/api/wsapi.php','mobile_ws_fetchAllAlerts','POST',0),(23,'mobile.alertdetailswithmessage','modules/Mobile/api/wsapi.php','mobile_ws_alertDetailsWithMessage','POST',0),(24,'mobile.fetchmodulefilters','modules/Mobile/api/wsapi.php','mobile_ws_fetchModuleFilters','POST',0),(25,'mobile.fetchrecord','modules/Mobile/api/wsapi.php','mobile_ws_fetchRecord','POST',0),(26,'mobile.fetchrecordwithgrouping','modules/Mobile/api/wsapi.php','mobile_ws_fetchRecordWithGrouping','POST',0),(27,'mobile.filterdetailswithcount','modules/Mobile/api/wsapi.php','mobile_ws_filterDetailsWithCount','POST',0),(28,'mobile.listmodulerecords','modules/Mobile/api/wsapi.php','mobile_ws_listModuleRecords','POST',0),(29,'mobile.saverecord','modules/Mobile/api/wsapi.php','mobile_ws_saveRecord','POST',0),(30,'mobile.syncModuleRecords','modules/Mobile/api/wsapi.php','mobile_ws_syncModuleRecords','POST',0),(31,'mobile.query','modules/Mobile/api/wsapi.php','mobile_ws_query','POST',0),(32,'mobile.querywithgrouping','modules/Mobile/api/wsapi.php','mobile_ws_queryWithGrouping','POST',0),(33,'retrieve_inventory','include/Webservices/LineItem/RetrieveInventory.php','vtws_retrieve_inventory','GET',0),(34,'relatedtypes','include/Webservices/RelatedTypes.php','vtws_relatedtypes','GET',0),(35,'retrieve_related','include/Webservices/RetrieveRelated.php','vtws_retrieve_related','GET',0),(36,'query_related','include/Webservices/QueryRelated.php','vtws_query_related','GET',0),(37,'add_related','include/Webservices/AddRelated.php','vtws_add_related','POST',0);
/*!40000 ALTER TABLE `nectarcrm_ws_operation` ENABLE KEYS */;
UNLOCK TABLES;

--
-- Table structure for table `nectarcrm_ws_operation_parameters`
--

DROP TABLE IF EXISTS `nectarcrm_ws_operation_parameters`;
/*!40101 SET @saved_cs_client     = @@character_set_client */;
/*!40101 SET character_set_client = utf8 */;
CREATE TABLE `nectarcrm_ws_operation_parameters` (
  `operationid` int(11) NOT NULL AUTO_INCREMENT,
  `name` varchar(128) NOT NULL,
  `type` varchar(64) NOT NULL,
  `sequence` int(11) NOT NULL,
  PRIMARY KEY (`operationid`,`name`)
) ENGINE=InnoDB AUTO_INCREMENT=38 DEFAULT CHARSET=utf8;
/*!40101 SET character_set_client = @saved_cs_client */;

--
-- Dumping data for table `nectarcrm_ws_operation_parameters`
--

LOCK TABLES `nectarcrm_ws_operation_parameters` WRITE;
/*!40000 ALTER TABLE `nectarcrm_ws_operation_parameters` DISABLE KEYS */;
INSERT INTO `nectarcrm_ws_operation_parameters` VALUES (1,'accessKey','String',2),(1,'username','String',1),(2,'id','String',1),(3,'element','encoded',2),(3,'elementType','String',1),(4,'element','encoded',1),(5,'id','String',1),(6,'elementType','String',2),(6,'modifiedTime','DateTime',1),(7,'query','String',1),(8,'sessionName','String',1),(9,'fieldTypeList','encoded',1),(10,'username','String',1),(11,'elementType','String',1),(13,'accountName','String',3),(13,'assignedTo','String',2),(13,'avoidPotential','Boolean',4),(13,'leadId','String',1),(13,'potential','Encoded',5),(14,'element','Encoded',1),(15,'confirmPassword','String',4),(15,'id','String',1),(15,'newPassword','String',3),(15,'oldPassword','String',2),(16,'id','String',1),(16,'newOwnerId','String',2),(17,'synctype','string',2),(17,'type','string',1),(18,'key','string',2),(18,'type','string',1),(19,'key','string',1),(19,'module','string',2),(19,'token','string',3),(20,'element','encoded',2),(20,'key','string',1),(21,'element','encoded',2),(21,'key','string',1),(23,'alertid','string',1),(24,'module','string',1),(25,'record','string',1),(26,'record','string',1),(27,'filterid','string',1),(28,'elements','encoded',1),(29,'module','string',1),(29,'record','string',2),(29,'values','encoded',3),(30,'module','string',1),(30,'page','string',3),(30,'syncToken','string',2),(31,'module','string',1),(31,'page','string',3),(31,'query','string',2),(32,'module','string',1),(32,'page','string',3),(32,'query','string',2),(33,'id','String',1),(34,'elementType','string',1),(35,'id','string',1),(35,'relatedLabel','string',3),(35,'relatedType','string',2),(36,'id','string',2),(36,'query','string',1),(36,'relatedLabel','string',3),(37,'relatedRecordId','string',2),(37,'relationIdLabel','string',3),(37,'sourceRecordId','string',1);
/*!40000 ALTER TABLE `nectarcrm_ws_operation_parameters` ENABLE KEYS */;
UNLOCK TABLES;

--
-- Table structure for table `nectarcrm_ws_operation_seq`
--

DROP TABLE IF EXISTS `nectarcrm_ws_operation_seq`;
/*!40101 SET @saved_cs_client     = @@character_set_client */;
/*!40101 SET character_set_client = utf8 */;
CREATE TABLE `nectarcrm_ws_operation_seq` (
  `id` int(11) NOT NULL
) ENGINE=InnoDB DEFAULT CHARSET=utf8;
/*!40101 SET character_set_client = @saved_cs_client */;

--
-- Dumping data for table `nectarcrm_ws_operation_seq`
--

LOCK TABLES `nectarcrm_ws_operation_seq` WRITE;
/*!40000 ALTER TABLE `nectarcrm_ws_operation_seq` DISABLE KEYS */;
INSERT INTO `nectarcrm_ws_operation_seq` VALUES (37);
/*!40000 ALTER TABLE `nectarcrm_ws_operation_seq` ENABLE KEYS */;
UNLOCK TABLES;

--
-- Table structure for table `nectarcrm_ws_referencetype`
--

DROP TABLE IF EXISTS `nectarcrm_ws_referencetype`;
/*!40101 SET @saved_cs_client     = @@character_set_client */;
/*!40101 SET character_set_client = utf8 */;
CREATE TABLE `nectarcrm_ws_referencetype` (
  `fieldtypeid` int(19) NOT NULL,
  `type` varchar(25) NOT NULL,
  PRIMARY KEY (`fieldtypeid`,`type`),
  CONSTRAINT `fk_1_nectarcrm_referencetype` FOREIGN KEY (`fieldtypeid`) REFERENCES `nectarcrm_ws_fieldtype` (`fieldtypeid`) ON DELETE CASCADE
) ENGINE=InnoDB DEFAULT CHARSET=utf8;
/*!40101 SET character_set_client = @saved_cs_client */;

--
-- Dumping data for table `nectarcrm_ws_referencetype`
--

LOCK TABLES `nectarcrm_ws_referencetype` WRITE;
/*!40000 ALTER TABLE `nectarcrm_ws_referencetype` DISABLE KEYS */;
INSERT INTO `nectarcrm_ws_referencetype` VALUES (20,'Accounts'),(21,'Accounts'),(22,'Contacts'),(23,'Campaigns'),(24,'Accounts'),(25,'Vendors'),(26,'Potentials'),(27,'Quotes'),(28,'SalesOrder'),(29,'Vendors'),(30,'Users'),(31,'Users'),(32,'Accounts'),(32,'Contacts'),(32,'Leads'),(32,'Users'),(32,'Vendors'),(33,'Products'),(34,'Accounts'),(34,'Campaigns'),(34,'HelpDesk'),(34,'Leads'),(34,'Potentials'),(35,'Users'),(36,'Accounts'),(36,'Contacts'),(37,'Currency'),(38,'DocumentFolders');
/*!40000 ALTER TABLE `nectarcrm_ws_referencetype` ENABLE KEYS */;
UNLOCK TABLES;

--
-- Table structure for table `nectarcrm_ws_userauthtoken`
--

DROP TABLE IF EXISTS `nectarcrm_ws_userauthtoken`;
/*!40101 SET @saved_cs_client     = @@character_set_client */;
/*!40101 SET character_set_client = utf8 */;
CREATE TABLE `nectarcrm_ws_userauthtoken` (
  `userid` int(19) NOT NULL,
  `token` varchar(36) NOT NULL,
  `expiretime` int(19) NOT NULL,
  PRIMARY KEY (`userid`,`expiretime`),
  UNIQUE KEY `userid_idx` (`userid`)
) ENGINE=InnoDB DEFAULT CHARSET=utf8;
/*!40101 SET character_set_client = @saved_cs_client */;

--
-- Dumping data for table `nectarcrm_ws_userauthtoken`
--

LOCK TABLES `nectarcrm_ws_userauthtoken` WRITE;
/*!40000 ALTER TABLE `nectarcrm_ws_userauthtoken` DISABLE KEYS */;
/*!40000 ALTER TABLE `nectarcrm_ws_userauthtoken` ENABLE KEYS */;
UNLOCK TABLES;

--
-- Table structure for table `nectarcrm_wsapp`
--

DROP TABLE IF EXISTS `nectarcrm_wsapp`;
/*!40101 SET @saved_cs_client     = @@character_set_client */;
/*!40101 SET character_set_client = utf8 */;
CREATE TABLE `nectarcrm_wsapp` (
  `appid` int(11) NOT NULL AUTO_INCREMENT,
  `name` varchar(200) NOT NULL,
  `appkey` varchar(255) DEFAULT NULL,
  `type` varchar(100) DEFAULT NULL,
  PRIMARY KEY (`appid`)
) ENGINE=InnoDB AUTO_INCREMENT=2 DEFAULT CHARSET=utf8;
/*!40101 SET character_set_client = @saved_cs_client */;

--
-- Dumping data for table `nectarcrm_wsapp`
--

LOCK TABLES `nectarcrm_wsapp` WRITE;
/*!40000 ALTER TABLE `nectarcrm_wsapp` DISABLE KEYS */;
INSERT INTO `nectarcrm_wsapp` VALUES (1,'nectarcrmCRM','5b52ccbebba95','user');
/*!40000 ALTER TABLE `nectarcrm_wsapp` ENABLE KEYS */;
UNLOCK TABLES;

--
-- Table structure for table `nectarcrm_wsapp_handlerdetails`
--

DROP TABLE IF EXISTS `nectarcrm_wsapp_handlerdetails`;
/*!40101 SET @saved_cs_client     = @@character_set_client */;
/*!40101 SET character_set_client = utf8 */;
CREATE TABLE `nectarcrm_wsapp_handlerdetails` (
  `type` varchar(200) NOT NULL,
  `handlerclass` varchar(100) DEFAULT NULL,
  `handlerpath` varchar(300) DEFAULT NULL
) ENGINE=InnoDB DEFAULT CHARSET=utf8;
/*!40101 SET character_set_client = @saved_cs_client */;

--
-- Dumping data for table `nectarcrm_wsapp_handlerdetails`
--

LOCK TABLES `nectarcrm_wsapp_handlerdetails` WRITE;
/*!40000 ALTER TABLE `nectarcrm_wsapp_handlerdetails` DISABLE KEYS */;
INSERT INTO `nectarcrm_wsapp_handlerdetails` VALUES ('Outlook','OutlookHandler','modules/WSAPP/Handlers/OutlookHandler.php'),('nectarcrmCRM','nectarcrmCRMHandler','modules/WSAPP/Handlers/nectarcrmCRMHandler.php'),('nectarcrmSyncLib','WSAPP_nectarcrmSyncEventHandler','modules/WSAPP/synclib/handlers/nectarcrmSyncEventHandler.php'),('Google_nectarcrmHandler','Google_nectarcrm_Handler','modules/Google/handlers/nectarcrm.php'),('Google_nectarcrmSyncHandler','Google_nectarcrmSync_Handler','modules/Google/handlers/nectarcrmSync.php');
/*!40000 ALTER TABLE `nectarcrm_wsapp_handlerdetails` ENABLE KEYS */;
UNLOCK TABLES;

--
-- Table structure for table `nectarcrm_wsapp_logs_basic`
--

DROP TABLE IF EXISTS `nectarcrm_wsapp_logs_basic`;
/*!40101 SET @saved_cs_client     = @@character_set_client */;
/*!40101 SET character_set_client = utf8 */;
CREATE TABLE `nectarcrm_wsapp_logs_basic` (
  `id` int(25) NOT NULL AUTO_INCREMENT,
  `extensiontabid` int(19) DEFAULT NULL,
  `module` varchar(50) NOT NULL,
  `sync_datetime` datetime NOT NULL,
  `app_create_count` int(11) DEFAULT NULL,
  `app_update_count` int(11) DEFAULT NULL,
  `app_delete_count` int(11) DEFAULT NULL,
  `app_skip_count` int(11) DEFAULT NULL,
  `vt_create_count` int(11) DEFAULT NULL,
  `vt_update_count` int(11) DEFAULT NULL,
  `vt_delete_count` int(11) DEFAULT NULL,
  `vt_skip_count` int(11) DEFAULT NULL,
  `userid` int(11) DEFAULT NULL,
  PRIMARY KEY (`id`)
) ENGINE=InnoDB DEFAULT CHARSET=utf8;
/*!40101 SET character_set_client = @saved_cs_client */;

--
-- Dumping data for table `nectarcrm_wsapp_logs_basic`
--

LOCK TABLES `nectarcrm_wsapp_logs_basic` WRITE;
/*!40000 ALTER TABLE `nectarcrm_wsapp_logs_basic` DISABLE KEYS */;
/*!40000 ALTER TABLE `nectarcrm_wsapp_logs_basic` ENABLE KEYS */;
UNLOCK TABLES;

--
-- Table structure for table `nectarcrm_wsapp_logs_details`
--

DROP TABLE IF EXISTS `nectarcrm_wsapp_logs_details`;
/*!40101 SET @saved_cs_client     = @@character_set_client */;
/*!40101 SET character_set_client = utf8 */;
CREATE TABLE `nectarcrm_wsapp_logs_details` (
  `id` int(25) NOT NULL,
  `app_create_ids` mediumtext,
  `app_update_ids` mediumtext,
  `app_delete_ids` mediumtext,
  `app_skip_info` mediumtext,
  `vt_create_ids` mediumtext,
  `vt_update_ids` mediumtext,
  `vt_delete_ids` mediumtext,
  `vt_skip_info` mediumtext,
  KEY `nectarcrm_wsapp_logs_basic_ibfk_1` (`id`),
  CONSTRAINT `nectarcrm_wsapp_logs_basic_ibfk_1` FOREIGN KEY (`id`) REFERENCES `nectarcrm_wsapp_logs_basic` (`id`) ON DELETE CASCADE
) ENGINE=InnoDB DEFAULT CHARSET=utf8;
/*!40101 SET character_set_client = @saved_cs_client */;

--
-- Dumping data for table `nectarcrm_wsapp_logs_details`
--

LOCK TABLES `nectarcrm_wsapp_logs_details` WRITE;
/*!40000 ALTER TABLE `nectarcrm_wsapp_logs_details` DISABLE KEYS */;
/*!40000 ALTER TABLE `nectarcrm_wsapp_logs_details` ENABLE KEYS */;
UNLOCK TABLES;

--
-- Table structure for table `nectarcrm_wsapp_queuerecords`
--

DROP TABLE IF EXISTS `nectarcrm_wsapp_queuerecords`;
/*!40101 SET @saved_cs_client     = @@character_set_client */;
/*!40101 SET character_set_client = utf8 */;
CREATE TABLE `nectarcrm_wsapp_queuerecords` (
  `syncserverid` int(19) DEFAULT NULL,
  `details` varchar(300) DEFAULT NULL,
  `flag` varchar(100) DEFAULT NULL,
  `appid` int(19) DEFAULT NULL
) ENGINE=InnoDB DEFAULT CHARSET=utf8;
/*!40101 SET character_set_client = @saved_cs_client */;

--
-- Dumping data for table `nectarcrm_wsapp_queuerecords`
--

LOCK TABLES `nectarcrm_wsapp_queuerecords` WRITE;
/*!40000 ALTER TABLE `nectarcrm_wsapp_queuerecords` DISABLE KEYS */;
/*!40000 ALTER TABLE `nectarcrm_wsapp_queuerecords` ENABLE KEYS */;
UNLOCK TABLES;

--
-- Table structure for table `nectarcrm_wsapp_recordmapping`
--

DROP TABLE IF EXISTS `nectarcrm_wsapp_recordmapping`;
/*!40101 SET @saved_cs_client     = @@character_set_client */;
/*!40101 SET character_set_client = utf8 */;
CREATE TABLE `nectarcrm_wsapp_recordmapping` (
  `id` int(19) NOT NULL AUTO_INCREMENT,
  `serverid` varchar(10) DEFAULT NULL,
  `clientid` varchar(255) DEFAULT NULL,
  `clientmodifiedtime` datetime DEFAULT NULL,
  `appid` int(11) DEFAULT NULL,
  `servermodifiedtime` datetime DEFAULT NULL,
  `serverappid` int(11) DEFAULT NULL,
  PRIMARY KEY (`id`)
) ENGINE=InnoDB DEFAULT CHARSET=utf8;
/*!40101 SET character_set_client = @saved_cs_client */;

--
-- Dumping data for table `nectarcrm_wsapp_recordmapping`
--

LOCK TABLES `nectarcrm_wsapp_recordmapping` WRITE;
/*!40000 ALTER TABLE `nectarcrm_wsapp_recordmapping` DISABLE KEYS */;
/*!40000 ALTER TABLE `nectarcrm_wsapp_recordmapping` ENABLE KEYS */;
UNLOCK TABLES;

--
-- Table structure for table `nectarcrm_wsapp_sync_state`
--

DROP TABLE IF EXISTS `nectarcrm_wsapp_sync_state`;
/*!40101 SET @saved_cs_client     = @@character_set_client */;
/*!40101 SET character_set_client = utf8 */;
CREATE TABLE `nectarcrm_wsapp_sync_state` (
  `id` int(19) NOT NULL AUTO_INCREMENT,
  `name` varchar(200) DEFAULT NULL,
  `stateencodedvalues` varchar(300) NOT NULL,
  `userid` int(19) DEFAULT NULL,
  PRIMARY KEY (`id`)
) ENGINE=InnoDB DEFAULT CHARSET=utf8;
/*!40101 SET character_set_client = @saved_cs_client */;

--
-- Dumping data for table `nectarcrm_wsapp_sync_state`
--

LOCK TABLES `nectarcrm_wsapp_sync_state` WRITE;
/*!40000 ALTER TABLE `nectarcrm_wsapp_sync_state` DISABLE KEYS */;
/*!40000 ALTER TABLE `nectarcrm_wsapp_sync_state` ENABLE KEYS */;
UNLOCK TABLES;
/*!40103 SET TIME_ZONE=@OLD_TIME_ZONE */;

/*!40101 SET SQL_MODE=@OLD_SQL_MODE */;
/*!40014 SET FOREIGN_KEY_CHECKS=@OLD_FOREIGN_KEY_CHECKS */;
/*!40014 SET UNIQUE_CHECKS=@OLD_UNIQUE_CHECKS */;
/*!40101 SET CHARACTER_SET_CLIENT=@OLD_CHARACTER_SET_CLIENT */;
/*!40101 SET CHARACTER_SET_RESULTS=@OLD_CHARACTER_SET_RESULTS */;
/*!40101 SET COLLATION_CONNECTION=@OLD_COLLATION_CONNECTION */;
/*!40111 SET SQL_NOTES=@OLD_SQL_NOTES */;

-- Dump completed on 2019-11-27 15:41:25
